RunId,iteration,Step,cognitive_capacity,signal_noise,task_complexity,rng,1,3,5,8,12,18
0,0,21.0,6,0.0,0.0,,0.15671400496202317,0.39445191219522785,0.5647985664381057,0.6739371816421059,0.616862826679885,0.5021725491161692
0,0,22.0,6,0.0,0.0,,0.1560748589914957,0.3942553978136556,0.5649192114490689,0.6734172947219121,0.6090427048117568,0.5061105248924576
0,0,23.0,6,0.0,0.0,,0.15556354221507368,0.39409818630839777,0.5650157274578395,0.6790014531543798,0.5717733837815739,0.47166253814135867
0,0,24.0,6,0.0,0.0,,0.15515448879393617,0.3939724171041915,0.5650929402648559,0.6654692668659288,0.5992985712437886,0.5393894793321053
0,0,25.0,6,0.0,0.0,,0.15482724605702608,0.3938718017408266,0.5651547105104691,0.6587071607739834,0.6347882934226496,0.5499745317471136
0,0,26.0,6,0.0,0.0,,0.154565451867498,0.3937913094501346,0.5652041267069595,0.6457116268446546,0.5971351021258828,0.5177622125164835
0,0,27.0,6,0.0,0.0,,0.15435601651587563,0.393726915617581,0.5652436596641521,0.6522836372617612,0.6066501317174494,0.5572964392337659
0,0,28.0,6,0.0,0.0,,0.15418846823457769,0.3936754005515381,0.565275286029906,0.6468588928339265,0.6327582588771865,0.5742397076911452
0,0,29.0,6,0.0,0.0,,0.15405442960953933,0.3936341884987038,0.5653005871225092,0.6415840500786218,0.5997322965741996,0.5595798577716005
0,0,30.0,6,0.0,0.0,,0.15394719870950863,0.39360121885643634,0.5653208279965918,0.6482785243347751,0.6075486010362211,0.5561952554996655
0,0,31.0,6,0.0,0.0,,0.15386141398948408,0.3935748431426224,0.5653370206958577,0.6577895644372542,0.6062321031323618,0.5409696493717563
0,0,32.0,6,0.0,0.0,,0.15379278621346443,0.3935537425715713,0.5653499748552705,0.635303627492811,0.603818744717654,0.5839368780741896
0,0,33.0,6,0.0,0.0,,0.1537378839926487,0.3935368621147303,0.5653603381828007,0.6415348204178106,0.6354581667944434,0.6077190267659616
0,0,34.0,6,0.0,0.0,,0.15369396221599613,0.3935233577492575,0.5653686288448249,0.6263029338700467,0.6419864868391684,0.585394841250676
0,0,35.0,6,0.0,0.0,,0.15365882479467405,0.39351255425687937,0.5653752613744444,0.6250943657547217,0.6516094439464536,0.591223155362211
0,0,36.0,6,0.0,0.0,,0.15363071485761642,0.39350391146297686,0.56538056739814,0.6080902751191608,0.645990186316814,0.5865451192244301
0,0,37.0,6,0.0,0.0,,0.15360822690797032,0.39349699722785475,0.5653848122170962,0.6149840566897369,0.635235810524649,0.6266461754475124
0,0,38.0,6,0.0,0.0,,0.1535902365482534,0.39349146583975714,0.5653882080722613,0.6066273038486429,0.6216663805625819,0.6406086026356873
0,0,39.0,6,0.0,0.0,,0.15357584426047993,0.39348704072927904,0.5653909247563933,0.6000620890554487,0.6077659431106696,0.6618390824494853
0,0,40.0,6,0.0,0.0,,0.15356433043026113,0.39348350064089654,0.565393098103699,0.6096236974877025,0.6066925998422749,0.5955258800462522
0,0,41.0,6,0.0,0.0,,0.15355511936608607,0.39348066857019054,0.5653948367815438,0.5945302071247169,0.635962435136932,0.6047163107678458
0,0,42.0,6,0.0,0.0,,0.15354775051474603,0.3934784029136257,0.5653962277238193,0.6026663492703694,0.6002757139644574,0.567832698766594
0,0,43.0,6,0.0,0.0,,0.153541855433674,0.3934765903883739,0.5653973404776398,0.6113635593449579,0.5998474330124712,0.5196629776721242
0,0,44.0,6,0.0,0.0,,0.15353713936881636,0.3934751403681725,0.5653982306806962,0.6203699981395465,0.5869942995829421,0.5057248604437461
0,0,45.0,6,0.0,0.0,,0.15353336651693025,0.39347398035201125,0.5653989428431413,0.6236465107291007,0.5503061939777039,0.4696337120091342
0,0,46.0,6,0.0,0.0,,0.1535303482354214,0.39347305233908225,0.5653995125730973,0.6372844751819013,0.5449027042389973,0.4583411176167801
0,0,47.0,6,0.0,0.0,,0.15352793361021427,0.39347230992873916,0.5653999683570623,0.6158229411757722,0.5588412804740972,0.4679260823678977
0,0,48.0,6,0.0,0.0,,0.1535260019100486,0.39347171600046466,0.5654003329842342,0.6157495788628206,0.536032770503234,0.5039569865469715
0,0,49.0,6,0.0,0.0,,0.15352445654991603,0.3934712408578451,0.5654006246859717,0.6135275582809289,0.5162658973033402,0.48931182945104934
0,0,50.0,6,0.0,0.0,,0.15352322026181,0.3934708607437494,0.5654008580473617,0.6233085087069539,0.5196782282768817,0.4977488233450812
0,0,51.0,6,0.0,0.0,,0.1535222312313252,0.3934705566524728,0.5654010447364738,0.6216883486240946,0.5514623781540219,0.4751892152411232
0,0,52.0,6,0.0,0.0,,0.15352144000693732,0.3934703133794516,0.5654011940877633,0.6149060545202388,0.5786969104675819,0.4502865244130237
0,0,53.0,6,0.0,0.0,,0.15352080702742704,0.3934701187610346,0.5654013135687952,0.6385144416264021,0.5916906968680863,0.473357287440144
0,0,54.0,6,0.0,0.0,,0.1535203006438188,0.393469963066301,0.5654014091536206,0.6349662325585951,0.5555471597538967,0.5009800452511828
0,0,55.0,6,0.0,0.0,,0.15351989553693218,0.3934698385105141,0.5654014856214806,0.6135604316053282,0.5777156041720781,0.5410529381942988
0,0,56.0,6,0.0,0.0,,0.15351957145142298,0.39346973886588466,0.5654015467957689,0.6156898065842753,0.5636521769919216,0.5141143946022604
0,0,57.0,6,0.0,0.0,,0.15351931218301557,0.39346965915018106,0.5654015957351995,0.613804527114778,0.605332968025536,0.4852589308274452
0,0,58.0,6,0.0,0.0,,0.15351910476828962,0.3934695953776181,0.5654016348867439,0.6383780321962852,0.588972062004286,0.43803621597855236
0,0,59.0,6,0.0,0.0,,0.15351893883650886,0.3934695443595678,0.5654016662079797,0.6560622658298089,0.6014441560607542,0.446039834044922
0,0,60.0,6,0.0,0.0,,0.15351880609108423,0.39346950354512755,0.5654016912649682,0.664347410614257,0.6103418682390926,0.43021514477658707
0,0,61.0,6,0.0,0.0,,0.1535186998947446,0.3934694708935754,0.5654017113105587,0.6538285793544558,0.6192459275703331,0.46416280171192925
0,0,62.0,6,0.0,0.0,,0.15351861493767285,0.39346944477233364,0.5654017273470313,0.6302990555282111,0.6403653863397285,0.48714689218479573
0,0,63.0,6,0.0,0.0,,0.15351854697201545,0.39346942387534023,0.5654017401762095,0.6207532271432342,0.5922190108850873,0.47898323196181974
0,0,64.0,6,0.0,0.0,,0.15351849259948952,0.3934694071577455,0.565401750439552,0.6200852325042646,0.6240838641723487,0.5166359282572992
0,0,65.0,6,0.0,0.0,,0.15351844910146878,0.39346939378366974,0.5654017586502259,0.6270228807129448,0.6275602993893032,0.5279591780050958
0,0,66.0,6,0.0,0.0,,0.1535184143030522,0.3934693830844091,0.5654017652187651,0.6151456842243608,0.6371776092775514,0.5506157779212484
0,0,67.0,6,0.0,0.0,,0.1535183864643189,0.3934693745250005,0.5654017704735964,0.6003732415051672,0.6038948753341173,0.5095385565213035
0,0,68.0,6,0.0,0.0,,0.15351836419333234,0.3934693676774738,0.5654017746774614,0.6174189181771841,0.6189606973793909,0.49113829584838653
0,0,69.0,6,0.0,0.0,,0.15351834637654302,0.3934693621994524,0.5654017780405535,0.6251708771511557,0.6065588188864188,0.49518647689789674
0,0,70.0,6,0.0,0.0,,0.15351833212311156,0.39346935781703524,0.5654017807310271,0.6135987366527298,0.5838689058298088,0.4986077780888613
0,0,71.0,6,0.0,0.0,,0.15351832072036647,0.3934693543111015,0.5654017828834059,0.628591062966248,0.5811114871050272,0.4777625977121778
0,0,72.0,6,0.0,0.0,,0.15351831159817036,0.3934693515063545,0.5654017846053092,0.6248567217745473,0.5808768110820501,0.44653460885273566
0,0,73.0,6,0.0,0.0,,0.1535183043004134,0.393469349262557,0.5654017859828319,0.6292689447648775,0.5439235494830135,0.49635586177250246
0,0,74.0,6,0.0,0.0,,0.15351829846220794,0.3934693474675189,0.5654017870848499,0.6163352724608971,0.5397076238552373,0.5339583749147045
0,0,75.0,6,0.0,0.0,,0.15351829379164353,0.3934693460314884,0.5654017879664642,0.613355733496754,0.5427360000529029,0.5211977280565593
0,0,76.0,6,0.0,0.0,,0.15351829005519196,0.3934693448826641,0.5654017886717557,0.6375897399198337,0.5212591166567978,0.47695818244524746
0,0,77.0,6,0.0,0.0,,0.15351828706603077,0.3934693439636046,0.5654017892359889,0.6188393020573125,0.5231258465464134,0.5042574657651957
0,0,78.0,6,0.0,0.0,,0.1535182846747018,0.39346934322835697,0.5654017896873755,0.6355224617534809,0.5654093996881303,0.5284175351218621
0,0,79.0,6,0.0,0.0,,0.15351828276163862,0.3934693426401589,0.5654017900484848,0.6270701595267292,0.6059428500593667,0.5359662773729383
0,0,80.0,6,0.0,0.0,,0.1535182812311881,0.3934693421696004,0.5654017903373721,0.6190975360259887,0.5906363711608984,0.5304316630668754
0,0,81.0,6,0.0,0.0,,0.1535182800068276,0.39346934179315374,0.565401790568482,0.6141303547506414,0.6288605908496672,0.46995781069890363
0,0,82.0,6,0.0,0.0,,0.15351827902733928,0.3934693414919962,0.56540179075337,0.6060133277619701,0.597277938493538,0.4579041739860351
0,0,83.0,6,0.0,0.0,,0.15351827824374858,0.39346934125107025,0.5654017909012803,0.6240782252305663,0.6130830853464656,0.4745844248076761
0,0,84.0,6,0.0,0.0,,0.15351827761687603,0.3934693410583296,0.5654017910196086,0.6217441591564039,0.585155084094301,0.49068563145891025
0,0,85.0,6,0.0,0.0,,0.153518277115378,0.393469340904137,0.5654017911142712,0.6236623047403389,0.6048673906955447,0.48267996316501993
0,0,86.0,6,0.0,0.0,,0.15351827671417956,0.3934693407807829,0.5654017911900013,0.6432449510926953,0.6028469892074338,0.45540617800814776
0,0,87.0,6,0.0,0.0,,0.15351827639322083,0.3934693406820996,0.5654017912505854,0.6507433388646405,0.5751441090072549,0.4935718314591684
0,0,88.0,6,0.0,0.0,,0.1535182761364538,0.393469340603153,0.5654017912990527,0.6558858646499698,0.5627965518901105,0.5306576210546886
0,0,89.0,6,0.0,0.0,,0.15351827593104023,0.39346934053999577,0.5654017913378266,0.6340381806151106,0.5920935084030114,0.5554434302847563
0,0,90.0,6,0.0,0.0,,0.15351827576670934,0.39346934048946997,0.5654017913688456,0.6324747146898082,0.5845983315767829,0.5927189854822087
0,0,91.0,6,0.0,0.0,,0.15351827563524464,0.39346934044904935,0.565401791393661,0.6168595244022939,0.5765491273438006,0.585589179566417
0,0,92.0,6,0.0,0.0,,0.15351827553007286,0.3934693404167128,0.5654017914135131,0.6020513507772003,0.5642709393997063,0.5681067523436834
0,0,93.0,6,0.0,0.0,,0.1535182754459355,0.3934693403908435,0.5654017914293947,0.6060979449760482,0.5494529307058291,0.5011780802160134
0,0,94.0,6,0.0,0.0,,0.15351827537862556,0.39346934037014814,0.5654017914421001,0.6129002910856267,0.5638109683582088,0.4809424641728107
0,0,95.0,6,0.0,0.0,,0.15351827532477763,0.3934693403535919,0.5654017914522644,0.6134381315409756,0.5596496051185937,0.49674628696117856
0,0,96.0,6,0.0,0.0,,0.15351827528169928,0.39346934034034675,0.5654017914603962,0.6122831538356606,0.5546386996752581,0.5082321593582281
0,0,97.0,6,0.0,0.0,,0.1535182752472366,0.3934693403297508,0.5654017914669012,0.6147233758804753,0.5680935320456773,0.5158708416916646
0,0,98.0,6,0.0,0.0,,0.15351827521966646,0.39346934032127395,0.5654017914721053,0.5912153263577326,0.5952407367295875,0.5047126136248063
0,0,99.0,6,0.0,0.0,,0.15351827519761035,0.39346934031449254,0.5654017914762688,0.6020592189286238,0.5625437709712323,0.5367547847391051
0,0,100.0,6,0.0,0.0,,0.15351827517996547,0.39346934030906733,0.5654017914795995,0.6053659866952364,0.5447522113511855,0.5135265198316058
1,0,21.0,6,0.0,0.5,,0.10880243309938673,0.2854658382612606,0.4269268345010194,0.4768517324592974,0.5312466581506703,0.5603331836642325
1,0,22.0,6,0.0,0.5,,0.10807408311663542,0.2850664084942506,0.426790783453329,0.47877685301620804,0.5287067074700642,0.5767941457568979
1,0,23.0,6,0.0,0.5,,0.1074914031304344,0.28474686468064264,0.4266819426151766,0.47830944341277914,0.5481405038768792,0.5474162920998531
1,0,24.0,6,0.0,0.5,,0.10702525914147357,0.2844912296297562,0.4265948699446548,0.45871450167687733,0.5205512263005734,0.5469430744113304
1,0,25.0,6,0.0,0.5,,0.1066523439503049,0.2842867215890471,0.42652521180823727,0.4664698415155229,0.4971961942376201,0.49508124676394855
1,0,26.0,6,0.0,0.5,,0.10635401179736996,0.28412311515647987,0.4264694852991033,0.47394420175751195,0.5133345154813413,0.5032887119711287
1,0,27.0,6,0.0,0.5,,0.10611534607502202,0.28399223001042595,0.4264249040917961,0.46552204992568413,0.5120128101752642,0.49227653168942476
1,0,28.0,6,0.0,0.5,,0.10592441349714365,0.28388752189358296,0.42638923912595034,0.481927721077721,0.43870079444210386,0.4644518342334137
1,0,29.0,6,0.0,0.5,,0.10577166743484097,0.2838037554001085,0.42636070715327373,0.4840329388258797,0.43607111966980955,0.4905689014141955
1,0,30.0,6,0.0,0.5,,0.10564947058499882,0.28373674220532896,0.42633788157513247,0.4765537843657285,0.4216319235658684,0.49644463972134556
1,0,31.0,6,0.0,0.5,,0.1055517131051251,0.2836831316495053,0.42631962111261945,0.47180106102127894,0.46531427802500946,0.44769503303577973
1,0,32.0,6,0.0,0.5,,0.10547350712122613,0.28364024320484643,0.426305012742609,0.4641477359685622,0.4262059856701967,0.49210312795192956
1,0,33.0,6,0.0,0.5,,0.10541094233410694,0.28360593244911925,0.42629332604660075,0.4627920748010893,0.4693106495970049,0.48095045679669557
1,0,34.0,6,0.0,0.5,,0.10536089050441162,0.28357848384453754,0.426283976689794,0.47692525863521407,0.4655607441853987,0.4288196743504482
1,0,35.0,6,0.0,0.5,,0.10532084904065533,0.28355652496087214,0.4262764972043486,0.4659142847546024,0.4559725612096376,0.47207842137647515
1,0,36.0,6,0.0,0.5,,0.1052888158696503,0.2835389578539399,0.4262705136159924,0.4582614395829251,0.4576516133632807,0.48782205205420875
1,0,37.0,6,0.0,0.5,,0.10526318933284631,0.2835249041683941,0.4262657267453074,0.4707587765048383,0.44753235819602805,0.5191007815960539
1,0,38.0,6,0.0,0.5,,0.10524268810340306,0.2835136612199573,0.42626189724875935,0.47806927116298603,0.47005283597969294,0.4805898472794324
1,0,39.0,6,0.0,0.5,,0.10522628711984852,0.28350466686120795,0.42625883365152095,0.4968635559586616,0.4946413389531652,0.46863673697583685
1,0,40.0,6,0.0,0.5,,0.10521316633300486,0.28349747137420855,0.4262563827737303,0.49734576692021193,0.521087019828653,0.451133487096286
1,0,41.0,6,0.0,0.5,,0.10520266970352994,0.283491714984609,0.4262544220714977,0.4932855015650849,0.5133412985557093,0.47895919553664956
1,0,42.0,6,0.0,0.5,,0.10519427239994998,0.28348710987292935,0.42625285350971154,0.48821842057848314,0.4907044152862087,0.4687990049846961
1,0,43.0,6,0.0,0.5,,0.10518755455708603,0.28348342578358565,0.4262515986602827,0.48723116979316516,0.48854031592001873,0.49455017630898396
1,0,44.0,6,0.0,0.5,,0.10518218028279487,0.28348047851211067,0.4262505947807396,0.4723916072797235,0.49025402874700197,0.5147789758526714
1,0,45.0,6,0.0,0.5,,0.10517788086336192,0.28347812069493067,0.4262497916771052,0.4634308704495059,0.48659044183455064,0.533517975535081
1,0,46.0,6,0.0,0.5,,0.10517444132781559,0.2834762344411867,0.4262491491941976,0.4518267748107242,0.49399286443178864,0.5492687252840479
1,0,47.0,6,0.0,0.5,,0.10517168969937854,0.28347472543819147,0.42624863520787154,0.4483584285278489,0.5451001709072697,0.5572738858151748
1,0,48.0,6,0.0,0.5,,0.10516948839662885,0.28347351823579536,0.4262482240188107,0.47793000874160096,0.5593584952604804,0.51052116910002
1,0,49.0,6,0.0,0.5,,0.10516772735442911,0.2834725524738784,0.426247895067562,0.47746871815795267,0.5208548062315993,0.47991730586732456
1,0,50.0,6,0.0,0.5,,0.10516631852066935,0.28347177986434496,0.426247631906563,0.4767517037478658,0.5140232452211881,0.46879549479061994
1,0,51.0,6,0.0,0.5,,0.10516519145366152,0.283471161776718,0.42624742137776395,0.4826987338735644,0.5057427933958716,0.4692154454303468
1,0,52.0,6,0.0,0.5,,0.10516428980005528,0.2834706673066166,0.4262472529547246,0.4841599686110647,0.49613377363460137,0.45090276367794513
1,0,53.0,6,0.0,0.5,,0.10516356847717026,0.2834702717305354,0.42624711821629313,0.4759044755800722,0.5125098477151219,0.4927532001156673
1,0,54.0,6,0.0,0.5,,0.10516299141886225,0.2834699552696705,0.4262470104255479,0.49929766684723986,0.5434858976816287,0.45091661727235854
1,0,55.0,6,0.0,0.5,,0.10516252977221582,0.2834697021009785,0.42624692419295185,0.4959327272545676,0.49870528589531793,0.44478035246218034
1,0,56.0,6,0.0,0.5,,0.10516216045489872,0.283469499566025,0.4262468552068749,0.4868078643547589,0.48661886072536015,0.4200995374980729
1,0,57.0,6,0.0,0.5,,0.10516186500104503,0.28346933753806214,0.4262468000180134,0.4778716353220579,0.48626995648429494,0.44031795986861744
1,0,58.0,6,0.0,0.5,,0.10516162863796205,0.28346920791569186,0.4262467558669242,0.4748716424128478,0.4789353260377446,0.43886651869569937
1,0,59.0,6,0.0,0.5,,0.10516143954749571,0.2834691042177956,0.4262467205460528,0.4751239458416129,0.45080567167992347,0.4373989915561801
1,0,60.0,6,0.0,0.5,,0.10516128827512258,0.2834690212594787,0.4262466922893557,0.4668709669724973,0.4589998387143773,0.4968572665851613
1,0,61.0,6,0.0,0.5,,0.1051611672572241,0.28346895489282514,0.42624666968399805,0.47757479940474984,0.4614800343804582,0.5071337358940177
1,0,62.0,6,0.0,0.5,,0.10516107044290532,0.28346890179950224,0.42624665159971187,0.4879073078801017,0.4580572623863398,0.5016486569096522
1,0,63.0,6,0.0,0.5,,0.10516099299145029,0.2834688593248439,0.42624663713228295,0.4760757450467043,0.4710691753296519,0.5071481959220123
1,0,64.0,6,0.0,0.5,,0.1051609310302863,0.2834688253451173,0.4262466255583398,0.4880618920507014,0.5107462769660842,0.5100074976799372
1,0,65.0,6,0.0,0.5,,0.10516088146135508,0.283468798161336,0.42624661629918525,0.5030671371577136,0.47521419896557904,0.4850530183150344
1,0,66.0,6,0.0,0.5,,0.1051608418062101,0.28346877641431084,0.4262466088918617,0.4973772927344336,0.4309650964917745,0.4895678670676714
1,0,67.0,6,0.0,0.5,,0.10516081008209413,0.2834687590166909,0.4262466029660029,0.4997186294722398,0.43238499680710996,0.5620817897143062
1,0,68.0,6,0.0,0.5,,0.10516078470280135,0.2834687450985949,0.42624659822531574,0.4975246400942225,0.43964964978961013,0.5662253545132676
1,0,69.0,6,0.0,0.5,,0.10516076439936713,0.28346873396411804,0.42624659443276613,0.498440559846178,0.4140572669906922,0.5340634423479953
1,0,70.0,6,0.0,0.5,,0.10516074815661973,0.2834687250565366,0.42624659139872634,0.5024978478327957,0.4278861276113153,0.5715127152572844
1,0,71.0,6,0.0,0.5,,0.10516073516242183,0.28346871793047146,0.4262465889714945,0.4947300128230065,0.44270160879137554,0.5261191625984278
1,0,72.0,6,0.0,0.5,,0.10516072476706353,0.2834687122296193,0.4262465870297091,0.4985000412195504,0.4502740922256283,0.468284559400393
1,0,73.0,6,0.0,0.5,,0.10516071645077688,0.2834687076689376,0.4262465854762808,0.4868289187178975,0.4201968260540114,0.43414660238569036
1,0,74.0,6,0.0,0.5,,0.10516070979774754,0.2834687040203922,0.42624658423353806,0.4892437697671882,0.4261294101786607,0.4192821291470715
1,0,75.0,6,0.0,0.5,,0.10516070447532408,0.2834687011015559,0.42624658323934395,0.4900339875190965,0.4420879557311249,0.40090636637938326
1,0,76.0,6,0.0,0.5,,0.1051607002173853,0.2834686987664869,0.4262465824439886,0.4924280611170976,0.46814520192895914,0.4108851374203417
1,0,77.0,6,0.0,0.5,,0.10516069681103431,0.2834686968984316,0.4262465818077043,0.4997478209529289,0.484054762042775,0.42293510745957263
1,0,78.0,6,0.0,0.5,,0.10516069408595348,0.28346869540398745,0.42624658129867693,0.5045861320710692,0.4984135527554853,0.4280458101765676
1,0,79.0,6,0.0,0.5,,0.10516069190588881,0.2834686942084321,0.426246580891455,0.5017842884914995,0.5077464899164982,0.44524604676722157
1,0,80.0,6,0.0,0.5,,0.10516069016183711,0.28346869325198787,0.4262465805656775,0.5095521100140411,0.4969313053578362,0.4528971042873162
1,0,81.0,6,0.0,0.5,,0.10516068876659572,0.28346869248683243,0.42624658030505547,0.49733990170569997,0.5102072983432342,0.4372355651152443
1,0,82.0,6,0.0,0.5,,0.10516068765040262,0.28346869187470813,0.4262465800965579,0.5048930796323785,0.5245335362364882,0.44018687741926454
1,0,83.0,6,0.0,0.5,,0.10516068675744814,0.2834686913850087,0.4262465799297598,0.5034935688295997,0.5222307098473234,0.44672045405083294
1,0,84.0,6,0.0,0.5,,0.10516068604308457,0.283468690993249,0.42624657979632125,0.516878945185763,0.48769526682824205,0.45421918547581785
1,0,85.0,6,0.0,0.5,,0.1051606854715937,0.2834686906798414,0.42624657968957047,0.4804577185983273,0.46175519798660714,0.5130682081698472
1,0,86.0,6,0.0,0.5,,0.10516068501440098,0.28346869042911527,0.4262465796041698,0.484389245483796,0.4729210155464303,0.4924533791152557
1,0,87.0,6,0.0,0.5,,0.10516068464864685,0.2834686902285344,0.4262465795358493,0.49111305283740325,0.4780674163182449,0.4898942146280024
1,0,88.0,6,0.0,0.5,,0.1051606843560435,0.2834686900680696,0.4262465794811929,0.4968315237169061,0.45263798413851963,0.49043860741778234
1,0,89.0,6,0.0,0.5,,0.10516068412196086,0.28346868993969787,0.4262465794374678,0.4868496577466108,0.4761880191866771,0.5382360189037383
1,0,90.0,6,0.0,0.5,,0.10516068393469473,0.28346868983700046,0.4262465794024878,0.48142740971525066,0.5074990452428699,0.5220201452338256
1,0,91.0,6,0.0,0.5,,0.10516068378488183,0.2834686897548425,0.42624657937450366,0.479605913255526,0.5379258282204027,0.5389114538210448
1,0,92.0,6,0.0,0.5,,0.1051606836650315,0.28346868968911615,0.4262465793521164,0.467456365095944,0.5000025877620786,0.5835080596131039
1,0,93.0,6,0.0,0.5,,0.10516068356915124,0.28346868963653504,0.42624657933420657,0.47494434558837006,0.472830203866838,0.5629082012675328
1,0,94.0,6,0.0,0.5,,0.10516068349244705,0.28346868959447014,0.42624657931987875,0.48300112753079194,0.5090448074746351,0.5781835749705604
1,0,95.0,6,0.0,0.5,,0.10516068343108369,0.2834686895608183,0.4262465793084164,0.4953478604418634,0.5002489561938586,0.5865187040681181
1,0,96.0,6,0.0,0.5,,0.105160683381993,0.28346868953389676,0.4262465792992466,0.5029786142070065,0.4953177157345928,0.5968479610371242
1,0,97.0,6,0.0,0.5,,0.10516068334272044,0.2834686895123596,0.4262465792919107,0.49411202948408245,0.4532723119832854,0.5626928742256985
1,0,98.0,6,0.0,0.5,,0.10516068331130239,0.2834686894951298,0.42624657928604204,0.49809531024949383,0.4712686775983369,0.4858679462764141
1,0,99.0,6,0.0,0.5,,0.10516068328616797,0.28346868948134596,0.42624657928134707,0.4948335759180032,0.4636197536476729,0.4751667303778859
1,0,100.0,6,0.0,0.5,,0.1051606832660604,0.28346868947031895,0.42624657927759113,0.49953096349436643,0.45976391826629437,0.5065364467742517
2,0,21.0,6,0.0,0.9,,0.08781912000800744,0.23385706045977414,0.3563958779873497,0.3816303086589169,0.44406553279775685,0.4536837795040422
2,0,22.0,6,0.0,0.9,,0.08705170230852863,0.23336154304907217,0.3561285090959233,0.37594884976472553,0.46461686245647205,0.43642050902806434
2,0,23.0,6,0.0,0.9,,0.08643776814894556,0.23296512912051065,0.3559146139827822,0.381751055219011,0.46009429939864865,0.48143480211020434
2,0,24.0,6,0.0,0.9,,0.08594662082127912,0.23264799797766136,0.3557434978922692,0.37807636330430977,0.4520379356413162,0.46509168459280203
2,0,25.0,6,0.0,0.9,,0.08555370295914597,0.2323942930633819,0.35560660501985897,0.39568893626042656,0.4423474134372653,0.4454131911003508
2,0,26.0,6,0.0,0.9,,0.08523936866943944,0.2321913291319584,0.3554970907219307,0.4063276677775606,0.4540479762528785,0.4614373780185349
2,0,27.0,6,0.0,0.9,,0.0849879012376742,0.2320289579868196,0.3554094792835881,0.39388117164190156,0.45346681592523774,0.4540790948345446
2,0,28.0,6,0.0,0.9,,0.08478672729226203,0.23189906107070848,0.35533939013291393,0.40478682682982264,0.43810527683068423,0.48923967860821554
2,0,29.0,6,0.0,0.9,,0.08462578813593227,0.2317951435378197,0.35528331881237474,0.41022089864820754,0.4334553968564686,0.48027956477382505
2,0,30.0,6,0.0,0.9,,0.0844970368108685,0.23171200951150855,0.3552384617559433,0.40383838794045496,0.4124994799813976,0.4753983421381488
2,0,31.0,6,0.0,0.9,,0.08439403575081747,0.23164550229045971,0.35520257611079825,0.4039089846408124,0.4022892751327971,0.457158360402876
2,0,32.0,6,0.0,0.9,,0.08431163490277663,0.23159229651362065,0.35517386759468206,0.4047028719157971,0.40849278576958703,0.5078857639557358
2,0,33.0,6,0.0,0.9,,0.08424571422434397,0.2315497318921494,0.3551509007817892,0.3885792307216177,0.43055159492538897,0.5286791377995033
2,0,34.0,6,0.0,0.9,,0.08419297768159784,0.23151568019497235,0.3551325273314748,0.3946196306916278,0.4556882982755176,0.5097075420093361
2,0,35.0,6,0.0,0.9,,0.08415078844740091,0.23148843883723075,0.3551178285712234,0.39477295565116266,0.44832856876521293,0.5178214618896702
2,0,36.0,6,0.0,0.9,,0.08411703706004339,0.2314666457510374,0.35510606956302226,0.391219583978018,0.4714960371644249,0.5177655832386996
2,0,37.0,6,0.0,0.9,,0.08409003595015739,0.23144921128208282,0.3550966623564613,0.3822801805798813,0.46198668846910157,0.4591221430506655
2,0,38.0,6,0.0,0.9,,0.08406843506224858,0.2314352637069191,0.35508913659121255,0.40739705006313265,0.455176497009757,0.46944577162015644
2,0,39.0,6,0.0,0.9,,0.08405115435192154,0.23142410564678814,0.35508311597901354,0.41522269887124175,0.4373917104239779,0.46328828948005885
2,0,40.0,6,0.0,0.9,,0.08403732978365988,0.23141517919868332,0.3550782994892544,0.40129644308746093,0.46970334864660523,0.48863069913821855
2,0,41.0,6,0.0,0.9,,0.08402627012905058,0.23140803804019955,0.355074446297447,0.39718802185374835,0.47833081543592215,0.45853678979516266
2,0,42.0,6,0.0,0.9,,0.08401742240536311,0.23140232511341244,0.35507136374400117,0.3928819575462671,0.46091834515963503,0.4847964545762108
2,0,43.0,6,0.0,0.9,,0.08401034422641315,0.23139775477198285,0.35506889770124433,0.3900542708757936,0.43961102988775763,0.453009321440788
2,0,44.0,6,0.0,0.9,,0.08400468168325317,0.2313940984988391,0.355066924867039,0.39778581454285955,0.40454788805664377,0.44956930153633773
2,0,45.0,6,0.0,0.9,,0.08400015164872521,0.23139117348032415,0.3550653465996748,0.3938353615928219,0.39784348118523843,0.46157752248695677
2,0,46.0,6,0.0,0.9,,0.08399652762110281,0.23138883346551217,0.3550640839857833,0.39733878656137067,0.41382314917108626,0.4511661460837783
2,0,47.0,6,0.0,0.9,,0.08399362839900493,0.2313869614536626,0.3550630738946702,0.3935094735568626,0.42674641889053666,0.4241030292591296
2,0,48.0,6,0.0,0.9,,0.0839913090213266,0.23138546384418293,0.35506226582177974,0.39885709889981147,0.42049134673211147,0.37946661343834237
2,0,49.0,6,0.0,0.9,,0.08398945351918395,0.2313842657565992,0.35506161936346725,0.4015640115739451,0.3897225257349675,0.4104829794515087
2,0,50.0,6,0.0,0.9,,0.08398796911746984,0.23138330728653225,0.3550611021968173,0.4031595806428864,0.4265922354578092,0.4036554053363468
2,0,51.0,6,0.0,0.9,,0.08398678159609851,0.23138254051047863,0.35506068846349736,0.38876125849179444,0.42898770156081917,0.42893380480224685
2,0,52.0,6,0.0,0.9,,0.08398583157900145,0.23138192708963573,0.3550603574768414,0.39105276620107593,0.42759404931736017,0.4142500634147243
2,0,53.0,6,0.0,0.9,,0.08398507156532384,0.23138143635296146,0.35506009268751665,0.38925858816729697,0.392177083483688,0.4203018349651771
2,0,54.0,6,0.0,0.9,,0.08398446355438173,0.23138104376362204,0.35505988085605683,0.3842082134599775,0.3632656473023437,0.49480725165409767
2,0,55.0,6,0.0,0.9,,0.08398397714562807,0.23138072969215048,0.355059711390889,0.3804536672190467,0.33593078526020015,0.5316953354417681
2,0,56.0,6,0.0,0.9,,0.08398358801862509,0.23138047843497325,0.3550595758187547,0.39802511934357326,0.3509920800040208,0.5231785205885402
2,0,57.0,6,0.0,0.9,,0.08398327671702274,0.23138027742923142,0.3550594673610473,0.40074155700743397,0.3530210773916386,0.5144013712525566
2,0,58.0,6,0.0,0.9,,0.08398302767574085,0.231380116624638,0.3550593805948813,0.4031151858775635,0.3482781847676385,0.47277915868271253
2,0,59.0,6,0.0,0.9,,0.08398282844271535,0.23137998798096326,0.35505931118194856,0.3985730851718483,0.3821210271684735,0.41064422216102325
2,0,60.0,6,0.0,0.9,,0.08398266905629494,0.2313798850660235,0.3550592556516024,0.39056164147313005,0.3949225951709732,0.42064518828298886
2,0,61.0,6,0.0,0.9,,0.08398254154715863,0.2313798027340716,0.35505921122732537,0.4022632008977265,0.3797626601608771,0.4295544523416922
2,0,62.0,6,0.0,0.9,,0.08398243953984955,0.23137973686851016,0.3550591756879039,0.39409271154483727,0.44744219102521665,0.4476827754034566
2,0,63.0,6,0.0,0.9,,0.08398235793400231,0.231379684176061,0.35505914725636656,0.3966802773504349,0.46952641791041466,0.42203521966014257
2,0,64.0,6,0.0,0.9,,0.08398229264932452,0.23137964202210162,0.3550591245111368,0.40165087405045935,0.43990291345530697,0.4149486021261328
2,0,65.0,6,0.0,0.9,,0.08398224042158228,0.23137960829893417,0.35505910631495297,0.3897713918479405,0.4199949821795788,0.4077268646146831
2,0,66.0,6,0.0,0.9,,0.08398219863938848,0.23137958132040018,0.3550590917580059,0.38854877260369297,0.42819549316368305,0.4325831438026045
2,0,67.0,6,0.0,0.9,,0.08398216521363344,0.23137955973757302,0.3550590801124482,0.40503542664104797,0.4211421087112715,0.4674341902636324
2,0,68.0,6,0.0,0.9,,0.0839821384730294,0.23137954247131126,0.35505907079600213,0.4035336005177054,0.4294970336169026,0.4359691160657416
2,0,69.0,6,0.0,0.9,,0.08398211708054619,0.23137952865830186,0.35505906334284526,0.4072907637251587,0.4027201213191255,0.42762003584785024
2,0,70.0,6,0.0,0.9,,0.08398209996655961,0.23137951760789432,0.35505905738031973,0.39799407166772477,0.39452103311824616,0.4299524911662048
2,0,71.0,6,0.0,0.9,,0.08398208627537038,0.23137950876756835,0.3550590526102992,0.3991744991845364,0.41209915017788346,0.45077650436850664
2,0,72.0,6,0.0,0.9,,0.08398207532241896,0.23137950169530752,0.35505904879428296,0.42211200143206656,0.41067580862285513,0.470485708143352
2,0,73.0,6,0.0,0.9,,0.08398206656005783,0.2313794960374989,0.35505904574146985,0.41238826971045245,0.36824408325867497,0.5080684130563943
2,0,74.0,6,0.0,0.9,,0.08398205955016892,0.23137949151125198,0.35505904329921945,0.4178613838781346,0.36737574003239326,0.49914213713442646
2,0,75.0,6,0.0,0.9,,0.0839820539422578,0.23137948789025442,0.355059041345419,0.41068657316663504,0.35636557650597533,0.4790041112269585
2,0,76.0,6,0.0,0.9,,0.08398204945592891,0.23137948499345642,0.3550590397823788,0.4255748019217959,0.37534882274279713,0.4946015532057526
2,0,77.0,6,0.0,0.9,,0.08398204586686578,0.23137948267601796,0.3550590385319465,0.4116177530326254,0.41547660455240054,0.5342285407764166
2,0,78.0,6,0.0,0.9,,0.08398204299561529,0.2313794808220672,0.35505903753160073,0.4003712577597729,0.40272098949485524,0.5234895791530865
2,0,79.0,6,0.0,0.9,,0.0839820406986149,0.23137947933890665,0.3550590367313241,0.4081743973764985,0.4127048124771533,0.5721536499259525
2,0,80.0,6,0.0,0.9,,0.08398203886101459,0.2313794781523782,0.3550590360911028,0.39902635715354606,0.40438476524706396,0.5240516202190173
2,0,81.0,6,0.0,0.9,,0.08398203739093432,0.23137947720315535,0.35505903557892576,0.39133058677672483,0.3957927580032699,0.5334139248380864
2,0,82.0,6,0.0,0.9,,0.08398203621487012,0.23137947644377718,0.35505903516918413,0.3958000723705728,0.42932863669124205,0.5504674722541057
2,0,83.0,6,0.0,0.9,,0.08398203527401878,0.23137947583627455,0.35505903484139084,0.4011031592170289,0.43963309759120195,0.5516361855375528
2,0,84.0,6,0.0,0.9,,0.08398203452133768,0.23137947535027253,0.3550590345791562,0.3903189492142253,0.46494416428160823,0.5431038216047211
2,0,85.0,6,0.0,0.9,,0.0839820339191928,0.23137947496147088,0.3550590343693685,0.4019990172685707,0.4460624723406596,0.5444241844296354
2,0,86.0,6,0.0,0.9,,0.0839820334374769,0.23137947465042955,0.3550590342015383,0.40977999002240706,0.45207673606351095,0.5347301732271467
2,0,87.0,6,0.0,0.9,,0.08398203305210418,0.2313794744015965,0.3550590340672741,0.42915503780058833,0.4474975401419675,0.48356825550423455
2,0,88.0,6,0.0,0.9,,0.083982032743806,0.23137947420253005,0.3550590339598628,0.41753928438413823,0.4036222189096792,0.4785367818856557
2,0,89.0,6,0.0,0.9,,0.08398203249716744,0.2313794740432769,0.3550590338739338,0.41875075473549594,0.40098951582834746,0.5310475074839613
2,0,90.0,6,0.0,0.9,,0.08398203229985661,0.23137947391587438,0.35505903380519055,0.42991917607392727,0.4117255538923884,0.5639148513211851
2,0,91.0,6,0.0,0.9,,0.08398203214200796,0.23137947381395235,0.35505903375019604,0.4173326808367583,0.4381961330282561,0.5973441293835476
2,0,92.0,6,0.0,0.9,,0.08398203201572904,0.23137947373241471,0.3550590337062003,0.40796890005335695,0.4577788274467878,0.5859793902231453
2,0,93.0,6,0.0,0.9,,0.08398203191470588,0.23137947366718464,0.3550590336710037,0.41135308459614095,0.4333606407095273,0.5159451525307722
2,0,94.0,6,0.0,0.9,,0.08398203183388735,0.23137947361500055,0.3550590336428465,0.4020263443810185,0.4347201093862331,0.5204403236776103
2,0,95.0,6,0.0,0.9,,0.08398203176923255,0.23137947357325334,0.3550590336203207,0.3981716630066801,0.4555135863346501,0.5260142732821089
2,0,96.0,6,0.0,0.9,,0.0839820317175087,0.23137947353985547,0.3550590336023002,0.4023605440993049,0.45163557402701854,0.5319510886726933
2,0,97.0,6,0.0,0.9,,0.08398203167612962,0.23137947351313723,0.35505903358788354,0.3971727387177034,0.44239016903562034,0.509364394264208
2,0,98.0,6,0.0,0.9,,0.08398203164302638,0.23137947349176263,0.3550590335763504,0.3962215007078918,0.46705467576126347,0.51016893498052
2,0,99.0,6,0.0,0.9,,0.08398203161654375,0.23137947347466298,0.35505903356712387,0.40186020707793746,0.4866607621927475,0.5041037578408597
2,0,100.0,6,0.0,0.9,,0.08398203159535766,0.23137947346098323,0.3550590335597425,0.3945175128478826,0.5027971005954097,0.5101713966869471
3,0,21.0,6,0.25,0.0,,0.15875187161316856,0.37408212509231586,0.5729048018205647,0.6219298378787876,0.5748827080542043,0.5021665723046442
3,0,22.0,6,0.25,0.0,,0.15754499352610432,0.37114326096458583,0.5304924730528034,0.654419157566173,0.5238183239612922,0.5000018576166996
3,0,23.0,6,0.25,0.0,,0.15993911963509055,0.36817175407265507,0.5587843290655821,0.6376274142205715,0.551113887813008,0.52924061161791
3,0,24.0,6,0.25,0.0,,0.15998351035330577,0.37613350584542043,0.5725957931105391,0.6355946919165002,0.5792012277389458,0.5409206770794543
3,0,25.0,6,0.25,0.0,,0.16526460680829133,0.375944804558126,0.5741203006595501,0.6332673558871852,0.5620397766493375,0.5187363450548468
3,0,26.0,6,0.25,0.0,,0.15940872831632064,0.3814368561716045,0.5823869290154611,0.611782130472957,0.5930558203500448,0.5272587600870178
3,0,27.0,6,0.25,0.0,,0.15833895586688476,0.3792288509960563,0.5633820324174887,0.6262787399052666,0.6062484614867145,0.5510269805559218
3,0,28.0,6,0.25,0.0,,0.15904852412387793,0.39298288764326805,0.5619912090780622,0.6359075443865958,0.5821659636815554,0.5628608450372976
3,0,29.0,6,0.25,0.0,,0.15726568417127945,0.39609346008494845,0.5670571114024958,0.6220461441409574,0.6090303676673237,0.5664973905569914
3,0,30.0,6,0.25,0.0,,0.1566069483054849,0.38200423456269494,0.5691051540470409,0.6286525346483807,0.5872594708947609,0.5967231259363895
3,0,31.0,6,0.25,0.0,,0.1625773647121464,0.3780693315342126,0.5679413433586017,0.6386057976836546,0.6083373445002953,0.5439046882391894
3,0,32.0,6,0.25,0.0,,0.15995920617341702,0.37900272560188963,0.5503689403717673,0.6362819798504288,0.6470160983223602,0.5765282748161953
3,0,33.0,6,0.25,0.0,,0.15995087753685314,0.3802012582549619,0.5536598422748238,0.6136680976894877,0.6617119420172337,0.5975134088767897
3,0,34.0,6,0.25,0.0,,0.15563325082192692,0.38213159583077017,0.5489681351936542,0.6253905493264242,0.6004470748803574,0.545622399871801
3,0,35.0,6,0.25,0.0,,0.15650722246126267,0.3921616351935646,0.5775563353559117,0.5913599343316077,0.5702032202363163,0.5323100140556123
3,0,36.0,6,0.25,0.0,,0.15484214295936238,0.3878110287392579,0.570267945346488,0.6063609036559845,0.5859441803291656,0.5359876868684001
3,0,37.0,6,0.25,0.0,,0.15488197950206448,0.3940479888967306,0.5793049955818614,0.6045179291539465,0.5964708270890348,0.5219791201078715
3,0,38.0,6,0.25,0.0,,0.1544991745672819,0.40582422134731405,0.5664017635721823,0.6146851452872688,0.6215824712279091,0.5369291446124774
3,0,39.0,6,0.25,0.0,,0.15599318205759583,0.39329561712489003,0.5443960031638339,0.6300665239599598,0.6023468796020867,0.5398402183414227
3,0,40.0,6,0.25,0.0,,0.15703362692492492,0.4035504825611243,0.558606873105283,0.6392510955775688,0.6100546290900838,0.49971595032536464
3,0,41.0,6,0.25,0.0,,0.15627201803110552,0.41677561154243536,0.5508930844067328,0.6497662251630214,0.5929082510158411,0.5197727602602917
3,0,42.0,6,0.25,0.0,,0.15398461802325075,0.4229574494212372,0.5488722644572429,0.6437351728152924,0.5750418680799732,0.5504691746015865
3,0,43.0,6,0.25,0.0,,0.15644283875562298,0.4307103160902441,0.5308580762556754,0.6475204692960362,0.5519130375670376,0.574181710233088
3,0,44.0,6,0.25,0.0,,0.1536721404592986,0.40326116600488654,0.5450768510769386,0.6631437795278339,0.5521900573157248,0.5985178645815876
3,0,45.0,6,0.25,0.0,,0.15036202551409444,0.40315703822384313,0.5469986282271794,0.6542463273109195,0.5574285926424847,0.5879497001589635
3,0,46.0,6,0.25,0.0,,0.15061786079278677,0.3995979566044181,0.5293821365847298,0.6569369716851504,0.5557946776561582,0.5890062416936714
3,0,47.0,6,0.25,0.0,,0.1486033954846426,0.40445078567963044,0.5641141625855317,0.6392134951631069,0.556628919754816,0.5599740333388099
3,0,48.0,6,0.25,0.0,,0.15162984060842108,0.4084932370815181,0.5555797857997445,0.6455396909255973,0.5897010918834745,0.5603322534513423
3,0,49.0,6,0.25,0.0,,0.1551959916843417,0.38879865225897636,0.5535873523490261,0.6121169277513753,0.6010686251450791,0.5771781142588273
3,0,50.0,6,0.25,0.0,,0.15298999743207897,0.39320160678691307,0.5800836223941752,0.6174212623202306,0.6448505160135865,0.6130100691619338
3,0,51.0,6,0.25,0.0,,0.15685657947947199,0.37608879516705246,0.5694854554880705,0.6326400531570429,0.6408809959965569,0.5737381034696967
3,0,52.0,6,0.25,0.0,,0.15906433045867732,0.3859545311577789,0.5579373012803082,0.5953316312197451,0.6160023323970979,0.545623238048086
3,0,53.0,6,0.25,0.0,,0.15509007634264638,0.38932369059261773,0.5565779895640567,0.5747132287197985,0.6018518067380241,0.5747580243902337
3,0,54.0,6,0.25,0.0,,0.15545065690162224,0.38538594217102157,0.5596357703646087,0.5693265369124721,0.618332550214672,0.5478503402440944
3,0,55.0,6,0.25,0.0,,0.15373906281869848,0.3962340505814762,0.5682907246061697,0.5810190338612172,0.6063739520812651,0.5323942080247103
3,0,56.0,6,0.25,0.0,,0.1542397897479209,0.40294031030087163,0.5686907657701662,0.6175333101150294,0.562747995406616,0.5438149853763761
3,0,57.0,6,0.25,0.0,,0.15732470106819657,0.39753583525729674,0.5639455967574805,0.6630827404006209,0.5550477366408306,0.5698053397533128
3,0,58.0,6,0.25,0.0,,0.15493531393027524,0.3972911835360528,0.5752908689393947,0.6306128506455313,0.6093177735275471,0.5754064771089833
3,0,59.0,6,0.25,0.0,,0.15192170352532056,0.4024691114280996,0.5705667438482626,0.6296125928964675,0.5903511589063097,0.5675593938978546
3,0,60.0,6,0.25,0.0,,0.15110993757185617,0.3966218033703949,0.5798972185338558,0.6214672099981815,0.6112921999060532,0.5671268857127385
3,0,61.0,6,0.25,0.0,,0.15289445271390564,0.39908858300112876,0.5634764899581481,0.6284141686790589,0.6093798858082502,0.554234823781948
3,0,62.0,6,0.25,0.0,,0.152644646407241,0.4020533347090036,0.5629499234604953,0.638239985741997,0.6009846074362329,0.5567926300013653
3,0,63.0,6,0.25,0.0,,0.15174273130733307,0.3944361586072471,0.5652949920028647,0.6192503318767877,0.6081071547393034,0.5678574883773445
3,0,64.0,6,0.25,0.0,,0.1516183036340077,0.3836137203690941,0.5690790510986827,0.6473453360312404,0.6131446102328916,0.5395140064175176
3,0,65.0,6,0.25,0.0,,0.1492253169439704,0.3823129664162424,0.5623097575446921,0.6495164298954784,0.6147610930394973,0.5278153886826157
3,0,66.0,6,0.25,0.0,,0.14957939803899675,0.39521498195728444,0.5589961218590231,0.6159055091431859,0.6000042247986374,0.5455528903568422
3,0,67.0,6,0.25,0.0,,0.14582333905061023,0.3989711443791356,0.5493755880442511,0.6018137274249711,0.5895744634101816,0.5545036751202075
3,0,68.0,6,0.25,0.0,,0.14620497262339083,0.39722836088733676,0.5525329693266297,0.5982078241650747,0.6212862649891433,0.5565164383521303
3,0,69.0,6,0.25,0.0,,0.14768671280309004,0.3978997654627657,0.5560294359872284,0.5910430347176054,0.6287186328280272,0.5683493174003567
3,0,70.0,6,0.25,0.0,,0.14791691237409305,0.3972075455767054,0.545234257972622,0.5963843096960446,0.6554227513834133,0.6001788270005488
3,0,71.0,6,0.25,0.0,,0.15313315733542415,0.3865033869981026,0.5600638531943107,0.5991849839626284,0.6405722158936751,0.5659235068198816
3,0,72.0,6,0.25,0.0,,0.1551976112646119,0.3729569275576518,0.5848733134526055,0.5714003955800424,0.6345065638670075,0.5557289282372372
3,0,73.0,6,0.25,0.0,,0.15215306024414435,0.3787933704240419,0.5822437665794007,0.5758524941081298,0.5935089639889523,0.515036450949182
3,0,74.0,6,0.25,0.0,,0.15676505196420015,0.3817106042784135,0.5640203605553007,0.5641589620295854,0.5731291945282516,0.5170812601709217
3,0,75.0,6,0.25,0.0,,0.15590834069070963,0.40367512540751715,0.5743215928014177,0.5766759542583352,0.5825440080437647,0.5292365513011517
3,0,76.0,6,0.25,0.0,,0.15484175695036534,0.4070328252588135,0.5744020709337727,0.5963343947158997,0.5762255476621324,0.5393370497825697
3,0,77.0,6,0.25,0.0,,0.1538543592060245,0.40357120725871287,0.5919613973881281,0.5928538727725542,0.5967866710479337,0.5495821605218901
3,0,78.0,6,0.25,0.0,,0.1503095426385656,0.3876791883840603,0.5835369707749852,0.5852995295330634,0.5667362416250061,0.561012375200776
3,0,79.0,6,0.25,0.0,,0.1493531837021262,0.3740273252999591,0.5725384789557351,0.600852335433315,0.5792313030964439,0.5569915358371645
3,0,80.0,6,0.25,0.0,,0.14958185165263876,0.37011041396904054,0.5824651359464672,0.5697501380567388,0.5801131984101654,0.569250030823332
3,0,81.0,6,0.25,0.0,,0.14802666847603455,0.36321330658487716,0.5885239346416474,0.5707661951031455,0.5834900517622552,0.59690903897181
3,0,82.0,6,0.25,0.0,,0.14718468317765343,0.3626434708930441,0.5973269302101796,0.5783446041851553,0.5725572484452816,0.5825422123554909
3,0,83.0,6,0.25,0.0,,0.15049998354894692,0.3773786904058486,0.5879699453763687,0.5684836326564711,0.5604403230637046,0.5494383048092722
3,0,84.0,6,0.25,0.0,,0.15390716696636111,0.37389367885548924,0.6014195943868473,0.6009152680395617,0.5883628633539455,0.5760559165724958
3,0,85.0,6,0.25,0.0,,0.14913017127953487,0.3787135574219979,0.5930394952238385,0.5821024833210589,0.5744023184413237,0.5207088501423348
3,0,86.0,6,0.25,0.0,,0.14768975834111592,0.38341527239539347,0.6113371996149094,0.5950633000823299,0.5847823361386368,0.5864576523920989
3,0,87.0,6,0.25,0.0,,0.15081828536535763,0.38843495818956686,0.6152134103026896,0.5962474415780156,0.6135546512029755,0.5752186277393638
3,0,88.0,6,0.25,0.0,,0.14935779411606612,0.3981998947135997,0.6103471026604788,0.613923540918341,0.636236729593114,0.5839026396358681
3,0,89.0,6,0.25,0.0,,0.14652241413879313,0.39254329374535557,0.6140103736017397,0.6126233735364259,0.6105565997720223,0.5934039401857452
3,0,90.0,6,0.25,0.0,,0.14738043367564913,0.402117863930685,0.5993777569722034,0.5868431312228418,0.6321963322128823,0.5567984702663481
3,0,91.0,6,0.25,0.0,,0.15237427621952487,0.39845355022859696,0.5922346991233574,0.5795572832821525,0.593699938348991,0.545982605435485
3,0,92.0,6,0.25,0.0,,0.15310790752494527,0.39710596598538916,0.5995664559048084,0.5530519926699423,0.6139004840344151,0.6093342176510276
3,0,93.0,6,0.25,0.0,,0.15090071452197446,0.39721742289337997,0.5826430107345416,0.5697264591471396,0.5611525874060979,0.5766131408580394
3,0,94.0,6,0.25,0.0,,0.15115994734289323,0.3898013878537619,0.5657311075550325,0.5712455584429639,0.5470503676547143,0.5445736281625748
3,0,95.0,6,0.25,0.0,,0.15099961014381139,0.4019063753305989,0.5657273734392628,0.5775469784386873,0.5148226450556493,0.5418210459324669
3,0,96.0,6,0.25,0.0,,0.15833020344744791,0.3994900567257359,0.5489594251551698,0.6098620356857711,0.5289027854820805,0.5284695216004915
3,0,97.0,6,0.25,0.0,,0.15713384651468967,0.3960267181236225,0.5519274853344939,0.5812604131900624,0.5569796131467964,0.5039966694092324
3,0,98.0,6,0.25,0.0,,0.15185111564384163,0.40345030808524635,0.5492036675015014,0.5645706766608932,0.5705743245730625,0.5073570423797773
3,0,99.0,6,0.25,0.0,,0.14844079553658848,0.3942842342723128,0.5513234570285545,0.5534155518334785,0.5633304333204732,0.5511987093291303
3,0,100.0,6,0.25,0.0,,0.1479548594624806,0.40599511476890726,0.5450552000883148,0.5310570238915255,0.5401069522732455,0.5706991958728997
4,0,21.0,6,0.25,0.5,,0.10950434248117702,0.27299784815141437,0.4236330251552268,0.476793093804987,0.5062962275840306,0.513510132629572
4,0,22.0,6,0.25,0.5,,0.1097694254797092,0.2758997100190379,0.428291949433678,0.4774049237496326,0.46655712621125967,0.5476189618245664
4,0,23.0,6,0.25,0.5,,0.10502428798829888,0.28062868203171576,0.4239661819969295,0.48807409206584024,0.48988545709903564,0.513854641205701
4,0,24.0,6,0.25,0.5,,0.103501557673038,0.2845533515802202,0.428152365518475,0.43459075902263705,0.5161980700238031,0.5357952502193885
4,0,25.0,6,0.25,0.5,,0.103817513497204,0.29222305692030953,0.4147096288800854,0.453360835434105,0.5238203203501104,0.5436216862913689
4,0,26.0,6,0.25,0.5,,0.10246085916830094,0.2909091401182101,0.41456713469043216,0.4646832697873293,0.48702467960944107,0.5461858194185232
4,0,27.0,6,0.25,0.5,,0.10158367728339221,0.2940230381478099,0.4367405648268502,0.4561990952686085,0.45351055739547574,0.5077697123955872
4,0,28.0,6,0.25,0.5,,0.10107219949935484,0.2839710101338668,0.43218872992582114,0.4528602547672945,0.45436358090430085,0.4784245322612814
4,0,29.0,6,0.25,0.5,,0.10166799732981686,0.2877777811709832,0.4286371220074046,0.4639361420148214,0.4618964608190943,0.5464755263876319
4,0,30.0,6,0.25,0.5,,0.10006544425133264,0.2676250915449879,0.4712549995611767,0.47727652015892696,0.47225670614912196,0.5154879478209173
4,0,31.0,6,0.25,0.5,,0.09847921628169928,0.2569741508694491,0.46039762030305464,0.48421167797874104,0.4733459376502318,0.546863627316503
4,0,32.0,6,0.25,0.5,,0.09915951421519435,0.2684269295534161,0.4433914595068617,0.5173881473356159,0.4737998482151454,0.5035557958311209
4,0,33.0,6,0.25,0.5,,0.09693864852690151,0.26313042039493395,0.43672561720093944,0.5330650390222813,0.49409912890133567,0.5347757750725199
4,0,34.0,6,0.25,0.5,,0.10405096742978051,0.27329466677931025,0.440348714072485,0.5264511631492999,0.4716540690052775,0.5562778947348754
4,0,35.0,6,0.25,0.5,,0.10385373409929151,0.2684815054740393,0.4304663682135608,0.5143414155577697,0.4426927844463748,0.5623863507651965
4,0,36.0,6,0.25,0.5,,0.10376057219694376,0.272965562934263,0.43579050574943584,0.5382813731347763,0.4542786646631719,0.5678784948731479
4,0,37.0,6,0.25,0.5,,0.10202781916663015,0.27711581501383276,0.4408305098249457,0.5468109805920841,0.42002548593583955,0.5718486451657154
4,0,38.0,6,0.25,0.5,,0.10231027912422541,0.2737043674588929,0.4332997307891927,0.528531495949541,0.45230159168118067,0.5229288478967564
4,0,39.0,6,0.25,0.5,,0.10373100542169697,0.2735483042698672,0.4326231361305822,0.5428168698780136,0.49795111080024457,0.5421817939268241
4,0,40.0,6,0.25,0.5,,0.10572336281755268,0.27432039210907394,0.4248272720381263,0.5322102411964879,0.47706632158089174,0.5269241348710957
4,0,41.0,6,0.25,0.5,,0.10739469592321318,0.2764426537786314,0.4215337841489462,0.4997786932656716,0.49908324451925196,0.5091479344439188
4,0,42.0,6,0.25,0.5,,0.1101718644780533,0.2834149135383592,0.4126635458450945,0.4666215984379762,0.5249610359380917,0.5046442164111923
4,0,43.0,6,0.25,0.5,,0.10784177386265081,0.26703152788288304,0.41762415710374673,0.4506416681510964,0.5129756739661502,0.5099899451215412
4,0,44.0,6,0.25,0.5,,0.10928875698488516,0.2787790620558801,0.43507072938902314,0.45955319793312216,0.5014916809326284,0.512255564110067
4,0,45.0,6,0.25,0.5,,0.10540872646026436,0.2818917470580671,0.4215323347722643,0.49055493241245973,0.5084132919056528,0.4350461709265055
4,0,46.0,6,0.25,0.5,,0.10697765693222332,0.2843183969295323,0.4240365445237507,0.48892913193079457,0.4825642575806305,0.4628288535392575
4,0,47.0,6,0.25,0.5,,0.10632145151803547,0.2836008903923465,0.4209553819820912,0.5061645302867945,0.49267852390762734,0.48317433227473144
4,0,48.0,6,0.25,0.5,,0.10837852683848374,0.30381306165238386,0.43220981815720166,0.5496824983527211,0.48797476563821574,0.43894971753053874
4,0,49.0,6,0.25,0.5,,0.10776809466367328,0.3089897849790323,0.4187474031088477,0.5739031824692442,0.5039829833837479,0.4936285763014007
4,0,50.0,6,0.25,0.5,,0.10695565432773671,0.30008349432650117,0.42106142204035224,0.5921282546683213,0.5212716228714127,0.49860036235769795
4,0,51.0,6,0.25,0.5,,0.10696052473211995,0.301113435713843,0.3990148554208337,0.5719040021441035,0.5210338456591881,0.5307597091218763
4,0,52.0,6,0.25,0.5,,0.10903638234566126,0.31260710040273987,0.4096869649340631,0.5348358747678496,0.4792924794227694,0.5763349560727435
4,0,53.0,6,0.25,0.5,,0.10464440620879496,0.30876976684555874,0.4085385995704093,0.5845324408656778,0.4693324487056569,0.6080905948212545
4,0,54.0,6,0.25,0.5,,0.10784391180001052,0.29782546903568063,0.41919094617715447,0.5762217528397785,0.4760717199114156,0.5901344539685118
4,0,55.0,6,0.25,0.5,,0.11068932124233646,0.29028878795753327,0.4393685761543097,0.5596527071852376,0.5068734372402093,0.5441116701616447
4,0,56.0,6,0.25,0.5,,0.11017888835142235,0.2915460564167656,0.43783186556637615,0.5398223139516666,0.5423688211022417,0.5408231864448566
4,0,57.0,6,0.25,0.5,,0.10376319528265279,0.29414345215102605,0.4275658239725656,0.5188394477153644,0.5639344626566682,0.5276696986177081
4,0,58.0,6,0.25,0.5,,0.10372741573286974,0.28971028680590016,0.43819660915321174,0.5279682752615618,0.5552390017674795,0.5384575877319084
4,0,59.0,6,0.25,0.5,,0.10505386026456191,0.2872931863805428,0.4348546972820214,0.5061247538222069,0.5510386813196646,0.5342657570291844
4,0,60.0,6,0.25,0.5,,0.10282801751170771,0.27870058161805644,0.42835870856453795,0.5001002305352054,0.5076454224707121,0.5262299975971668
4,0,61.0,6,0.25,0.5,,0.10606888947462075,0.28363334361401066,0.4340975284186735,0.4964013469084211,0.49631889750125213,0.5492787686594148
4,0,62.0,6,0.25,0.5,,0.10983088092805926,0.2763097802241178,0.4134743017651193,0.457975340042415,0.4862913318028374,0.548906427612046
4,0,63.0,6,0.25,0.5,,0.10810463031911721,0.26853451425211455,0.41452799069964,0.446130999839968,0.5136651766120653,0.5464468729578614
4,0,64.0,6,0.25,0.5,,0.11024131148592294,0.26079982460824425,0.40023909763490195,0.4418605718342731,0.5255027771798367,0.5022825820306805
4,0,65.0,6,0.25,0.5,,0.11027210653708268,0.2672180468631973,0.4102718042234221,0.4234428575457335,0.49575528439298217,0.48668457699007284
4,0,66.0,6,0.25,0.5,,0.10828780206748326,0.2575537950643833,0.43327717859080545,0.4293036057159754,0.48668898061543986,0.4812405995578131
4,0,67.0,6,0.25,0.5,,0.10618440594461949,0.26374009845170965,0.4401254791001431,0.45246129799924883,0.46750889181642313,0.46682061236718464
4,0,68.0,6,0.25,0.5,,0.10444765265095617,0.26446527978382667,0.41671229581985225,0.438887301485179,0.5023427658436,0.5296909673163599
4,0,69.0,6,0.25,0.5,,0.10334874091101673,0.26788038986766755,0.4270971894185428,0.46120462229623954,0.5045269468337114,0.4952612001788531
4,0,70.0,6,0.25,0.5,,0.10454000734276665,0.2749397978744686,0.4128843388767617,0.44666183710371576,0.4921566865977603,0.5486142787208443
4,0,71.0,6,0.25,0.5,,0.10497828324581801,0.27317429305436935,0.41209428462668835,0.44569397487512497,0.5355819640256746,0.5607934425762751
4,0,72.0,6,0.25,0.5,,0.10391281611677028,0.2866399077723756,0.41497300571206586,0.451804076243784,0.5505309411219557,0.5070398917923844
4,0,73.0,6,0.25,0.5,,0.10144734069211214,0.2702094144024082,0.42426447280956125,0.45505854488703523,0.5670853317102805,0.5191788217227797
4,0,74.0,6,0.25,0.5,,0.10115288506525925,0.27125925965440567,0.43614228624792395,0.4683003971908035,0.5258912325157166,0.5064392808500047
4,0,75.0,6,0.25,0.5,,0.09893977298365952,0.27038500135508686,0.4280730005519283,0.449996767500677,0.5555414388301927,0.5120464475800103
4,0,76.0,6,0.25,0.5,,0.09976321088000542,0.2782380994677367,0.4376369304047777,0.4458577672695479,0.5359655095122877,0.5125825712418812
4,0,77.0,6,0.25,0.5,,0.10246505564126243,0.2925842943352387,0.4090244207966016,0.41057223172167934,0.5297573302580156,0.5011999194168373
4,0,78.0,6,0.25,0.5,,0.10256572007056027,0.2939804475755806,0.4192157268700609,0.4049618305956006,0.5274598359021803,0.544614907704412
4,0,79.0,6,0.25,0.5,,0.1023251170340772,0.2915534360133642,0.4143960340500167,0.41682289675809175,0.47953492366120853,0.5032706143905022
4,0,80.0,6,0.25,0.5,,0.10013060196880277,0.28196124447326065,0.41668548083869383,0.4329110033090141,0.4849789053750257,0.49687180582454704
4,0,81.0,6,0.25,0.5,,0.10329316218125986,0.2797275178147436,0.4127556847372972,0.44955615172719476,0.49206049233790006,0.5317561428182686
4,0,82.0,6,0.25,0.5,,0.10648347002195564,0.2849764455122732,0.42077025142154734,0.47469677923513265,0.46731295828506847,0.5145817689142194
4,0,83.0,6,0.25,0.5,,0.10148183186422073,0.27859484418463387,0.428075583287341,0.47849980662180086,0.48002676052454596,0.46158195796744017
4,0,84.0,6,0.25,0.5,,0.10674456905436487,0.27893600534141394,0.42472774378197775,0.5092955327149309,0.4920994232016257,0.4641893395621673
4,0,85.0,6,0.25,0.5,,0.10752427691738173,0.27794349696386506,0.4230633283328265,0.5180194762547752,0.48484187886534685,0.5023848972857532
4,0,86.0,6,0.25,0.5,,0.10799286272614292,0.2860439919290198,0.4347657327550989,0.5162803078166206,0.5178512139112004,0.47109351766224095
4,0,87.0,6,0.25,0.5,,0.10769143970101032,0.2914645852689683,0.42976870109860377,0.48321879273662516,0.5659322192856404,0.5091473027224531
4,0,88.0,6,0.25,0.5,,0.10859894010291679,0.27670780078095486,0.44326348659217346,0.5014198364926377,0.6276001870915178,0.558190142059812
4,0,89.0,6,0.25,0.5,,0.10303787775916744,0.27599878465825195,0.43637077313103695,0.5155284213162298,0.5653308142352798,0.5851853185388375
4,0,90.0,6,0.25,0.5,,0.10240958643007478,0.26595402770967114,0.42739018596791645,0.5238395188381019,0.5672096381919349,0.5779073617309901
4,0,91.0,6,0.25,0.5,,0.1000886723096744,0.26401639712030045,0.44607116404718583,0.4806109815525191,0.5950273361597223,0.5595917607343408
4,0,92.0,6,0.25,0.5,,0.10396222547137743,0.27489543505285025,0.4317549738844259,0.48081958316178214,0.538001998282692,0.5697771181744662
4,0,93.0,6,0.25,0.5,,0.10501152052873926,0.2641773131712637,0.4419811380055364,0.515067439104391,0.5502865017058834,0.5301675913014836
4,0,94.0,6,0.25,0.5,,0.10270360265779377,0.2755531509027582,0.42840607386741486,0.4849953301092187,0.5166258886007543,0.5498674928599188
4,0,95.0,6,0.25,0.5,,0.10650198454858224,0.29351152229359395,0.41429821577876275,0.4860430776605712,0.5168286777040734,0.5217884580605002
4,0,96.0,6,0.25,0.5,,0.10852678404087598,0.2979642192553332,0.4154177661065141,0.5190546751372602,0.5346027541024976,0.5055520249634522
4,0,97.0,6,0.25,0.5,,0.10576678785463804,0.30367440698550535,0.3993883746958308,0.5021359891341921,0.5208404069836232,0.50997636228334
4,0,98.0,6,0.25,0.5,,0.1046878991760883,0.3085952970273262,0.4003659876678064,0.47863949643860987,0.5131064243960685,0.5049866948521813
4,0,99.0,6,0.25,0.5,,0.10038693674640439,0.3002763145031344,0.40890861541834117,0.5209381998105177,0.5213090489618996,0.4863401077426552
4,0,100.0,6,0.25,0.5,,0.10068957288972084,0.27927216215662315,0.4104239497949692,0.5306766279414824,0.49402097260112365,0.46534370255492374
5,0,21.0,6,0.25,0.9,,0.08575471302326744,0.2302580067572207,0.3630918740150696,0.3968524641079501,0.4739207350157836,0.4056080504062747
5,0,22.0,6,0.25,0.9,,0.08749734670712996,0.24024250822093385,0.35869731839253616,0.4139826992840094,0.4448801066332793,0.4152548693763637
5,0,23.0,6,0.25,0.9,,0.08601271766480958,0.24737853482866293,0.3757555650076443,0.40913710955604643,0.4578583506708952,0.39650253763601506
5,0,24.0,6,0.25,0.9,,0.0889824282689552,0.2509364434422981,0.36667664862660787,0.4293127199998031,0.43336099455755567,0.40276195436221107
5,0,25.0,6,0.25,0.9,,0.08779883756396736,0.24796227904141332,0.3640087740358644,0.429838470408344,0.3784076692957698,0.4193871160112601
5,0,26.0,6,0.25,0.9,,0.08958138491878924,0.24887637420065936,0.3708307867626405,0.4138640583728101,0.39576084251567883,0.45854608632802396
5,0,27.0,6,0.25,0.9,,0.08890986825670577,0.25370934649867166,0.3838758891091306,0.43290644595890254,0.4190300150153516,0.46652000094177587
5,0,28.0,6,0.25,0.9,,0.08964463852163673,0.26003707598515197,0.3902563212488682,0.4285475665320254,0.46040087770354277,0.4172107949866885
5,0,29.0,6,0.25,0.9,,0.09032169237753825,0.25049499425347055,0.3826385374066957,0.444850688901242,0.4567515553039504,0.41628764830529824
5,0,30.0,6,0.25,0.9,,0.08927928072875209,0.24812511076108773,0.39215765354723703,0.43396351983391757,0.46207201199760767,0.38036680582891896
5,0,31.0,6,0.25,0.9,,0.08375049538615585,0.23977323017610055,0.39185521761184994,0.4586373626562425,0.44053256246930966,0.37308828729966226
5,0,32.0,6,0.25,0.9,,0.08425340773769976,0.25229134949144477,0.37859541485349785,0.4364273190949103,0.4716434965336746,0.4052367766106979
5,0,33.0,6,0.25,0.9,,0.08594616183364225,0.2392516526267178,0.3461490696590918,0.40647387832064774,0.49209475080030785,0.4401197101507425
5,0,34.0,6,0.25,0.9,,0.0851907267722993,0.25156182729757026,0.35433143268803996,0.40870458730644915,0.5232393069524427,0.4530198951349929
5,0,35.0,6,0.25,0.9,,0.08151735110647627,0.2368118148061984,0.3595538769517166,0.4265869029771431,0.5340241447250638,0.48983066332759384
5,0,36.0,6,0.25,0.9,,0.08091078426709615,0.24032326212574354,0.35923448598012064,0.40816262137919707,0.5341343798866902,0.47868626193080405
5,0,37.0,6,0.25,0.9,,0.08517818773388904,0.23402708007811407,0.3554037157823114,0.41973521419558696,0.48565167400989767,0.4800394034460961
5,0,38.0,6,0.25,0.9,,0.0851332714770752,0.2312910141968155,0.3684772230801826,0.4292093853525397,0.4848506441516401,0.47898230578009515
5,0,39.0,6,0.25,0.9,,0.08739802753884163,0.228971337372411,0.36778625034684886,0.4226165517537601,0.47636257475049726,0.513550210372164
5,0,40.0,6,0.25,0.9,,0.08700620548201765,0.23696099067879955,0.3561522076433156,0.46392164263401287,0.518492095581876,0.4936706619869617
5,0,41.0,6,0.25,0.9,,0.0937001319660734,0.23881652452001334,0.37830443453772455,0.49162604830266565,0.502330073590924,0.49125691663764615
5,0,42.0,6,0.25,0.9,,0.0964505370968928,0.2424121301890969,0.3516667954988311,0.49268819165734656,0.5028661754151281,0.4989223916904989
5,0,43.0,6,0.25,0.9,,0.09469742392216762,0.25024039419963223,0.334504710427262,0.49265502192069877,0.5221367564859198,0.4700535177392789
5,0,44.0,6,0.25,0.9,,0.09045899085343242,0.24046732495237483,0.3558675344017896,0.45801497917641676,0.5341136017947158,0.49641066208854684
5,0,45.0,6,0.25,0.9,,0.08959871947816316,0.22986715765173615,0.3474308452771527,0.45410881759890726,0.518946384135604,0.433050273153553
5,0,46.0,6,0.25,0.9,,0.08500951364597051,0.23028750310114493,0.36364583620438296,0.44590521436083597,0.49004608280714856,0.41730517876588874
5,0,47.0,6,0.25,0.9,,0.08215937912853452,0.23195507539577503,0.3706612241677608,0.44514410855160663,0.5020725873159883,0.4340109968116478
5,0,48.0,6,0.25,0.9,,0.0818226902142611,0.24349703590558688,0.3669120971368583,0.4779276091514718,0.4870481621235296,0.462749939998056
5,0,49.0,6,0.25,0.9,,0.08060770757085133,0.24140211213466184,0.3646947557761524,0.46564118906728974,0.4641908603613919,0.4757153651257388
5,0,50.0,6,0.25,0.9,,0.08108881194179209,0.24832333273427548,0.38065024989422386,0.49526448459378775,0.5079072950494246,0.5396288923896819
5,0,51.0,6,0.25,0.9,,0.07863475734502971,0.24236629463619783,0.36775202303618665,0.47971396003083655,0.5116943471347828,0.5147543032632766
5,0,52.0,6,0.25,0.9,,0.08154697555839192,0.23955800435608268,0.3872264744136352,0.4667717252151313,0.515065082851258,0.4984067727162976
5,0,53.0,6,0.25,0.9,,0.08604589245177788,0.24388054428101874,0.36267384969120725,0.4566702319858015,0.5046324515721903,0.47970964614853956
5,0,54.0,6,0.25,0.9,,0.09095462412046425,0.2407081435403054,0.34648533909845314,0.4582588082912643,0.5280765526025799,0.49727611061426813
5,0,55.0,6,0.25,0.9,,0.09095791441788806,0.22465500304471525,0.3514483627968481,0.4404477484181248,0.5083627316829534,0.46122267914178305
5,0,56.0,6,0.25,0.9,,0.09166098115570205,0.23242279986584086,0.35806193119924157,0.46644312401473675,0.4911877516032849,0.4914703036800908
5,0,57.0,6,0.25,0.9,,0.0870787407831338,0.23173888365121859,0.34856474988636843,0.4392681543510729,0.5255784404043837,0.48257215477015175
5,0,58.0,6,0.25,0.9,,0.08399069650348764,0.23855609072701686,0.3477662695756942,0.4736862715787947,0.5045293701403114,0.5017894423259067
5,0,59.0,6,0.25,0.9,,0.08077753698234429,0.23670601577238531,0.3575289723916971,0.4752415342499792,0.5426249084436471,0.5574684820851321
5,0,60.0,6,0.25,0.9,,0.08059883879049803,0.2475827382890336,0.3838189660635583,0.4501846633778353,0.5107056695585646,0.529381695138409
5,0,61.0,6,0.25,0.9,,0.08066418707584881,0.23983076812443344,0.3911358892435875,0.47484301562091485,0.5052836409488519,0.5025320148130141
5,0,62.0,6,0.25,0.9,,0.0814287657812743,0.23515066569060697,0.3946657338252764,0.46244643741088315,0.50457109821853,0.5243819831786182
5,0,63.0,6,0.25,0.9,,0.08378778361500852,0.2303874136162499,0.4143734075407971,0.45365059841835764,0.45967364225942003,0.526182667984747
5,0,64.0,6,0.25,0.9,,0.08336769229394873,0.23386900973691338,0.3767250213959593,0.46058422475253796,0.49864884434837925,0.5081963289569298
5,0,65.0,6,0.25,0.9,,0.08601829487594406,0.23832815808036303,0.3758070431130267,0.4454837039331026,0.42160654292123284,0.5014496046661708
5,0,66.0,6,0.25,0.9,,0.08568951486294887,0.23883863913519363,0.3753695737398169,0.4473518824399546,0.4241902747355001,0.5153173826946578
5,0,67.0,6,0.25,0.9,,0.08099536279602226,0.24324621910291291,0.3819951614768205,0.46238405373292346,0.44450865180621985,0.4911992361295397
5,0,68.0,6,0.25,0.9,,0.08658747015017024,0.2483276582515317,0.35812402477230265,0.4456786661210045,0.40701380782825236,0.5097155619836901
5,0,69.0,6,0.25,0.9,,0.08797864380723612,0.24358573517163418,0.34979911330958535,0.45717962881250174,0.40459030837998416,0.5066285543943077
5,0,70.0,6,0.25,0.9,,0.09227578337569345,0.25277927323536264,0.34634362718052925,0.4940131975211119,0.3997145683458424,0.5227611133197294
5,0,71.0,6,0.25,0.9,,0.09286483845324965,0.24569684296596148,0.36743720591683365,0.45759199133619044,0.38354218670678486,0.5001481264788447
5,0,72.0,6,0.25,0.9,,0.09011794325684158,0.2544892377350761,0.3488587052913718,0.3986250251262559,0.33844796699466956,0.4612425186046104
5,0,73.0,6,0.25,0.9,,0.09015752215362413,0.2433276085680111,0.34637047203733434,0.43692181666053137,0.38338879804458187,0.39789851961423717
5,0,74.0,6,0.25,0.9,,0.0869501796893524,0.25533550985934517,0.3282876439733886,0.42352561105357356,0.3961622232364904,0.36368631513577143
5,0,75.0,6,0.25,0.9,,0.08533337846176889,0.2509266521715969,0.33625726198566486,0.43306077880095817,0.43452842997102537,0.4177894957415518
5,0,76.0,6,0.25,0.9,,0.0869383010499902,0.24563299463211266,0.3234449140108526,0.4318638540436684,0.46662578075175765,0.4224562750361159
5,0,77.0,6,0.25,0.9,,0.08295191678267395,0.24273530035299418,0.3562566598519102,0.4231055756505788,0.4603291740974894,0.39151280331108446
5,0,78.0,6,0.25,0.9,,0.08554848066198681,0.23545555713057892,0.35685462499007353,0.400794893602622,0.408308790329027,0.37756437106614416
5,0,79.0,6,0.25,0.9,,0.084143699220912,0.23367179788333897,0.3693086926289105,0.3974219034857145,0.3519019915398431,0.3498597516529379
5,0,80.0,6,0.25,0.9,,0.08268394274033017,0.23954821448202773,0.3603098170200031,0.391946548889131,0.34345690871429985,0.4177565693258529
5,0,81.0,6,0.25,0.9,,0.08155509901418553,0.24635531811269926,0.3471976928540418,0.42317303177149784,0.3573785603233525,0.3696774792707793
5,0,82.0,6,0.25,0.9,,0.0802353706811172,0.2487766352881457,0.37233809310534827,0.4267669474787469,0.3397990528289825,0.39430068999380996
5,0,83.0,6,0.25,0.9,,0.07854266987148678,0.24352855447510394,0.37040651964314114,0.43879012093709857,0.35490699381697055,0.4179432294817536
5,0,84.0,6,0.25,0.9,,0.08237256551515126,0.24347124081144447,0.35707343093511523,0.47804339056959566,0.35241150627592716,0.44640417511114655
5,0,85.0,6,0.25,0.9,,0.07796061162815358,0.24070348029293615,0.35479163798842595,0.46059081819889813,0.4174002068138874,0.4899228704667674
5,0,86.0,6,0.25,0.9,,0.07986845282526367,0.2351916523667416,0.362338918490099,0.4542874280636179,0.4185064760188089,0.48763385804766657
5,0,87.0,6,0.25,0.9,,0.0767118843776359,0.23028095326767764,0.36698076091604703,0.4398062713185591,0.4159758928441626,0.49904620394486193
5,0,88.0,6,0.25,0.9,,0.07585944904554667,0.22398208504733946,0.36453113331455034,0.43693159949331034,0.44255292904842813,0.46416939046984734
5,0,89.0,6,0.25,0.9,,0.07846106534748912,0.21817758720079966,0.3622768603833827,0.42453371114922794,0.4436227409123024,0.48612311878222336
5,0,90.0,6,0.25,0.9,,0.08216172605400582,0.21843971636852078,0.3420734573097045,0.40849212389284173,0.4323206000383678,0.4881032243598252
5,0,91.0,6,0.25,0.9,,0.08640651904057287,0.21271931290854282,0.3281894950899163,0.43255850775369453,0.4401783293237285,0.4470174466894372
5,0,92.0,6,0.25,0.9,,0.08754443317800521,0.2178648590722144,0.338141948173866,0.45509680568093475,0.4119294553158694,0.45735958020253237
5,0,93.0,6,0.25,0.9,,0.08382962524786358,0.21313196075519034,0.3214671615884548,0.4319488207516403,0.39636817462138874,0.49452292572331313
5,0,94.0,6,0.25,0.9,,0.08383415169597283,0.2230852201661671,0.3270739220086153,0.3944031076559143,0.4418741738284252,0.4744088737776771
5,0,95.0,6,0.25,0.9,,0.08023743364453363,0.23968284717685168,0.34821346010773885,0.39567694644637097,0.46227768454714147,0.42149245509412364
5,0,96.0,6,0.25,0.9,,0.07448447823656597,0.23652657847292452,0.3481642217341542,0.37098015854662086,0.46989775987314103,0.48360424340817987
5,0,97.0,6,0.25,0.9,,0.07722859940733864,0.23846056050513947,0.3491322168352299,0.3968016504835591,0.49045665583227427,0.5067438575334573
5,0,98.0,6,0.25,0.9,,0.0830975226583652,0.24360436321558515,0.3394663480007011,0.364138007988411,0.4789852017559605,0.4829408440644582
5,0,99.0,6,0.25,0.9,,0.08295706337222272,0.22958122964306554,0.356683630955697,0.34856163027418974,0.4180742690348122,0.47349398700355294
5,0,100.0,6,0.25,0.9,,0.08181208476889991,0.22121060083789673,0.3475106943540563,0.3579797427491096,0.430488474975379,0.45997700262747776
6,0,21.0,6,0.5,0.0,,0.16750237297962048,0.4082304900510092,0.5530728519103416,0.5442938078615642,0.6159552511747062,0.552037961928538
6,0,22.0,6,0.5,0.0,,0.16200454009184548,0.3968840741718346,0.5288366226492367,0.5338806834569478,0.6298220988879908,0.5416303695428304
6,0,23.0,6,0.5,0.0,,0.15332313790844068,0.3883895760041455,0.5562502024992363,0.5373204671985645,0.6403337985590455,0.5217676065929151
6,0,24.0,6,0.5,0.0,,0.14524185805445458,0.4094192474495812,0.6023351215636689,0.5469808375470849,0.6130909728752527,0.5867299622470319
6,0,25.0,6,0.5,0.0,,0.15640946554205304,0.40580880222372695,0.6238261672146664,0.5992494432297029,0.5338977534112344,0.5893839697976254
6,0,26.0,6,0.5,0.0,,0.15956466312365652,0.4122538779620576,0.6214212968930523,0.587208680994613,0.5511932929895834,0.5798205250591076
6,0,27.0,6,0.5,0.0,,0.15841894192336378,0.41157501171134186,0.6396872776484581,0.5862886874394029,0.583606521156735,0.5399426774336482
6,0,28.0,6,0.5,0.0,,0.1520943660298534,0.4110190270399479,0.6462549566165606,0.54573264078401,0.5513844655602644,0.5192133157944914
6,0,29.0,6,0.5,0.0,,0.1512783521704412,0.377878470131016,0.6209663510326097,0.5760529048941514,0.5756612514740128,0.4792324952524238
6,0,30.0,6,0.5,0.0,,0.1495846950953571,0.40190968948990957,0.5990189377840871,0.5733756499203094,0.6069708183200039,0.46975804607521876
6,0,31.0,6,0.5,0.0,,0.14843887178786974,0.4032028742482464,0.6053054471171889,0.5668403350306609,0.5862516529476169,0.4918804988825404
6,0,32.0,6,0.5,0.0,,0.15425834185768939,0.4189949178157667,0.5819813998653146,0.5924550136175613,0.5780267075653127,0.47739068273231966
6,0,33.0,6,0.5,0.0,,0.15729787250415467,0.42867782948362604,0.590191287595526,0.5892215319567808,0.6007628662654898,0.4227412445060234
6,0,34.0,6,0.5,0.0,,0.159379150900381,0.4445902381546338,0.5710911894213494,0.5819742144828256,0.5895845848099953,0.46683807272828715
6,0,35.0,6,0.5,0.0,,0.155561172380418,0.43536032265543356,0.5917696924538463,0.589164169855399,0.5861589240545633,0.522614354667666
6,0,36.0,6,0.5,0.0,,0.1512443362156744,0.4293850673895272,0.5669330016906595,0.602029723137484,0.6185049357364102,0.49152719355053903
6,0,37.0,6,0.5,0.0,,0.15671181474833434,0.41986649215449956,0.5546410985164305,0.5851472067170155,0.5818226032598934,0.4620535228100697
6,0,38.0,6,0.5,0.0,,0.1574948288379249,0.37326400633151635,0.5736035983021638,0.5784501289139659,0.5495222056961062,0.4296428182480557
6,0,39.0,6,0.5,0.0,,0.15411001570613309,0.37719871712622766,0.5728633834138119,0.554646215247004,0.5567945638521186,0.4690057757045675
6,0,40.0,6,0.5,0.0,,0.15447194793121427,0.3808182700523323,0.5768251751891176,0.5761260736673702,0.6198177367050632,0.4828240003437599
6,0,41.0,6,0.5,0.0,,0.1564310896307513,0.37842762055605655,0.5623322638159604,0.5360368092253653,0.5876549675758043,0.48607824916303566
6,0,42.0,6,0.5,0.0,,0.1536106522372964,0.3778015985587919,0.5843089380813627,0.548021735507816,0.5409720541265003,0.4465455065859117
6,0,43.0,6,0.5,0.0,,0.15672401321883217,0.3750562172751674,0.5637597859115461,0.519838714476568,0.5289421493492567,0.4873597605891981
6,0,44.0,6,0.5,0.0,,0.16196095902931001,0.35672701132106965,0.536510446176888,0.567106254612599,0.5197571396792495,0.4970045971617731
6,0,45.0,6,0.5,0.0,,0.15842859225051156,0.3825991778304833,0.5419567402206056,0.5864044547017597,0.5380178974704096,0.45760367772941846
6,0,46.0,6,0.5,0.0,,0.16324030203239354,0.39758165093261805,0.5310213515615211,0.5898468369514894,0.5047871380157327,0.4906108818633365
6,0,47.0,6,0.5,0.0,,0.1614713242718569,0.4125425584273642,0.5224231689189761,0.6140372214169064,0.5105568804608076,0.5381986488606604
6,0,48.0,6,0.5,0.0,,0.16372301064606395,0.41045270546175683,0.5396853349029345,0.6277424525658104,0.5306710960152333,0.5494772813050802
6,0,49.0,6,0.5,0.0,,0.1644321729296154,0.41242289993075376,0.519078866876577,0.6069884042755056,0.5441652144754796,0.53838307612795
6,0,50.0,6,0.5,0.0,,0.16300533372165976,0.40416943020898033,0.5347947269975476,0.5838886247105607,0.5091712872048849,0.5348188836885958
6,0,51.0,6,0.5,0.0,,0.16069853070059945,0.400258675072232,0.546482767522271,0.5590438856453346,0.5088728177075847,0.5275573307002022
6,0,52.0,6,0.5,0.0,,0.15971801688614543,0.39635396454613187,0.5867167937043842,0.574781178354673,0.5225975453757566,0.53282828825087
6,0,53.0,6,0.5,0.0,,0.15160666708418868,0.4017195041726861,0.5805041547278778,0.5921019118791901,0.5525855696897906,0.5042338381512848
6,0,54.0,6,0.5,0.0,,0.15601840438291342,0.3879197021072198,0.5762942047547936,0.6102778186148144,0.555186358468575,0.4915943824619188
6,0,55.0,6,0.5,0.0,,0.16141341233321918,0.3677390576797655,0.5499371898304745,0.5748546597525797,0.5572725376207993,0.5202970221290294
6,0,56.0,6,0.5,0.0,,0.16661399716626288,0.3526732939930398,0.5391559745242845,0.5520015353599105,0.5777720848119439,0.5094769426665681
6,0,57.0,6,0.5,0.0,,0.1651576475674731,0.37202043626316456,0.5490218797131166,0.5826984479735821,0.5689690771508353,0.5060766100514682
6,0,58.0,6,0.5,0.0,,0.1711502776289417,0.3876935673358187,0.5331253857932003,0.5937481871323119,0.5369789580410658,0.4936164066381867
6,0,59.0,6,0.5,0.0,,0.17002534978858014,0.37615348440333685,0.5526329028735564,0.6288276400753848,0.5212837466484008,0.4718130708813254
6,0,60.0,6,0.5,0.0,,0.17132858623731526,0.387328203820646,0.5758209662588019,0.6481449562879871,0.5532016878082027,0.457457204880511
6,0,61.0,6,0.5,0.0,,0.164133425783019,0.38556401915180727,0.5314488945201923,0.6074992666340892,0.5607898661493271,0.5056720241837344
6,0,62.0,6,0.5,0.0,,0.15834978130426972,0.37677936686290303,0.5065571785366989,0.6091783702831289,0.5531950158773653,0.5439292108604996
6,0,63.0,6,0.5,0.0,,0.14752379479800284,0.37712550087446245,0.5280034981151165,0.550374601044634,0.5523335480743354,0.5551433686883998
6,0,64.0,6,0.5,0.0,,0.16135816553988275,0.39787860805494285,0.5016324816420905,0.5506276985054319,0.5564375937491006,0.5419497899316861
6,0,65.0,6,0.5,0.0,,0.16359483564879396,0.3914551172435307,0.5353331231488483,0.5326034909448959,0.5281191325805232,0.4794398909619414
6,0,66.0,6,0.5,0.0,,0.15729055896192323,0.38667006094839285,0.5169542981011503,0.5251989298880361,0.5755778748144177,0.49926241955815237
6,0,67.0,6,0.5,0.0,,0.14959460724569054,0.39852556366648545,0.532105137491782,0.556992317137683,0.5792043094478158,0.5223060317595463
6,0,68.0,6,0.5,0.0,,0.154481452614957,0.3992944745207268,0.5606319266199759,0.5769811954570626,0.5923918627392708,0.5048331800161648
6,0,69.0,6,0.5,0.0,,0.16236049525156698,0.3945077023554654,0.5299499868352436,0.5683640743004671,0.5929385130620977,0.48391201779378185
6,0,70.0,6,0.5,0.0,,0.15793496570685245,0.4088270697129689,0.5768708686128213,0.5574336878712907,0.5367723209643951,0.49886361119865147
6,0,71.0,6,0.5,0.0,,0.15440631953276257,0.4165411871541959,0.5641814586095336,0.564286904858539,0.5157646050640394,0.5005774102317995
6,0,72.0,6,0.5,0.0,,0.1590661395896166,0.36763072515644024,0.5900860129397614,0.5313526408202305,0.5777888994604482,0.5086132685035684
6,0,73.0,6,0.5,0.0,,0.1665695222157056,0.3964237936947785,0.5925160277573178,0.5494635366484292,0.5380965484699565,0.47204485919190553
6,0,74.0,6,0.5,0.0,,0.16460119122980915,0.3994443064609228,0.5522844422352472,0.5220082060811724,0.5487192135372727,0.5168363715294132
6,0,75.0,6,0.5,0.0,,0.16355108857407277,0.42514480261146215,0.5563699082738081,0.5077021932001387,0.5826059772386558,0.5438266680008177
6,0,76.0,6,0.5,0.0,,0.15325768756543348,0.42462819024483744,0.5672360411261037,0.4954436010121432,0.6119809165444421,0.5078117469807373
6,0,77.0,6,0.5,0.0,,0.15477702408620372,0.41264672143489045,0.5882471912999483,0.5247053119801838,0.6489421876701605,0.5178674929825924
6,0,78.0,6,0.5,0.0,,0.14927495657126896,0.38852114671348403,0.593019585584962,0.528202770803043,0.6147426059215453,0.4792223817161186
6,0,79.0,6,0.5,0.0,,0.15361652782795868,0.3836505839921913,0.5536241190652095,0.5339904754855163,0.6462570155794639,0.4813795414922062
6,0,80.0,6,0.5,0.0,,0.14986024548957058,0.38439097324600563,0.538365334025676,0.570447686607114,0.5909249898750574,0.4672725342211977
6,0,81.0,6,0.5,0.0,,0.146364608402163,0.3811010281474053,0.5347341262216551,0.555208105655827,0.6327399919000458,0.4526530077435272
6,0,82.0,6,0.5,0.0,,0.1455379179626511,0.41504330968529884,0.535161259250982,0.5417328120700058,0.6342913153451438,0.4827068838423356
6,0,83.0,6,0.5,0.0,,0.1454977235407703,0.42705101455876254,0.5383322323552969,0.5048926420379724,0.6179643695348327,0.5213917282899437
6,0,84.0,6,0.5,0.0,,0.14395583774231785,0.4182996623218145,0.5296944440951978,0.5318101859004805,0.5818340983648138,0.5490295762533494
6,0,85.0,6,0.5,0.0,,0.1501676505112814,0.4351725244255505,0.5195636660198184,0.5661504375911679,0.5615954245805321,0.5998871693459027
6,0,86.0,6,0.5,0.0,,0.15048223573507796,0.4212644968399145,0.4850688556782776,0.5369638797961184,0.5500688956929983,0.600139991819086
6,0,87.0,6,0.5,0.0,,0.15420707093925398,0.4137158596884901,0.4746980327223662,0.5588882468595797,0.5800551165543986,0.6117505316841979
6,0,88.0,6,0.5,0.0,,0.15654424699825156,0.39437388962006936,0.48910428166426473,0.6015913593494637,0.5773007152961476,0.5537212410723038
6,0,89.0,6,0.5,0.0,,0.16198690910756897,0.380862510875749,0.5057422401840791,0.6139763775902134,0.5594487215893647,0.5612175970361661
6,0,90.0,6,0.5,0.0,,0.16215606863381618,0.37966179138922707,0.48978544159140736,0.606302008680352,0.5769730933688868,0.5400959592735194
6,0,91.0,6,0.5,0.0,,0.16388199912674695,0.39655007969095646,0.5358641567986299,0.5590675284972675,0.5827364276442212,0.5464508889100703
6,0,92.0,6,0.5,0.0,,0.15075498607974797,0.4149950761616553,0.546243072234599,0.5546323866018283,0.5245665498477653,0.5268886869193099
6,0,93.0,6,0.5,0.0,,0.15739310221561362,0.42846334241804784,0.5360539728068646,0.5504188953926822,0.5614661964701421,0.5104857444324591
6,0,94.0,6,0.5,0.0,,0.16457140130081394,0.43304846895802634,0.5489054954365814,0.5221452791681603,0.5347830802320355,0.485232310595671
6,0,95.0,6,0.5,0.0,,0.164757896006513,0.42808348169433863,0.5377646785239923,0.5147425205617833,0.5207802854995178,0.4881858484765368
6,0,96.0,6,0.5,0.0,,0.16325706826864225,0.42457301750040627,0.5207418897456673,0.5278031638383731,0.5594700953910977,0.4705486787812294
6,0,97.0,6,0.5,0.0,,0.16304313952497543,0.41857112594432866,0.4784756395066038,0.5155529578396988,0.5629465540508534,0.47795280288464426
6,0,98.0,6,0.5,0.0,,0.151898440024261,0.4267499127755829,0.48524374467167286,0.49696677976514525,0.5641266725475342,0.4616904825932611
6,0,99.0,6,0.5,0.0,,0.1452622179458906,0.4204785268688753,0.45267590678420666,0.5391644369140576,0.5768097302383323,0.4070993710373402
6,0,100.0,6,0.5,0.0,,0.14769888233129616,0.4003295079223914,0.4884066738512994,0.5271995397442475,0.5353147475494717,0.4455542185119512
7,0,21.0,6,0.5,0.5,,0.09899340584071882,0.293782393112457,0.40582960070727925,0.5457746796327763,0.5720679916625698,0.5254697437954151
7,0,22.0,6,0.5,0.5,,0.10329634018560592,0.28113379721941306,0.4046134655031861,0.5462832721292352,0.5843825704650386,0.5161646692969064
7,0,23.0,6,0.5,0.5,,0.10618862224542217,0.26706154609699706,0.4032868467340798,0.5108451255624596,0.5568229721626217,0.512931735437525
7,0,24.0,6,0.5,0.5,,0.11534797816302644,0.27120764075746395,0.44293266045288054,0.48713275675632933,0.502662619869265,0.4683323491920984
7,0,25.0,6,0.5,0.5,,0.12575680173352657,0.28892296544701673,0.4479813102042572,0.5207644800926663,0.5148613441018635,0.4964618531400925
7,0,26.0,6,0.5,0.5,,0.11996819699655366,0.27616952558531194,0.4217965698310522,0.5304176773304095,0.5115749897071704,0.44090529125635286
7,0,27.0,6,0.5,0.5,,0.12127433716650315,0.25631545498461444,0.4464632562946589,0.5017230838916399,0.5113510843711411,0.48860397104838366
7,0,28.0,6,0.5,0.5,,0.11642980213254384,0.26671602959170504,0.4567540236214209,0.5120978278288032,0.4733993983635461,0.5299498536030935
7,0,29.0,6,0.5,0.5,,0.11420212060300947,0.2729057876322115,0.44591577731944143,0.508658969474702,0.49158229407727266,0.4931007663745226
7,0,30.0,6,0.5,0.5,,0.11479399373039785,0.2574295620358345,0.46520621537809753,0.5112243627141774,0.4744426431825576,0.538949578348301
7,0,31.0,6,0.5,0.5,,0.11883502974507705,0.2682506023807129,0.4855354142729745,0.5352565248593921,0.46274132752083175,0.554680228076714
7,0,32.0,6,0.5,0.5,,0.12014725887186053,0.2933192959779073,0.46009482846606425,0.5353167442977541,0.4231304415934757,0.5756175192675925
7,0,33.0,6,0.5,0.5,,0.12031596894908411,0.29433874159171736,0.4895254753878001,0.5608270357956496,0.4525761604376634,0.557844099578624
7,0,34.0,6,0.5,0.5,,0.11389607547444118,0.2984663730426385,0.4641981209245872,0.5697988241192607,0.4405787629184771,0.5295843171564968
7,0,35.0,6,0.5,0.5,,0.115652793583268,0.29127466301422844,0.43088685885032135,0.524798236937105,0.4770947388043282,0.5653757659824047
7,0,36.0,6,0.5,0.5,,0.11761688163011777,0.2965341746038864,0.4453017604122492,0.5708287706776152,0.5060058358081042,0.5294816310329113
7,0,37.0,6,0.5,0.5,,0.12113026884029583,0.29363627957575844,0.4401351908792789,0.58139439114197,0.5320190574233167,0.5498856368479826
7,0,38.0,6,0.5,0.5,,0.11972226710179328,0.30769677854895494,0.4613173808580021,0.5595601711963756,0.5124306936378276,0.5151437065332128
7,0,39.0,6,0.5,0.5,,0.11302109472396926,0.32148960131493276,0.45991243311482777,0.5191844209741536,0.5566269957053669,0.5710539283052407
7,0,40.0,6,0.5,0.5,,0.11252617540125957,0.32283437264717396,0.4792787008210132,0.5733024911616587,0.49117263138546746,0.5767949216777244
7,0,41.0,6,0.5,0.5,,0.11494656779847326,0.33759445973245183,0.4769805415338377,0.5796762686329934,0.4739536660909584,0.5737588285151607
7,0,42.0,6,0.5,0.5,,0.10994695811654594,0.34766980425576977,0.49492313724970816,0.5546860850455881,0.4447309536917322,0.5359453018065156
7,0,43.0,6,0.5,0.5,,0.1137131199152432,0.3148223335011776,0.5299866522521774,0.5145569967778557,0.499581338184045,0.5635759138969249
7,0,44.0,6,0.5,0.5,,0.1144407770689739,0.3120564316629188,0.5109323783265721,0.48781545853228303,0.45541229685816464,0.5612308098271267
7,0,45.0,6,0.5,0.5,,0.10812473576190502,0.2841881479409324,0.4780639096401339,0.4492657016246575,0.4643298374865317,0.5525434426409228
7,0,46.0,6,0.5,0.5,,0.10766254624656768,0.28991228468703933,0.4490785616120701,0.45086778060799454,0.4579115294842683,0.5315336211541949
7,0,47.0,6,0.5,0.5,,0.11449126357643165,0.28330368462088096,0.41962369816643913,0.45773758665746567,0.4872609928964834,0.49649460517772254
7,0,48.0,6,0.5,0.5,,0.1284420640347428,0.2653030794015993,0.3980795405592687,0.44461795916086155,0.4588879341838921,0.5443996123652315
7,0,49.0,6,0.5,0.5,,0.12080934253872448,0.284093939723971,0.3791551265008423,0.46419136665019867,0.5091777910585243,0.5441924678999495
7,0,50.0,6,0.5,0.5,,0.11813019090743318,0.2899988484160696,0.3951264247812161,0.5113410344720248,0.5008195479696269,0.5953539743199597
7,0,51.0,6,0.5,0.5,,0.11785966504992432,0.2909487297117476,0.3691565166985685,0.512389369358686,0.49740560060241706,0.577477378733715
7,0,52.0,6,0.5,0.5,,0.1198057668696215,0.28609669672975363,0.4105004666476554,0.5289101433716578,0.4684951290248205,0.5819819029869719
7,0,53.0,6,0.5,0.5,,0.12044300768638014,0.28119891775599803,0.4256216162735832,0.5434266854630574,0.4149165769406574,0.559394717276521
7,0,54.0,6,0.5,0.5,,0.1175391294007793,0.2666870978580418,0.40730719167383417,0.5151692564880872,0.4281712540083629,0.5039932850352363
7,0,55.0,6,0.5,0.5,,0.11795754680234531,0.28927374284615975,0.4244845631186226,0.5090945785091493,0.4608050647328487,0.44960400762011543
7,0,56.0,6,0.5,0.5,,0.111913032724717,0.286955416350313,0.432622474570023,0.505579527335813,0.4404447424640418,0.46325927391841065
7,0,57.0,6,0.5,0.5,,0.1060130679982578,0.28455713262178367,0.43459953683637076,0.5138084957572473,0.41602150376808067,0.49423074792063326
7,0,58.0,6,0.5,0.5,,0.10621433513772675,0.2803834364311134,0.4544379340208316,0.4810371568477653,0.37964446838848215,0.4413440335397446
7,0,59.0,6,0.5,0.5,,0.1036867761731983,0.266919332974251,0.5094150571115653,0.4967435928361031,0.4345579346357787,0.5033039180411152
7,0,60.0,6,0.5,0.5,,0.0999525260135331,0.3007080397780745,0.5067663224015341,0.4801623795412975,0.4540390790826444,0.5218732379201578
7,0,61.0,6,0.5,0.5,,0.1015567452236574,0.2784251322404093,0.45906192711430693,0.4659519828486278,0.45709763838990136,0.5384409146230869
7,0,62.0,6,0.5,0.5,,0.10009193959294915,0.27920911982073654,0.4725025589894901,0.5372736663101998,0.42711470347871633,0.6013874601736102
7,0,63.0,6,0.5,0.5,,0.10354565847892286,0.28143968835500044,0.49182921952061387,0.5137533853701941,0.44022769270166673,0.5736231310111723
7,0,64.0,6,0.5,0.5,,0.10110311981776085,0.2748010021689241,0.4961146139175681,0.527515127837353,0.467705011108461,0.5305245220269126
7,0,65.0,6,0.5,0.5,,0.10326273736668398,0.2899350694130717,0.5230997675774185,0.4877151191131248,0.441544947768132,0.5118227704856457
7,0,66.0,6,0.5,0.5,,0.11126393697961354,0.3081869212843704,0.5280451886496548,0.4605534821428903,0.4239413742752317,0.5294582163885166
7,0,67.0,6,0.5,0.5,,0.10654135146828221,0.33447724287653013,0.5260435498887086,0.48263513914258305,0.3977288406176861,0.5706230246674229
7,0,68.0,6,0.5,0.5,,0.10525267805117525,0.3272527077225458,0.5194932596925512,0.4471464388910323,0.458123269552159,0.5202133021161914
7,0,69.0,6,0.5,0.5,,0.09634941696864426,0.34418568521753357,0.5168175969005062,0.4275513348967451,0.46747927335459966,0.5201276027122504
7,0,70.0,6,0.5,0.5,,0.10000578850733607,0.34691550735419696,0.5363631556482786,0.4313564943593257,0.4758483951823713,0.5310815570692237
7,0,71.0,6,0.5,0.5,,0.09464738124180735,0.3378240199143697,0.5449195073986457,0.4289656171768851,0.4205088327380365,0.564865245655379
7,0,72.0,6,0.5,0.5,,0.09931640458995969,0.3267167927540196,0.5662194901587982,0.48192842576590894,0.4510588765692981,0.5988966857767959
7,0,73.0,6,0.5,0.5,,0.09446272073258505,0.353704552541154,0.5382222201128493,0.4866008234315947,0.47127480266502736,0.5859235195024259
7,0,74.0,6,0.5,0.5,,0.09609856749415704,0.3371876599093789,0.5384542808955133,0.4496205028246874,0.49920618543978934,0.6086677993601494
7,0,75.0,6,0.5,0.5,,0.09524452074582754,0.3356430394259836,0.5289133580653832,0.4402772291455127,0.5122586030662256,0.6069342394881194
7,0,76.0,6,0.5,0.5,,0.09323948431729531,0.31268619246839086,0.5320126133073322,0.45809981080424916,0.5236601910979483,0.6217892726456662
7,0,77.0,6,0.5,0.5,,0.09744780598968643,0.2903373633260768,0.5341801099990009,0.4477112049199711,0.5702897906976517,0.5587362835367874
7,0,78.0,6,0.5,0.5,,0.10817276930405664,0.28765739677620206,0.5188174713258299,0.47003600116299615,0.5353321202945589,0.5408854861299541
7,0,79.0,6,0.5,0.5,,0.11474862715036407,0.2745012523635564,0.5201432072274073,0.4712276066182753,0.5404190216648659,0.5395738079277328
7,0,80.0,6,0.5,0.5,,0.10648985838130695,0.26644420435228383,0.49740522747867894,0.445185636398833,0.5321887086187589,0.5427613678476435
7,0,81.0,6,0.5,0.5,,0.10758320104375903,0.2767222411672038,0.5059868590874835,0.4870930629737312,0.5535174569243979,0.5095660232270232
7,0,82.0,6,0.5,0.5,,0.10933178565692954,0.27536242714177184,0.4610210279520143,0.5271285044659544,0.5154439314756514,0.516160217368481
7,0,83.0,6,0.5,0.5,,0.11097177246330725,0.28546244323273434,0.4978562395565708,0.5130718168581115,0.5187216833990564,0.4797335598632576
7,0,84.0,6,0.5,0.5,,0.10807843862721074,0.27271571283313834,0.4589762600390076,0.4994887267201137,0.5219504917779928,0.523191742342808
7,0,85.0,6,0.5,0.5,,0.11177421374922183,0.2831762027748232,0.48450817188791495,0.5289553389643974,0.5803077845320678,0.5098827627478801
7,0,86.0,6,0.5,0.5,,0.11307203061572646,0.2924997350476619,0.45609428314193307,0.5262278655749639,0.5443639944968592,0.4372806289223134
7,0,87.0,6,0.5,0.5,,0.12024257102877393,0.29471551090353876,0.48641747350624887,0.508586121877997,0.5302296960597801,0.4747282863514922
7,0,88.0,6,0.5,0.5,,0.11167406630483853,0.3104304622159432,0.500440174525894,0.4800461207495507,0.55369241914788,0.4769895356022464
7,0,89.0,6,0.5,0.5,,0.12248987521279608,0.31415442234791857,0.5144742302362924,0.5345980633214036,0.5388299502784168,0.4133393121846174
7,0,90.0,6,0.5,0.5,,0.1296550282315057,0.30653480214116907,0.4794783424465486,0.5293355233565309,0.5530539491645288,0.3468780990778762
7,0,91.0,6,0.5,0.5,,0.1191622613982588,0.2896387640975963,0.47873891345040526,0.5312479773973378,0.5426323943691829,0.3503662407266176
7,0,92.0,6,0.5,0.5,,0.12061723364664519,0.28791396440387895,0.4514727094899217,0.5159755496273327,0.5378313489850111,0.3616187830459344
7,0,93.0,6,0.5,0.5,,0.11329851836748477,0.27009278462317643,0.42698166835895723,0.5299346503946722,0.5488352892722385,0.4199313272293269
7,0,94.0,6,0.5,0.5,,0.11766114653958111,0.2608208439112878,0.4261170624967379,0.5021123814242203,0.5395820521258485,0.4110102876366472
7,0,95.0,6,0.5,0.5,,0.12045269408671737,0.28528083526514175,0.4215569733001937,0.5427035723914618,0.5452441318880373,0.4598024530509113
7,0,96.0,6,0.5,0.5,,0.11424887196325946,0.2954694406584669,0.45001773224079294,0.5301670092720175,0.5702361204338349,0.5088153953053126
7,0,97.0,6,0.5,0.5,,0.11963150621426118,0.2954360242331179,0.48596594613011745,0.5562491225373224,0.5687438689858162,0.5305676681537166
7,0,98.0,6,0.5,0.5,,0.12199769595253607,0.2870160128056867,0.49414216817960044,0.5720976518684753,0.5724289302848875,0.477370149277261
7,0,99.0,6,0.5,0.5,,0.12737358909367077,0.28678274635525697,0.4925302734060254,0.552898267804264,0.5639731793410379,0.5386983349085013
7,0,100.0,6,0.5,0.5,,0.125792256116246,0.2821573065265343,0.4649616133962856,0.5342713562289324,0.554136786615471,0.5499896946759789
8,0,21.0,6,0.5,0.9,,0.09707989252279556,0.29111795917831645,0.39750953943482115,0.44950358590530354,0.42127430221144957,0.40916236274159923
8,0,22.0,6,0.5,0.9,,0.09793481865194287,0.287644570994,0.42148990404258396,0.4720885762625934,0.44398666297682576,0.46732989019327925
8,0,23.0,6,0.5,0.9,,0.0886347836509285,0.2814686132029412,0.41347958199032425,0.4321855927091415,0.4483256953274258,0.45872132208646493
8,0,24.0,6,0.5,0.9,,0.08265772387584051,0.28392293631264337,0.3904107145469381,0.48529967413105046,0.444879777682394,0.4748912156191828
8,0,25.0,6,0.5,0.9,,0.08957078723593634,0.26231195537900404,0.3649157833649227,0.4609480257760919,0.4603715245373044,0.47944007944048933
8,0,26.0,6,0.5,0.9,,0.09823147030611898,0.26593541254592323,0.3484432075952388,0.4151095694986102,0.4594724018380033,0.4835520635523915
8,0,27.0,6,0.5,0.9,,0.08962149021143354,0.2590569290000807,0.35653854583054095,0.377170596047549,0.48644645990807395,0.4863057646636267
8,0,28.0,6,0.5,0.9,,0.09447684595739243,0.2536237089021824,0.3544300230849508,0.39035691004399914,0.46077267754349516,0.5006256095989496
8,0,29.0,6,0.5,0.9,,0.08966763483025084,0.23840209110849667,0.3828037218530424,0.39791071430031233,0.4281292014253483,0.47627599665082576
8,0,30.0,6,0.5,0.9,,0.08227545728752424,0.24675165160099163,0.3913684992519134,0.42238747683351524,0.39876504823364634,0.47286348963447206
8,0,31.0,6,0.5,0.9,,0.07763740385010107,0.23369776824699148,0.4106512040590804,0.4226207501224054,0.36266266443028816,0.45585739482315396
8,0,32.0,6,0.5,0.9,,0.0787757684839688,0.24608419820324096,0.41093208096501915,0.417538451038279,0.3866261393673458,0.4583495075315379
8,0,33.0,6,0.5,0.9,,0.08558596130250465,0.2464712181891784,0.40915391570510684,0.41605968112087,0.44284113928471996,0.47984509481880505
8,0,34.0,6,0.5,0.9,,0.08859407209783673,0.23693682268597777,0.40357166300447184,0.3995697443218374,0.4267671186264497,0.45439814013837426
8,0,35.0,6,0.5,0.9,,0.0881379264923915,0.2510045320081649,0.4289483643287805,0.3723647933734932,0.4274006011657159,0.47615202021777003
8,0,36.0,6,0.5,0.9,,0.09484223608055736,0.26574436418214176,0.4384836185401775,0.4062077181527634,0.4310354493277795,0.5279283378242148
8,0,37.0,6,0.5,0.9,,0.09457903667126197,0.2643792854108665,0.4201037754887997,0.38164250276945905,0.45019750263598723,0.517974125659507
8,0,38.0,6,0.5,0.9,,0.09283184254178053,0.2513273799333372,0.4147713011860398,0.42130953748179606,0.47753628957497946,0.5422488550519697
8,0,39.0,6,0.5,0.9,,0.09552439276216255,0.24389059223843795,0.41038201463227475,0.46528427673386225,0.4670364940591504,0.576377204750244
8,0,40.0,6,0.5,0.9,,0.10362719861729394,0.23545269872861171,0.3666891071098306,0.42460542404950985,0.45821052593249645,0.5795348098157496
8,0,41.0,6,0.5,0.9,,0.10118542288950125,0.2561510125839714,0.3735973995369771,0.45456922057373095,0.49526158543838983,0.5819947621597252
8,0,42.0,6,0.5,0.9,,0.1000701005071424,0.27376881963395344,0.3656975227795532,0.4606505089496592,0.5327288528202729,0.5855958097277802
8,0,43.0,6,0.5,0.9,,0.09449754793840336,0.2794649702740477,0.3823702753377083,0.4937767774417351,0.5257242297823993,0.5300374687184346
8,0,44.0,6,0.5,0.9,,0.09109507640531575,0.24226480008178983,0.3882785625473578,0.4774617470760026,0.4825680252368924,0.48402997497474765
8,0,45.0,6,0.5,0.9,,0.09720572982594898,0.2594966958962901,0.3887543884104616,0.4631062403728038,0.4583907391030454,0.5286089885725993
8,0,46.0,6,0.5,0.9,,0.09801565244593201,0.27576833835549985,0.37011775991504475,0.44714675851152885,0.38684231799910446,0.4867862727875895
8,0,47.0,6,0.5,0.9,,0.09427323299587247,0.29198428420806094,0.350942510011283,0.3881302074746868,0.41744702023976277,0.45023028282876226
8,0,48.0,6,0.5,0.9,,0.0973004494388695,0.2941983915147685,0.37338047718420136,0.3647460835035473,0.45792913316637857,0.49585091810366133
8,0,49.0,6,0.5,0.9,,0.08957238172409897,0.27581582737182686,0.36513969683812053,0.40515497314275734,0.4190784856834215,0.5463958683061203
8,0,50.0,6,0.5,0.9,,0.08654712319451766,0.26452913389809496,0.3624883711064322,0.38936121163465365,0.430367619525437,0.48701063952471885
8,0,51.0,6,0.5,0.9,,0.09705567687036368,0.23948086750920564,0.350379090916563,0.4207173065511699,0.4190432987330538,0.49441518166835186
8,0,52.0,6,0.5,0.9,,0.0888920707528055,0.2793864262901778,0.35836504837587657,0.38901849536250876,0.4646362939436616,0.47543364700904667
8,0,53.0,6,0.5,0.9,,0.08733493217131472,0.2914919361459164,0.35282708974319105,0.3897334557646109,0.4814909343604462,0.4667057777432858
8,0,54.0,6,0.5,0.9,,0.08921529174484462,0.31236385160808533,0.37846541239817,0.40316705399641484,0.46523119678744135,0.47805818509055537
8,0,55.0,6,0.5,0.9,,0.09794046783846488,0.3033061827647185,0.3698492090378392,0.3770337776259077,0.4765881023161551,0.4615751156953595
8,0,56.0,6,0.5,0.9,,0.09509948962043006,0.28147965632294086,0.3556517917625883,0.39421069014995336,0.4570616589380778,0.5122313202940234
8,0,57.0,6,0.5,0.9,,0.09382317219889239,0.28529927940153854,0.3637189564211814,0.35566980627087985,0.44101962356124347,0.5073358687424409
8,0,58.0,6,0.5,0.9,,0.0892792669964729,0.29001384116985085,0.3340647139157561,0.403268891417954,0.43613997167868224,0.478908790836874
8,0,59.0,6,0.5,0.9,,0.09676928407330183,0.29052765740828873,0.33468807692011654,0.4322750300934076,0.45377682767317407,0.5241775535409409
8,0,60.0,6,0.5,0.9,,0.0977920291967062,0.28948716431278443,0.33983067036588377,0.4578465833472144,0.4283545505034362,0.5089362992695833
8,0,61.0,6,0.5,0.9,,0.09068181144670436,0.25092385569612297,0.3328046574374846,0.4701885603705696,0.43541999052304103,0.4671490394156666
8,0,62.0,6,0.5,0.9,,0.09203287441893981,0.2636519099036422,0.3167346681448762,0.450673239154377,0.461686576511219,0.47278761542140757
8,0,63.0,6,0.5,0.9,,0.09239971022673546,0.2663498807124367,0.30170528529033,0.4859220872378122,0.4055632626384334,0.5165656737956433
8,0,64.0,6,0.5,0.9,,0.08742925506247035,0.2721960871498327,0.30730270263387893,0.5002858249155495,0.4619568782659792,0.5132525390365147
8,0,65.0,6,0.5,0.9,,0.09098637675075846,0.2635226491457696,0.3236383687526782,0.481722194377452,0.4803727974287638,0.5035072456793388
8,0,66.0,6,0.5,0.9,,0.08604781887246075,0.2864941724757715,0.33720745295029336,0.4914778590873995,0.5170568307810147,0.5183381302303847
8,0,67.0,6,0.5,0.9,,0.08837389514351737,0.29102327205083306,0.3617851414099841,0.5011320509714061,0.5226640184308893,0.4905983444279892
8,0,68.0,6,0.5,0.9,,0.09433077807685696,0.2788264788983289,0.37894342295910644,0.4936663993716198,0.48754847708622434,0.5004719080653046
8,0,69.0,6,0.5,0.9,,0.09240088875232302,0.26406142356326895,0.3784438626198991,0.5126237903246558,0.5142475759699459,0.48209244595218703
8,0,70.0,6,0.5,0.9,,0.09365051029397395,0.2561751475631616,0.3444115000843961,0.542838459631857,0.5424988594870809,0.4767922870477174
8,0,71.0,6,0.5,0.9,,0.0988225684959183,0.2745418894371395,0.37347208910410384,0.5343116340001401,0.5804808963110635,0.45763649426586595
8,0,72.0,6,0.5,0.9,,0.10988578187033862,0.25950116817341,0.35008621183635924,0.5142031305517443,0.5605773908509178,0.4721777726958056
8,0,73.0,6,0.5,0.9,,0.10279298507885297,0.259672883614957,0.35392455275847584,0.4994593270042806,0.5291325840771386,0.5085918704171661
8,0,74.0,6,0.5,0.9,,0.10494691390627917,0.2596721445179464,0.38428180574113185,0.47849187825439643,0.48275696621762476,0.5120722447568201
8,0,75.0,6,0.5,0.9,,0.10150295979892081,0.26099863701333803,0.374192087811255,0.45318336455344727,0.5095504918461953,0.4979337643430542
8,0,76.0,6,0.5,0.9,,0.10412338610393443,0.27345588952306626,0.35516711379365445,0.44116604543596927,0.4303164660994372,0.480801672498196
8,0,77.0,6,0.5,0.9,,0.10173369721055994,0.2612500198024195,0.3563705352506895,0.4182458865950275,0.4350497185390717,0.4898274434344375
8,0,78.0,6,0.5,0.9,,0.09754404135410544,0.22629046931928726,0.3361467175621375,0.39691983594094316,0.39188431970932947,0.5095045689554094
8,0,79.0,6,0.5,0.9,,0.09427923948465744,0.22467724706915876,0.3529064360608597,0.40308878777649315,0.43346568518805684,0.4727227391828636
8,0,80.0,6,0.5,0.9,,0.09723925636877197,0.23166715546658515,0.3691231763354897,0.42289202803671155,0.4764696875865506,0.5021856297046072
8,0,81.0,6,0.5,0.9,,0.09347438901515624,0.24212521272979126,0.38189436530976273,0.420921975226594,0.45829298360682824,0.49127894522586735
8,0,82.0,6,0.5,0.9,,0.09716270606959254,0.25895278977614644,0.4010440743118025,0.4152314269659825,0.4899559775629882,0.4931287464974871
8,0,83.0,6,0.5,0.9,,0.08985803088893958,0.26473612869056995,0.43102469764083534,0.4042454711649043,0.48554283556086003,0.5084893215896473
8,0,84.0,6,0.5,0.9,,0.09060303608824173,0.2598554011473676,0.40953283290706477,0.461603000322623,0.4642155769735658,0.4987330734821687
8,0,85.0,6,0.5,0.9,,0.08985432705669652,0.2632838818599969,0.4229540483309179,0.49144705775881076,0.4703632160406883,0.5239066954423771
8,0,86.0,6,0.5,0.9,,0.09310276560379474,0.25583112596308544,0.41087150097846337,0.4598398627953208,0.5232159550733027,0.5282598813534705
8,0,87.0,6,0.5,0.9,,0.09356441891589892,0.26485799291758444,0.4046261214832806,0.417307977678366,0.5511127804921483,0.5693417482051334
8,0,88.0,6,0.5,0.9,,0.0902058966349076,0.2517543552523518,0.3946993857131927,0.46146876564255856,0.5142679888644859,0.5267075894856277
8,0,89.0,6,0.5,0.9,,0.08779459072553371,0.24710238296862838,0.3605848790185682,0.42420264654651624,0.47624218271337926,0.4585948360567139
8,0,90.0,6,0.5,0.9,,0.08363299207659192,0.24441201887030672,0.37554424250005863,0.3960233068238301,0.4628407487125288,0.4793464337476851
8,0,91.0,6,0.5,0.9,,0.08286282007975111,0.23833263275928798,0.3500105543939956,0.4500608214502667,0.4437749479425161,0.45877406424835376
8,0,92.0,6,0.5,0.9,,0.08619427307058183,0.2465776148621877,0.34086990280852686,0.4587873671186469,0.481976905397148,0.4801570307082873
8,0,93.0,6,0.5,0.9,,0.08882225145452131,0.2393557144377274,0.34322176628401463,0.48081376328462777,0.5091277232285032,0.49635903030253
8,0,94.0,6,0.5,0.9,,0.0953192048071324,0.2362204530141397,0.3554314217301924,0.45966061222061033,0.5302195467332506,0.4644360187032258
8,0,95.0,6,0.5,0.9,,0.09411073000734414,0.24430823835043936,0.38043578990575905,0.4682198183308911,0.4765909623656034,0.47442696584825483
8,0,96.0,6,0.5,0.9,,0.09017051062177193,0.23449546776743385,0.39248912570909045,0.42420184276412937,0.4772875070207373,0.47759435759030433
8,0,97.0,6,0.5,0.9,,0.0917827154882688,0.2494109153737311,0.387383665592577,0.42842477960976966,0.4795562036956145,0.48850664621015183
8,0,98.0,6,0.5,0.9,,0.09324276015422267,0.23406477261537892,0.3598055534475094,0.4552510926660808,0.4493859474937941,0.46061601292908944
8,0,99.0,6,0.5,0.9,,0.09670315957887082,0.25093451468879613,0.3613619954976847,0.47909562025079955,0.4689577973261939,0.48553531391867344
8,0,100.0,6,0.5,0.9,,0.09449534304757384,0.27026986286018606,0.3460951217104281,0.5216072011548101,0.4720348565270139,0.5049696778984349
9,1,21.0,6,0.0,0.0,,0.15671400496202317,0.39445191219522785,0.5647985664381057,0.6426137908266137,0.6087194205638612,0.6139760450479248
9,1,22.0,6,0.0,0.0,,0.1560748589914957,0.3942553978136556,0.5649192114490689,0.6507457095825627,0.6041968725255015,0.6494596854071288
9,1,23.0,6,0.0,0.0,,0.15556354221507368,0.39409818630839777,0.5650157274578395,0.642122773912494,0.5983503357667045,0.6388798385485851
9,1,24.0,6,0.0,0.0,,0.15515448879393617,0.3939724171041915,0.5650929402648559,0.6403321199413072,0.597142586587951,0.6238615816553873
9,1,25.0,6,0.0,0.0,,0.15482724605702608,0.3938718017408266,0.5651547105104691,0.6623298226558318,0.5921248893712014,0.5827371994520383
9,1,26.0,6,0.0,0.0,,0.154565451867498,0.3937913094501346,0.5652041267069595,0.6678221094672324,0.5979296568963425,0.5600720092773102
9,1,27.0,6,0.0,0.0,,0.15435601651587563,0.393726915617581,0.5652436596641521,0.6620234440945577,0.567769503458852,0.5535545832700786
9,1,28.0,6,0.0,0.0,,0.15418846823457769,0.3936754005515381,0.565275286029906,0.6470019423831012,0.5780473870196859,0.5427234520753853
9,1,29.0,6,0.0,0.0,,0.15405442960953933,0.3936341884987038,0.5653005871225092,0.6333339598982235,0.5995663790184496,0.5422474996009417
9,1,30.0,6,0.0,0.0,,0.15394719870950863,0.39360121885643634,0.5653208279965918,0.6280732011201052,0.5699295176946422,0.5537204626605361
9,1,31.0,6,0.0,0.0,,0.15386141398948408,0.3935748431426224,0.5653370206958577,0.6140575025082871,0.5567870410928888,0.5064013338880247
9,1,32.0,6,0.0,0.0,,0.15379278621346443,0.3935537425715713,0.5653499748552705,0.610618882004808,0.5231671980523328,0.563961874265998
9,1,33.0,6,0.0,0.0,,0.1537378839926487,0.3935368621147303,0.5653603381828007,0.6195348982286755,0.5484942899155476,0.5653054316655413
9,1,34.0,6,0.0,0.0,,0.15369396221599613,0.3935233577492575,0.5653686288448249,0.6201761685450191,0.5420837010396155,0.553043668748708
9,1,35.0,6,0.0,0.0,,0.15365882479467405,0.39351255425687937,0.5653752613744444,0.6115221733094255,0.5595042983771497,0.4884678625105462
9,1,36.0,6,0.0,0.0,,0.15363071485761642,0.39350391146297686,0.56538056739814,0.6215449823959147,0.5563751987213406,0.5217037312943739
9,1,37.0,6,0.0,0.0,,0.15360822690797032,0.39349699722785475,0.5653848122170962,0.6341394950032744,0.5446003403456899,0.5112676116250127
9,1,38.0,6,0.0,0.0,,0.1535902365482534,0.39349146583975714,0.5653882080722613,0.6184695948389808,0.584157086248552,0.5191547115981153
9,1,39.0,6,0.0,0.0,,0.15357584426047993,0.39348704072927904,0.5653909247563933,0.6104757549775524,0.5667061107996768,0.47552137408858436
9,1,40.0,6,0.0,0.0,,0.15356433043026113,0.39348350064089654,0.565393098103699,0.6126168661855711,0.552419487622948,0.46367177117991887
9,1,41.0,6,0.0,0.0,,0.15355511936608607,0.39348066857019054,0.5653948367815438,0.6017601258293764,0.5464659786897987,0.41409124489567056
9,1,42.0,6,0.0,0.0,,0.15354775051474603,0.3934784029136257,0.5653962277238193,0.6068620715138888,0.5481562188879995,0.4049954710691478
9,1,43.0,6,0.0,0.0,,0.153541855433674,0.3934765903883739,0.5653973404776398,0.604237935663418,0.5163044714465721,0.43326233848550555
9,1,44.0,6,0.0,0.0,,0.15353713936881636,0.3934751403681725,0.5653982306806962,0.6064434475730774,0.5730230292452851,0.4477600860409276
9,1,45.0,6,0.0,0.0,,0.15353336651693025,0.39347398035201125,0.5653989428431413,0.639509269873844,0.5786256573939443,0.43740097294257224
9,1,46.0,6,0.0,0.0,,0.1535303482354214,0.39347305233908225,0.5653995125730973,0.6246848207101572,0.5889545285839395,0.44696939905616856
9,1,47.0,6,0.0,0.0,,0.15352793361021427,0.39347230992873916,0.5653999683570623,0.6219767965472046,0.6351871463890927,0.4343594153854206
9,1,48.0,6,0.0,0.0,,0.1535260019100486,0.39347171600046466,0.5654003329842342,0.6087520373513293,0.6468075926860688,0.4614841515536189
9,1,49.0,6,0.0,0.0,,0.15352445654991603,0.3934712408578451,0.5654006246859717,0.5985271859723582,0.6309545679239058,0.49672137568527025
9,1,50.0,6,0.0,0.0,,0.15352322026181,0.3934708607437494,0.5654008580473617,0.6076174716386749,0.5821902964145819,0.4998817542758406
9,1,51.0,6,0.0,0.0,,0.1535222312313252,0.3934705566524728,0.5654010447364738,0.6003905853217809,0.6048694488835722,0.4794227841732243
9,1,52.0,6,0.0,0.0,,0.15352144000693732,0.3934703133794516,0.5654011940877633,0.607389982633481,0.6151423130818034,0.5079256892463837
9,1,53.0,6,0.0,0.0,,0.15352080702742704,0.3934701187610346,0.5654013135687952,0.6191342707265566,0.5950138223730658,0.511175045115135
9,1,54.0,6,0.0,0.0,,0.1535203006438188,0.393469963066301,0.5654014091536206,0.6231714184302308,0.6053113839688326,0.4792651900176537
9,1,55.0,6,0.0,0.0,,0.15351989553693218,0.3934698385105141,0.5654014856214806,0.6234579965824958,0.6166260273581342,0.48905056478458697
9,1,56.0,6,0.0,0.0,,0.15351957145142298,0.39346973886588466,0.5654015467957689,0.6234903289007873,0.5906435135287841,0.5253786919472764
9,1,57.0,6,0.0,0.0,,0.15351931218301557,0.39346965915018106,0.5654015957351995,0.6323255564941335,0.6338868371953581,0.48611117791473124
9,1,58.0,6,0.0,0.0,,0.15351910476828962,0.3934695953776181,0.5654016348867439,0.6401995122381385,0.6069067933292003,0.5165047513181686
9,1,59.0,6,0.0,0.0,,0.15351893883650886,0.3934695443595678,0.5654016662079797,0.6452994227412021,0.5881019192593782,0.5484928520375498
9,1,60.0,6,0.0,0.0,,0.15351880609108423,0.39346950354512755,0.5654016912649682,0.6420895855619675,0.5797775465109927,0.5954952159476159
9,1,61.0,6,0.0,0.0,,0.1535186998947446,0.3934694708935754,0.5654017113105587,0.6524802141119848,0.5847551313852872,0.5923845115443778
9,1,62.0,6,0.0,0.0,,0.15351861493767285,0.39346944477233364,0.5654017273470313,0.6432189028782103,0.6111677609685273,0.5319134682889419
9,1,63.0,6,0.0,0.0,,0.15351854697201545,0.39346942387534023,0.5654017401762095,0.6392362983960405,0.5828826325903752,0.5250506974032823
9,1,64.0,6,0.0,0.0,,0.15351849259948952,0.3934694071577455,0.565401750439552,0.641360947997159,0.5745804629518878,0.5302424707399637
9,1,65.0,6,0.0,0.0,,0.15351844910146878,0.39346939378366974,0.5654017586502259,0.6461431624631545,0.5677104681210604,0.5676404474544304
9,1,66.0,6,0.0,0.0,,0.1535184143030522,0.3934693830844091,0.5654017652187651,0.6402986356090444,0.5777525887585758,0.5511859775741208
9,1,67.0,6,0.0,0.0,,0.1535183864643189,0.3934693745250005,0.5654017704735964,0.6400711404777987,0.5985879533237871,0.5601748593799012
9,1,68.0,6,0.0,0.0,,0.15351836419333234,0.3934693676774738,0.5654017746774614,0.6449976174442993,0.5826647895056569,0.5411004487744947
9,1,69.0,6,0.0,0.0,,0.15351834637654302,0.3934693621994524,0.5654017780405535,0.6470176179395716,0.5909559877005479,0.4928598268400542
9,1,70.0,6,0.0,0.0,,0.15351833212311156,0.39346935781703524,0.5654017807310271,0.6318338105730359,0.6187887256087563,0.5283975987024638
9,1,71.0,6,0.0,0.0,,0.15351832072036647,0.3934693543111015,0.5654017828834059,0.6115461982885152,0.5618273020244077,0.5409382739024133
9,1,72.0,6,0.0,0.0,,0.15351831159817036,0.3934693515063545,0.5654017846053092,0.6120672805225824,0.5634767671117669,0.582956589116911
9,1,73.0,6,0.0,0.0,,0.1535183043004134,0.393469349262557,0.5654017859828319,0.605194777254032,0.5742663886092756,0.6169817785779559
9,1,74.0,6,0.0,0.0,,0.15351829846220794,0.3934693474675189,0.5654017870848499,0.6001686283093429,0.5948136818443104,0.5568635107856694
9,1,75.0,6,0.0,0.0,,0.15351829379164353,0.3934693460314884,0.5654017879664642,0.6076749924993176,0.6146454589131812,0.5677131359022544
9,1,76.0,6,0.0,0.0,,0.15351829005519196,0.3934693448826641,0.5654017886717557,0.6114898111895501,0.6353681748977313,0.526739209553019
9,1,77.0,6,0.0,0.0,,0.15351828706603077,0.3934693439636046,0.5654017892359889,0.6276442616237641,0.6359976425870565,0.49574642332571184
9,1,78.0,6,0.0,0.0,,0.1535182846747018,0.39346934322835697,0.5654017896873755,0.6232928749684509,0.6239899524199217,0.5389327705549283
9,1,79.0,6,0.0,0.0,,0.15351828276163862,0.3934693426401589,0.5654017900484848,0.6080531450626065,0.6017685459969069,0.46152966619239705
9,1,80.0,6,0.0,0.0,,0.1535182812311881,0.3934693421696004,0.5654017903373721,0.609260561422496,0.6086777144644074,0.45877459952268024
9,1,81.0,6,0.0,0.0,,0.1535182800068276,0.39346934179315374,0.565401790568482,0.6190375764688959,0.6160830296406343,0.47384519599448255
9,1,82.0,6,0.0,0.0,,0.15351827902733928,0.3934693414919962,0.56540179075337,0.61092852121495,0.614916055390729,0.49892889565950577
9,1,83.0,6,0.0,0.0,,0.15351827824374858,0.39346934125107025,0.5654017909012803,0.618058956422151,0.624294861386542,0.5069899367569384
9,1,84.0,6,0.0,0.0,,0.15351827761687603,0.3934693410583296,0.5654017910196086,0.5995279735765733,0.6168305194709145,0.5017600015917381
9,1,85.0,6,0.0,0.0,,0.153518277115378,0.393469340904137,0.5654017911142712,0.5985172805478048,0.5738486631841268,0.5395240355752691
9,1,86.0,6,0.0,0.0,,0.15351827671417956,0.3934693407807829,0.5654017911900013,0.5938015259395057,0.5837011790068669,0.5685532494089558
9,1,87.0,6,0.0,0.0,,0.15351827639322083,0.3934693406820996,0.5654017912505854,0.6133436619994544,0.590049795321096,0.5799981102123949
9,1,88.0,6,0.0,0.0,,0.1535182761364538,0.393469340603153,0.5654017912990527,0.609284933994202,0.5689399930168619,0.5991609178026709
9,1,89.0,6,0.0,0.0,,0.15351827593104023,0.39346934053999577,0.5654017913378266,0.6021004691409024,0.529356401851707,0.5359928337772771
9,1,90.0,6,0.0,0.0,,0.15351827576670934,0.39346934048946997,0.5654017913688456,0.6082692835996356,0.5386990876898501,0.5687942670218217
9,1,91.0,6,0.0,0.0,,0.15351827563524464,0.39346934044904935,0.565401791393661,0.6141958919218953,0.5799640973536455,0.5277720110270988
9,1,92.0,6,0.0,0.0,,0.15351827553007286,0.3934693404167128,0.5654017914135131,0.6027328364331668,0.5977116643565268,0.5504760142225591
9,1,93.0,6,0.0,0.0,,0.1535182754459355,0.3934693403908435,0.5654017914293947,0.6159109514220334,0.5838014324470661,0.5676427521572597
9,1,94.0,6,0.0,0.0,,0.15351827537862556,0.39346934037014814,0.5654017914421001,0.6328488230239123,0.5986130723188449,0.5566134449859993
9,1,95.0,6,0.0,0.0,,0.15351827532477763,0.3934693403535919,0.5654017914522644,0.6380369872963787,0.6007996309346063,0.5452907559887994
9,1,96.0,6,0.0,0.0,,0.15351827528169928,0.39346934034034675,0.5654017914603962,0.6474455051029493,0.5900136076303302,0.5647240261142806
9,1,97.0,6,0.0,0.0,,0.1535182752472366,0.3934693403297508,0.5654017914669012,0.6324274711906447,0.5654239895153398,0.6270535376146433
9,1,98.0,6,0.0,0.0,,0.15351827521966646,0.39346934032127395,0.5654017914721053,0.629435809618454,0.5750547898770735,0.6132712668882101
9,1,99.0,6,0.0,0.0,,0.15351827519761035,0.39346934031449254,0.5654017914762688,0.6263914913821059,0.6041726549578865,0.56337715113905
9,1,100.0,6,0.0,0.0,,0.15351827517996547,0.39346934030906733,0.5654017914795995,0.6305299261857498,0.5815054707312068,0.5209852902731702
10,1,21.0,6,0.0,0.5,,0.10880243309938673,0.2854658382612606,0.4269268345010194,0.46123283096457374,0.5659716513427905,0.4086772269299937
10,1,22.0,6,0.0,0.5,,0.10807408311663542,0.2850664084942506,0.426790783453329,0.4692094390270715,0.5058477808118446,0.402347984381509
10,1,23.0,6,0.0,0.5,,0.1074914031304344,0.28474686468064264,0.4266819426151766,0.475946937112875,0.5311750674548938,0.40111755848954844
10,1,24.0,6,0.0,0.5,,0.10702525914147357,0.2844912296297562,0.4265948699446548,0.4710315850019926,0.4838425243057049,0.4045989314266912
10,1,25.0,6,0.0,0.5,,0.1066523439503049,0.2842867215890471,0.42652521180823727,0.4653734420082518,0.5003874537218074,0.3880845813809495
10,1,26.0,6,0.0,0.5,,0.10635401179736996,0.28412311515647987,0.4264694852991033,0.4745143218857013,0.5104210487698877,0.4003555886325758
10,1,27.0,6,0.0,0.5,,0.10611534607502202,0.28399223001042595,0.4264249040917961,0.4751552423010878,0.5154722077636633,0.42824546269393904
10,1,28.0,6,0.0,0.5,,0.10592441349714365,0.28388752189358296,0.42638923912595034,0.481112890162865,0.5029139115732522,0.4625963701551511
10,1,29.0,6,0.0,0.5,,0.10577166743484097,0.2838037554001085,0.42636070715327373,0.48712273930918737,0.4996198369580426,0.46254094838689647
10,1,30.0,6,0.0,0.5,,0.10564947058499882,0.28373674220532896,0.42633788157513247,0.49500492511800465,0.48936394914760717,0.4467183604442993
10,1,31.0,6,0.0,0.5,,0.1055517131051251,0.2836831316495053,0.42631962111261945,0.49484321674609955,0.48296875394117755,0.5049546520803838
10,1,32.0,6,0.0,0.5,,0.10547350712122613,0.28364024320484643,0.426305012742609,0.4650999441582305,0.4964573514309718,0.48321197090656903
10,1,33.0,6,0.0,0.5,,0.10541094233410694,0.28360593244911925,0.42629332604660075,0.4840419275021812,0.4626480171185755,0.4665695767252552
10,1,34.0,6,0.0,0.5,,0.10536089050441162,0.28357848384453754,0.426283976689794,0.49709182249434924,0.5062317203076208,0.4901121648733232
10,1,35.0,6,0.0,0.5,,0.10532084904065533,0.28355652496087214,0.4262764972043486,0.4952997795645812,0.5041110759945189,0.4812950065681953
10,1,36.0,6,0.0,0.5,,0.1052888158696503,0.2835389578539399,0.4262705136159924,0.5032769951113082,0.47797742622312356,0.5034658789747516
10,1,37.0,6,0.0,0.5,,0.10526318933284631,0.2835249041683941,0.4262657267453074,0.4859870981391664,0.49329339065366085,0.518162853221289
10,1,38.0,6,0.0,0.5,,0.10524268810340306,0.2835136612199573,0.42626189724875935,0.4856245312176176,0.48336064549376045,0.4683367008513654
10,1,39.0,6,0.0,0.5,,0.10522628711984852,0.28350466686120795,0.42625883365152095,0.48956289918998974,0.5067311151308818,0.48115683117850017
10,1,40.0,6,0.0,0.5,,0.10521316633300486,0.28349747137420855,0.4262563827737303,0.49156695913961934,0.47894612977777296,0.4668727626582748
10,1,41.0,6,0.0,0.5,,0.10520266970352994,0.283491714984609,0.4262544220714977,0.48712407362064364,0.47993395701989866,0.49678322506881684
10,1,42.0,6,0.0,0.5,,0.10519427239994998,0.28348710987292935,0.42625285350971154,0.4912613594842953,0.47881106635499593,0.5336104742995154
10,1,43.0,6,0.0,0.5,,0.10518755455708603,0.28348342578358565,0.4262515986602827,0.48679646371888563,0.4770241160797067,0.5467769735025074
10,1,44.0,6,0.0,0.5,,0.10518218028279487,0.28348047851211067,0.4262505947807396,0.4980130750100301,0.47037268200095744,0.5152111345111684
10,1,45.0,6,0.0,0.5,,0.10517788086336192,0.28347812069493067,0.4262497916771052,0.4750890026240249,0.5014890366615357,0.4822238703939596
10,1,46.0,6,0.0,0.5,,0.10517444132781559,0.2834762344411867,0.4262491491941976,0.46609970150131197,0.48451653200816425,0.49494299983362267
10,1,47.0,6,0.0,0.5,,0.10517168969937854,0.28347472543819147,0.42624863520787154,0.4819618035938425,0.49117382481651095,0.47764685392586637
10,1,48.0,6,0.0,0.5,,0.10516948839662885,0.28347351823579536,0.4262482240188107,0.4921699297717339,0.5314032194265952,0.5154950203708901
10,1,49.0,6,0.0,0.5,,0.10516772735442911,0.2834725524738784,0.426247895067562,0.5082049798793233,0.545269759409013,0.5395251464179265
10,1,50.0,6,0.0,0.5,,0.10516631852066935,0.28347177986434496,0.426247631906563,0.5009819104881607,0.5463387783735871,0.5123393230113387
10,1,51.0,6,0.0,0.5,,0.10516519145366152,0.283471161776718,0.42624742137776395,0.4747569439633018,0.5417773167746394,0.48107587302766397
10,1,52.0,6,0.0,0.5,,0.10516428980005528,0.2834706673066166,0.4262472529547246,0.46857556641596065,0.5027835406710264,0.433432965476392
10,1,53.0,6,0.0,0.5,,0.10516356847717026,0.2834702717305354,0.42624711821629313,0.48237541007064866,0.49963839095626844,0.4867463723811136
10,1,54.0,6,0.0,0.5,,0.10516299141886225,0.2834699552696705,0.4262470104255479,0.4739465531391424,0.5279450881705704,0.46781090955333715
10,1,55.0,6,0.0,0.5,,0.10516252977221582,0.2834697021009785,0.42624692419295185,0.4690863764555012,0.5139678076454304,0.41038992769387833
10,1,56.0,6,0.0,0.5,,0.10516216045489872,0.283469499566025,0.4262468552068749,0.46293719801929417,0.5732067079255511,0.4135472318142649
10,1,57.0,6,0.0,0.5,,0.10516186500104503,0.28346933753806214,0.4262468000180134,0.46744334632879453,0.561377306801943,0.4257654014988838
10,1,58.0,6,0.0,0.5,,0.10516162863796205,0.28346920791569186,0.4262467558669242,0.46918760416599525,0.5344671126590652,0.3871310633481257
10,1,59.0,6,0.0,0.5,,0.10516143954749571,0.2834691042177956,0.4262467205460528,0.45800958523223556,0.523022163135733,0.4069354418683234
10,1,60.0,6,0.0,0.5,,0.10516128827512258,0.2834690212594787,0.4262466922893557,0.48101342339268544,0.5288739146281152,0.4551339346756918
10,1,61.0,6,0.0,0.5,,0.1051611672572241,0.28346895489282514,0.42624666968399805,0.479152630067882,0.49646604650997544,0.49564473089143324
10,1,62.0,6,0.0,0.5,,0.10516107044290532,0.28346890179950224,0.42624665159971187,0.4907490110068835,0.5106437204503949,0.4973219325733119
10,1,63.0,6,0.0,0.5,,0.10516099299145029,0.2834688593248439,0.42624663713228295,0.47304237280176864,0.5391173613881183,0.5013733310055432
10,1,64.0,6,0.0,0.5,,0.1051609310302863,0.2834688253451173,0.4262466255583398,0.48805213008035586,0.5261476298765271,0.49022656396061715
10,1,65.0,6,0.0,0.5,,0.10516088146135508,0.283468798161336,0.42624661629918525,0.4785933203494014,0.48096218971763405,0.46270158850220844
10,1,66.0,6,0.0,0.5,,0.1051608418062101,0.28346877641431084,0.4262466088918617,0.45494723443411667,0.4730191099450238,0.49969611985112666
10,1,67.0,6,0.0,0.5,,0.10516081008209413,0.2834687590166909,0.4262466029660029,0.45338514318117423,0.4417817591858718,0.45518172478624513
10,1,68.0,6,0.0,0.5,,0.10516078470280135,0.2834687450985949,0.42624659822531574,0.4515088849915344,0.43835394411214523,0.4517448863458293
10,1,69.0,6,0.0,0.5,,0.10516076439936713,0.28346873396411804,0.42624659443276613,0.4579145147020938,0.4482741055706021,0.4503695053355841
10,1,70.0,6,0.0,0.5,,0.10516074815661973,0.2834687250565366,0.42624659139872634,0.4781300553974085,0.4636316350392312,0.4672593695290802
10,1,71.0,6,0.0,0.5,,0.10516073516242183,0.28346871793047146,0.4262465889714945,0.4927720665315879,0.46613218787150484,0.4571838540491405
10,1,72.0,6,0.0,0.5,,0.10516072476706353,0.2834687122296193,0.4262465870297091,0.4892413331166675,0.47672394145348373,0.4794280996550356
10,1,73.0,6,0.0,0.5,,0.10516071645077688,0.2834687076689376,0.4262465854762808,0.48569833776942073,0.496070416460312,0.43039192486101197
10,1,74.0,6,0.0,0.5,,0.10516070979774754,0.2834687040203922,0.42624658423353806,0.4859934369390605,0.5155430626027504,0.47330539144179984
10,1,75.0,6,0.0,0.5,,0.10516070447532408,0.2834687011015559,0.42624658323934395,0.5031383740462976,0.5227580356360011,0.5013497354180342
10,1,76.0,6,0.0,0.5,,0.1051607002173853,0.2834686987664869,0.4262465824439886,0.4943374584519086,0.5411835914550014,0.458342814348711
10,1,77.0,6,0.0,0.5,,0.10516069681103431,0.2834686968984316,0.4262465818077043,0.478043152180157,0.5328516863431744,0.45296651433663637
10,1,78.0,6,0.0,0.5,,0.10516069408595348,0.28346869540398745,0.42624658129867693,0.4872492049879592,0.5245879740270869,0.4608748464685274
10,1,79.0,6,0.0,0.5,,0.10516069190588881,0.2834686942084321,0.426246580891455,0.4882733371712524,0.5500859883172639,0.44724552985850774
10,1,80.0,6,0.0,0.5,,0.10516069016183711,0.28346869325198787,0.4262465805656775,0.4934338326700313,0.5282752449466799,0.45486387373899706
10,1,81.0,6,0.0,0.5,,0.10516068876659572,0.28346869248683243,0.42624658030505547,0.5075247723013423,0.4905913767754811,0.4860708330002793
10,1,82.0,6,0.0,0.5,,0.10516068765040262,0.28346869187470813,0.4262465800965579,0.5050141865221623,0.46791355216794317,0.5131859024320018
10,1,83.0,6,0.0,0.5,,0.10516068675744814,0.2834686913850087,0.4262465799297598,0.5038078056513964,0.452338219569433,0.49584443867563355
10,1,84.0,6,0.0,0.5,,0.10516068604308457,0.283468690993249,0.42624657979632125,0.49997666215934056,0.44174702521523096,0.482818884539717
10,1,85.0,6,0.0,0.5,,0.1051606854715937,0.2834686906798414,0.42624657968957047,0.4994513926617851,0.4592388917230255,0.4530712939794654
10,1,86.0,6,0.0,0.5,,0.10516068501440098,0.28346869042911527,0.4262465796041698,0.4963589412265068,0.4389000988004522,0.4950500836989553
10,1,87.0,6,0.0,0.5,,0.10516068464864685,0.2834686902285344,0.4262465795358493,0.4959724875419028,0.4633882050271437,0.454814753063581
10,1,88.0,6,0.0,0.5,,0.1051606843560435,0.2834686900680696,0.4262465794811929,0.4851333360383937,0.4512461641527755,0.49534491480820614
10,1,89.0,6,0.0,0.5,,0.10516068412196086,0.28346868993969787,0.4262465794374678,0.48636656043418985,0.4919573495110242,0.5392172793525605
10,1,90.0,6,0.0,0.5,,0.10516068393469473,0.28346868983700046,0.4262465794024878,0.4925169924553435,0.48483765793225003,0.5236235453227145
10,1,91.0,6,0.0,0.5,,0.10516068378488183,0.2834686897548425,0.42624657937450366,0.4764645619867978,0.4744142430213629,0.5356964787307543
10,1,92.0,6,0.0,0.5,,0.1051606836650315,0.28346868968911615,0.4262465793521164,0.46093786221475685,0.47143454335742474,0.5682372023039614
10,1,93.0,6,0.0,0.5,,0.10516068356915124,0.28346868963653504,0.42624657933420657,0.47743328226196596,0.45150533831575235,0.5193162148149979
10,1,94.0,6,0.0,0.5,,0.10516068349244705,0.28346868959447014,0.42624657931987875,0.4633480522091468,0.4501528012260166,0.5356559476794399
10,1,95.0,6,0.0,0.5,,0.10516068343108369,0.2834686895608183,0.4262465793084164,0.4477171885237586,0.4774565576035136,0.5412500456846723
10,1,96.0,6,0.0,0.5,,0.105160683381993,0.28346868953389676,0.4262465792992466,0.4673400043218784,0.4426180007023688,0.56931952198195
10,1,97.0,6,0.0,0.5,,0.10516068334272044,0.2834686895123596,0.4262465792919107,0.4683527333582904,0.43379421462751655,0.5191021713282241
10,1,98.0,6,0.0,0.5,,0.10516068331130239,0.2834686894951298,0.42624657928604204,0.47023465520002156,0.4190501940685524,0.5376050051890647
10,1,99.0,6,0.0,0.5,,0.10516068328616797,0.28346868948134596,0.42624657928134707,0.46863561279050625,0.4623392224029237,0.5198105054445674
10,1,100.0,6,0.0,0.5,,0.1051606832660604,0.28346868947031895,0.42624657927759113,0.46741434958636574,0.45776363907855666,0.5513537306653319
11,1,21.0,6,0.0,0.9,,0.08781912000800744,0.23385706045977414,0.3563958779873497,0.41418415437187595,0.4345965881648123,0.445101239208347
11,1,22.0,6,0.0,0.9,,0.08705170230852863,0.23336154304907217,0.3561285090959233,0.41819958142005575,0.4409765781975752,0.46024522992102695
11,1,23.0,6,0.0,0.9,,0.08643776814894556,0.23296512912051065,0.3559146139827822,0.42132929465117613,0.47017973462432067,0.5198617913181471
11,1,24.0,6,0.0,0.9,,0.08594662082127912,0.23264799797766136,0.3557434978922692,0.4172063613023652,0.46677217473201715,0.48292942100883723
11,1,25.0,6,0.0,0.9,,0.08555370295914597,0.2323942930633819,0.35560660501985897,0.3999860305786557,0.4555339778543262,0.4536752460763305
11,1,26.0,6,0.0,0.9,,0.08523936866943944,0.2321913291319584,0.3554970907219307,0.39194759169226384,0.4500340735464999,0.437513883912141
11,1,27.0,6,0.0,0.9,,0.0849879012376742,0.2320289579868196,0.3554094792835881,0.3996350401713712,0.4712334592650011,0.48860511879152924
11,1,28.0,6,0.0,0.9,,0.08478672729226203,0.23189906107070848,0.35533939013291393,0.4097285094062665,0.47170789053790774,0.4655742807479962
11,1,29.0,6,0.0,0.9,,0.08462578813593227,0.2317951435378197,0.35528331881237474,0.4169679078365799,0.4701350897372403,0.4691254751302833
11,1,30.0,6,0.0,0.9,,0.0844970368108685,0.23171200951150855,0.3552384617559433,0.424916369990874,0.4377439103738145,0.45518525111603125
11,1,31.0,6,0.0,0.9,,0.08439403575081747,0.23164550229045971,0.35520257611079825,0.41743551124125194,0.4131261647545255,0.46070056756847066
11,1,32.0,6,0.0,0.9,,0.08431163490277663,0.23159229651362065,0.35517386759468206,0.4138723520181271,0.3953275650872253,0.46535351301702327
11,1,33.0,6,0.0,0.9,,0.08424571422434397,0.2315497318921494,0.3551509007817892,0.412932976441246,0.3712384409525402,0.4719962275904675
11,1,34.0,6,0.0,0.9,,0.08419297768159784,0.23151568019497235,0.3551325273314748,0.41538896462358066,0.3782992538550482,0.4552769813876908
11,1,35.0,6,0.0,0.9,,0.08415078844740091,0.23148843883723075,0.3551178285712234,0.41756691288743963,0.38227774878300735,0.44650735596239455
11,1,36.0,6,0.0,0.9,,0.08411703706004339,0.2314666457510374,0.35510606956302226,0.420853625303337,0.3998614026609955,0.45677663519082207
11,1,37.0,6,0.0,0.9,,0.08409003595015739,0.23144921128208282,0.3550966623564613,0.4255805702399555,0.3672094376803015,0.48359560301111804
11,1,38.0,6,0.0,0.9,,0.08406843506224858,0.2314352637069191,0.35508913659121255,0.4217005404586967,0.3555153426346517,0.4662986988453614
11,1,39.0,6,0.0,0.9,,0.08405115435192154,0.23142410564678814,0.35508311597901354,0.4135998724828429,0.34042416146343946,0.46771513511018803
11,1,40.0,6,0.0,0.9,,0.08403732978365988,0.23141517919868332,0.3550782994892544,0.42223397676559493,0.35527471311784126,0.4517190343574874
11,1,41.0,6,0.0,0.9,,0.08402627012905058,0.23140803804019955,0.355074446297447,0.4176526612679556,0.38214361470295816,0.4382946808525191
11,1,42.0,6,0.0,0.9,,0.08401742240536311,0.23140232511341244,0.35507136374400117,0.3975691194487473,0.39887261382869976,0.41153693761394716
11,1,43.0,6,0.0,0.9,,0.08401034422641315,0.23139775477198285,0.35506889770124433,0.4078599497328427,0.4359847089158804,0.4230918421571839
11,1,44.0,6,0.0,0.9,,0.08400468168325317,0.2313940984988391,0.355066924867039,0.39437673305127174,0.38585697421623005,0.4654433927927902
11,1,45.0,6,0.0,0.9,,0.08400015164872521,0.23139117348032415,0.3550653465996748,0.39895504875793597,0.41478458563229603,0.5329493749931682
11,1,46.0,6,0.0,0.9,,0.08399652762110281,0.23138883346551217,0.3550640839857833,0.4099424234409206,0.4252796620142652,0.5116661523001885
11,1,47.0,6,0.0,0.9,,0.08399362839900493,0.2313869614536626,0.3550630738946702,0.41896863043970783,0.4064936266280392,0.547888582104576
11,1,48.0,6,0.0,0.9,,0.0839913090213266,0.23138546384418293,0.35506226582177974,0.4070012797852141,0.4376374001521521,0.47452144569850924
11,1,49.0,6,0.0,0.9,,0.08398945351918395,0.2313842657565992,0.35506161936346725,0.3947183617072497,0.4531660105523222,0.4666884312876552
11,1,50.0,6,0.0,0.9,,0.08398796911746984,0.23138330728653225,0.3550611021968173,0.3986632826120531,0.4651177851688296,0.5169807827702257
11,1,51.0,6,0.0,0.9,,0.08398678159609851,0.23138254051047863,0.35506068846349736,0.3989361791285368,0.4794675011815361,0.5581203146717492
11,1,52.0,6,0.0,0.9,,0.08398583157900145,0.23138192708963573,0.3550603574768414,0.38850070527420955,0.47172737051052016,0.520550792061736
11,1,53.0,6,0.0,0.9,,0.08398507156532384,0.23138143635296146,0.35506009268751665,0.396008674412392,0.44957815747076985,0.5462944213385443
11,1,54.0,6,0.0,0.9,,0.08398446355438173,0.23138104376362204,0.35505988085605683,0.39176697068299904,0.44482366757888175,0.525749490527991
11,1,55.0,6,0.0,0.9,,0.08398397714562807,0.23138072969215048,0.355059711390889,0.39811536618400745,0.47267181397355484,0.48533864284554484
11,1,56.0,6,0.0,0.9,,0.08398358801862509,0.23138047843497325,0.3550595758187547,0.40031048729534585,0.4789411456518211,0.47679130423225874
11,1,57.0,6,0.0,0.9,,0.08398327671702274,0.23138027742923142,0.3550594673610473,0.3959513892902594,0.48859803445889066,0.4690470049042884
11,1,58.0,6,0.0,0.9,,0.08398302767574085,0.231380116624638,0.3550593805948813,0.4042194796221894,0.5289188981837529,0.501265900240614
11,1,59.0,6,0.0,0.9,,0.08398282844271535,0.23137998798096326,0.35505931118194856,0.40294793433485365,0.486289350084109,0.5020031444407217
11,1,60.0,6,0.0,0.9,,0.08398266905629494,0.2313798850660235,0.3550592556516024,0.4176262623393162,0.45590637992766975,0.47047381123274273
11,1,61.0,6,0.0,0.9,,0.08398254154715863,0.2313798027340716,0.35505921122732537,0.4234733998647709,0.46271631192208773,0.4682348563414477
11,1,62.0,6,0.0,0.9,,0.08398243953984955,0.23137973686851016,0.3550591756879039,0.41949178260334696,0.45912147723983104,0.4226606825873646
11,1,63.0,6,0.0,0.9,,0.08398235793400231,0.231379684176061,0.35505914725636656,0.4258902575223914,0.4662065915026262,0.4775741752711943
11,1,64.0,6,0.0,0.9,,0.08398229264932452,0.23137964202210162,0.3550591245111368,0.4322532513169173,0.44707425800469325,0.46398400867379375
11,1,65.0,6,0.0,0.9,,0.08398224042158228,0.23137960829893417,0.35505910631495297,0.43465050830765983,0.4206708193233072,0.48026557457273117
11,1,66.0,6,0.0,0.9,,0.08398219863938848,0.23137958132040018,0.3550590917580059,0.428809259687083,0.4286591852941248,0.4275529269150623
11,1,67.0,6,0.0,0.9,,0.08398216521363344,0.23137955973757302,0.3550590801124482,0.41918470121738594,0.45697019403153794,0.4119416858537316
11,1,68.0,6,0.0,0.9,,0.0839821384730294,0.23137954247131126,0.35505907079600213,0.43203347771091194,0.47825794044196845,0.4459698711306947
11,1,69.0,6,0.0,0.9,,0.08398211708054619,0.23137952865830186,0.35505906334284526,0.4190851130876962,0.471129999532634,0.44161990130815204
11,1,70.0,6,0.0,0.9,,0.08398209996655961,0.23137951760789432,0.35505905738031973,0.4074183708905938,0.4703563065231499,0.4296067464269601
11,1,71.0,6,0.0,0.9,,0.08398208627537038,0.23137950876756835,0.3550590526102992,0.39693544013136767,0.4653218704045837,0.42341365918202867
11,1,72.0,6,0.0,0.9,,0.08398207532241896,0.23137950169530752,0.35505904879428296,0.41662680923838613,0.4481255347711476,0.4554833939104686
11,1,73.0,6,0.0,0.9,,0.08398206656005783,0.2313794960374989,0.35505904574146985,0.4135878508409455,0.43692624938160013,0.4525403273501888
11,1,74.0,6,0.0,0.9,,0.08398205955016892,0.23137949151125198,0.35505904329921945,0.4121051113620159,0.46933650686157524,0.4694921983000696
11,1,75.0,6,0.0,0.9,,0.0839820539422578,0.23137948789025442,0.355059041345419,0.4164116556231826,0.4734639076164461,0.45331824274393223
11,1,76.0,6,0.0,0.9,,0.08398204945592891,0.23137948499345642,0.3550590397823788,0.4057852962301659,0.49160206670723783,0.4428941064651427
11,1,77.0,6,0.0,0.9,,0.08398204586686578,0.23137948267601796,0.3550590385319465,0.41835010264212097,0.4507035154759939,0.4104336924913062
11,1,78.0,6,0.0,0.9,,0.08398204299561529,0.2313794808220672,0.35505903753160073,0.41683845321852653,0.4793584852344357,0.4771877861814172
11,1,79.0,6,0.0,0.9,,0.0839820406986149,0.23137947933890665,0.3550590367313241,0.4025005927160346,0.4835754229024293,0.48374568654105826
11,1,80.0,6,0.0,0.9,,0.08398203886101459,0.2313794781523782,0.3550590360911028,0.4265720815253412,0.46185289792266887,0.42708668894831076
11,1,81.0,6,0.0,0.9,,0.08398203739093432,0.23137947720315535,0.35505903557892576,0.4139113180240641,0.41872193572729766,0.4148572907544712
11,1,82.0,6,0.0,0.9,,0.08398203621487012,0.23137947644377718,0.35505903516918413,0.4096646419605075,0.42511047860745466,0.45778082992760494
11,1,83.0,6,0.0,0.9,,0.08398203527401878,0.23137947583627455,0.35505903484139084,0.40548726867744367,0.4523166393243526,0.470662851065703
11,1,84.0,6,0.0,0.9,,0.08398203452133768,0.23137947535027253,0.3550590345791562,0.4192925632723433,0.44107682448544416,0.4983541216406563
11,1,85.0,6,0.0,0.9,,0.0839820339191928,0.23137947496147088,0.3550590343693685,0.41141270681717435,0.42135020044980276,0.482992380660177
11,1,86.0,6,0.0,0.9,,0.0839820334374769,0.23137947465042955,0.3550590342015383,0.4356149110204967,0.4432244677918957,0.488290407191319
11,1,87.0,6,0.0,0.9,,0.08398203305210418,0.2313794744015965,0.3550590340672741,0.41902191037748365,0.4312420421014969,0.45957824903924227
11,1,88.0,6,0.0,0.9,,0.083982032743806,0.23137947420253005,0.3550590339598628,0.3949862812347995,0.40138186467147446,0.45626716779327403
11,1,89.0,6,0.0,0.9,,0.08398203249716744,0.2313794740432769,0.3550590338739338,0.40714226305262474,0.44103721763271225,0.4949627268650662
11,1,90.0,6,0.0,0.9,,0.08398203229985661,0.23137947391587438,0.35505903380519055,0.4298240260525829,0.4375867959271452,0.4823657607359034
11,1,91.0,6,0.0,0.9,,0.08398203214200796,0.23137947381395235,0.35505903375019604,0.4313398587431306,0.43481236335348905,0.4744802660008539
11,1,92.0,6,0.0,0.9,,0.08398203201572904,0.23137947373241471,0.3550590337062003,0.4199985889945862,0.3947989231209784,0.5207495601460593
11,1,93.0,6,0.0,0.9,,0.08398203191470588,0.23137947366718464,0.3550590336710037,0.41115986561762163,0.39656663666193764,0.5167335672108029
11,1,94.0,6,0.0,0.9,,0.08398203183388735,0.23137947361500055,0.3550590336428465,0.40728833382304164,0.41534962690770083,0.47022005896556324
11,1,95.0,6,0.0,0.9,,0.08398203176923255,0.23137947357325334,0.3550590336203207,0.4040856208647325,0.4154173914839169,0.4840863998795613
11,1,96.0,6,0.0,0.9,,0.0839820317175087,0.23137947353985547,0.3550590336023002,0.4012958630277154,0.4469300841087801,0.48946002741816014
11,1,97.0,6,0.0,0.9,,0.08398203167612962,0.23137947351313723,0.35505903358788354,0.41214145310953343,0.4264459744619179,0.49287065718951445
11,1,98.0,6,0.0,0.9,,0.08398203164302638,0.23137947349176263,0.3550590335763504,0.4176254219017442,0.44411566419662735,0.4846397791570207
11,1,99.0,6,0.0,0.9,,0.08398203161654375,0.23137947347466298,0.35505903356712387,0.4230270577189176,0.4294656169056986,0.4841210109189591
11,1,100.0,6,0.0,0.9,,0.08398203159535766,0.23137947346098323,0.3550590335597425,0.41809379341112346,0.4382215580983216,0.505177208232271
12,1,21.0,6,0.25,0.0,,0.1584471364100227,0.377551533970317,0.5445887388377284,0.600713992885683,0.5549666966220297,0.5792617138836598
12,1,22.0,6,0.25,0.0,,0.15551036403362928,0.3833306912431883,0.5628024187238436,0.5781965408055522,0.5648155175041661,0.6034093711069278
12,1,23.0,6,0.25,0.0,,0.1548150746915443,0.3928638034485193,0.5424515634317926,0.5920439996705641,0.6000559680184504,0.5655476051139038
12,1,24.0,6,0.25,0.0,,0.15675966878964925,0.3958055731569656,0.5380732036810545,0.5656267779159814,0.6342520512068693,0.5852478252845115
12,1,25.0,6,0.25,0.0,,0.15415541752563527,0.3983034466560528,0.5389353112241354,0.5816146593074264,0.6389195528671324,0.5881982602276092
12,1,26.0,6,0.25,0.0,,0.15020585685360405,0.40310403512980963,0.5517971349410431,0.580047153130195,0.6424038315852972,0.5531735233385372
12,1,27.0,6,0.25,0.0,,0.1540713546632779,0.4001900978301861,0.5341399195863784,0.6060976817885197,0.6611117375204025,0.5452713629705158
12,1,28.0,6,0.25,0.0,,0.1549888500298432,0.4008615549568013,0.5168557059440457,0.5882354358710707,0.6803138389077654,0.5368521471970078
12,1,29.0,6,0.25,0.0,,0.15590778894314422,0.41357681392893025,0.5183310695394636,0.6178988734913419,0.6792461330637669,0.5581597784885277
12,1,30.0,6,0.25,0.0,,0.15322209145029736,0.40089926876537174,0.5357198635975166,0.6092644902804607,0.6875008280598328,0.5502872813667145
12,1,31.0,6,0.25,0.0,,0.15558110620371435,0.38905197736527486,0.5475866834300078,0.5885057469893605,0.6862222210606677,0.5263058205326947
12,1,32.0,6,0.25,0.0,,0.14901377982209837,0.388150830297111,0.5561951865754557,0.5596775809325416,0.677555433092821,0.5248500081440545
12,1,33.0,6,0.25,0.0,,0.15510253509397523,0.3829337429425818,0.5520617446569761,0.560234722053288,0.6997317411159821,0.5423997246010911
12,1,34.0,6,0.25,0.0,,0.15361661524759765,0.387480451028912,0.53826906430596,0.5487075041820298,0.6616668217785423,0.47391977968087284
12,1,35.0,6,0.25,0.0,,0.1573732355977288,0.3910147008295875,0.5571788609897957,0.5526605277337634,0.5813267234925245,0.49351504924553186
12,1,36.0,6,0.25,0.0,,0.15699836688149793,0.3891246692930653,0.5664677243927642,0.5748819709167083,0.5873500701349406,0.47659726326772284
12,1,37.0,6,0.25,0.0,,0.1539156437586608,0.39573236095623704,0.5565772695915262,0.6079506010973165,0.5777316999845438,0.4315528974731869
12,1,38.0,6,0.25,0.0,,0.16025540219630505,0.3928417590155718,0.5630945815725215,0.5791720989927491,0.5973107988620276,0.4313358780506068
12,1,39.0,6,0.25,0.0,,0.15637670669485806,0.3990240036851195,0.5709023936857289,0.5685611706763753,0.5895031303419274,0.4072892700742671
12,1,40.0,6,0.25,0.0,,0.15197189546752796,0.397727664983592,0.6168499605833613,0.5676705292824199,0.5499187143377184,0.449668949764818
12,1,41.0,6,0.25,0.0,,0.14864269720706286,0.3871353916305246,0.605722348080906,0.5754828577580383,0.6001856868419774,0.45960365426763683
12,1,42.0,6,0.25,0.0,,0.15035984863579685,0.3797183118571844,0.6042215902001118,0.5629897208074581,0.5822571616292225,0.4859588095981858
12,1,43.0,6,0.25,0.0,,0.15619157485746077,0.3879140114076275,0.597780683597367,0.5716612622670587,0.574030442915761,0.4943706784928542
12,1,44.0,6,0.25,0.0,,0.15615676371079817,0.39513478290146925,0.5907698994232418,0.5747069173015074,0.5753428432864568,0.4588087285957768
12,1,45.0,6,0.25,0.0,,0.15135262842768216,0.3899750940065119,0.5639592375068295,0.5915019960768213,0.6001874191508986,0.452737291147763
12,1,46.0,6,0.25,0.0,,0.15377400268124453,0.38410844951732603,0.5332417320343605,0.592218494308193,0.6097982361374914,0.5063063420041978
12,1,47.0,6,0.25,0.0,,0.15116826104927553,0.3862277008997558,0.5610695939437894,0.5715000382680342,0.5918752006752122,0.5571430196548887
12,1,48.0,6,0.25,0.0,,0.15037428720258292,0.3733033029779634,0.5687937061755564,0.6267316998173318,0.5800886231390969,0.5318802865724634
12,1,49.0,6,0.25,0.0,,0.15204107868744826,0.3881977872778571,0.5435613681275084,0.6217682687245578,0.534539587065652,0.5260725708770856
12,1,50.0,6,0.25,0.0,,0.15384627361833605,0.3851448467665617,0.57026474848194,0.6155834743823422,0.5343935492521411,0.4963242525788128
12,1,51.0,6,0.25,0.0,,0.1511217989512936,0.38835145787420833,0.5757190789560237,0.6080350261518692,0.5587743690658442,0.5278812321273443
12,1,52.0,6,0.25,0.0,,0.1537810155855724,0.3946052007101261,0.5685919826739437,0.6154679966895854,0.5940385412983814,0.5422208062180243
12,1,53.0,6,0.25,0.0,,0.1540754627201405,0.39462609275822313,0.5556257812265379,0.6167518153238083,0.5853595113980723,0.5420926368159991
12,1,54.0,6,0.25,0.0,,0.15393868319547815,0.4010781641212063,0.5643453305481325,0.6343565033824078,0.5610601463271003,0.55413872167382
12,1,55.0,6,0.25,0.0,,0.1544507145670872,0.4164731027848842,0.5499569826079018,0.6626435591151238,0.549531428446231,0.5633109773390559
12,1,56.0,6,0.25,0.0,,0.15156049500579533,0.4184888309615197,0.5415623775664794,0.6359010980685733,0.6134628905572861,0.5217996225104345
12,1,57.0,6,0.25,0.0,,0.14854385144873003,0.4204497755992672,0.5536856444006732,0.6357731999197909,0.6038638670042693,0.5348540721866474
12,1,58.0,6,0.25,0.0,,0.14796454037446702,0.4097413709709025,0.5675525198668099,0.6188115382614626,0.573852254440536,0.5382685820380861
12,1,59.0,6,0.25,0.0,,0.14700757202110182,0.40199858930981414,0.5823475547540874,0.6124520884926616,0.5597039443287551,0.5183694194028735
12,1,60.0,6,0.25,0.0,,0.14919362805393593,0.40526794712382586,0.5876200199345544,0.5719184656276821,0.564641766412194,0.5175821301030569
12,1,61.0,6,0.25,0.0,,0.15002999550429066,0.3899817117977989,0.5655329739198427,0.5583848475473434,0.5851056496765643,0.5444002862226602
12,1,62.0,6,0.25,0.0,,0.15017324157308193,0.3902464881897017,0.5624342709624314,0.5724790307921646,0.5648591659286815,0.5519967038781047
12,1,63.0,6,0.25,0.0,,0.15507713298980041,0.3853794184454719,0.5684147551221521,0.574393146521287,0.5413280066779196,0.5435367582079739
12,1,64.0,6,0.25,0.0,,0.1534101856058374,0.3856200803749682,0.5732556607075596,0.554446520062453,0.5162715326647838,0.50516705669471
12,1,65.0,6,0.25,0.0,,0.15184715876357924,0.3881292925373486,0.5644460439736976,0.5779000720782619,0.5369989390768347,0.4930188000736286
12,1,66.0,6,0.25,0.0,,0.15438750984333105,0.4032907596837819,0.5687793118097169,0.5642372740710663,0.5330320457091733,0.5053547078458225
12,1,67.0,6,0.25,0.0,,0.15246706223951306,0.4083066658848393,0.580676490211361,0.5210940643075059,0.5679335980729683,0.47696043593175164
12,1,68.0,6,0.25,0.0,,0.1536753366348939,0.4024858300198824,0.5827797323469667,0.532086630394428,0.5844600470246023,0.5064359546005933
12,1,69.0,6,0.25,0.0,,0.15155887690295164,0.41146067811057757,0.597760522613845,0.5441510481179554,0.569379361098947,0.4785052450837554
12,1,70.0,6,0.25,0.0,,0.15547990254388813,0.4031135554571705,0.5817094404820781,0.5803279087107829,0.5991651888270504,0.49569608979011404
12,1,71.0,6,0.25,0.0,,0.15645512617490853,0.4054675319048181,0.5613333885567402,0.5744773522726552,0.6079704245514768,0.4950948567768568
12,1,72.0,6,0.25,0.0,,0.15309801929285563,0.40559919777963255,0.5654684907557403,0.5878177276411028,0.6220166727575722,0.47518809362777503
12,1,73.0,6,0.25,0.0,,0.15389099135692255,0.38798747659895755,0.5603701886614232,0.5681977175095103,0.628998374430246,0.4861636465320158
12,1,74.0,6,0.25,0.0,,0.15763227930725704,0.3869660176477888,0.5577125426728019,0.5810488344636842,0.5986225225816051,0.49687385619206503
12,1,75.0,6,0.25,0.0,,0.15695700559212175,0.3928939322901588,0.5526939381584154,0.5505725137021671,0.6269612329696092,0.469007497412428
12,1,76.0,6,0.25,0.0,,0.15422717610132275,0.39543805904480855,0.5607462001254544,0.5656739965793992,0.6198280894952188,0.45287206633550914
12,1,77.0,6,0.25,0.0,,0.153864306222734,0.40018676467209485,0.573523759391889,0.5440551498820824,0.618556670969732,0.5081977190840024
12,1,78.0,6,0.25,0.0,,0.15319856405357943,0.40206764149554663,0.5883558509325495,0.577940816982261,0.5959110032023334,0.5481839231181371
12,1,79.0,6,0.25,0.0,,0.15667072558978584,0.4037975481609551,0.5790965417020053,0.6010464243016012,0.5792295335441247,0.5768549747280354
12,1,80.0,6,0.25,0.0,,0.1521990547192551,0.3967481093013236,0.5683623601589425,0.6224991060994893,0.5854248471463419,0.5432406842094246
12,1,81.0,6,0.25,0.0,,0.1457689628572575,0.39962080468778494,0.5478053416650318,0.6485678057427684,0.5793203102325162,0.4669158826050551
12,1,82.0,6,0.25,0.0,,0.14338971754056623,0.4161648791830335,0.544717286203158,0.6501180005770688,0.5703415443379437,0.5137999344254578
12,1,83.0,6,0.25,0.0,,0.14589160368498172,0.41752300940832693,0.5523366281834557,0.6137093697855861,0.5694871869047481,0.5440329003793892
12,1,84.0,6,0.25,0.0,,0.14600372035390866,0.4109330777315538,0.5582576073543082,0.5969053990218963,0.5960185570105325,0.5288598776397114
12,1,85.0,6,0.25,0.0,,0.14821530293662838,0.4000847519125469,0.5455129275946796,0.6113928697830068,0.5743322804449095,0.5271729024065172
12,1,86.0,6,0.25,0.0,,0.15456867467726498,0.39484723348286677,0.5535131449733666,0.6048343436192507,0.5824706325570876,0.5176222334070054
12,1,87.0,6,0.25,0.0,,0.15396547438238856,0.3855458785252056,0.5540624029105128,0.5839926679343124,0.5634852571445566,0.5260680559219072
12,1,88.0,6,0.25,0.0,,0.15460720448651818,0.3929556002214604,0.5532198595021138,0.5717990141419478,0.6040552867663759,0.5410337746975247
12,1,89.0,6,0.25,0.0,,0.1543820743263033,0.3929008566823378,0.5487622741866807,0.5561280231948089,0.5980506299716924,0.49502253303784877
12,1,90.0,6,0.25,0.0,,0.15568197889896834,0.3828429291145584,0.5545759636535853,0.590359526788516,0.5668726483738553,0.47725325792201573
12,1,91.0,6,0.25,0.0,,0.1542045175326071,0.3986598122018371,0.564971559316266,0.5915372644498236,0.569303320678556,0.535078710519939
12,1,92.0,6,0.25,0.0,,0.1542419328109466,0.3871918041758724,0.5719599062805811,0.586159083672295,0.5412211225057983,0.520729861770327
12,1,93.0,6,0.25,0.0,,0.1521368706533878,0.39304851446335154,0.5779509331392225,0.572144641130038,0.559387222317649,0.4463832904656216
12,1,94.0,6,0.25,0.0,,0.1524250590198793,0.3915446295726155,0.5772394364200024,0.5764071941778321,0.5427845096209941,0.43466669367688293
12,1,95.0,6,0.25,0.0,,0.15107840845346443,0.40029398753700074,0.5862165702734017,0.6147825968881613,0.525863482364847,0.4591160696559
12,1,96.0,6,0.25,0.0,,0.15473845234288197,0.3953589030563508,0.5769308104957078,0.6212890898469926,0.5170334210982765,0.49866566750805735
12,1,97.0,6,0.25,0.0,,0.149613067346317,0.4028562392145198,0.5733209637213037,0.6177720632958359,0.5186693922700718,0.47002714794478306
12,1,98.0,6,0.25,0.0,,0.1465523093627173,0.38655091390397606,0.585296487225078,0.6195549441158066,0.5605716620039691,0.48376127313105644
12,1,99.0,6,0.25,0.0,,0.14841802836754933,0.3858765560210841,0.5810016006192209,0.5961901117467876,0.5766400347047316,0.4816164856167308
12,1,100.0,6,0.25,0.0,,0.1487223481850964,0.38648016051115125,0.5920320831575412,0.6285285970495604,0.5872471746232728,0.4968081934692554
13,1,21.0,6,0.25,0.5,,0.10892855161063589,0.29782557161893936,0.4119395458647988,0.42898838153295193,0.5271105399709287,0.5342314590074028
13,1,22.0,6,0.25,0.5,,0.11272607617990349,0.29042098389463733,0.39731245335883003,0.4405240171604041,0.5462317784214072,0.5195208648270467
13,1,23.0,6,0.25,0.5,,0.11118738949955054,0.2873066999792066,0.3738765428111347,0.4316591701049382,0.5110529561398194,0.49886447163017744
13,1,24.0,6,0.25,0.5,,0.11283604155719278,0.28679534004216034,0.3885212941549733,0.45420015101804817,0.49734635445910386,0.5216264671542931
13,1,25.0,6,0.25,0.5,,0.11130905019971324,0.2791789416825177,0.3995040038262165,0.43246708577309895,0.48579914862155504,0.4278248680282579
13,1,26.0,6,0.25,0.5,,0.10931479267254093,0.2893428686556828,0.40712810466564153,0.4359425418375187,0.4751004694859402,0.42316680299654286
13,1,27.0,6,0.25,0.5,,0.10819861900749154,0.29284952849040624,0.41829839401020397,0.4527891877977407,0.5295214417818702,0.41516184268607664
13,1,28.0,6,0.25,0.5,,0.11012082322037324,0.2882822626573796,0.41935334642862543,0.4532212765111753,0.5301335539349746,0.41782954075484735
13,1,29.0,6,0.25,0.5,,0.10955161173006205,0.2981512783966346,0.4106892228647848,0.4456144106762515,0.4959998125886741,0.4522209341217113
13,1,30.0,6,0.25,0.5,,0.10583007091824655,0.28869483545670555,0.3833457436052749,0.4257282060915431,0.4925895746587459,0.42576512238532216
13,1,31.0,6,0.25,0.5,,0.10702977909914271,0.2812230952530862,0.3898077470976855,0.42962120582952795,0.49311527373930586,0.4498231901917776
13,1,32.0,6,0.25,0.5,,0.10591303067288449,0.27084864774828094,0.3921658752389606,0.43375916512859325,0.5043280952741563,0.4696226308313234
13,1,33.0,6,0.25,0.5,,0.1055692088347058,0.2645900093944491,0.39416606773414137,0.4589590724602085,0.4951405741323824,0.46815380551577696
13,1,34.0,6,0.25,0.5,,0.1005564179323648,0.27317847222387603,0.39560859792867786,0.4890897702889453,0.47063915318406657,0.49047889628941166
13,1,35.0,6,0.25,0.5,,0.1020218898244952,0.27166291903441636,0.4013064853846216,0.4497467739368622,0.5045653750615016,0.5085025204805431
13,1,36.0,6,0.25,0.5,,0.10366478283958094,0.2693049119978748,0.40447246369174505,0.44317989734635266,0.5248428878289906,0.4761454179993401
13,1,37.0,6,0.25,0.5,,0.10407982064855215,0.2735147398780714,0.4309365388184386,0.4595426843852525,0.5253138028992146,0.48581665657034423
13,1,38.0,6,0.25,0.5,,0.1038411995312248,0.2723103602749479,0.4304539016773797,0.479136649983633,0.5495982092449802,0.5050086128702483
13,1,39.0,6,0.25,0.5,,0.10191025492467057,0.2898033645466779,0.4000178078930171,0.4769948309860631,0.5449134224545549,0.4980292449809597
13,1,40.0,6,0.25,0.5,,0.10401337353464783,0.30129391755859747,0.3841460274266226,0.5075506358701141,0.5457919503840849,0.5454747761253209
13,1,41.0,6,0.25,0.5,,0.10412382741617301,0.30961702212546766,0.3886086605148863,0.4764250634495517,0.5457947442798372,0.5274192863850982
13,1,42.0,6,0.25,0.5,,0.11169156652658026,0.2940157628259703,0.38306872306360035,0.4632218188725739,0.5573395319706509,0.4963230890720758
13,1,43.0,6,0.25,0.5,,0.11101974784377382,0.2850748044243135,0.3857063251787822,0.47787290943996774,0.5200987881033373,0.5071150098277826
13,1,44.0,6,0.25,0.5,,0.11208078735408453,0.28635190467657706,0.4014904862155443,0.4759381057234763,0.5327395987590394,0.5004036375077502
13,1,45.0,6,0.25,0.5,,0.11114785907721761,0.2806747148185051,0.41694168638034174,0.45266829844207024,0.5463090188333566,0.46653911185157926
13,1,46.0,6,0.25,0.5,,0.1081762845860315,0.2986362191368342,0.426659855501024,0.477054345437774,0.5309022612652664,0.4867963058168107
13,1,47.0,6,0.25,0.5,,0.11212943746250462,0.30440479330388875,0.4109688994626716,0.4799966805116659,0.49680244421725517,0.5074113826998168
13,1,48.0,6,0.25,0.5,,0.10901420755190563,0.29996521811080024,0.4092974799762941,0.49220240593807485,0.49478747835270864,0.48667984515817453
13,1,49.0,6,0.25,0.5,,0.10795308086790985,0.2944471172611348,0.4132762465857726,0.4560433824424205,0.5033822176974605,0.44769803048852674
13,1,50.0,6,0.25,0.5,,0.112362734539135,0.28344416687478075,0.4409899203863755,0.4490923830176383,0.5087141782679689,0.4221123655047371
13,1,51.0,6,0.25,0.5,,0.1125446028106318,0.2734681875167541,0.4475127637341008,0.48219109135545574,0.5139929462861185,0.487860228719269
13,1,52.0,6,0.25,0.5,,0.11327206206091493,0.2852137522906696,0.44656106476951596,0.47129388130614364,0.49609714797464033,0.5135960105104618
13,1,53.0,6,0.25,0.5,,0.11337318085840897,0.286187714684823,0.43777179548269907,0.4543043030251119,0.4640409327261793,0.4820948279991952
13,1,54.0,6,0.25,0.5,,0.11214385092153292,0.2874706019771177,0.44830136321646935,0.4671363428321424,0.43778282313830463,0.4530902410593435
13,1,55.0,6,0.25,0.5,,0.10875307355031645,0.29049926550007893,0.44931654531653153,0.4813967740408104,0.43770851798530586,0.4311499950356875
13,1,56.0,6,0.25,0.5,,0.10875127986465113,0.2810678036585764,0.4463695899761938,0.48162907476574307,0.45857737198288184,0.41032740876831014
13,1,57.0,6,0.25,0.5,,0.11218975246297436,0.27674697674716026,0.4467615603798083,0.4773813545882268,0.48915048409071255,0.4606071964521664
13,1,58.0,6,0.25,0.5,,0.11040260273311835,0.2805345294916825,0.4391142611151689,0.5070029426089758,0.4880964499811438,0.49299026430220927
13,1,59.0,6,0.25,0.5,,0.11015980279707627,0.28188576020039924,0.45020434958642186,0.5231274084240907,0.46316567707192285,0.5116694591386175
13,1,60.0,6,0.25,0.5,,0.11127571170076207,0.28886472876636526,0.455155418786439,0.5216973177160583,0.4271645610238555,0.4937454632607892
13,1,61.0,6,0.25,0.5,,0.11265312403165603,0.2986256273952982,0.4678225102926244,0.5243923034775844,0.4556261635794573,0.5364030470377186
13,1,62.0,6,0.25,0.5,,0.11018812082031611,0.2953035508332442,0.45078179608973057,0.5274627995098554,0.5317497411636556,0.5574268277075656
13,1,63.0,6,0.25,0.5,,0.10565720458445246,0.29506477094983447,0.4376262708615033,0.553869043769109,0.5131261043459506,0.47535898187892345
13,1,64.0,6,0.25,0.5,,0.10550670735027387,0.30308084617376363,0.4363778806975075,0.525304895612968,0.5114691199888239,0.44186358219915134
13,1,65.0,6,0.25,0.5,,0.10494363332903615,0.30584823925037335,0.4317235037875963,0.5075884153794876,0.4783770691995281,0.4299299762010733
13,1,66.0,6,0.25,0.5,,0.10395308633185944,0.2923511761213359,0.41775403640257014,0.5013334436704868,0.4389428662609903,0.4560020804194537
13,1,67.0,6,0.25,0.5,,0.10486040398869596,0.3070729363613672,0.4296291645225249,0.5267749744360977,0.47624959800034333,0.45121062050506494
13,1,68.0,6,0.25,0.5,,0.10612285469509639,0.3129923766890407,0.42416447934020773,0.5430971030712252,0.44974175533569855,0.47418049272405777
13,1,69.0,6,0.25,0.5,,0.10425555966427273,0.29983156506990477,0.4422472460046797,0.5247911725581791,0.4136471472983662,0.4585588435590936
13,1,70.0,6,0.25,0.5,,0.10671419039964347,0.28847009415204916,0.4326991647433166,0.5455799317554564,0.4620881557912731,0.48134789023274543
13,1,71.0,6,0.25,0.5,,0.10689023511772952,0.283942663558216,0.4219499200220353,0.5409109213039647,0.4937745393351179,0.452516637766552
13,1,72.0,6,0.25,0.5,,0.10291552207957892,0.2850736190409317,0.4152871371068767,0.4709248172969557,0.49845690317837066,0.46776809106192035
13,1,73.0,6,0.25,0.5,,0.1030515248628433,0.2792658804556504,0.44681541765382027,0.4540337926248551,0.4856240482412968,0.5071611488903681
13,1,74.0,6,0.25,0.5,,0.10210507134579705,0.27790878408993247,0.4471807063159104,0.45611844357054226,0.46239552472804124,0.49659007484413376
13,1,75.0,6,0.25,0.5,,0.09750169608328174,0.28379585402889507,0.4401677783548907,0.44862716236743,0.4535730505987631,0.46368686921439356
13,1,76.0,6,0.25,0.5,,0.09742587862565999,0.2762877442945698,0.44073244232537523,0.4459684217492277,0.47356156749613937,0.4274392408063076
13,1,77.0,6,0.25,0.5,,0.10070252035200089,0.27929388501366204,0.426699513707247,0.43746705878044734,0.5089443386919358,0.4647316802728268
13,1,78.0,6,0.25,0.5,,0.09753523455928531,0.2807189238936171,0.40662434784631774,0.4524891482611156,0.4926003902234523,0.4421342296335017
13,1,79.0,6,0.25,0.5,,0.09450001214234655,0.28518624690774275,0.4165259261565053,0.45927284014393754,0.48600073632554874,0.49565345415257267
13,1,80.0,6,0.25,0.5,,0.09708649488562,0.28940890305262,0.40979899430786115,0.4641751955281518,0.467157514808547,0.5016208145770564
13,1,81.0,6,0.25,0.5,,0.10082204782921259,0.29978251704126185,0.43972841898680465,0.44473642048281353,0.5022461066226512,0.5320084535975173
13,1,82.0,6,0.25,0.5,,0.09986375861561439,0.2911872708915816,0.4462968563294979,0.45066663621303044,0.46985726651657567,0.5481983849552907
13,1,83.0,6,0.25,0.5,,0.1007576421602634,0.2828517585462666,0.46347998223046305,0.4652986790955704,0.506206335465517,0.5665809116511162
13,1,84.0,6,0.25,0.5,,0.10268684892043208,0.27104180747943707,0.46709099691870504,0.4504130467676277,0.5220668194288114,0.574641543928015
13,1,85.0,6,0.25,0.5,,0.10222692388068691,0.2700390169218653,0.4430500789823246,0.44941362393603984,0.4841427065336109,0.5408583955680603
13,1,86.0,6,0.25,0.5,,0.10271932077389505,0.27957972513858925,0.42153886632302273,0.4614659233049493,0.4909388365303453,0.5255820995608882
13,1,87.0,6,0.25,0.5,,0.10670856711046886,0.27590399143345273,0.4324750628374708,0.45804305055951555,0.5044711800812373,0.5253010435193924
13,1,88.0,6,0.25,0.5,,0.10830004802151968,0.2697341411981888,0.41114721029779755,0.4907436680423222,0.512537946793209,0.5396860130762118
13,1,89.0,6,0.25,0.5,,0.10311457635853201,0.28706652638333197,0.4317429111636212,0.5014533324502528,0.5044753876681081,0.5034848338002598
13,1,90.0,6,0.25,0.5,,0.10447817480360773,0.3081696638414218,0.4273864442982581,0.5103348025365118,0.4921512265999005,0.5027878670402078
13,1,91.0,6,0.25,0.5,,0.10377167847742182,0.3140018552851161,0.43841376830132217,0.4593978904233348,0.49703730174464766,0.43875060948902966
13,1,92.0,6,0.25,0.5,,0.1085386034670075,0.3076570029188056,0.4287463975508102,0.45709748937092815,0.4824016322207064,0.4424717471121145
13,1,93.0,6,0.25,0.5,,0.10350629861022023,0.3012506810734911,0.44242221600930964,0.4498653733539467,0.5059213057765651,0.46804004052425546
13,1,94.0,6,0.25,0.5,,0.10209394663254685,0.28317956415716755,0.4694356469307655,0.4974959067148488,0.5332107016133115,0.4605953171309052
13,1,95.0,6,0.25,0.5,,0.09993073148878956,0.2910211910520849,0.4425775945636497,0.4955899224808193,0.5230760696482466,0.47306824402557346
13,1,96.0,6,0.25,0.5,,0.10170345391926583,0.28363060427508296,0.4675630894089388,0.4866024778285,0.49821525209870837,0.45421760557380464
13,1,97.0,6,0.25,0.5,,0.10053861020127153,0.26002166772257385,0.46924431888982854,0.47652181649843806,0.5388452754389498,0.44325021820506105
13,1,98.0,6,0.25,0.5,,0.10103834174433227,0.25764946985221043,0.4767061690101796,0.49346505924371825,0.5604694247075468,0.4588790213532272
13,1,99.0,6,0.25,0.5,,0.0981619822427731,0.27591470486482683,0.4797387515008518,0.5062457665549658,0.5225407916656775,0.46375355882027736
13,1,100.0,6,0.25,0.5,,0.10362921828486879,0.27995382818774023,0.47136343818089754,0.5178898654483409,0.529725836283597,0.5136122389727349
14,1,21.0,6,0.25,0.9,,0.08857129312103079,0.23149464613967347,0.354929246544222,0.3636237845762927,0.4275563275358484,0.3751038408964301
14,1,22.0,6,0.25,0.9,,0.09156115794097335,0.22695300896480325,0.3663519487812253,0.3625322549040887,0.4579106653242914,0.36867047067376224
14,1,23.0,6,0.25,0.9,,0.09089916005581149,0.22429664237668118,0.3602449730917036,0.3894043613181542,0.4825383491690879,0.4177325182810283
14,1,24.0,6,0.25,0.9,,0.08687000245644154,0.23833335269268865,0.362732752367902,0.3929986412083163,0.46617455302774574,0.4048618046964923
14,1,25.0,6,0.25,0.9,,0.084072891985891,0.24818258419990302,0.3547672956230173,0.39101433889518294,0.5011013863154037,0.4109358669852224
14,1,26.0,6,0.25,0.9,,0.08293277588667526,0.2358272050997595,0.3600725850838681,0.4250763594507398,0.49843956045966326,0.4539910965127974
14,1,27.0,6,0.25,0.9,,0.08312943892846408,0.25248162026411114,0.3566221179367605,0.4077708786444429,0.46601234959541626,0.42000915099207264
14,1,28.0,6,0.25,0.9,,0.07837944334842398,0.2482641674527554,0.37075129133140206,0.39086574844601596,0.4360496871517725,0.4061764839279567
14,1,29.0,6,0.25,0.9,,0.07770865702808219,0.2437564667159277,0.36141233148203433,0.38623649515822234,0.45254520442983354,0.44496284321684876
14,1,30.0,6,0.25,0.9,,0.0796412176446556,0.24367890095680314,0.3580591447269549,0.3681098008227576,0.44685935706938684,0.4918919097104114
14,1,31.0,6,0.25,0.9,,0.08358859834524299,0.24385796160749554,0.3583743896800156,0.34557168756624657,0.4284275591708476,0.5041895002113634
14,1,32.0,6,0.25,0.9,,0.08690951474828455,0.23736420170015746,0.3747779694491661,0.3667924701168978,0.4300792138748767,0.5244803934281034
14,1,33.0,6,0.25,0.9,,0.08542080484253034,0.2441014592223631,0.3574226013863283,0.3419307588085111,0.4384519477084442,0.546477417775194
14,1,34.0,6,0.25,0.9,,0.08302020481972246,0.24622448159721225,0.36569696272120933,0.3827637029093563,0.4405828395209446,0.5058401125610047
14,1,35.0,6,0.25,0.9,,0.07926993028417381,0.24815108341433811,0.35067455183868845,0.3837070814808722,0.441873888709795,0.48155048266391054
14,1,36.0,6,0.25,0.9,,0.07591228799444377,0.2479284405335253,0.3419712009717269,0.38121123995673345,0.42232395170094517,0.4381696195026187
14,1,37.0,6,0.25,0.9,,0.07794258820833586,0.2567181840680006,0.3526177617030024,0.4097058572822309,0.4474539774370732,0.48107851879682995
14,1,38.0,6,0.25,0.9,,0.07674524408257132,0.2548826445778185,0.34610496137304764,0.3888045988867989,0.47375601649350346,0.5184659650027482
14,1,39.0,6,0.25,0.9,,0.07916242816784372,0.26596366485016965,0.3597086187827181,0.40106368073212606,0.45330447928357404,0.552916619778842
14,1,40.0,6,0.25,0.9,,0.08069593831610221,0.26914294694251595,0.35845566497184883,0.39018429785596115,0.4492075151950915,0.5636057630038046
14,1,41.0,6,0.25,0.9,,0.07938075958037126,0.25063853485552423,0.3721672406037754,0.3884101361376756,0.4394489282508278,0.5799538691466045
14,1,42.0,6,0.25,0.9,,0.08571389457637493,0.25360227293067134,0.3620747648619031,0.399124733937855,0.44841919700601157,0.5822333654759612
14,1,43.0,6,0.25,0.9,,0.08268419127901028,0.23089232382707178,0.3502518551912754,0.39919906626276686,0.4330090174248916,0.5332812682927518
14,1,44.0,6,0.25,0.9,,0.08378101999402729,0.21236598624603853,0.36012279764392646,0.39919918292451684,0.4375356933727442,0.5210419830140177
14,1,45.0,6,0.25,0.9,,0.08223087180151752,0.2040078177030548,0.35696625488750555,0.43350389317170024,0.4637265377663759,0.5319085733577069
14,1,46.0,6,0.25,0.9,,0.08227192581573942,0.20600581711375873,0.34858315094819536,0.3912636673575855,0.44944365239764383,0.5167559906481307
14,1,47.0,6,0.25,0.9,,0.07977080560520322,0.21686505668665182,0.3403121894797799,0.4077368499172301,0.4582316550891437,0.49661547814463597
14,1,48.0,6,0.25,0.9,,0.08161055795138528,0.21707070242928728,0.37045909750968237,0.425831989544368,0.4236921475933836,0.5140939380849919
14,1,49.0,6,0.25,0.9,,0.08549390376304448,0.22168828760972756,0.374523233604769,0.44134482823209387,0.4465660908047496,0.4987234086555684
14,1,50.0,6,0.25,0.9,,0.08517300045147916,0.22730500715850727,0.3724250605246259,0.429366238027283,0.4553940570295005,0.5096606342584383
14,1,51.0,6,0.25,0.9,,0.08305093613555917,0.22916040314027172,0.35885894821357944,0.451985267044691,0.4621224794332736,0.5033487830699426
14,1,52.0,6,0.25,0.9,,0.08498490126349602,0.21820117425397756,0.3777515118284508,0.45140681285871154,0.49015035998445244,0.4872759518250058
14,1,53.0,6,0.25,0.9,,0.08954970004667034,0.23095551684202245,0.36873952097680884,0.4296355317856503,0.4880140378265231,0.47455331737335815
14,1,54.0,6,0.25,0.9,,0.08449339454115541,0.23832966618561574,0.36479151236503377,0.4471914982730536,0.4675382698357885,0.462217365458841
14,1,55.0,6,0.25,0.9,,0.08862492312335585,0.24276172335933516,0.36827901026679594,0.4256974517072539,0.42297112825043354,0.4697738923670728
14,1,56.0,6,0.25,0.9,,0.09002009830166885,0.23792359120952358,0.3767870128070617,0.4462234623913991,0.42011117800059505,0.5162237388073717
14,1,57.0,6,0.25,0.9,,0.0935515558566008,0.23971145361466367,0.3658999421938689,0.43652790464628344,0.39892736481903895,0.5080852413581958
14,1,58.0,6,0.25,0.9,,0.09764850312800133,0.24362596627447738,0.362483362831812,0.417542247992517,0.44793360079788924,0.5337818134870984
14,1,59.0,6,0.25,0.9,,0.09650762757139103,0.23812150967939014,0.3515045132319202,0.4100294611010914,0.45059228268796214,0.49721616662806634
14,1,60.0,6,0.25,0.9,,0.09164218167671745,0.22753905618795214,0.3717166242413222,0.437563275731896,0.42672328510686414,0.4696710538047647
14,1,61.0,6,0.25,0.9,,0.09322122215642425,0.2347370170868044,0.3655853626815442,0.40869111710979134,0.4244293295531939,0.42435102662072965
14,1,62.0,6,0.25,0.9,,0.09520660657917546,0.230629043575993,0.36581519632743886,0.41921308775587096,0.40071926219120957,0.45038877723013215
14,1,63.0,6,0.25,0.9,,0.09566886828325183,0.22424872707527324,0.3560192460775634,0.44131893784352744,0.4075582157712785,0.4555245034083259
14,1,64.0,6,0.25,0.9,,0.09659653528305398,0.24128409336012996,0.3731547927747651,0.4510010749548016,0.40146543717962374,0.48904515587522496
14,1,65.0,6,0.25,0.9,,0.0935967482744787,0.24277090240502158,0.35579729888950046,0.43458867049834893,0.4015931031031048,0.5292546520523984
14,1,66.0,6,0.25,0.9,,0.09164072118783761,0.23909204795746436,0.3487673779667368,0.45351331600942163,0.3499649116086875,0.4814347339467166
14,1,67.0,6,0.25,0.9,,0.09009788137841701,0.24138188565148372,0.34494808224728507,0.4500163875185983,0.3997099906258259,0.4396052601178158
14,1,68.0,6,0.25,0.9,,0.09473033497777265,0.24185393284110407,0.3296911612032294,0.46952729791225334,0.3978968290464079,0.44499809798611023
14,1,69.0,6,0.25,0.9,,0.09713833886685784,0.23220115392790053,0.3084666239234096,0.4744972719207648,0.3750026549475174,0.43093816213974073
14,1,70.0,6,0.25,0.9,,0.09685342881146752,0.23918371854492304,0.3427977376267302,0.463987760868093,0.37978885652889866,0.3855982105087556
14,1,71.0,6,0.25,0.9,,0.0934835982493227,0.2478331485118653,0.35939226691692755,0.42746264089152086,0.38602986971926817,0.4084785684070045
14,1,72.0,6,0.25,0.9,,0.09282413376592566,0.2516576556078257,0.35484564656710194,0.38891992673668024,0.42301958042441495,0.4285514889205104
14,1,73.0,6,0.25,0.9,,0.08716900319924198,0.23296617976942974,0.35253641011065573,0.4243710171956521,0.4061438985791052,0.4474310525719119
14,1,74.0,6,0.25,0.9,,0.08773119674493506,0.24102587314519788,0.3575791525196105,0.4431647610676313,0.4192948560319615,0.43917275346021956
14,1,75.0,6,0.25,0.9,,0.08815164822120294,0.23986217252970982,0.3493709530044902,0.4495557203503629,0.443145591311385,0.47447143091471966
14,1,76.0,6,0.25,0.9,,0.08452257634031089,0.24759573435347298,0.35582169890656135,0.415956461672792,0.43705517243232395,0.5088384436419071
14,1,77.0,6,0.25,0.9,,0.08620665661076583,0.23625969581011014,0.36086283635573885,0.3825536364838534,0.4461762932914701,0.49475350815197333
14,1,78.0,6,0.25,0.9,,0.08629952449744545,0.23911703139236176,0.34935715029770137,0.40097240093409753,0.4349429131145802,0.493387321121196
14,1,79.0,6,0.25,0.9,,0.0853883704132499,0.23252005211963467,0.3354956406240793,0.4152551252761004,0.44680113751272577,0.4891727303322586
14,1,80.0,6,0.25,0.9,,0.08451423759928098,0.24453776757017134,0.3464312874304074,0.4261003799908714,0.4730942470290258,0.49856451595653056
14,1,81.0,6,0.25,0.9,,0.07794189180524176,0.23511774010263506,0.35169666854490894,0.42415281568531,0.4823479234046859,0.5018998588690405
14,1,82.0,6,0.25,0.9,,0.08299232958477411,0.2464371318994419,0.3474192949813911,0.40478119304206517,0.47393239008148746,0.4540747220629452
14,1,83.0,6,0.25,0.9,,0.07829585289563104,0.24091948201645583,0.3479140001841955,0.4109298653108384,0.4425058504019147,0.4442134290937011
14,1,84.0,6,0.25,0.9,,0.08150816786742707,0.2350439250465628,0.3433359209411956,0.43690562165122715,0.4004612768964636,0.4227712717997054
14,1,85.0,6,0.25,0.9,,0.0849172585799983,0.23674313344119655,0.34786756268661867,0.4551776238436564,0.4630474090437458,0.4182170174397644
14,1,86.0,6,0.25,0.9,,0.0850152957380099,0.24650433892341822,0.35528815298148536,0.44604190266452004,0.4232150447699839,0.4687709009434248
14,1,87.0,6,0.25,0.9,,0.08369968824992782,0.24563161239586337,0.33462229186044196,0.41634553584034545,0.4127277644508073,0.4889514382642462
14,1,88.0,6,0.25,0.9,,0.08478576058934353,0.2495840954299891,0.33963577125250627,0.43560425798395597,0.37327726416719703,0.5095512227569842
14,1,89.0,6,0.25,0.9,,0.08478679228254747,0.25595264736327766,0.3474861665899879,0.43098819311543385,0.3600930161679502,0.47586807190497593
14,1,90.0,6,0.25,0.9,,0.08377379069978538,0.25630206180817766,0.34193394552992046,0.4270749889384359,0.3901227879598641,0.44214338796381353
14,1,91.0,6,0.25,0.9,,0.08199334045107727,0.25452471941093624,0.3384544962041692,0.44135322209374983,0.39162685835039873,0.4736309685927299
14,1,92.0,6,0.25,0.9,,0.07780331714419944,0.25054160710885215,0.3284881816937292,0.4536894652121962,0.37188460801118783,0.4593903507325405
14,1,93.0,6,0.25,0.9,,0.08220394162597072,0.24620797815497517,0.35072081820013323,0.4563228928604093,0.45025223712082135,0.4646486096201047
14,1,94.0,6,0.25,0.9,,0.07942080512873857,0.24878924395891952,0.35333843087426614,0.42922325349521967,0.4687792004826642,0.5239451571059176
14,1,95.0,6,0.25,0.9,,0.07948277504115549,0.2306982924475789,0.3492781324863774,0.45267978675803394,0.45455938381172506,0.5007683663091005
14,1,96.0,6,0.25,0.9,,0.08005030749750908,0.2453729118639904,0.34215252937716106,0.46069314338996775,0.4775474591768953,0.4646561986617388
14,1,97.0,6,0.25,0.9,,0.07746672015439235,0.24163697785539456,0.3434444062016663,0.44546775544166406,0.47516293861915715,0.5036850829111189
14,1,98.0,6,0.25,0.9,,0.08231194869110978,0.2461641965430851,0.33277625761452,0.4663923039630893,0.49103029610292903,0.4629480663288952
14,1,99.0,6,0.25,0.9,,0.08344308315484858,0.24673312424273255,0.32296657423722974,0.4314246994718943,0.46816389218682897,0.48493373443478427
14,1,100.0,6,0.25,0.9,,0.08157766951625259,0.2397724692052948,0.3398194132922524,0.43510514154705604,0.45087159801112453,0.4870384611237283
15,1,21.0,6,0.5,0.0,,0.1514955823195137,0.4116244910925643,0.5574967714656839,0.5657009088536346,0.5797726933285073,0.5344064227167487
15,1,22.0,6,0.5,0.0,,0.1468883431568578,0.44313300480740325,0.5581933281628373,0.522115244721182,0.5837647947919777,0.4859470961838648
15,1,23.0,6,0.5,0.0,,0.14948400503848827,0.4481057119327213,0.5446229124471074,0.5358958635315164,0.5580489862993552,0.43533063231673774
15,1,24.0,6,0.5,0.0,,0.1424710605491673,0.42733512459814715,0.556324092218764,0.514704225618625,0.556288491782565,0.4434720400435891
15,1,25.0,6,0.5,0.0,,0.13825542182720973,0.4034484402162888,0.5392634919347826,0.5195717156592816,0.5295157335799839,0.48504247674221457
15,1,26.0,6,0.5,0.0,,0.14549911631557963,0.39997923621088344,0.5285200332697265,0.5290207429163264,0.5553527907557166,0.5134951291274573
15,1,27.0,6,0.5,0.0,,0.1464925691020844,0.4101358540870145,0.5711777063512715,0.5505448481967667,0.570947002916801,0.47344096000419456
15,1,28.0,6,0.5,0.0,,0.1558414548258327,0.4078672301901685,0.5702237999844462,0.5861441939055351,0.5456856598360832,0.47783132979381826
15,1,29.0,6,0.5,0.0,,0.1635886095024452,0.4094018609698777,0.5658700455372301,0.5658526583607133,0.5554117041366676,0.48806071820368
15,1,30.0,6,0.5,0.0,,0.15699143271666868,0.4046461119268961,0.5508142660573556,0.5856802263669925,0.486937983503917,0.49684820110683264
15,1,31.0,6,0.5,0.0,,0.1649869986839341,0.4174575180490837,0.5587294476335861,0.611177071736215,0.5153017485048913,0.4670746461653432
15,1,32.0,6,0.5,0.0,,0.15954958645466172,0.42951376115842577,0.5320416228943378,0.5903361310394273,0.47861570147067206,0.5136597169322745
15,1,33.0,6,0.5,0.0,,0.1693639237646359,0.4077614445129593,0.48479747874529855,0.5868496690049174,0.48606300023681914,0.5532560854650839
15,1,34.0,6,0.5,0.0,,0.15822489020232236,0.4027240668555776,0.495321230473996,0.5451452690721788,0.5164147877109011,0.5291510892710061
15,1,35.0,6,0.5,0.0,,0.16510601796454408,0.3884628666877152,0.48991183823357887,0.5374844199966271,0.48787869105597836,0.5398295600064749
15,1,36.0,6,0.5,0.0,,0.15857308148764152,0.4015118610976084,0.5219486688643942,0.5607114667677224,0.5197749447263096,0.5522819010556379
15,1,37.0,6,0.5,0.0,,0.16516736121157016,0.3931632967237618,0.5150606214614245,0.5359599850171014,0.4925527426986081,0.5406464767240177
15,1,38.0,6,0.5,0.0,,0.1601845444756663,0.40946625955341653,0.5508508492754761,0.5591236145314603,0.5213454715516861,0.5728064892084889
15,1,39.0,6,0.5,0.0,,0.1604982211573848,0.4021836034619227,0.5681074244439124,0.5778791807324131,0.5472055384832775,0.5732757067299933
15,1,40.0,6,0.5,0.0,,0.15761335072098365,0.39264525300431485,0.6095250912170348,0.5766073432297084,0.5053733522618712,0.5586205653839946
15,1,41.0,6,0.5,0.0,,0.15251628764775754,0.3880218791396624,0.6465751080927371,0.6112095671899372,0.49680945295369006,0.5742241492828015
15,1,42.0,6,0.5,0.0,,0.15353598120235926,0.39217667637127246,0.64544688459171,0.5926324221339803,0.5112843972353753,0.5654698217696242
15,1,43.0,6,0.5,0.0,,0.15497474281989593,0.3751992313360016,0.6052967640815078,0.5828221030372808,0.4792137764679666,0.5523758574156995
15,1,44.0,6,0.5,0.0,,0.14880277440051332,0.3980254377217856,0.598723818694612,0.5746574824254846,0.5202565560417974,0.5211503063189316
15,1,45.0,6,0.5,0.0,,0.15550636578753024,0.3919170674896505,0.6299646067912896,0.5650985347656501,0.5132902345245954,0.5465979638967553
15,1,46.0,6,0.5,0.0,,0.15543842665931637,0.39289641441924117,0.6392309974340449,0.5816883241596439,0.5598225121735612,0.5245248343326268
15,1,47.0,6,0.5,0.0,,0.15679394741109684,0.3843627002912689,0.6460523431457408,0.6045202448701694,0.5559429005919626,0.5315683569362167
15,1,48.0,6,0.5,0.0,,0.15824530728974034,0.38043556295581704,0.6557657180586514,0.5733459419098156,0.5260498762030765,0.522307944135395
15,1,49.0,6,0.5,0.0,,0.1588393589525543,0.4014249492532665,0.6202207243588178,0.5282513335133041,0.5404497739197391,0.5119453625872765
15,1,50.0,6,0.5,0.0,,0.15692439798617192,0.4016925804823016,0.6184586932927966,0.5366285117856642,0.5356114640675075,0.5295425705344778
15,1,51.0,6,0.5,0.0,,0.1528835465006836,0.4028563209521421,0.5946695098673347,0.5550813227018626,0.5764604002999439,0.5436340564275823
15,1,52.0,6,0.5,0.0,,0.1502369321763794,0.3952960839566564,0.5877430837452686,0.555579644544333,0.5679349903603399,0.5704453246693957
15,1,53.0,6,0.5,0.0,,0.14094088968162682,0.4460432340481417,0.5749580097695564,0.5586383647114199,0.5090125563756345,0.5922053835370191
15,1,54.0,6,0.5,0.0,,0.14172476733065578,0.4347984804537547,0.5850540850780952,0.5849442757727445,0.5459506127456623,0.5537643068296153
15,1,55.0,6,0.5,0.0,,0.14771818636763218,0.43105242418973067,0.5964062886607037,0.5846272684418292,0.5718994854763357,0.5289013464195935
15,1,56.0,6,0.5,0.0,,0.14108783628937846,0.4240994087157731,0.6033235755552544,0.5793739936573906,0.6183832546884152,0.49739249426688337
15,1,57.0,6,0.5,0.0,,0.16062252765511725,0.43397849276704303,0.6363372924509062,0.5670258771443099,0.5854667341537867,0.5168447090217899
15,1,58.0,6,0.5,0.0,,0.14887717582291887,0.4135592702618046,0.6166151440588334,0.5918371464609027,0.5780338538101263,0.48866809641146086
15,1,59.0,6,0.5,0.0,,0.1551925307949913,0.4215506601322119,0.6102324694347714,0.5861816580043036,0.5547643298201801,0.4928449240473016
15,1,60.0,6,0.5,0.0,,0.16040825463082908,0.39455338065815554,0.6046299507793559,0.6335884247440773,0.5764524028998486,0.5143156012333354
15,1,61.0,6,0.5,0.0,,0.16137892572165485,0.363945803286143,0.6049809359790281,0.6449458501865544,0.5691946133572559,0.5021698970840327
15,1,62.0,6,0.5,0.0,,0.15664873055949136,0.3707664158543489,0.6031199227050894,0.6381421074738083,0.5524498957659225,0.5077075571992028
15,1,63.0,6,0.5,0.0,,0.15202430789255197,0.38827629304259254,0.5822592617197836,0.6098569865691615,0.5797303748686684,0.5160339526631779
15,1,64.0,6,0.5,0.0,,0.15275236674834472,0.3975976509099174,0.5620435785831529,0.5885140257271134,0.5898192329344142,0.5349824264795556
15,1,65.0,6,0.5,0.0,,0.16488536431803164,0.37249846273700765,0.5556593777893768,0.5337674794365991,0.605763785880033,0.5473302849717594
15,1,66.0,6,0.5,0.0,,0.15705415969013387,0.3685835204169111,0.5427728999445456,0.5677513601745695,0.6051417645735863,0.5388948869177351
15,1,67.0,6,0.5,0.0,,0.14527459393390726,0.3855541405904191,0.5264983733353261,0.5701689527854148,0.5935092111477369,0.5766016149604839
15,1,68.0,6,0.5,0.0,,0.15047940358526796,0.3778396658368568,0.5574643538759455,0.5555675830000313,0.5980640162418193,0.5513573348240624
15,1,69.0,6,0.5,0.0,,0.14635843209154523,0.39377636798993293,0.5784807625044863,0.5828955646905619,0.5972282970367543,0.551070164947961
15,1,70.0,6,0.5,0.0,,0.14517471292447848,0.3938420789208727,0.5925969653774102,0.5998532087076334,0.6374476669329916,0.5216486094002126
15,1,71.0,6,0.5,0.0,,0.14509008793609285,0.39083177604183156,0.6197754929595215,0.6076830105235529,0.672414591836492,0.45731888752017014
15,1,72.0,6,0.5,0.0,,0.14431158330181987,0.39395848279875,0.5614722811347896,0.587635993642284,0.6018806963011698,0.49918974911570446
15,1,73.0,6,0.5,0.0,,0.14261242616782926,0.4101171258561651,0.5493133588063805,0.5819607624849573,0.5784268632932299,0.5468369389633106
15,1,74.0,6,0.5,0.0,,0.14645638397195168,0.38684937462649355,0.5612356763663212,0.5369867065782318,0.5688205675525062,0.5525865966025214
15,1,75.0,6,0.5,0.0,,0.14358605057396928,0.39066153456750097,0.5594992302065827,0.4992953992658055,0.5684754311980045,0.5459461956769731
15,1,76.0,6,0.5,0.0,,0.14838528127676445,0.3833078191363779,0.5307375398488019,0.49040852245278455,0.5221949577581111,0.5502986535166158
15,1,77.0,6,0.5,0.0,,0.1494100808396457,0.3779707777564453,0.5605812728105085,0.5507868022639163,0.5355714554564924,0.5966927683256309
15,1,78.0,6,0.5,0.0,,0.153622894366903,0.3885852232554342,0.5213145069821441,0.5429589694870774,0.5320568204328651,0.6208473318299605
15,1,79.0,6,0.5,0.0,,0.14660736973860428,0.3902633088150358,0.5585774760891911,0.5415233560032279,0.5181388016419147,0.5698130640506123
15,1,80.0,6,0.5,0.0,,0.1450191466115269,0.37915528789842523,0.5601502380558243,0.5665526501701131,0.505652996284827,0.6043343351896922
15,1,81.0,6,0.5,0.0,,0.14550716238133748,0.39603990968647423,0.5912027225143229,0.5794055596628069,0.514143128186251,0.5478011325017043
15,1,82.0,6,0.5,0.0,,0.15143851009503262,0.3924927350027808,0.5693400254787203,0.6102201322254392,0.5139931377952232,0.507878449009028
15,1,83.0,6,0.5,0.0,,0.15054170115242296,0.3841541884678643,0.563861604012646,0.5779609305137973,0.5137973250011806,0.4938346428141999
15,1,84.0,6,0.5,0.0,,0.15179490510987728,0.3716806446257076,0.5330825160897241,0.5994749412560135,0.50225639687507,0.524471645193851
15,1,85.0,6,0.5,0.0,,0.15251847790881973,0.38531149105953066,0.5264981285847152,0.5752314266820729,0.48077821752590577,0.5250778503455861
15,1,86.0,6,0.5,0.0,,0.16156003065782013,0.38631613058023084,0.528329469225294,0.5633414676621725,0.4966694207391301,0.5293925418144725
15,1,87.0,6,0.5,0.0,,0.16057716448835085,0.3853015387848046,0.5129029745102759,0.5850195511602986,0.5413490348435045,0.5406356543021028
15,1,88.0,6,0.5,0.0,,0.14968231454108777,0.3905069742675041,0.5046673630836127,0.5821958902999343,0.5612843876154032,0.5147394336770181
15,1,89.0,6,0.5,0.0,,0.1496365362766912,0.40157224078300935,0.5487744725948545,0.5310540016370033,0.561568190172825,0.5742375686435839
15,1,90.0,6,0.5,0.0,,0.1465670374790156,0.4090722194861147,0.5444037634564055,0.5449638842345363,0.515599836449329,0.539390054914867
15,1,91.0,6,0.5,0.0,,0.13819556571496847,0.4254450259138861,0.5100117155672079,0.5470956197807233,0.5113018949826542,0.48284331304438943
15,1,92.0,6,0.5,0.0,,0.14600689102574602,0.420095797397755,0.5235674244560375,0.549790709593267,0.5649489503579748,0.502079149263514
15,1,93.0,6,0.5,0.0,,0.156402304254398,0.4358221139364633,0.5445670968682814,0.5772410095986612,0.5324010309512094,0.5150391205700028
15,1,94.0,6,0.5,0.0,,0.15196843142629185,0.4329015754419715,0.5441236442288291,0.5388022415982018,0.5420823053685266,0.5650704033156831
15,1,95.0,6,0.5,0.0,,0.14885894764050295,0.4222984663842654,0.5267642814869735,0.5360236946111078,0.4923381561825681,0.5522276010903518
15,1,96.0,6,0.5,0.0,,0.1484853151013182,0.3910545248686358,0.5013855569477725,0.565416293242189,0.5094466542343368,0.588876577565968
15,1,97.0,6,0.5,0.0,,0.14860091503319195,0.41713413243991376,0.5105168425037067,0.5960223369416324,0.5339173433091404,0.5491643104579017
15,1,98.0,6,0.5,0.0,,0.15225879963296315,0.4220473155304207,0.5244631179853265,0.6259807645236383,0.5533785392868946,0.5878261569402061
15,1,99.0,6,0.5,0.0,,0.14663700039714894,0.4226164669554449,0.5191041641155553,0.584473670208461,0.5825554558041516,0.5463572005362289
15,1,100.0,6,0.5,0.0,,0.1497426970214037,0.4078756403339147,0.551003592321136,0.5702985482186996,0.6024690436155049,0.5770857604289832
16,1,21.0,6,0.5,0.5,,0.12287748329384289,0.3341868735928786,0.46945423212638904,0.5028235852190811,0.4232402567128261,0.5871998054720312
16,1,22.0,6,0.5,0.5,,0.12197103768052966,0.3307031840342308,0.4506043271926078,0.48077295740431836,0.4377504243147593,0.5924122540028167
16,1,23.0,6,0.5,0.5,,0.11719558680264833,0.32944470361020195,0.4453556819970159,0.462448174613071,0.4512676908131037,0.602964470310525
16,1,24.0,6,0.5,0.5,,0.11753061420212525,0.3207054027195731,0.4393078290477571,0.47088549273433894,0.44559264455349795,0.5262878878308861
16,1,25.0,6,0.5,0.5,,0.11784494037662788,0.30684473470756685,0.43366676011403865,0.477820512807485,0.44298589804730987,0.4902677581343175
16,1,26.0,6,0.5,0.5,,0.10907313133053446,0.3130640778031412,0.4265655714857649,0.4974191152858956,0.3922824015383043,0.5010601973390502
16,1,27.0,6,0.5,0.5,,0.10759186866820421,0.30583786318510964,0.41766799660322695,0.5261918020174564,0.44407112393476184,0.5158478482758723
16,1,28.0,6,0.5,0.5,,0.11074724828068772,0.2956267680685648,0.40428399822875366,0.5278008173995982,0.43723433406417345,0.5078224972916096
16,1,29.0,6,0.5,0.5,,0.10962924117472424,0.29734570452686937,0.4593358502873054,0.5299701990698684,0.45627301621922767,0.5018739141161908
16,1,30.0,6,0.5,0.5,,0.1142758421445335,0.29578390831447054,0.43674073707216615,0.5258021105416157,0.4543972712718206,0.4442162780005936
16,1,31.0,6,0.5,0.5,,0.1127592839492511,0.3086594649913221,0.4559932623290141,0.4769323831288036,0.46614023819860934,0.48301422195453164
16,1,32.0,6,0.5,0.5,,0.10449357577621879,0.2830895301514305,0.5187954967770673,0.49258896893421633,0.4621867933111855,0.5058026688782256
16,1,33.0,6,0.5,0.5,,0.10645858489274651,0.2940402882631762,0.5065139807705242,0.4537911801572099,0.45342154561527803,0.5174402657658269
16,1,34.0,6,0.5,0.5,,0.11175935549955285,0.3166276258276681,0.5391721247367224,0.41919210395342876,0.4397128873622919,0.4794742533224066
16,1,35.0,6,0.5,0.5,,0.10808661956593954,0.3049420950282375,0.5125413375776116,0.42021318306500666,0.5401783204779371,0.4766807585240441
16,1,36.0,6,0.5,0.5,,0.09918612230689337,0.29494167656254977,0.4874758298170067,0.42220405044756754,0.5439459817678125,0.4592903725731713
16,1,37.0,6,0.5,0.5,,0.10466648145120509,0.26861170540110824,0.4510274282884203,0.44492284877869775,0.5305129011977552,0.4701853712272775
16,1,38.0,6,0.5,0.5,,0.10346008815841508,0.2796082450125118,0.4267896266885793,0.4501975565680326,0.5356602751560444,0.501129755158329
16,1,39.0,6,0.5,0.5,,0.10429418812320664,0.28883164453050886,0.4303479538057222,0.44761674202985774,0.5102634280391558,0.5234065535492249
16,1,40.0,6,0.5,0.5,,0.1121348927127491,0.2970610137772419,0.4582906966225374,0.4087022269604444,0.5075043377342339,0.5355351708637965
16,1,41.0,6,0.5,0.5,,0.10898996765210178,0.26694132355286376,0.4453928917697493,0.46129372810914404,0.5133626572613819,0.5218512104145863
16,1,42.0,6,0.5,0.5,,0.10163246732788067,0.25785492201475635,0.4362800167850171,0.4410160322399463,0.4986667999542321,0.5195710411157799
16,1,43.0,6,0.5,0.5,,0.1074487039017838,0.2389565355435634,0.4234581448184021,0.4298416247977908,0.5015428188915763,0.4651818477359225
16,1,44.0,6,0.5,0.5,,0.11027772142912817,0.23443375054271773,0.4180875431217966,0.40656563125072187,0.4695798002897923,0.47449353901744323
16,1,45.0,6,0.5,0.5,,0.10477184754498103,0.246791415608475,0.4559831671691792,0.4615904964291636,0.48809334843190866,0.47848050493507766
16,1,46.0,6,0.5,0.5,,0.11774630058422701,0.2783225294771578,0.4408028072249217,0.479954274739063,0.519211855005024,0.4608492102983831
16,1,47.0,6,0.5,0.5,,0.12415793302788303,0.2760135941914222,0.41949570211735787,0.46093324050802903,0.5281835514275117,0.48982223560311267
16,1,48.0,6,0.5,0.5,,0.12059197257793679,0.2874217466079557,0.4520224509210773,0.4902155696077418,0.4816566860410937,0.45732259515606505
16,1,49.0,6,0.5,0.5,,0.12080758464541293,0.26765429925988155,0.44423218678480686,0.48731437937195565,0.46547386577919836,0.45278491312050784
16,1,50.0,6,0.5,0.5,,0.11526506618339975,0.27847346782022,0.4558602516574923,0.5230336994289337,0.45527174325214786,0.43420695689576333
16,1,51.0,6,0.5,0.5,,0.11056826830038899,0.2968745793020414,0.4466557304716005,0.5238841167773713,0.4821164798620458,0.44971394697628364
16,1,52.0,6,0.5,0.5,,0.10893740054693701,0.3060230001928358,0.4454205240095833,0.48602340862938914,0.4619158293983503,0.42128890396179186
16,1,53.0,6,0.5,0.5,,0.10132323436914155,0.30326583814986596,0.41408996995453673,0.44560035289709915,0.5248407366331761,0.45472472584225876
16,1,54.0,6,0.5,0.5,,0.10364050975788977,0.2948114929300228,0.41600767604707345,0.46067843438076095,0.514132463680302,0.48618660866672636
16,1,55.0,6,0.5,0.5,,0.10862004544845409,0.29452299988266545,0.40955216619711104,0.4705374293637332,0.5385767127857515,0.5289492869333812
16,1,56.0,6,0.5,0.5,,0.10437314159162905,0.27797019323845584,0.37781716718540903,0.49969240665005576,0.5582025904916874,0.5252014939366239
16,1,57.0,6,0.5,0.5,,0.10130828289137787,0.26274788869368104,0.39943497336223377,0.49675305324478247,0.5433837007551062,0.5223548304868572
16,1,58.0,6,0.5,0.5,,0.10837716425178004,0.28962749114357556,0.44115742770264915,0.4932522070753055,0.5008151979277999,0.490547628878781
16,1,59.0,6,0.5,0.5,,0.10881707801981386,0.27991240320187816,0.4334078542996548,0.502140732896053,0.5379039608857746,0.4724381031030248
16,1,60.0,6,0.5,0.5,,0.10401290970343831,0.27688067883865836,0.4538564602384091,0.5203553705757308,0.5623623561630217,0.4983776356904448
16,1,61.0,6,0.5,0.5,,0.10668343567623133,0.314179766303811,0.4549927501997508,0.5369043432757681,0.547287596818442,0.48571041905311924
16,1,62.0,6,0.5,0.5,,0.10253543087068759,0.3096950185339281,0.4424389987096536,0.4982494651768441,0.541672560084027,0.5361068460653767
16,1,63.0,6,0.5,0.5,,0.09963619146230952,0.3113808186317143,0.4593705307419004,0.4823225978805626,0.49235779690343373,0.5508522224131203
16,1,64.0,6,0.5,0.5,,0.10304789169494118,0.3152564174252343,0.4265620044493101,0.47990762277070126,0.48546842186868966,0.57534793043584
16,1,65.0,6,0.5,0.5,,0.09717531706352561,0.3295165865669731,0.4549314875481148,0.47045069698756176,0.4362699814951956,0.5598369237448757
16,1,66.0,6,0.5,0.5,,0.08971215553516426,0.31869808202809435,0.41805472532942767,0.49273547906421555,0.4984789071660103,0.5278695389959005
16,1,67.0,6,0.5,0.5,,0.10104753289309584,0.3179528596299406,0.4174416942480068,0.48095377416415686,0.5454741147312229,0.5182080909144949
16,1,68.0,6,0.5,0.5,,0.0930777594782144,0.3354521449179503,0.44377115138787904,0.47264266491147494,0.5277239618803324,0.4945664727315961
16,1,69.0,6,0.5,0.5,,0.10315460557925923,0.347795997762962,0.4609619152265173,0.46008686667736,0.5073387658548333,0.4573326761344888
16,1,70.0,6,0.5,0.5,,0.10351054913160651,0.34534404284347325,0.4354568517677029,0.47483136437316303,0.48956223752066147,0.47656719332453124
16,1,71.0,6,0.5,0.5,,0.10258340384152898,0.3380774749038125,0.39640133044546105,0.49891835677661794,0.49477095937687465,0.45816912089885964
16,1,72.0,6,0.5,0.5,,0.10236729358758459,0.3444820367423237,0.41533721432238213,0.4735050272489695,0.449055259092496,0.45573354264338645
16,1,73.0,6,0.5,0.5,,0.09974198739988428,0.34584328904829914,0.37153702235611147,0.4428642048814887,0.45990881871031436,0.44710007628061543
16,1,74.0,6,0.5,0.5,,0.09195692401835374,0.370745847409821,0.36781998682909683,0.4536935142006489,0.42884970328743754,0.4299588657477361
16,1,75.0,6,0.5,0.5,,0.09484129934652792,0.36776243456416846,0.3901940076750719,0.480764218773421,0.47036098290659556,0.4690599950785373
16,1,76.0,6,0.5,0.5,,0.10025565546069841,0.3562927584028741,0.4167609596713513,0.4770175869571546,0.4418339213530661,0.44898127071883537
16,1,77.0,6,0.5,0.5,,0.10734559962066612,0.3245232013240602,0.446237581410805,0.42722992011471417,0.4258050476710718,0.4972748888543122
16,1,78.0,6,0.5,0.5,,0.10329254632170908,0.32901497941257796,0.4762017928223887,0.4364598139558827,0.405777862835221,0.4796237041996038
16,1,79.0,6,0.5,0.5,,0.1142549346631376,0.3233103923765944,0.45687406031282835,0.4482995803563699,0.4230920414519243,0.4691723236356423
16,1,80.0,6,0.5,0.5,,0.10971051271029844,0.31081654018212523,0.46010329785872345,0.4399504404410175,0.40969214535703447,0.4552199967353191
16,1,81.0,6,0.5,0.5,,0.11404640471334815,0.3053989582944595,0.46698921178492575,0.5034375181480476,0.44700004502660706,0.5080179234593103
16,1,82.0,6,0.5,0.5,,0.10806926099493808,0.3101225571654608,0.4548555495736724,0.4982837686463088,0.4526689727783114,0.5134530437015037
16,1,83.0,6,0.5,0.5,,0.11647052920869605,0.31219375422797213,0.4265510238891116,0.5211106195657227,0.4370227492065782,0.509351412537532
16,1,84.0,6,0.5,0.5,,0.11325493330176155,0.32174256630985243,0.4496169428393809,0.5186093403437485,0.4351454167802018,0.4874811300300256
16,1,85.0,6,0.5,0.5,,0.11008048837475495,0.3206526657838312,0.44726268646858147,0.49210254601264536,0.41572022173672984,0.5042069675770187
16,1,86.0,6,0.5,0.5,,0.11074987384969073,0.3107235797039012,0.4198320643648204,0.526624245891832,0.4496033768066102,0.48038904994704196
16,1,87.0,6,0.5,0.5,,0.10231713625157948,0.32079483332109354,0.38630598964689444,0.554127165726207,0.4403759743316792,0.503052324375617
16,1,88.0,6,0.5,0.5,,0.1009316505032182,0.34605910740931806,0.3743182784194864,0.5195301969944242,0.44238566694208376,0.4951104550071859
16,1,89.0,6,0.5,0.5,,0.1007874273240595,0.3413213016322961,0.39477022655276095,0.5074487985365581,0.4399567142557296,0.47162840105592674
16,1,90.0,6,0.5,0.5,,0.10247576870774004,0.31235804799865863,0.4134727631461283,0.5173308558857616,0.4440495361572089,0.48258354088037
16,1,91.0,6,0.5,0.5,,0.10580945737046128,0.28440204476093917,0.4549889239025224,0.48973739066758404,0.4406420602778029,0.4854268865743103
16,1,92.0,6,0.5,0.5,,0.10289337171421042,0.2794142621778309,0.5186454309940605,0.5165953663457097,0.47452866191640697,0.4441191968568755
16,1,93.0,6,0.5,0.5,,0.10172067147723415,0.2696322791317618,0.5001163718051702,0.5001560555546951,0.496252830884361,0.4259049245275609
16,1,94.0,6,0.5,0.5,,0.10063509806446416,0.2854567058262169,0.4831894745189717,0.5186260806002994,0.458482977063288,0.4738988488774389
16,1,95.0,6,0.5,0.5,,0.1030591442212662,0.2787297802287835,0.45759407605204433,0.566873916829151,0.5075497488963463,0.4675564373880102
16,1,96.0,6,0.5,0.5,,0.11244038934120018,0.27910399479906467,0.47265561681949564,0.5533902743004376,0.5108013841434376,0.44908965732117434
16,1,97.0,6,0.5,0.5,,0.1140357213888131,0.30986978283501465,0.465938838804859,0.5145877373927149,0.4763262953072336,0.4473981399661434
16,1,98.0,6,0.5,0.5,,0.10854200532998719,0.3399449815561063,0.4885597328477112,0.5118841257770504,0.4689310779427867,0.4930776218619539
16,1,99.0,6,0.5,0.5,,0.10319981836330405,0.3253558076117581,0.4763504936882422,0.5460234403414881,0.4898550720140687,0.555941965702605
16,1,100.0,6,0.5,0.5,,0.10688801180746244,0.34461969903111606,0.4839379245621115,0.546059204669066,0.486124285284187,0.5351143295057916
17,1,21.0,6,0.5,0.9,,0.09235695508431048,0.2681537907841018,0.35707177066408397,0.4037150308589599,0.5639949277698706,0.42428961495723555
17,1,22.0,6,0.5,0.9,,0.0860732318886499,0.257717662406547,0.35907892750386716,0.3805478425717704,0.5581839051639241,0.4060212260812846
17,1,23.0,6,0.5,0.9,,0.08295850764488491,0.2577177696796583,0.36919970552358206,0.4238593015215102,0.519373290400165,0.4337132536432648
17,1,24.0,6,0.5,0.9,,0.08257919680987916,0.2662167242166481,0.430778014614121,0.43614688554858577,0.5294680604892434,0.4652685855341083
17,1,25.0,6,0.5,0.9,,0.08786654710147532,0.2660186133855904,0.4692763356392902,0.4682739108188459,0.47302985158319943,0.45536749437053425
17,1,26.0,6,0.5,0.9,,0.08970262267814913,0.2492779324530666,0.42398505249332014,0.4883579381209325,0.4757101651992396,0.42841837274638095
17,1,27.0,6,0.5,0.9,,0.08486789692130728,0.26909344278113695,0.3988152256675282,0.48106327885473077,0.4743905974683617,0.4455089758646459
17,1,28.0,6,0.5,0.9,,0.0847245653672602,0.26988907140289636,0.412436786629959,0.4842109943523181,0.4850407768754085,0.4794210176208897
17,1,29.0,6,0.5,0.9,,0.0869738926798231,0.25508024869941665,0.3881364598565977,0.47121109599349104,0.48471170419135773,0.4807556941781124
17,1,30.0,6,0.5,0.9,,0.08497037735060403,0.2346611385104888,0.42567256151413935,0.4467240079269758,0.4968103666846827,0.5165586801185478
17,1,31.0,6,0.5,0.9,,0.08547029814841858,0.2346031432748532,0.409469116569151,0.45677906826510667,0.5009589878181615,0.5082748137697803
17,1,32.0,6,0.5,0.9,,0.08888177660979588,0.2284221391747617,0.3933149120900616,0.5037178930296182,0.46607811417884193,0.4693510512603785
17,1,33.0,6,0.5,0.9,,0.08638974690702014,0.21462812516548097,0.369821440402493,0.494657894075247,0.46846669600245566,0.4954808410083028
17,1,34.0,6,0.5,0.9,,0.09123630130579906,0.22078394816678748,0.3952045094476192,0.4605123679759241,0.441313373387619,0.4715008409538937
17,1,35.0,6,0.5,0.9,,0.09450050544429561,0.21371977893981953,0.395969768966354,0.47493729263574486,0.4248288080589952,0.44355199775072707
17,1,36.0,6,0.5,0.9,,0.09332822001268072,0.21828366045314418,0.3807082443034272,0.46462877848855,0.4816174506613556,0.44798471649340527
17,1,37.0,6,0.5,0.9,,0.09331785102183009,0.22540092627349523,0.4007903385040438,0.4640960141108984,0.4407856384620428,0.4140649385846006
17,1,38.0,6,0.5,0.9,,0.09643763945241271,0.21963749452820291,0.39944221947329867,0.49186164979149255,0.4828699317352453,0.3608965679462318
17,1,39.0,6,0.5,0.9,,0.0939041566675294,0.2298075823866612,0.40305029895095,0.44861723320386976,0.5362451697549403,0.35699553621751806
17,1,40.0,6,0.5,0.9,,0.08074213692841478,0.24000513819974367,0.4323183194865745,0.45533259912482726,0.5514511714214496,0.37629701141294525
17,1,41.0,6,0.5,0.9,,0.08723751065780525,0.2609872378338317,0.3727590523286791,0.45456870401087,0.5547200093284742,0.42790857226858936
17,1,42.0,6,0.5,0.9,,0.08536291390420347,0.2377908770630246,0.3833658819983415,0.43863244653307837,0.5766180724453513,0.48315274592674823
17,1,43.0,6,0.5,0.9,,0.08307778591660597,0.2564311371853739,0.3468415337772235,0.4261485247410577,0.5437225747344356,0.5188826770710643
17,1,44.0,6,0.5,0.9,,0.0848446349023448,0.2897237779432401,0.3669439848814661,0.40627534529766873,0.5214224039704318,0.49553534441353075
17,1,45.0,6,0.5,0.9,,0.08512292326732908,0.2876994092731194,0.36275911068044164,0.4384471500276338,0.4899321055376237,0.49701759338103424
17,1,46.0,6,0.5,0.9,,0.08508115185668066,0.29489995698498467,0.3700533975918047,0.43829151293408153,0.48206809998434663,0.5228182702449764
17,1,47.0,6,0.5,0.9,,0.08577371603776311,0.2918754283743827,0.3962911899084077,0.44035596078581135,0.4668266243727481,0.48255135131698845
17,1,48.0,6,0.5,0.9,,0.08681964646555214,0.27776221107686944,0.4109844979577863,0.426234649327175,0.451161516058398,0.4572494312998086
17,1,49.0,6,0.5,0.9,,0.0838211261617718,0.2764555439251162,0.3964280022815202,0.45159159472163674,0.4719299260877155,0.43908105919851853
17,1,50.0,6,0.5,0.9,,0.0998984245206838,0.27925710212982435,0.39071538384959104,0.4741739119283211,0.4655604151886755,0.46124333713338306
17,1,51.0,6,0.5,0.9,,0.09477131967081079,0.28719524874596747,0.3975051372304378,0.4855674830619818,0.42053352952415085,0.43351077630319856
17,1,52.0,6,0.5,0.9,,0.08695157193692725,0.28817616313201566,0.3688099018801639,0.4580640973947257,0.39530818919980704,0.4487130797825663
17,1,53.0,6,0.5,0.9,,0.08423861763037013,0.29256875601321264,0.37154107143535003,0.4589577409722212,0.4344539123227328,0.4440728097725007
17,1,54.0,6,0.5,0.9,,0.07929213483661404,0.2878652571996998,0.3868883407978293,0.4554712530491082,0.4634772699069595,0.4489413539040525
17,1,55.0,6,0.5,0.9,,0.08081090777406572,0.3089476119532667,0.3877294739330255,0.4489637301296036,0.4369579628132412,0.4460399158899991
17,1,56.0,6,0.5,0.9,,0.08851619639617829,0.2761997243330433,0.38004391631874207,0.4651220407625387,0.46372450456211994,0.49683193271199927
17,1,57.0,6,0.5,0.9,,0.086113458380465,0.2946638605897734,0.37689628116402496,0.42816507373706336,0.5195719197692258,0.48626302315055786
17,1,58.0,6,0.5,0.9,,0.08375312304841,0.2942411613435052,0.3961580545942735,0.4461402321671022,0.4965663088363332,0.4426574478531459
17,1,59.0,6,0.5,0.9,,0.08449415571177979,0.27433280518674413,0.41388219194157755,0.477085997028435,0.5269294239769137,0.459580807864706
17,1,60.0,6,0.5,0.9,,0.08726544247920752,0.26725599353333923,0.39132106704986286,0.47302113259725964,0.5226593320744719,0.5019099983550761
17,1,61.0,6,0.5,0.9,,0.09854321220076173,0.2538916471399419,0.379974027560774,0.5152185407579445,0.5076135742810113,0.5244477301986445
17,1,62.0,6,0.5,0.9,,0.09324655768175581,0.2612723087121761,0.40172219835094414,0.4668135036574241,0.5458820115047538,0.5147683225529561
17,1,63.0,6,0.5,0.9,,0.09761714759706522,0.25303617959234825,0.3898238597058972,0.47140812799712484,0.5368923861736968,0.5052549889045712
17,1,64.0,6,0.5,0.9,,0.10754274937738033,0.22709402174150323,0.3813415819713142,0.44217087719285153,0.5395241190040286,0.4861578338603123
17,1,65.0,6,0.5,0.9,,0.09956642364804227,0.240333406045401,0.3890232716163663,0.47646072210567114,0.5534060498110087,0.465309132614432
17,1,66.0,6,0.5,0.9,,0.09913583767254966,0.2486499939012984,0.3856444722081288,0.43454042269432386,0.5548815340544595,0.5025110359469959
17,1,67.0,6,0.5,0.9,,0.10033404590655645,0.2371865015920281,0.39513499210371494,0.5020697518561826,0.4781047221098456,0.5035796386710674
17,1,68.0,6,0.5,0.9,,0.10053374815534874,0.22799494519174876,0.3842539864331673,0.44166466745227045,0.46956849502857656,0.4979637885835129
17,1,69.0,6,0.5,0.9,,0.09840044797014681,0.22735057604020775,0.37211131011282433,0.43412851619635673,0.49771506221125483,0.48490145432798737
17,1,70.0,6,0.5,0.9,,0.09534275718326055,0.22762365595628903,0.348311735273677,0.43191753591429194,0.5036488825813888,0.4879211634623899
17,1,71.0,6,0.5,0.9,,0.10373797928906421,0.23147555506943998,0.36132277107304256,0.4026758198091672,0.4709979836192342,0.463057980704954
17,1,72.0,6,0.5,0.9,,0.10650673463358788,0.24000257620531978,0.3684798612254305,0.4039776991134862,0.4424960962484235,0.447063703696434
17,1,73.0,6,0.5,0.9,,0.09986744124963318,0.23118517820080692,0.3910768810083861,0.3661241209684479,0.4281944554453311,0.4303847838266412
17,1,74.0,6,0.5,0.9,,0.09489196686769306,0.20930297358538855,0.4119978554224565,0.3394651522436335,0.44864865614826427,0.422917433900096
17,1,75.0,6,0.5,0.9,,0.08876524053426602,0.21082741895251073,0.40715336187906,0.3717166376457401,0.4172553395652354,0.4521918698938814
17,1,76.0,6,0.5,0.9,,0.08066715517402107,0.21635964465626545,0.3772804126225841,0.3519109729986291,0.36239421763032936,0.3988736634446302
17,1,77.0,6,0.5,0.9,,0.08552672080006993,0.21660454033628113,0.3816771399553171,0.3761019990163834,0.40371811389925083,0.428181250781972
17,1,78.0,6,0.5,0.9,,0.09153978842934576,0.22588588108208038,0.3738859400902431,0.3801263369191751,0.41852353534442877,0.46064625688503263
17,1,79.0,6,0.5,0.9,,0.09037926020867962,0.2666264332973832,0.38462729587143235,0.41174057028189426,0.4359039337680516,0.47813087522412545
17,1,80.0,6,0.5,0.9,,0.08950702584562578,0.2797806277491584,0.40377941875390294,0.3980790139428384,0.43830028152872247,0.5115510221274349
17,1,81.0,6,0.5,0.9,,0.08825022955766451,0.28630243685510376,0.38168498328904443,0.3726000543775813,0.47091505517318205,0.5313385644424384
17,1,82.0,6,0.5,0.9,,0.09214741253393263,0.2699190997424098,0.38697109499553595,0.37179667045686204,0.48476941600257445,0.5188839653149598
17,1,83.0,6,0.5,0.9,,0.09992146035576659,0.25408968542513144,0.38137747740129513,0.3666011017669036,0.45731817122517515,0.5308943382505603
17,1,84.0,6,0.5,0.9,,0.10531180616052713,0.2522432347458891,0.37431290766094244,0.38788179777477166,0.4968290743878024,0.5068874022267508
17,1,85.0,6,0.5,0.9,,0.10825597139166603,0.23266223066496372,0.3966443218553888,0.3986034743703241,0.511338648671617,0.5450647230843436
17,1,86.0,6,0.5,0.9,,0.09643711438328925,0.2547138743055719,0.4173245516920783,0.38770110994176327,0.5325405836607524,0.5062177673966833
17,1,87.0,6,0.5,0.9,,0.10721203076120592,0.24851586035367043,0.4004915829587462,0.4052971765659996,0.5060577543304177,0.486057070391589
17,1,88.0,6,0.5,0.9,,0.10304855669382232,0.24020395278469775,0.38446092236847773,0.42627329782471657,0.534542097347482,0.42070023109231364
17,1,89.0,6,0.5,0.9,,0.09820103346275608,0.25294469708579304,0.37216969840027414,0.37787772488715815,0.46481384578650653,0.3970231309311833
17,1,90.0,6,0.5,0.9,,0.10257108381780362,0.2528418632315647,0.38444977905890554,0.3634016534132389,0.41836426753613576,0.3766552745308731
17,1,91.0,6,0.5,0.9,,0.09308128789459703,0.25456343791023395,0.4203193351211597,0.3777383529780409,0.47828798717783066,0.3734724655819467
17,1,92.0,6,0.5,0.9,,0.09745884321040335,0.26805470745532356,0.4153873764003482,0.39232237906154255,0.4991288640580673,0.47596607784170386
17,1,93.0,6,0.5,0.9,,0.09960555250596588,0.2663647625743085,0.3717691226197418,0.4003958469832982,0.47917768906563707,0.44103234428197524
17,1,94.0,6,0.5,0.9,,0.09364889345114333,0.23633695801825533,0.39008362489837467,0.42570181510633975,0.49560538918202807,0.45021958183913335
17,1,95.0,6,0.5,0.9,,0.09219524910053722,0.256446959416795,0.396155367394046,0.43747265917916894,0.5082233078285279,0.47478834231992445
17,1,96.0,6,0.5,0.9,,0.09343245223128196,0.24818721246238043,0.4132341677905747,0.42999363243452776,0.5180051847811539,0.5013424092656724
17,1,97.0,6,0.5,0.9,,0.09529370141417456,0.22704464560282317,0.3849276523424915,0.4490765367989936,0.5449834886112198,0.5288764193392501
17,1,98.0,6,0.5,0.9,,0.10417274642820058,0.23079465327385057,0.4058088666904999,0.41779986998731483,0.5417151896632915,0.5363254628029062
17,1,99.0,6,0.5,0.9,,0.1025240284556127,0.2389013632067863,0.42495244899020684,0.46834993243864365,0.532908780433108,0.5890603702423249
17,1,100.0,6,0.5,0.9,,0.09562161667836196,0.25172163837621486,0.4274941259934044,0.5096770985628167,0.5239635155112926,0.5560422836313577
18,2,21.0,6,0.0,0.0,,0.15671400496202317,0.39445191219522785,0.5647985664381057,0.6211660053328626,0.6273058607142306,0.5724356538023418
18,2,22.0,6,0.0,0.0,,0.1560748589914957,0.3942553978136556,0.5649192114490689,0.6340981463287234,0.5896611239518564,0.5277295222856611
18,2,23.0,6,0.0,0.0,,0.15556354221507368,0.39409818630839777,0.5650157274578395,0.6377019129600394,0.60578883819887,0.49739511049104557
18,2,24.0,6,0.0,0.0,,0.15515448879393617,0.3939724171041915,0.5650929402648559,0.6483388047930454,0.6211246391995949,0.5013832292346758
18,2,25.0,6,0.0,0.0,,0.15482724605702608,0.3938718017408266,0.5651547105104691,0.6519641974797955,0.6304693968284683,0.519051763508548
18,2,26.0,6,0.0,0.0,,0.154565451867498,0.3937913094501346,0.5652041267069595,0.6384023006400745,0.6031052754660391,0.5077958540139588
18,2,27.0,6,0.0,0.0,,0.15435601651587563,0.393726915617581,0.5652436596641521,0.6387643801816265,0.5970293543772706,0.5684529420721947
18,2,28.0,6,0.0,0.0,,0.15418846823457769,0.3936754005515381,0.565275286029906,0.629777828425008,0.5827816578592302,0.5467542938999245
18,2,29.0,6,0.0,0.0,,0.15405442960953933,0.3936341884987038,0.5653005871225092,0.6400514848821063,0.5510621393678179,0.538969387187222
18,2,30.0,6,0.0,0.0,,0.15394719870950863,0.39360121885643634,0.5653208279965918,0.6281846790748842,0.5150773113210512,0.493261034249456
18,2,31.0,6,0.0,0.0,,0.15386141398948408,0.3935748431426224,0.5653370206958577,0.6341819892027691,0.5331176127546922,0.47757798397543627
18,2,32.0,6,0.0,0.0,,0.15379278621346443,0.3935537425715713,0.5653499748552705,0.6408117413483857,0.518330029628037,0.4462563224297361
18,2,33.0,6,0.0,0.0,,0.1537378839926487,0.3935368621147303,0.5653603381828007,0.627647773569378,0.5250212384257564,0.4399813205702248
18,2,34.0,6,0.0,0.0,,0.15369396221599613,0.3935233577492575,0.5653686288448249,0.6313806695501059,0.503308660702334,0.4223742413934987
18,2,35.0,6,0.0,0.0,,0.15365882479467405,0.39351255425687937,0.5653752613744444,0.6234697379230729,0.5428929909952133,0.41473826127156527
18,2,36.0,6,0.0,0.0,,0.15363071485761642,0.39350391146297686,0.56538056739814,0.6284157707767892,0.5468653343083528,0.4624282880844127
18,2,37.0,6,0.0,0.0,,0.15360822690797032,0.39349699722785475,0.5653848122170962,0.6245672164237962,0.5385671561994084,0.45818936703997915
18,2,38.0,6,0.0,0.0,,0.1535902365482534,0.39349146583975714,0.5653882080722613,0.6255925983289349,0.5959432425016573,0.45990997965972846
18,2,39.0,6,0.0,0.0,,0.15357584426047993,0.39348704072927904,0.5653909247563933,0.620732548320732,0.6137705790708609,0.47703266158857127
18,2,40.0,6,0.0,0.0,,0.15356433043026113,0.39348350064089654,0.565393098103699,0.6375584562715256,0.5758004265265221,0.5301920501201309
18,2,41.0,6,0.0,0.0,,0.15355511936608607,0.39348066857019054,0.5653948367815438,0.6410540604596943,0.5832891120210889,0.46946004769393407
18,2,42.0,6,0.0,0.0,,0.15354775051474603,0.3934784029136257,0.5653962277238193,0.6424511844201047,0.586639314596046,0.49068608465778407
18,2,43.0,6,0.0,0.0,,0.153541855433674,0.3934765903883739,0.5653973404776398,0.6687017831955387,0.5915616289074733,0.49199379223315465
18,2,44.0,6,0.0,0.0,,0.15353713936881636,0.3934751403681725,0.5653982306806962,0.6563967130776149,0.5628708921729608,0.5279534762059815
18,2,45.0,6,0.0,0.0,,0.15353336651693025,0.39347398035201125,0.5653989428431413,0.6539778105223378,0.5686064458530983,0.5506131479559798
18,2,46.0,6,0.0,0.0,,0.1535303482354214,0.39347305233908225,0.5653995125730973,0.6474723616305285,0.5406108588417624,0.5210045341891787
18,2,47.0,6,0.0,0.0,,0.15352793361021427,0.39347230992873916,0.5653999683570623,0.6314041598929501,0.526429798532478,0.5237675792101518
18,2,48.0,6,0.0,0.0,,0.1535260019100486,0.39347171600046466,0.5654003329842342,0.6218850939488924,0.5210028241214525,0.5654220848440435
18,2,49.0,6,0.0,0.0,,0.15352445654991603,0.3934712408578451,0.5654006246859717,0.638761528204954,0.5651228406857871,0.5323038518975278
18,2,50.0,6,0.0,0.0,,0.15352322026181,0.3934708607437494,0.5654008580473617,0.6240241118529157,0.5313663586679314,0.5277935873956401
18,2,51.0,6,0.0,0.0,,0.1535222312313252,0.3934705566524728,0.5654010447364738,0.623752587818725,0.5553119380868103,0.5322703002908361
18,2,52.0,6,0.0,0.0,,0.15352144000693732,0.3934703133794516,0.5654011940877633,0.6196745422322981,0.5529270307235703,0.5114491300639139
18,2,53.0,6,0.0,0.0,,0.15352080702742704,0.3934701187610346,0.5654013135687952,0.6244123560580017,0.5549006044843166,0.523907746019305
18,2,54.0,6,0.0,0.0,,0.1535203006438188,0.393469963066301,0.5654014091536206,0.6354096401797501,0.5454585929995698,0.5113354839319738
18,2,55.0,6,0.0,0.0,,0.15351989553693218,0.3934698385105141,0.5654014856214806,0.6364610108831676,0.5609217472261288,0.4945482884752413
18,2,56.0,6,0.0,0.0,,0.15351957145142298,0.39346973886588466,0.5654015467957689,0.6180683978284827,0.5635717484178474,0.5154528515817566
18,2,57.0,6,0.0,0.0,,0.15351931218301557,0.39346965915018106,0.5654015957351995,0.6286439435907867,0.5761903003837102,0.5317013733634083
18,2,58.0,6,0.0,0.0,,0.15351910476828962,0.3934695953776181,0.5654016348867439,0.633827369062957,0.5272481244466098,0.5401484660603747
18,2,59.0,6,0.0,0.0,,0.15351893883650886,0.3934695443595678,0.5654016662079797,0.6445163827528227,0.5271687052119416,0.5614013721397593
18,2,60.0,6,0.0,0.0,,0.15351880609108423,0.39346950354512755,0.5654016912649682,0.6446730053792359,0.48567500850060086,0.4949290750249218
18,2,61.0,6,0.0,0.0,,0.1535186998947446,0.3934694708935754,0.5654017113105587,0.6293447487115847,0.47215675737097146,0.5012367778427549
18,2,62.0,6,0.0,0.0,,0.15351861493767285,0.39346944477233364,0.5654017273470313,0.644586655303937,0.48209956050223346,0.4766811455793315
18,2,63.0,6,0.0,0.0,,0.15351854697201545,0.39346942387534023,0.5654017401762095,0.6439642028892619,0.4887819804766377,0.4732341529724934
18,2,64.0,6,0.0,0.0,,0.15351849259948952,0.3934694071577455,0.565401750439552,0.6484560002936054,0.5449390903790431,0.4818646767520782
18,2,65.0,6,0.0,0.0,,0.15351844910146878,0.39346939378366974,0.5654017586502259,0.6464916981021045,0.5794038208155434,0.5024367020218323
18,2,66.0,6,0.0,0.0,,0.1535184143030522,0.3934693830844091,0.5654017652187651,0.6359061321389706,0.5606782282123313,0.5418978019469443
18,2,67.0,6,0.0,0.0,,0.1535183864643189,0.3934693745250005,0.5654017704735964,0.6255849181245632,0.5908189410997912,0.5643376325162699
18,2,68.0,6,0.0,0.0,,0.15351836419333234,0.3934693676774738,0.5654017746774614,0.6065089972658196,0.5727715743074242,0.5942404732530091
18,2,69.0,6,0.0,0.0,,0.15351834637654302,0.3934693621994524,0.5654017780405535,0.6270377229299253,0.5580534987085717,0.5902481475466845
18,2,70.0,6,0.0,0.0,,0.15351833212311156,0.39346935781703524,0.5654017807310271,0.623651247956951,0.5647580179121479,0.5344672114347201
18,2,71.0,6,0.0,0.0,,0.15351832072036647,0.3934693543111015,0.5654017828834059,0.6438633204753604,0.5353128556509889,0.5384570637781655
18,2,72.0,6,0.0,0.0,,0.15351831159817036,0.3934693515063545,0.5654017846053092,0.6414354609108364,0.54601448208993,0.48550780487067857
18,2,73.0,6,0.0,0.0,,0.1535183043004134,0.393469349262557,0.5654017859828319,0.6388987971440875,0.5783140240185969,0.5203851652748114
18,2,74.0,6,0.0,0.0,,0.15351829846220794,0.3934693474675189,0.5654017870848499,0.6356464980765024,0.5767629255262843,0.6140505600276518
18,2,75.0,6,0.0,0.0,,0.15351829379164353,0.3934693460314884,0.5654017879664642,0.6261621017037678,0.60235653883994,0.6275721194283023
18,2,76.0,6,0.0,0.0,,0.15351829005519196,0.3934693448826641,0.5654017886717557,0.6137625982698761,0.617615310599232,0.6105609311846502
18,2,77.0,6,0.0,0.0,,0.15351828706603077,0.3934693439636046,0.5654017892359889,0.606016466113106,0.6162359311323483,0.612452469660622
18,2,78.0,6,0.0,0.0,,0.1535182846747018,0.39346934322835697,0.5654017896873755,0.6069603545237229,0.6250697098290042,0.5950600666823587
18,2,79.0,6,0.0,0.0,,0.15351828276163862,0.3934693426401589,0.5654017900484848,0.606678446443594,0.6502170251707888,0.6207504707532742
18,2,80.0,6,0.0,0.0,,0.1535182812311881,0.3934693421696004,0.5654017903373721,0.6253824263308314,0.6539725131626852,0.6203106560679026
18,2,81.0,6,0.0,0.0,,0.1535182800068276,0.39346934179315374,0.565401790568482,0.6260611545251409,0.637690327637957,0.6286186181978153
18,2,82.0,6,0.0,0.0,,0.15351827902733928,0.3934693414919962,0.56540179075337,0.6187239954213034,0.6528324609040793,0.6159371783221869
18,2,83.0,6,0.0,0.0,,0.15351827824374858,0.39346934125107025,0.5654017909012803,0.6398781468100893,0.6215492931043688,0.5903061274369892
18,2,84.0,6,0.0,0.0,,0.15351827761687603,0.3934693410583296,0.5654017910196086,0.6338306665768653,0.6146413942932195,0.5615086067949497
18,2,85.0,6,0.0,0.0,,0.153518277115378,0.393469340904137,0.5654017911142712,0.6287857624124294,0.5981474984859008,0.5448823987641653
18,2,86.0,6,0.0,0.0,,0.15351827671417956,0.3934693407807829,0.5654017911900013,0.6272597391406886,0.5796648085793439,0.5483063577934548
18,2,87.0,6,0.0,0.0,,0.15351827639322083,0.3934693406820996,0.5654017912505854,0.6322254305450532,0.5517452050592838,0.5334202809802008
18,2,88.0,6,0.0,0.0,,0.1535182761364538,0.393469340603153,0.5654017912990527,0.6264109117915074,0.5837769140859494,0.5714214799731938
18,2,89.0,6,0.0,0.0,,0.15351827593104023,0.39346934053999577,0.5654017913378266,0.6096794400112667,0.5819480059261658,0.5800040088858898
18,2,90.0,6,0.0,0.0,,0.15351827576670934,0.39346934048946997,0.5654017913688456,0.6289846664430734,0.5922216603594845,0.6040771111412849
18,2,91.0,6,0.0,0.0,,0.15351827563524464,0.39346934044904935,0.565401791393661,0.6429008785211392,0.5860790412215677,0.5875044741373132
18,2,92.0,6,0.0,0.0,,0.15351827553007286,0.3934693404167128,0.5654017914135131,0.6343592856708282,0.6383297731127259,0.5676075692914588
18,2,93.0,6,0.0,0.0,,0.1535182754459355,0.3934693403908435,0.5654017914293947,0.6278914251966825,0.6185242924721095,0.575197881336531
18,2,94.0,6,0.0,0.0,,0.15351827537862556,0.39346934037014814,0.5654017914421001,0.606201510988077,0.6475178860663429,0.5324005597602456
18,2,95.0,6,0.0,0.0,,0.15351827532477763,0.3934693403535919,0.5654017914522644,0.6050251974480549,0.6368226020658878,0.5867110934632761
18,2,96.0,6,0.0,0.0,,0.15351827528169928,0.39346934034034675,0.5654017914603962,0.6053573195174458,0.6483559570140112,0.6208266383727403
18,2,97.0,6,0.0,0.0,,0.1535182752472366,0.3934693403297508,0.5654017914669012,0.6279016711640935,0.6554644492982503,0.6139326444964859
18,2,98.0,6,0.0,0.0,,0.15351827521966646,0.39346934032127395,0.5654017914721053,0.6154449291670661,0.7042061663279541,0.5660468004800127
18,2,99.0,6,0.0,0.0,,0.15351827519761035,0.39346934031449254,0.5654017914762688,0.6099389759530368,0.717749972748061,0.5425545738958887
18,2,100.0,6,0.0,0.0,,0.15351827517996547,0.39346934030906733,0.5654017914795995,0.6195134780269893,0.688212281529229,0.5504928937803992
19,2,21.0,6,0.0,0.5,,0.10880243309938673,0.2854658382612606,0.4269268345010194,0.4756110224683182,0.4715238096877591,0.4646907513720235
19,2,22.0,6,0.0,0.5,,0.10807408311663542,0.2850664084942506,0.426790783453329,0.4701534676657425,0.4731636580409792,0.44152424738582735
19,2,23.0,6,0.0,0.5,,0.1074914031304344,0.28474686468064264,0.4266819426151766,0.4722581153812274,0.464338212462423,0.42679722260034286
19,2,24.0,6,0.0,0.5,,0.10702525914147357,0.2844912296297562,0.4265948699446548,0.47488372058084094,0.5029968094764115,0.4241790519724312
19,2,25.0,6,0.0,0.5,,0.1066523439503049,0.2842867215890471,0.42652521180823727,0.4716526272555499,0.5298601785855109,0.4848292741656315
19,2,26.0,6,0.0,0.5,,0.10635401179736996,0.28412311515647987,0.4264694852991033,0.47417923627101227,0.5588870796373915,0.49143134218196716
19,2,27.0,6,0.0,0.5,,0.10611534607502202,0.28399223001042595,0.4264249040917961,0.4685216907484162,0.5420224065871422,0.49763340409315593
19,2,28.0,6,0.0,0.5,,0.10592441349714365,0.28388752189358296,0.42638923912595034,0.4738394839433607,0.549084046502156,0.5257775529487986
19,2,29.0,6,0.0,0.5,,0.10577166743484097,0.2838037554001085,0.42636070715327373,0.47405883709925956,0.5683460234339163,0.4837698377738014
19,2,30.0,6,0.0,0.5,,0.10564947058499882,0.28373674220532896,0.42633788157513247,0.4721788604643959,0.5632189867030359,0.4962218554501322
19,2,31.0,6,0.0,0.5,,0.1055517131051251,0.2836831316495053,0.42631962111261945,0.48079286871343563,0.5202470105408753,0.4592109462919881
19,2,32.0,6,0.0,0.5,,0.10547350712122613,0.28364024320484643,0.426305012742609,0.48547064770295256,0.4956224405821799,0.43425211942227576
19,2,33.0,6,0.0,0.5,,0.10541094233410694,0.28360593244911925,0.42629332604660075,0.4653965323591306,0.4838747777636163,0.4484574167220762
19,2,34.0,6,0.0,0.5,,0.10536089050441162,0.28357848384453754,0.426283976689794,0.47128699167954247,0.49798401951594223,0.47176462405993747
19,2,35.0,6,0.0,0.5,,0.10532084904065533,0.28355652496087214,0.4262764972043486,0.47881479069404626,0.49838267433768235,0.45707589205022003
19,2,36.0,6,0.0,0.5,,0.1052888158696503,0.2835389578539399,0.4262705136159924,0.4861605116447828,0.48832694159182627,0.42764538628752186
19,2,37.0,6,0.0,0.5,,0.10526318933284631,0.2835249041683941,0.4262657267453074,0.4726813657582155,0.4696297781061606,0.4769778020830513
19,2,38.0,6,0.0,0.5,,0.10524268810340306,0.2835136612199573,0.42626189724875935,0.479985965474272,0.48505235683686526,0.501582241666441
19,2,39.0,6,0.0,0.5,,0.10522628711984852,0.28350466686120795,0.42625883365152095,0.4910624108750755,0.5172624455596474,0.4948377282431551
19,2,40.0,6,0.0,0.5,,0.10521316633300486,0.28349747137420855,0.4262563827737303,0.4976729446168783,0.5192619825230023,0.5041293798538333
19,2,41.0,6,0.0,0.5,,0.10520266970352994,0.283491714984609,0.4262544220714977,0.49591107775677534,0.5588971631730475,0.5196053875607933
19,2,42.0,6,0.0,0.5,,0.10519427239994998,0.28348710987292935,0.42625285350971154,0.5042315472386903,0.5416728639345973,0.5330335930592923
19,2,43.0,6,0.0,0.5,,0.10518755455708603,0.28348342578358565,0.4262515986602827,0.5144325807917641,0.5001504064763037,0.5083570824234593
19,2,44.0,6,0.0,0.5,,0.10518218028279487,0.28348047851211067,0.4262505947807396,0.5170440570220279,0.46761412947358955,0.5443079510865876
19,2,45.0,6,0.0,0.5,,0.10517788086336192,0.28347812069493067,0.4262497916771052,0.520933021281631,0.449327273589707,0.5122186696991916
19,2,46.0,6,0.0,0.5,,0.10517444132781559,0.2834762344411867,0.4262491491941976,0.5267221815109762,0.4397918962639891,0.46011100461525223
19,2,47.0,6,0.0,0.5,,0.10517168969937854,0.28347472543819147,0.42624863520787154,0.5118727649393449,0.4437334678126885,0.5338179494312261
19,2,48.0,6,0.0,0.5,,0.10516948839662885,0.28347351823579536,0.4262482240188107,0.5112934022239228,0.4755778634735802,0.5224421264442813
19,2,49.0,6,0.0,0.5,,0.10516772735442911,0.2834725524738784,0.426247895067562,0.5053950715056117,0.4796336332235252,0.5232715089344153
19,2,50.0,6,0.0,0.5,,0.10516631852066935,0.28347177986434496,0.426247631906563,0.5230640967415896,0.46249427882497285,0.5169970354611433
19,2,51.0,6,0.0,0.5,,0.10516519145366152,0.283471161776718,0.42624742137776395,0.5148158170487708,0.47884293051221033,0.5367131556344598
19,2,52.0,6,0.0,0.5,,0.10516428980005528,0.2834706673066166,0.4262472529547246,0.5055014067133307,0.49936613575634936,0.5360502209848426
19,2,53.0,6,0.0,0.5,,0.10516356847717026,0.2834702717305354,0.42624711821629313,0.5135320010046013,0.4855657428123054,0.557647210831876
19,2,54.0,6,0.0,0.5,,0.10516299141886225,0.2834699552696705,0.4262470104255479,0.5056677401226797,0.47815199463331604,0.5444641408162625
19,2,55.0,6,0.0,0.5,,0.10516252977221582,0.2834697021009785,0.42624692419295185,0.5070032363004395,0.48608919256100264,0.5593384412743616
19,2,56.0,6,0.0,0.5,,0.10516216045489872,0.283469499566025,0.4262468552068749,0.5016780968757278,0.4982442519188922,0.5188633939646027
19,2,57.0,6,0.0,0.5,,0.10516186500104503,0.28346933753806214,0.4262468000180134,0.48625571556080455,0.5018837671467951,0.5389258948977623
19,2,58.0,6,0.0,0.5,,0.10516162863796205,0.28346920791569186,0.4262467558669242,0.5013023533623066,0.4829067145631106,0.5249872898376733
19,2,59.0,6,0.0,0.5,,0.10516143954749571,0.2834691042177956,0.4262467205460528,0.5091785693748967,0.4520618736487593,0.47484184782549077
19,2,60.0,6,0.0,0.5,,0.10516128827512258,0.2834690212594787,0.4262466922893557,0.49876367551853135,0.4189413489313753,0.4755280456859083
19,2,61.0,6,0.0,0.5,,0.1051611672572241,0.28346895489282514,0.42624666968399805,0.49269075194104417,0.4549612780051084,0.4426136973176975
19,2,62.0,6,0.0,0.5,,0.10516107044290532,0.28346890179950224,0.42624665159971187,0.4974227915054228,0.4763484530943338,0.41650363864789697
19,2,63.0,6,0.0,0.5,,0.10516099299145029,0.2834688593248439,0.42624663713228295,0.4829494543170001,0.48506443468487204,0.4318039767730368
19,2,64.0,6,0.0,0.5,,0.1051609310302863,0.2834688253451173,0.4262466255583398,0.47561256936256735,0.4927018385592007,0.39453905622793495
19,2,65.0,6,0.0,0.5,,0.10516088146135508,0.283468798161336,0.42624661629918525,0.47701603953657107,0.5243796926332318,0.34924900124052677
19,2,66.0,6,0.0,0.5,,0.1051608418062101,0.28346877641431084,0.4262466088918617,0.47113143614292463,0.5217813477957943,0.36512847093529
19,2,67.0,6,0.0,0.5,,0.10516081008209413,0.2834687590166909,0.4262466029660029,0.47008356271927354,0.5754144083997037,0.35772984027737964
19,2,68.0,6,0.0,0.5,,0.10516078470280135,0.2834687450985949,0.42624659822531574,0.4628699781175209,0.5755552873311859,0.4039439088626442
19,2,69.0,6,0.0,0.5,,0.10516076439936713,0.28346873396411804,0.42624659443276613,0.4603548526773961,0.5689146022918622,0.4407312164131061
19,2,70.0,6,0.0,0.5,,0.10516074815661973,0.2834687250565366,0.42624659139872634,0.4546680115386499,0.5650681561550253,0.4508433125434668
19,2,71.0,6,0.0,0.5,,0.10516073516242183,0.28346871793047146,0.4262465889714945,0.45461270716478985,0.5017392596731332,0.46345919894117193
19,2,72.0,6,0.0,0.5,,0.10516072476706353,0.2834687122296193,0.4262465870297091,0.4583819076757596,0.5282530069336456,0.5137757013509782
19,2,73.0,6,0.0,0.5,,0.10516071645077688,0.2834687076689376,0.4262465854762808,0.4818963974264793,0.5311009352026896,0.540523730658993
19,2,74.0,6,0.0,0.5,,0.10516070979774754,0.2834687040203922,0.42624658423353806,0.480562410475238,0.5236638443083382,0.5384701506080797
19,2,75.0,6,0.0,0.5,,0.10516070447532408,0.2834687011015559,0.42624658323934395,0.4808307570829008,0.5066388772396556,0.5145583902557755
19,2,76.0,6,0.0,0.5,,0.1051607002173853,0.2834686987664869,0.4262465824439886,0.4875733601952019,0.5334176022356593,0.5107390837084982
19,2,77.0,6,0.0,0.5,,0.10516069681103431,0.2834686968984316,0.4262465818077043,0.4919457762437728,0.5056759354869611,0.537607939023782
19,2,78.0,6,0.0,0.5,,0.10516069408595348,0.28346869540398745,0.42624658129867693,0.4685337029394071,0.46952511988288714,0.5569946387324873
19,2,79.0,6,0.0,0.5,,0.10516069190588881,0.2834686942084321,0.426246580891455,0.48697396619526945,0.48334142348647785,0.5408384579842007
19,2,80.0,6,0.0,0.5,,0.10516069016183711,0.28346869325198787,0.4262465805656775,0.48973293799547923,0.4747749750116325,0.5698733312204882
19,2,81.0,6,0.0,0.5,,0.10516068876659572,0.28346869248683243,0.42624658030505547,0.4806601012204855,0.5159329514280925,0.48706597211729763
19,2,82.0,6,0.0,0.5,,0.10516068765040262,0.28346869187470813,0.4262465800965579,0.48738959171906976,0.52387648357476,0.5286372554121173
19,2,83.0,6,0.0,0.5,,0.10516068675744814,0.2834686913850087,0.4262465799297598,0.47406265639435297,0.49187498568194127,0.5026860236196644
19,2,84.0,6,0.0,0.5,,0.10516068604308457,0.283468690993249,0.42624657979632125,0.46715500188837644,0.47542402965081737,0.49111457424222077
19,2,85.0,6,0.0,0.5,,0.1051606854715937,0.2834686906798414,0.42624657968957047,0.4676652523199955,0.4623595341309687,0.5329654988113279
19,2,86.0,6,0.0,0.5,,0.10516068501440098,0.28346869042911527,0.4262465796041698,0.4784400639921357,0.4581306059638253,0.5152402381512547
19,2,87.0,6,0.0,0.5,,0.10516068464864685,0.2834686902285344,0.4262465795358493,0.4859235027328249,0.46254638988276897,0.4875320476367958
19,2,88.0,6,0.0,0.5,,0.1051606843560435,0.2834686900680696,0.4262465794811929,0.4847439578591442,0.45070706040157055,0.4887013661619533
19,2,89.0,6,0.0,0.5,,0.10516068412196086,0.28346868993969787,0.4262465794374678,0.4882761149136635,0.48411117586786856,0.5042496923711554
19,2,90.0,6,0.0,0.5,,0.10516068393469473,0.28346868983700046,0.4262465794024878,0.5083128678251715,0.45819523331896744,0.44529505910101974
19,2,91.0,6,0.0,0.5,,0.10516068378488183,0.2834686897548425,0.42624657937450366,0.49810948821917017,0.49520975550036506,0.46152848738188756
19,2,92.0,6,0.0,0.5,,0.1051606836650315,0.28346868968911615,0.4262465793521164,0.500670103725754,0.5387397249487819,0.48170937982219264
19,2,93.0,6,0.0,0.5,,0.10516068356915124,0.28346868963653504,0.42624657933420657,0.5071270797181389,0.488375361244743,0.458273002480081
19,2,94.0,6,0.0,0.5,,0.10516068349244705,0.28346868959447014,0.42624657931987875,0.509139402910933,0.49656538906306247,0.46177165081492094
19,2,95.0,6,0.0,0.5,,0.10516068343108369,0.2834686895608183,0.4262465793084164,0.5020386122024424,0.520431523046448,0.4530110501171965
19,2,96.0,6,0.0,0.5,,0.105160683381993,0.28346868953389676,0.4262465792992466,0.5037702948964742,0.5138879191204625,0.510628458718154
19,2,97.0,6,0.0,0.5,,0.10516068334272044,0.2834686895123596,0.4262465792919107,0.4833238296452328,0.5478881668219807,0.5423193811151084
19,2,98.0,6,0.0,0.5,,0.10516068331130239,0.2834686894951298,0.42624657928604204,0.4893951083005275,0.527671764264033,0.578066619490377
19,2,99.0,6,0.0,0.5,,0.10516068328616797,0.28346868948134596,0.42624657928134707,0.4690053624036734,0.5480435830358475,0.5412557045519164
19,2,100.0,6,0.0,0.5,,0.1051606832660604,0.28346868947031895,0.42624657927759113,0.46525493678825586,0.5303260866617157,0.5842500021953577
20,2,21.0,6,0.0,0.9,,0.08781912000800744,0.23385706045977414,0.3563958779873497,0.40934036431144305,0.37837655988123364,0.4156080085459071
20,2,22.0,6,0.0,0.9,,0.08705170230852863,0.23336154304907217,0.3561285090959233,0.4028392944081894,0.3826586801457866,0.4373367693258232
20,2,23.0,6,0.0,0.9,,0.08643776814894556,0.23296512912051065,0.3559146139827822,0.4024184914209255,0.37781617973030396,0.4204197326924096
20,2,24.0,6,0.0,0.9,,0.08594662082127912,0.23264799797766136,0.3557434978922692,0.40164022875199823,0.38272767551050757,0.408329001542005
20,2,25.0,6,0.0,0.9,,0.08555370295914597,0.2323942930633819,0.35560660501985897,0.39401711526282385,0.4047581713677416,0.4427005810400798
20,2,26.0,6,0.0,0.9,,0.08523936866943944,0.2321913291319584,0.3554970907219307,0.39512047077100465,0.3872236242909908,0.4625272878326731
20,2,27.0,6,0.0,0.9,,0.0849879012376742,0.2320289579868196,0.3554094792835881,0.401907367203019,0.4220533763233191,0.47180921373423457
20,2,28.0,6,0.0,0.9,,0.08478672729226203,0.23189906107070848,0.35533939013291393,0.4018821569827362,0.4501669973084798,0.45071034335935983
20,2,29.0,6,0.0,0.9,,0.08462578813593227,0.2317951435378197,0.35528331881237474,0.39807571947005965,0.4820540828800886,0.4627415981952637
20,2,30.0,6,0.0,0.9,,0.0844970368108685,0.23171200951150855,0.3552384617559433,0.38817010066103436,0.46093283934845547,0.4859596402189661
20,2,31.0,6,0.0,0.9,,0.08439403575081747,0.23164550229045971,0.35520257611079825,0.39559550933219745,0.4674362472556993,0.4540726926824112
20,2,32.0,6,0.0,0.9,,0.08431163490277663,0.23159229651362065,0.35517386759468206,0.38486497712695494,0.4678966395678848,0.4890952792062972
20,2,33.0,6,0.0,0.9,,0.08424571422434397,0.2315497318921494,0.3551509007817892,0.382814947793061,0.4837289267437293,0.51338088628605
20,2,34.0,6,0.0,0.9,,0.08419297768159784,0.23151568019497235,0.3551325273314748,0.3733000401331775,0.4886525621151804,0.5016244610813408
20,2,35.0,6,0.0,0.9,,0.08415078844740091,0.23148843883723075,0.3551178285712234,0.3809864387415378,0.48226700133609335,0.49467572716440217
20,2,36.0,6,0.0,0.9,,0.08411703706004339,0.2314666457510374,0.35510606956302226,0.3740787233620982,0.4971149659920571,0.4908005756605493
20,2,37.0,6,0.0,0.9,,0.08409003595015739,0.23144921128208282,0.3550966623564613,0.36700709141407317,0.45153413332886216,0.4452845775622606
20,2,38.0,6,0.0,0.9,,0.08406843506224858,0.2314352637069191,0.35508913659121255,0.3585989035436957,0.4522360969315315,0.41918190158149365
20,2,39.0,6,0.0,0.9,,0.08405115435192154,0.23142410564678814,0.35508311597901354,0.3474022082068977,0.4205604453885212,0.4159276099352409
20,2,40.0,6,0.0,0.9,,0.08403732978365988,0.23141517919868332,0.3550782994892544,0.3635325315684422,0.427761610818966,0.377531663012485
20,2,41.0,6,0.0,0.9,,0.08402627012905058,0.23140803804019955,0.355074446297447,0.3713299956854669,0.43240925917765366,0.4480092922906235
20,2,42.0,6,0.0,0.9,,0.08401742240536311,0.23140232511341244,0.35507136374400117,0.3896267577680994,0.4550329718964556,0.5026147412777575
20,2,43.0,6,0.0,0.9,,0.08401034422641315,0.23139775477198285,0.35506889770124433,0.3786329389091529,0.44637699624665333,0.4761875708385954
20,2,44.0,6,0.0,0.9,,0.08400468168325317,0.2313940984988391,0.355066924867039,0.39321235141149025,0.43283309941648335,0.46495558613838367
20,2,45.0,6,0.0,0.9,,0.08400015164872521,0.23139117348032415,0.3550653465996748,0.388781964720007,0.43526977834208436,0.4769937340881417
20,2,46.0,6,0.0,0.9,,0.08399652762110281,0.23138883346551217,0.3550640839857833,0.39376882514535894,0.44181015992875616,0.43492580973374173
20,2,47.0,6,0.0,0.9,,0.08399362839900493,0.2313869614536626,0.3550630738946702,0.4026745209997241,0.45093436128884823,0.38730744861083616
20,2,48.0,6,0.0,0.9,,0.0839913090213266,0.23138546384418293,0.35506226582177974,0.4055399708811108,0.4805348757109248,0.4540143046924506
20,2,49.0,6,0.0,0.9,,0.08398945351918395,0.2313842657565992,0.35506161936346725,0.41191337662091454,0.4570656547432246,0.4590643193042174
20,2,50.0,6,0.0,0.9,,0.08398796911746984,0.23138330728653225,0.3550611021968173,0.4178164072924931,0.4112227474735704,0.43731236390643746
20,2,51.0,6,0.0,0.9,,0.08398678159609851,0.23138254051047863,0.35506068846349736,0.4227118469609629,0.40681031499321635,0.44627215783307317
20,2,52.0,6,0.0,0.9,,0.08398583157900145,0.23138192708963573,0.3550603574768414,0.41645456586628626,0.43901865770560045,0.44666812716306825
20,2,53.0,6,0.0,0.9,,0.08398507156532384,0.23138143635296146,0.35506009268751665,0.41693870342724093,0.4313601419169908,0.46914626126917264
20,2,54.0,6,0.0,0.9,,0.08398446355438173,0.23138104376362204,0.35505988085605683,0.4167280902288738,0.4273579713682329,0.46815074429007836
20,2,55.0,6,0.0,0.9,,0.08398397714562807,0.23138072969215048,0.355059711390889,0.41542515821513903,0.4414374494377391,0.45103440093840197
20,2,56.0,6,0.0,0.9,,0.08398358801862509,0.23138047843497325,0.3550595758187547,0.4164326825720549,0.45478880124314464,0.44162813052571864
20,2,57.0,6,0.0,0.9,,0.08398327671702274,0.23138027742923142,0.3550594673610473,0.4135144479917279,0.4514594400287361,0.5013757507786971
20,2,58.0,6,0.0,0.9,,0.08398302767574085,0.231380116624638,0.3550593805948813,0.40624958946448614,0.4167710947093181,0.44847660345798646
20,2,59.0,6,0.0,0.9,,0.08398282844271535,0.23137998798096326,0.35505931118194856,0.4019155248074856,0.412110129296146,0.45139736279853243
20,2,60.0,6,0.0,0.9,,0.08398266905629494,0.2313798850660235,0.3550592556516024,0.3867181132685774,0.4119583953024832,0.43106887073556577
20,2,61.0,6,0.0,0.9,,0.08398254154715863,0.2313798027340716,0.35505921122732537,0.40495054783007445,0.41006747613177136,0.428082011067816
20,2,62.0,6,0.0,0.9,,0.08398243953984955,0.23137973686851016,0.3550591756879039,0.4157921897402634,0.4134335304251193,0.4473235777857932
20,2,63.0,6,0.0,0.9,,0.08398235793400231,0.231379684176061,0.35505914725636656,0.4150841161449909,0.3733186668998212,0.463891634557033
20,2,64.0,6,0.0,0.9,,0.08398229264932452,0.23137964202210162,0.3550591245111368,0.4122793541200121,0.39881786642349015,0.45831947620004787
20,2,65.0,6,0.0,0.9,,0.08398224042158228,0.23137960829893417,0.35505910631495297,0.38909402434957097,0.4169468213289794,0.4755526279832278
20,2,66.0,6,0.0,0.9,,0.08398219863938848,0.23137958132040018,0.3550590917580059,0.40727574058959465,0.4202403869426001,0.545429101890173
20,2,67.0,6,0.0,0.9,,0.08398216521363344,0.23137955973757302,0.3550590801124482,0.39283231621884057,0.4590626606713948,0.5096853714173657
20,2,68.0,6,0.0,0.9,,0.0839821384730294,0.23137954247131126,0.35505907079600213,0.42371090814923784,0.48836453577448485,0.4821424377429076
20,2,69.0,6,0.0,0.9,,0.08398211708054619,0.23137952865830186,0.35505906334284526,0.41856349061076353,0.46577925467043935,0.47936646693878354
20,2,70.0,6,0.0,0.9,,0.08398209996655961,0.23137951760789432,0.35505905738031973,0.4221106134476842,0.5170104407733509,0.46004305151104463
20,2,71.0,6,0.0,0.9,,0.08398208627537038,0.23137950876756835,0.3550590526102992,0.4200208369263672,0.49502823851926137,0.4906560670572704
20,2,72.0,6,0.0,0.9,,0.08398207532241896,0.23137950169530752,0.35505904879428296,0.4146676849384475,0.4474955051127603,0.4687110181292324
20,2,73.0,6,0.0,0.9,,0.08398206656005783,0.2313794960374989,0.35505904574146985,0.4071555418401459,0.40238840824450445,0.4680710723523207
20,2,74.0,6,0.0,0.9,,0.08398205955016892,0.23137949151125198,0.35505904329921945,0.40394633251973,0.3771122858785819,0.47391766885842423
20,2,75.0,6,0.0,0.9,,0.0839820539422578,0.23137948789025442,0.355059041345419,0.40582913119229164,0.356344536721446,0.42982030053713
20,2,76.0,6,0.0,0.9,,0.08398204945592891,0.23137948499345642,0.3550590397823788,0.4065434972354316,0.35293750024537035,0.42113238646928036
20,2,77.0,6,0.0,0.9,,0.08398204586686578,0.23137948267601796,0.3550590385319465,0.4019959748642451,0.3319575012622609,0.4486070729291445
20,2,78.0,6,0.0,0.9,,0.08398204299561529,0.2313794808220672,0.35505903753160073,0.4199838960744097,0.3591446934517077,0.41726188592478686
20,2,79.0,6,0.0,0.9,,0.0839820406986149,0.23137947933890665,0.3550590367313241,0.41873644971726415,0.39548318264150717,0.42976969098165985
20,2,80.0,6,0.0,0.9,,0.08398203886101459,0.2313794781523782,0.3550590360911028,0.388283084112401,0.38019509785456107,0.42346145163740606
20,2,81.0,6,0.0,0.9,,0.08398203739093432,0.23137947720315535,0.35505903557892576,0.38631203647338985,0.3716862431592236,0.4827498827907634
20,2,82.0,6,0.0,0.9,,0.08398203621487012,0.23137947644377718,0.35505903516918413,0.3899026062069008,0.37301290226634903,0.5049822772548677
20,2,83.0,6,0.0,0.9,,0.08398203527401878,0.23137947583627455,0.35505903484139084,0.3883954341674086,0.38467627470009386,0.5451731677400918
20,2,84.0,6,0.0,0.9,,0.08398203452133768,0.23137947535027253,0.3550590345791562,0.3961150574291489,0.37761429841985356,0.5270928872645624
20,2,85.0,6,0.0,0.9,,0.0839820339191928,0.23137947496147088,0.3550590343693685,0.40728775748111373,0.3992790248804088,0.517201690310676
20,2,86.0,6,0.0,0.9,,0.0839820334374769,0.23137947465042955,0.3550590342015383,0.4091934629304183,0.4319595824405523,0.45085860398056543
20,2,87.0,6,0.0,0.9,,0.08398203305210418,0.2313794744015965,0.3550590340672741,0.41371059417660383,0.4227810555564382,0.47729487433408224
20,2,88.0,6,0.0,0.9,,0.083982032743806,0.23137947420253005,0.3550590339598628,0.4228247112941664,0.4501529032574192,0.44940616989482185
20,2,89.0,6,0.0,0.9,,0.08398203249716744,0.2313794740432769,0.3550590338739338,0.42419525226877886,0.4349452171241309,0.4569930884434507
20,2,90.0,6,0.0,0.9,,0.08398203229985661,0.23137947391587438,0.35505903380519055,0.43572624401805865,0.40364214182435676,0.4460285134153191
20,2,91.0,6,0.0,0.9,,0.08398203214200796,0.23137947381395235,0.35505903375019604,0.4175317582299363,0.4250755383105596,0.46029262534828447
20,2,92.0,6,0.0,0.9,,0.08398203201572904,0.23137947373241471,0.3550590337062003,0.42005935724481774,0.4389669427763355,0.464675243334575
20,2,93.0,6,0.0,0.9,,0.08398203191470588,0.23137947366718464,0.3550590336710037,0.4263268195926285,0.46765404181706466,0.5333238079334912
20,2,94.0,6,0.0,0.9,,0.08398203183388735,0.23137947361500055,0.3550590336428465,0.40440039479315126,0.450801699521761,0.5578812980628325
20,2,95.0,6,0.0,0.9,,0.08398203176923255,0.23137947357325334,0.3550590336203207,0.41545908010253596,0.47849338983678286,0.5464147085998626
20,2,96.0,6,0.0,0.9,,0.0839820317175087,0.23137947353985547,0.3550590336023002,0.4012929784351488,0.4639899684601948,0.534809156461802
20,2,97.0,6,0.0,0.9,,0.08398203167612962,0.23137947351313723,0.35505903358788354,0.4180364441097647,0.43761784946623183,0.5124427099935727
20,2,98.0,6,0.0,0.9,,0.08398203164302638,0.23137947349176263,0.3550590335763504,0.4330892819914224,0.4123425596446606,0.5704618182247205
20,2,99.0,6,0.0,0.9,,0.08398203161654375,0.23137947347466298,0.35505903356712387,0.4248978946219263,0.43875247160701125,0.5211295940506079
20,2,100.0,6,0.0,0.9,,0.08398203159535766,0.23137947346098323,0.3550590335597425,0.41046327758014634,0.40203553548174364,0.48081108664492306
21,2,21.0,6,0.25,0.0,,0.15573073468736873,0.3844695035496016,0.5879254324520603,0.636316798613662,0.5646884663850242,0.5682841204535041
21,2,22.0,6,0.25,0.0,,0.15631983346452294,0.3904143298339813,0.5733625367739328,0.6351972252436907,0.5565882129889317,0.5276241529210488
21,2,23.0,6,0.25,0.0,,0.16019234386949233,0.3697819189163469,0.5624895033004684,0.6108333327652032,0.5428996098765719,0.522206269963808
21,2,24.0,6,0.25,0.0,,0.16026790713569314,0.36218099158878947,0.5538155748985722,0.6141739869614785,0.5777825631451483,0.491463882439668
21,2,25.0,6,0.25,0.0,,0.16077471672138877,0.35751342356322013,0.5583319748305723,0.6353684156421697,0.6027741796824333,0.45712645205824787
21,2,26.0,6,0.25,0.0,,0.15629181123351954,0.36647576162163215,0.5404235099332227,0.6270596966903541,0.5987417644708227,0.49300193935793707
21,2,27.0,6,0.25,0.0,,0.15612074709897797,0.3797368624778751,0.5441591969051258,0.606201544454702,0.5909267420887363,0.5520214250340177
21,2,28.0,6,0.25,0.0,,0.15127844197814735,0.3813467849172857,0.5644227337751959,0.6343505085414817,0.5847180443874408,0.5404132396785444
21,2,29.0,6,0.25,0.0,,0.1524783167431748,0.3875018890500249,0.546625124436515,0.6333609398160804,0.5572804510321746,0.4903286334404619
21,2,30.0,6,0.25,0.0,,0.15024178245623787,0.3868097873989096,0.5316836466248411,0.6602625236213586,0.5731546415919305,0.46646580135046267
21,2,31.0,6,0.25,0.0,,0.1470675020779378,0.3856015395180127,0.5400583681299975,0.6425689224090612,0.5786138689617228,0.4540280768297814
21,2,32.0,6,0.25,0.0,,0.14745401042150402,0.36954606799200185,0.5641429736728343,0.6468292264473829,0.5766806637965298,0.5083317959953825
21,2,33.0,6,0.25,0.0,,0.15036220992099586,0.3772321835523409,0.5692465496590274,0.6338732297392979,0.5656969504870177,0.5146713451935929
21,2,34.0,6,0.25,0.0,,0.15541262896062727,0.38032573083997423,0.5761491032821207,0.6246132597276643,0.5893672985097274,0.5581392128616788
21,2,35.0,6,0.25,0.0,,0.155879048891028,0.384812942538107,0.5824436918845561,0.5803307669461161,0.5843479804884218,0.519605705032536
21,2,36.0,6,0.25,0.0,,0.1590297952521588,0.39424166190409105,0.6001221360598464,0.5955468664357653,0.585141543992328,0.5785164235137946
21,2,37.0,6,0.25,0.0,,0.15591446408421866,0.40472631827300826,0.595217935389195,0.6160122252067184,0.5511532379798838,0.568727489548481
21,2,38.0,6,0.25,0.0,,0.15712799424648027,0.4081482454539964,0.5840782744744506,0.6302607455523291,0.5349763454899974,0.5800826803614959
21,2,39.0,6,0.25,0.0,,0.154514045683792,0.3946402661425993,0.5749109294535882,0.615860243684405,0.5553418694479474,0.5852138657005995
21,2,40.0,6,0.25,0.0,,0.14818658100983031,0.40445878872603236,0.5715519408589212,0.6178060640819453,0.5465097160337573,0.5532177427901289
21,2,41.0,6,0.25,0.0,,0.1467393554757744,0.4042889617412633,0.5716062944562366,0.6303746197301857,0.5444493586865764,0.5353518896167591
21,2,42.0,6,0.25,0.0,,0.14760258055161107,0.40022872206456234,0.5635619249121134,0.6077475359749668,0.5399905451446922,0.5473994510995381
21,2,43.0,6,0.25,0.0,,0.1499097893310553,0.38709064428621387,0.5697786357723544,0.6236132532176784,0.5608691929138,0.48979199519720173
21,2,44.0,6,0.25,0.0,,0.15483382207576074,0.3831302707121803,0.5459794340608515,0.6215085377618985,0.5264240686498836,0.49175398393480896
21,2,45.0,6,0.25,0.0,,0.15649558689446047,0.3883717136698045,0.5422504996758565,0.6354056319759913,0.57742537721147,0.48358291207700327
21,2,46.0,6,0.25,0.0,,0.15681192681395223,0.388607093016016,0.5275421693079378,0.6361650916874284,0.579562525052277,0.43176396626607677
21,2,47.0,6,0.25,0.0,,0.15652227432981616,0.38558752758195813,0.5417890242457202,0.6316924089261622,0.5366901474028388,0.49603049260506954
21,2,48.0,6,0.25,0.0,,0.1556834017183716,0.39011771257846534,0.538886630150285,0.6266130380628777,0.5078510595241834,0.5506055158513323
21,2,49.0,6,0.25,0.0,,0.15946961018936237,0.3935939900063181,0.5436857865376306,0.6129782900344561,0.5069354573089605,0.5773045919665907
21,2,50.0,6,0.25,0.0,,0.15741549668259502,0.3898312227853915,0.5630386450016059,0.6119972154506104,0.503138972237516,0.5764859872759804
21,2,51.0,6,0.25,0.0,,0.15583541545986704,0.40108665910152197,0.5719323048412028,0.5887430667486175,0.5273763803283822,0.5745601045835516
21,2,52.0,6,0.25,0.0,,0.15694290940030986,0.3971032939097806,0.5603431115224974,0.5581257425305495,0.5307247512394969,0.5827178330341537
21,2,53.0,6,0.25,0.0,,0.15664083945884158,0.3962356459182706,0.5640112238064596,0.5597490311752797,0.4969312903553524,0.5673110027986294
21,2,54.0,6,0.25,0.0,,0.1590919540532984,0.38947815735420765,0.5635528443653907,0.5678730325672696,0.5373364548241464,0.5708251295383062
21,2,55.0,6,0.25,0.0,,0.1545669398203529,0.3950907332048256,0.5669674236738481,0.5591698436622069,0.5243602067682305,0.6361092131749413
21,2,56.0,6,0.25,0.0,,0.1512279642790791,0.39765694918783495,0.5616729680425416,0.5842911964203455,0.5620091684469046,0.6652805181689336
21,2,57.0,6,0.25,0.0,,0.15019733246555855,0.39458395863849804,0.5831029404235709,0.5835087377900944,0.5828430266045632,0.6138109643855794
21,2,58.0,6,0.25,0.0,,0.1510319991356067,0.39759399514174254,0.5619950342356795,0.620084944042563,0.5556427514512283,0.6387468562829702
21,2,59.0,6,0.25,0.0,,0.15277402173435412,0.37517071954677184,0.5585348225474144,0.6115647453254371,0.5585090442662113,0.6292970657511231
21,2,60.0,6,0.25,0.0,,0.1559283897711447,0.3835880138003883,0.5582476512340964,0.5960538658490722,0.5302684630090346,0.634769432476024
21,2,61.0,6,0.25,0.0,,0.1573453308769281,0.3660175417324376,0.5546977018011378,0.5985270006423866,0.509923031485606,0.6163779561093152
21,2,62.0,6,0.25,0.0,,0.16107468106957992,0.36499971413464705,0.5818034985297297,0.6278370920449804,0.5378710926007513,0.5731023648874523
21,2,63.0,6,0.25,0.0,,0.16215587716143273,0.3635020684068996,0.5716657669240203,0.6482740410798263,0.5018603111093692,0.5692968817893209
21,2,64.0,6,0.25,0.0,,0.16425986418746616,0.37094502284091124,0.5565271279245981,0.6322913888336726,0.5515917070975204,0.5832533735584022
21,2,65.0,6,0.25,0.0,,0.16419949910086365,0.3746298841970995,0.5548816674424185,0.637173228415832,0.5718672886122796,0.608935838082578
21,2,66.0,6,0.25,0.0,,0.16615212203088295,0.3700653123409944,0.5438651629535456,0.6155027380160449,0.5522627058154324,0.5351899274231839
21,2,67.0,6,0.25,0.0,,0.1647352303134863,0.39550102595929815,0.5430255616043811,0.6351065480247756,0.5493353581051771,0.4891978818477264
21,2,68.0,6,0.25,0.0,,0.16849818988811477,0.4013279264578601,0.5382025480004811,0.6588520811974048,0.5663907195779209,0.4800650609446098
21,2,69.0,6,0.25,0.0,,0.16463361550771577,0.3999390586842395,0.5726616757059698,0.6365898645135009,0.5904191760785806,0.4996081182043981
21,2,70.0,6,0.25,0.0,,0.16238334119057743,0.398272968938945,0.575789159520478,0.6030304099937406,0.5884796182586265,0.46542726867136885
21,2,71.0,6,0.25,0.0,,0.16263119530433728,0.39247761516343815,0.5649049970715102,0.6100493589131777,0.6257677474102841,0.50229134197421
21,2,72.0,6,0.25,0.0,,0.16072658479074703,0.4006243135408044,0.5799162104319935,0.630321099922745,0.6422352836403908,0.5386372710230585
21,2,73.0,6,0.25,0.0,,0.15724742782563736,0.41648474202281915,0.5916434803050981,0.6117408269778284,0.6451770251961936,0.5748045807139113
21,2,74.0,6,0.25,0.0,,0.16036964698478745,0.4093179829995406,0.5765453565249119,0.6013902339264297,0.6243047445439551,0.5801196383256746
21,2,75.0,6,0.25,0.0,,0.16373638135134044,0.39917634990967377,0.5546156278510188,0.5942635763060808,0.5967144162108934,0.5933138834836631
21,2,76.0,6,0.25,0.0,,0.16395580945098548,0.3890780400065524,0.5559877872132379,0.5952975645685129,0.5765836275323248,0.6057927381384417
21,2,77.0,6,0.25,0.0,,0.16229607333528168,0.39334319541428625,0.5619164371930367,0.604255407258384,0.5948278700392591,0.5747085059281304
21,2,78.0,6,0.25,0.0,,0.15979919975528334,0.40695642828833345,0.5607304442891154,0.5716298091864976,0.6074001544832395,0.5768925585934881
21,2,79.0,6,0.25,0.0,,0.15441598078636692,0.40013107905751477,0.5670775528386243,0.5748866907157516,0.6251821264862036,0.565333242568
21,2,80.0,6,0.25,0.0,,0.1538826848557905,0.38955356257884477,0.5817612291368326,0.5782535836437523,0.6355032465891614,0.5894229556697435
21,2,81.0,6,0.25,0.0,,0.1582716229488706,0.38376661721891325,0.5885189763009986,0.5996970124676558,0.6605084665926477,0.5824613498807656
21,2,82.0,6,0.25,0.0,,0.15836498751891767,0.3884117908549811,0.5658070716461648,0.5854651462728631,0.609833408138461,0.5710673840397208
21,2,83.0,6,0.25,0.0,,0.15500166395171894,0.3822829567745477,0.5706488164510208,0.613056775415814,0.5839400550509972,0.5693292123863236
21,2,84.0,6,0.25,0.0,,0.1562823707603127,0.3892577898510251,0.5722864760173831,0.5990309498952712,0.5663618681992383,0.570342838747484
21,2,85.0,6,0.25,0.0,,0.1567489218256279,0.3951488441581171,0.5620874745712167,0.5776286040338019,0.537806645025969,0.5884062402351069
21,2,86.0,6,0.25,0.0,,0.1559782907862347,0.38962868403422773,0.5467511352663423,0.5614891819034743,0.5653008766039723,0.6259043509255501
21,2,87.0,6,0.25,0.0,,0.16295798563909614,0.40111495705827044,0.5406281514741268,0.574049563026524,0.6039253912184035,0.6287147630197195
21,2,88.0,6,0.25,0.0,,0.15904185259505124,0.40702107702882523,0.5605340471573597,0.5712574862128025,0.5374037571926963,0.6125709426057406
21,2,89.0,6,0.25,0.0,,0.15192311909138945,0.40234121260609024,0.5606600479793482,0.5864859084886037,0.544190625617175,0.5893734985609507
21,2,90.0,6,0.25,0.0,,0.15512286658907876,0.39715838359604744,0.5466724217444718,0.5721654898198095,0.5810088638258687,0.5733690805879373
21,2,91.0,6,0.25,0.0,,0.15784559524231254,0.39751728695606536,0.5145833662536673,0.580312926947054,0.5148885041209421,0.5818128645989633
21,2,92.0,6,0.25,0.0,,0.15783959814940515,0.3930244884728581,0.5269836865060472,0.5802789292215889,0.5323164229932216,0.5702410027410204
21,2,93.0,6,0.25,0.0,,0.15869108436073504,0.3884444686980676,0.5353992519444215,0.5954145004190405,0.5353088568961045,0.5706141109750784
21,2,94.0,6,0.25,0.0,,0.15594077159817737,0.37411444627638785,0.5620495894795596,0.5736535356576781,0.5271026741895173,0.5476541704172803
21,2,95.0,6,0.25,0.0,,0.15464057205597218,0.38478717871196666,0.5557823979012576,0.5478538288558107,0.5218484395524333,0.5029678807053617
21,2,96.0,6,0.25,0.0,,0.1509786215955978,0.3862160090163309,0.5636325344933678,0.5752406877004904,0.538391030521258,0.5483313660155147
21,2,97.0,6,0.25,0.0,,0.15106624460073745,0.38694354146352655,0.5667681617838434,0.5975633108491514,0.4997931438849809,0.5673909419503673
21,2,98.0,6,0.25,0.0,,0.15012156563588416,0.37868186197248155,0.5415596119138771,0.6269353044245786,0.5179818639970252,0.570410343936755
21,2,99.0,6,0.25,0.0,,0.15018031844254817,0.38299420769356673,0.5395575978545587,0.6254992196597254,0.5458905356889127,0.5797762878282617
21,2,100.0,6,0.25,0.0,,0.15656327023858657,0.39610963933391413,0.5443401490966752,0.614169567398344,0.569704439772202,0.5394688549672966
22,2,21.0,6,0.25,0.5,,0.11190678600325521,0.29742771325247813,0.4365093552938995,0.5421346267726479,0.6141204088972482,0.4871172062198169
22,2,22.0,6,0.25,0.5,,0.10636797566448424,0.28595400608372623,0.43215000671647436,0.5286514051114255,0.5932091232242582,0.510975804825979
22,2,23.0,6,0.25,0.5,,0.103817433911925,0.2828335821361305,0.42209363663340227,0.5354480115678552,0.5479366711051438,0.558103509227544
22,2,24.0,6,0.25,0.5,,0.10725603641832557,0.29783029828590823,0.4221046137154209,0.5056585953161225,0.5601711954500782,0.4971293984845939
22,2,25.0,6,0.25,0.5,,0.10438077328427835,0.29812752058586905,0.4264086752568074,0.5387518242152102,0.5019226987163836,0.5134611156859467
22,2,26.0,6,0.25,0.5,,0.10308960756697334,0.2881233702867537,0.4301385663638831,0.5142723825638535,0.500183150124399,0.5082212712369742
22,2,27.0,6,0.25,0.5,,0.10508559364947638,0.3047726028358467,0.42674944572235474,0.5266770152486553,0.5080310041011813,0.5393626145455374
22,2,28.0,6,0.25,0.5,,0.10600841813731439,0.30544100473825697,0.4027166681588671,0.5306739648414867,0.5022551743019132,0.5239118938916211
22,2,29.0,6,0.25,0.5,,0.1067350564860529,0.29425733618595423,0.3948786092081219,0.5223245811316387,0.5195843449712751,0.5293613466112144
22,2,30.0,6,0.25,0.5,,0.11208739861290466,0.28760401204387814,0.40341534131237583,0.5015725418252627,0.52397744084986,0.4881197338275296
22,2,31.0,6,0.25,0.5,,0.11114486614884478,0.2881919298854251,0.42200650595310457,0.5219840262643778,0.5459995883211695,0.5046677549244112
22,2,32.0,6,0.25,0.5,,0.10985812312964875,0.2814054089270404,0.4193250326991539,0.5437546230978659,0.5355485391571267,0.5028263953985521
22,2,33.0,6,0.25,0.5,,0.11135962048760399,0.2875223540924602,0.4246061005156149,0.5336603505487643,0.5415003910090607,0.5229441724505021
22,2,34.0,6,0.25,0.5,,0.10907248862754489,0.28930753157072747,0.422186478068692,0.5593291213211652,0.5037711496005568,0.5057710441132928
22,2,35.0,6,0.25,0.5,,0.10527739262791824,0.2754518677647888,0.39931577468518376,0.5527622342573693,0.5220793094244465,0.4737349579635227
22,2,36.0,6,0.25,0.5,,0.10564774570313049,0.2799049562808581,0.38987660701110227,0.5689002009999051,0.5364799857806404,0.45760734496044264
22,2,37.0,6,0.25,0.5,,0.10549860103546407,0.27029973372448957,0.4025959342708215,0.5598547135688033,0.5306708824985773,0.4524349169411632
22,2,38.0,6,0.25,0.5,,0.10791488048367756,0.2766550453976616,0.3941496998045283,0.5569180367809741,0.5350908032249105,0.4580142877136516
22,2,39.0,6,0.25,0.5,,0.11129917315182972,0.2805929603904678,0.38890717155782917,0.5632897127656395,0.511504810738624,0.4510063441116589
22,2,40.0,6,0.25,0.5,,0.11024359408648965,0.2748027642960939,0.4043173053530541,0.5649298242032104,0.5209786084537045,0.4575338823724781
22,2,41.0,6,0.25,0.5,,0.10908049726248922,0.28776599123623897,0.38547926358981827,0.5724929175472692,0.5090075986687312,0.48092887268834283
22,2,42.0,6,0.25,0.5,,0.10992213254216135,0.2820077805265039,0.38263892396366195,0.5557442849870599,0.4833644378370929,0.48512719823923944
22,2,43.0,6,0.25,0.5,,0.11183077738850607,0.27568965549624413,0.37865661804328465,0.5687107097964551,0.5217858089368089,0.5371226777268501
22,2,44.0,6,0.25,0.5,,0.10950734322040971,0.2775438190098159,0.41056316106633756,0.5591102984329218,0.5475905905221266,0.50969814218148
22,2,45.0,6,0.25,0.5,,0.10490000920410365,0.27322395069200117,0.40856525695456103,0.5399739318307158,0.46914435822308437,0.5156420113178422
22,2,46.0,6,0.25,0.5,,0.10489592189036205,0.27137511778760126,0.39959330611722627,0.5289555665492652,0.503103792042532,0.5166932101905962
22,2,47.0,6,0.25,0.5,,0.10254643014211731,0.2779452235737945,0.3955604807621257,0.5427728100666503,0.5517052193710981,0.48714850704938434
22,2,48.0,6,0.25,0.5,,0.10292073659070226,0.27898645110506376,0.4121422541770546,0.5276780386955082,0.5663072602242645,0.4975674807665927
22,2,49.0,6,0.25,0.5,,0.0992704431047983,0.2904703889136712,0.4121595918699653,0.5418273147823129,0.5504282479865107,0.5145186459800907
22,2,50.0,6,0.25,0.5,,0.0996394782835703,0.2998556520243415,0.4238493701552632,0.5209132296443129,0.5234836213650317,0.4737895918713452
22,2,51.0,6,0.25,0.5,,0.10149726789708287,0.2916780439876886,0.41884928457288667,0.5060731020473004,0.49853929541337455,0.43930374169666225
22,2,52.0,6,0.25,0.5,,0.10551193319963814,0.30551063640761533,0.4185963990179736,0.49026020577667123,0.4844592994777074,0.4003940074136107
22,2,53.0,6,0.25,0.5,,0.10899018374870706,0.31502130545300433,0.4333206016235513,0.505320723941776,0.4728761944518792,0.4405247621888592
22,2,54.0,6,0.25,0.5,,0.10964526934699485,0.30996238107438623,0.43534319838868274,0.48723345171611526,0.4847430071919213,0.44228178389736217
22,2,55.0,6,0.25,0.5,,0.10732597850595704,0.28563356180343485,0.41934130751891774,0.4844770243254085,0.4735528901351563,0.5182237385478914
22,2,56.0,6,0.25,0.5,,0.10745380251915633,0.28698889833978897,0.4287411783249909,0.4982125756993015,0.4884491227160421,0.45457899083831316
22,2,57.0,6,0.25,0.5,,0.10667698759630347,0.28347268757124633,0.41147721186778885,0.4788071305123586,0.5301729818903317,0.5023523835656959
22,2,58.0,6,0.25,0.5,,0.10906900205161715,0.2819023807759488,0.434686891137817,0.4593620828815242,0.5443044204449082,0.4929662675236461
22,2,59.0,6,0.25,0.5,,0.10629838241973973,0.2798483245505259,0.4314566118061466,0.446515798995294,0.5552803813550498,0.4943730140189168
22,2,60.0,6,0.25,0.5,,0.10625553565007939,0.2894204510766838,0.4103139588297692,0.41282433523882106,0.5274238699876921,0.47487969574817707
22,2,61.0,6,0.25,0.5,,0.10715296627304347,0.28526621646862227,0.42118305164782166,0.4209810645049366,0.5136723747882084,0.42162507955868084
22,2,62.0,6,0.25,0.5,,0.10749471231707722,0.290302371524919,0.41092523837425227,0.4597818127536355,0.5496430231043686,0.4111509127245343
22,2,63.0,6,0.25,0.5,,0.10723343817252566,0.29379402781539865,0.4142228517791671,0.46074358656214864,0.5597220319256577,0.39178198454333196
22,2,64.0,6,0.25,0.5,,0.1028038065242856,0.29608686342000007,0.42657237628600375,0.4501737540353098,0.5093244204166036,0.3759535754982991
22,2,65.0,6,0.25,0.5,,0.10301099996431914,0.28738107334408997,0.4166292595302724,0.44446843821319115,0.5180300331317478,0.39974209526254556
22,2,66.0,6,0.25,0.5,,0.10538185295893483,0.2879541119249061,0.4280425875564274,0.44065966842184834,0.5103464445660203,0.43643994753476933
22,2,67.0,6,0.25,0.5,,0.10538097523474976,0.28105799439631557,0.4410513795209419,0.4442598850340662,0.4966501294991225,0.40002762565305156
22,2,68.0,6,0.25,0.5,,0.10669565221036306,0.3039269793796629,0.449899907469484,0.46053769248056364,0.535426399248138,0.44220685645988256
22,2,69.0,6,0.25,0.5,,0.10596451119571655,0.2944750911243484,0.43302573459974986,0.47546661303063703,0.5421607958337065,0.44700249745654475
22,2,70.0,6,0.25,0.5,,0.1026905461950468,0.2850368004656911,0.4379839096773712,0.43641525266501935,0.5673102594443286,0.4399686256889093
22,2,71.0,6,0.25,0.5,,0.1041634570861307,0.28789439903302705,0.42526599361527495,0.45474071635297797,0.5558874980163443,0.4582389741450976
22,2,72.0,6,0.25,0.5,,0.11161089100918523,0.2897486475058941,0.43441094105611644,0.4779071352105909,0.5391053633621435,0.48124627055514557
22,2,73.0,6,0.25,0.5,,0.10867973300790579,0.2987091274214079,0.42031079342449995,0.5018465942541229,0.5638960583708892,0.48747946407762577
22,2,74.0,6,0.25,0.5,,0.10806566421680719,0.30938285811521743,0.423212988826141,0.4646797647045225,0.5436512276358922,0.4760361952877303
22,2,75.0,6,0.25,0.5,,0.10125735171621478,0.31417250784025064,0.42571229720220527,0.4887630540070632,0.5204400382224331,0.5168479960372684
22,2,76.0,6,0.25,0.5,,0.10241750219751722,0.32528457718770476,0.435125661123414,0.49753070775387187,0.5211424181639662,0.4793381281015862
22,2,77.0,6,0.25,0.5,,0.10089430183807888,0.32820120235130223,0.46137687586748627,0.5219792683424294,0.5287037896704929,0.48724201216660656
22,2,78.0,6,0.25,0.5,,0.10330927614596483,0.3282928487541307,0.46204492507825873,0.5105709199328291,0.5209756936206821,0.47374007951201447
22,2,79.0,6,0.25,0.5,,0.10467993777682319,0.32666450602527475,0.4759296884332441,0.47883471923582493,0.5163432540925763,0.50356147979896
22,2,80.0,6,0.25,0.5,,0.10462027563693581,0.32052908017677023,0.46661321717584725,0.465474721360663,0.5367147866415231,0.5209710527069208
22,2,81.0,6,0.25,0.5,,0.10407127954484577,0.3136837651926059,0.4406463358315258,0.49404288952865194,0.5293145051032864,0.49272924416186364
22,2,82.0,6,0.25,0.5,,0.10150965296521115,0.306494449252963,0.44075444520294127,0.497726674372009,0.5034381536944745,0.5115693569202613
22,2,83.0,6,0.25,0.5,,0.10430439592207694,0.31097219096131945,0.45278842217681775,0.507272112221531,0.4871955106160093,0.5566837970144894
22,2,84.0,6,0.25,0.5,,0.10456673429903089,0.2940456582785412,0.44084483897958515,0.532154857432793,0.45796585171850646,0.5303052064294052
22,2,85.0,6,0.25,0.5,,0.10370228000332567,0.290006422822472,0.46766123663303255,0.5312788254057645,0.4676390197033696,0.5408458331881579
22,2,86.0,6,0.25,0.5,,0.10343739305815669,0.2928289601363681,0.4530452828984064,0.5141859283090201,0.4339048965058961,0.5110535609221241
22,2,87.0,6,0.25,0.5,,0.09893024381853002,0.2903792961865025,0.4170015019237385,0.5329340355475904,0.4562047452492224,0.5266152202544567
22,2,88.0,6,0.25,0.5,,0.10088347335526653,0.27096095015671234,0.4271430206497809,0.5316632738336046,0.4878198982385585,0.5328619347444637
22,2,89.0,6,0.25,0.5,,0.10175335098139167,0.28211871774698094,0.4046096969958546,0.5314560112867739,0.5142176607746646,0.48376854287818116
22,2,90.0,6,0.25,0.5,,0.10175905542338518,0.2727322575380394,0.415308694257228,0.5384515443135893,0.5115752786016333,0.4995128517559076
22,2,91.0,6,0.25,0.5,,0.1054372251422909,0.29226011669476637,0.41324785388428104,0.51197219141942,0.5351047687149524,0.5020814150698041
22,2,92.0,6,0.25,0.5,,0.10490242136608466,0.29640329278019373,0.4225705539249621,0.47806164712954596,0.5457359072159741,0.4966309303578137
22,2,93.0,6,0.25,0.5,,0.10416605606954495,0.29787181097203985,0.44649979415970736,0.4553828029268828,0.5059498891938123,0.5083582117002786
22,2,94.0,6,0.25,0.5,,0.10681769254785863,0.2880134170676504,0.43775671279667766,0.4225340394566504,0.5110544260288512,0.5096768364595143
22,2,95.0,6,0.25,0.5,,0.10454206929484211,0.26899946847254086,0.4411623865544915,0.4125691926105407,0.47871773842549326,0.48771164649477894
22,2,96.0,6,0.25,0.5,,0.10388901376025597,0.2865603391970314,0.42516084924933584,0.4151706053810685,0.4609482648750113,0.49534779667260365
22,2,97.0,6,0.25,0.5,,0.10574257910167253,0.2829242506757674,0.40581484705028864,0.46504585555931965,0.4705572008675641,0.5053732820338847
22,2,98.0,6,0.25,0.5,,0.10607550052733868,0.295639593865484,0.38887811073138684,0.5096968500465858,0.4222075547331576,0.5061582865614378
22,2,99.0,6,0.25,0.5,,0.10312766795309485,0.2802018535690341,0.40155421490496773,0.5200273233635218,0.43630527216920206,0.5159958219662728
22,2,100.0,6,0.25,0.5,,0.10375322434968053,0.2902842853384292,0.40705094048123,0.5182337800047226,0.4382155905116977,0.5187484078277383
23,2,21.0,6,0.25,0.9,,0.08912126550140269,0.20561620736076947,0.33128792276859886,0.454214539548191,0.33875528938685007,0.3746792432893441
23,2,22.0,6,0.25,0.9,,0.08719307615986963,0.20994108965595584,0.334345835326479,0.44192709664129726,0.3828167813123658,0.3964121002630069
23,2,23.0,6,0.25,0.9,,0.086289826708144,0.23097055054577548,0.31047144972733964,0.4340988413558552,0.38787030717272153,0.37461496249648085
23,2,24.0,6,0.25,0.9,,0.0850093961371674,0.2298692076514819,0.32335930087290105,0.4398505804547844,0.4013566339364778,0.364335885855732
23,2,25.0,6,0.25,0.9,,0.0841194671212099,0.2434759768300848,0.32592302859255645,0.44545711317298575,0.4138048605215835,0.37514454563668914
23,2,26.0,6,0.25,0.9,,0.08766102229751312,0.24358955169956936,0.3134042641748448,0.4475802683640599,0.4093901086608406,0.3594005961464992
23,2,27.0,6,0.25,0.9,,0.08506029553925568,0.2452702856056622,0.33999651590325736,0.461665790929117,0.4150933074150963,0.3974606089254265
23,2,28.0,6,0.25,0.9,,0.08526788894704986,0.2431521170226923,0.338789667437997,0.44471521960925936,0.4519676471616618,0.3862209492982142
23,2,29.0,6,0.25,0.9,,0.08230037441339841,0.2578433159133084,0.34539370818909293,0.4494723824725956,0.4458510061478079,0.3953155386902914
23,2,30.0,6,0.25,0.9,,0.08626878344735316,0.25305977807839075,0.34413467715012136,0.4303752881530558,0.4273459870583503,0.39917507602422786
23,2,31.0,6,0.25,0.9,,0.08626232931101595,0.25014834937874497,0.3364939981105556,0.4581801044588162,0.44255932741208326,0.4001033044460761
23,2,32.0,6,0.25,0.9,,0.0864620824769664,0.2461978448498427,0.34788678283584823,0.4286212439055547,0.44630939428635996,0.37974080822801415
23,2,33.0,6,0.25,0.9,,0.08736302167559733,0.2421120531515458,0.3494349654679708,0.42262528508799974,0.4533318778399928,0.3837926465824113
23,2,34.0,6,0.25,0.9,,0.08344195536721263,0.2336828111400749,0.3611808561103394,0.4199700149049093,0.5079581123729803,0.4251805854300822
23,2,35.0,6,0.25,0.9,,0.08188377035051493,0.23302844724546992,0.3340154063116335,0.44517332204965826,0.47894004316522454,0.48921068151842395
23,2,36.0,6,0.25,0.9,,0.08313210153284523,0.23014450788726637,0.32960376115010875,0.4357704588209857,0.4639589329902153,0.541031685374546
23,2,37.0,6,0.25,0.9,,0.08711405705737817,0.23710698989249543,0.32984316803419733,0.4397142843482179,0.4524202632747138,0.5536560163820146
23,2,38.0,6,0.25,0.9,,0.08623166579265057,0.2408566964743976,0.3410915149628744,0.4593576904238949,0.4274415685834498,0.4873566690459142
23,2,39.0,6,0.25,0.9,,0.08062257250784804,0.24821369865303589,0.3293988129624132,0.4429990511809252,0.41238398311780833,0.49415873346786093
23,2,40.0,6,0.25,0.9,,0.07817379764546628,0.26496783249247724,0.31377173872581665,0.43915302850989174,0.41052659769718547,0.5011301119282241
23,2,41.0,6,0.25,0.9,,0.07823523305435692,0.25131509933109836,0.33577261505761047,0.4517519028984191,0.406910747570845,0.488942028072858
23,2,42.0,6,0.25,0.9,,0.08262460801945082,0.2574749810561699,0.3418568285317658,0.45010751665885573,0.4547701996821332,0.5111536224582864
23,2,43.0,6,0.25,0.9,,0.08109289444679352,0.2557908450704235,0.3395767170981082,0.44716660988586243,0.4861628421240627,0.5194147796425929
23,2,44.0,6,0.25,0.9,,0.08128342812439086,0.2599364778765886,0.343097880616303,0.4129448454089342,0.4757472524648637,0.4877496694485733
23,2,45.0,6,0.25,0.9,,0.08332251382318208,0.2620302550731409,0.3228072297303922,0.4081880568560111,0.48009911930463345,0.48805618081920477
23,2,46.0,6,0.25,0.9,,0.08337621273597422,0.2600739059643056,0.3383455058492485,0.4299904378015061,0.4535443138305638,0.5380509507993254
23,2,47.0,6,0.25,0.9,,0.08296316836714017,0.2418401002222917,0.35752452582313465,0.41249659235100894,0.47677517955844273,0.5519502952408781
23,2,48.0,6,0.25,0.9,,0.08431988317116786,0.24929002952674767,0.3608099067578031,0.4089246441002697,0.4860498433764617,0.5717701541164601
23,2,49.0,6,0.25,0.9,,0.08550407898902848,0.24054700181649044,0.367081965052357,0.4278214215973497,0.4950679700498995,0.5497609136653864
23,2,50.0,6,0.25,0.9,,0.0845083684184434,0.2313847638062298,0.3860749232141162,0.4455924811050588,0.4725272835678617,0.5234111780345236
23,2,51.0,6,0.25,0.9,,0.08800372557549921,0.23841805341803224,0.39322481247502233,0.4384478819375709,0.47876539210690494,0.480717578849604
23,2,52.0,6,0.25,0.9,,0.08429836155506543,0.26027209196348855,0.40148410036473636,0.39889947696154554,0.47049863461254304,0.4932007016590906
23,2,53.0,6,0.25,0.9,,0.08342467112045363,0.2496723919192561,0.3976252987622183,0.43221626735647745,0.5375519652954714,0.47024247480464354
23,2,54.0,6,0.25,0.9,,0.08684460763638904,0.2502802207935676,0.3736965889244203,0.40580584745888915,0.5220291018697304,0.4555345651406978
23,2,55.0,6,0.25,0.9,,0.08631318223134146,0.25743989867179073,0.35410678696675585,0.3888607863437142,0.47142428501887307,0.48539845060223874
23,2,56.0,6,0.25,0.9,,0.08855171065148375,0.24573610628129097,0.33963678929004215,0.4029158129783858,0.4741474565962435,0.4589774561834024
23,2,57.0,6,0.25,0.9,,0.0901178708464526,0.24702180199885698,0.33148540404548615,0.41408441976543475,0.4939888307786601,0.4527369806119806
23,2,58.0,6,0.25,0.9,,0.08596789590258735,0.22735360733892235,0.3360079786113558,0.4255805985065229,0.4825245302198976,0.42741638327191617
23,2,59.0,6,0.25,0.9,,0.08494292363982829,0.22487035189862933,0.3077968976286842,0.43052226847110686,0.47159051747159814,0.40426466598207905
23,2,60.0,6,0.25,0.9,,0.08549920495484119,0.23659774929071076,0.2996382460295475,0.4143491988910563,0.45708077773055944,0.451443973419828
23,2,61.0,6,0.25,0.9,,0.08604565313206264,0.24345067816726673,0.3194911762458604,0.39924607074537843,0.4520469222362725,0.42835452169553206
23,2,62.0,6,0.25,0.9,,0.08282042737357743,0.24002328095386233,0.3231195997088271,0.38272083680420277,0.47873086953789173,0.46038116536159757
23,2,63.0,6,0.25,0.9,,0.08482754813613162,0.23905377367528838,0.32156136317391243,0.44543645961697625,0.47285916458960164,0.43030117941701446
23,2,64.0,6,0.25,0.9,,0.08510650904001098,0.24375921373741627,0.34282821921594164,0.38877645915582226,0.5156096635897904,0.4662914613413459
23,2,65.0,6,0.25,0.9,,0.08400446491806818,0.24516232035616808,0.3298790660207286,0.4063833484947795,0.477087438400927,0.503902282376571
23,2,66.0,6,0.25,0.9,,0.0833923479472049,0.2461312722270217,0.353296771429607,0.38111295295359393,0.44813059772609354,0.433199631494265
23,2,67.0,6,0.25,0.9,,0.08439646853228452,0.23228171297310446,0.35613646174576086,0.38230094324274566,0.4161951395490518,0.4290104777323351
23,2,68.0,6,0.25,0.9,,0.08376735977472591,0.2283036812230875,0.36462866889538215,0.4015851319721061,0.44605372876651517,0.4427174950055199
23,2,69.0,6,0.25,0.9,,0.08252755615883246,0.22093154177456684,0.3713290842632908,0.41241115482090374,0.4229817653793111,0.4941739960044158
23,2,70.0,6,0.25,0.9,,0.08366388841307744,0.2198073681525105,0.3513464815140922,0.4143683201663423,0.39980206543106,0.4953391968035327
23,2,71.0,6,0.25,0.9,,0.07998922378531201,0.23411124780073916,0.3226258314723399,0.4042046817868126,0.3942243021457,0.5121001738797636
23,2,72.0,6,0.25,0.9,,0.08485467181680606,0.239683051163875,0.34701201796540504,0.45011042303464927,0.446442300167159,0.5094052699297749
23,2,73.0,6,0.25,0.9,,0.08741148313984921,0.23047110186913647,0.3517262931705001,0.4368389264026157,0.4246057333495422,0.5370796632804105
23,2,74.0,6,0.25,0.9,,0.08575451840451284,0.22107391087772138,0.3616943383222966,0.4550044358317037,0.44939711770302476,0.5017336487703785
23,2,75.0,6,0.25,0.9,,0.08742706205982406,0.21933184409182424,0.3709170748369356,0.43660592832054934,0.4402772025126043,0.5231645729207335
23,2,76.0,6,0.25,0.9,,0.09086367983933338,0.22995871257721676,0.36392802986223616,0.44421347699785463,0.4796957222298611,0.5325925731724982
23,2,77.0,6,0.25,0.9,,0.08824562504201736,0.23354080842137076,0.35867965412469444,0.46259298878884597,0.46397105643061864,0.5404150733937365
23,2,78.0,6,0.25,0.9,,0.08684270607561591,0.23169152634196993,0.34245641121498294,0.46332737829950543,0.45465819396247714,0.5283387548005078
23,2,79.0,6,0.25,0.9,,0.08218071490510877,0.24490706362846515,0.33760454363697223,0.4602360904661483,0.46942870800668207,0.492212541574497
23,2,80.0,6,0.25,0.9,,0.08028994461768799,0.2386924157522044,0.3501411673930088,0.4509689884871434,0.4354973891736601,0.507212657307388
23,2,81.0,6,0.25,0.9,,0.07917696081610812,0.2352981302030887,0.3298255154050443,0.4257930181335373,0.37514979073406024,0.5010845060077559
23,2,82.0,6,0.25,0.9,,0.08179915739864792,0.22863818143978626,0.33945037551207186,0.43051213265535787,0.39206114464359554,0.4800524019027324
23,2,83.0,6,0.25,0.9,,0.0801103377463844,0.2290317523468779,0.34026998643438106,0.41665610225103505,0.3773866451671641,0.5051792690204042
23,2,84.0,6,0.25,0.9,,0.08444626683906678,0.22989824746000537,0.3191447971195084,0.41641839097715155,0.43124034381702847,0.5267935200942453
23,2,85.0,6,0.25,0.9,,0.08543931497600672,0.22695168381172745,0.3292159267863512,0.4345590727897465,0.40953898985550163,0.5745000134032479
23,2,86.0,6,0.25,0.9,,0.08688872828494024,0.23586236430352608,0.33377983031013286,0.442479669277978,0.4461290601288397,0.5172329309023712
23,2,87.0,6,0.25,0.9,,0.08484029608687325,0.22908215654701497,0.3376645561316227,0.4355690628678306,0.44025610071385923,0.5139348765974625
23,2,88.0,6,0.25,0.9,,0.08474249366973474,0.23359368527396013,0.3435156015001769,0.4542229533408536,0.43963669963178936,0.4970813933300014
23,2,89.0,6,0.25,0.9,,0.08083474690809944,0.22126202878425943,0.3593308102628029,0.425351208027959,0.4374979374637338,0.46932063399771123
23,2,90.0,6,0.25,0.9,,0.08358626884221758,0.21218985554227782,0.37715631735518523,0.4022392446486595,0.41025484451420946,0.470249943105835
23,2,91.0,6,0.25,0.9,,0.08109644658602588,0.21744444702085075,0.37168043028930414,0.38664861808072465,0.39333685985653855,0.4773544505068112
23,2,92.0,6,0.25,0.9,,0.08575857640444992,0.2180272193919782,0.38760006148683634,0.396181944591277,0.41945371906177975,0.45125653118053677
23,2,93.0,6,0.25,0.9,,0.08884068500647849,0.22619349560151042,0.3968421674682273,0.40481740005478456,0.45175042692536893,0.48100522494442943
23,2,94.0,6,0.25,0.9,,0.08598684631348245,0.2345504474533528,0.3912815819381885,0.4011376512042545,0.4297708224449015,0.46130531635876226
23,2,95.0,6,0.25,0.9,,0.09044988301290377,0.2246793316171114,0.3771303112382057,0.39359879741566484,0.45065742793128083,0.40176179432842674
23,2,96.0,6,0.25,0.9,,0.09057956589432911,0.2175524394909188,0.3629877072455035,0.4022519764564391,0.4018132947221442,0.36750800361505875
23,2,97.0,6,0.25,0.9,,0.09002837972922949,0.22503161568889798,0.366271179795463,0.4255225846898488,0.452948524242695,0.3870765418889537
23,2,98.0,6,0.25,0.9,,0.08738210740296329,0.23053471378487878,0.3592954982279638,0.4511807909886656,0.4445029202718332,0.36045730974885937
23,2,99.0,6,0.25,0.9,,0.08287119124894121,0.2350705098795943,0.35211591050708774,0.44694077282852895,0.4703449147495239,0.38101380276918995
23,2,100.0,6,0.25,0.9,,0.08751859109741325,0.22546902401445293,0.3754014279271319,0.451577177523133,0.47094869877305595,0.3768933139038052
24,2,21.0,6,0.5,0.0,,0.14709087980479757,0.36530369127059964,0.582216273912487,0.5869745299314297,0.5375841865719493,0.5092854212831316
24,2,22.0,6,0.5,0.0,,0.1527662420676174,0.3595979749452979,0.5890999930416605,0.5965536175839472,0.5526677383264429,0.5630681880000005
24,2,23.0,6,0.5,0.0,,0.15076051671164356,0.3635018083447014,0.6017473743218307,0.609539774187026,0.5654364629108656,0.5458386927416086
24,2,24.0,6,0.5,0.0,,0.14220916377673345,0.3448723897253751,0.5782584495577722,0.6382642154735703,0.560677114198473,0.5544731731087098
24,2,25.0,6,0.5,0.0,,0.14388687735306976,0.3371191514032713,0.5823868236346338,0.6575025819087299,0.5470622379048194,0.5635785384869678
24,2,26.0,6,0.5,0.0,,0.14958337580655418,0.3470405310932768,0.5655748462995978,0.5960997668156347,0.5760990777521771,0.5404662992521515
24,2,27.0,6,0.5,0.0,,0.14375774522798207,0.3818294323592088,0.5480936233851681,0.5946719470140998,0.5761354577049251,0.5044436000922656
24,2,28.0,6,0.5,0.0,,0.1486220425158771,0.39847152094394644,0.5308048344394812,0.5482427717638176,0.556520867585521,0.474120815591092
24,2,29.0,6,0.5,0.0,,0.14548255916308267,0.4125506490522769,0.5404490912725605,0.5778850750152879,0.5797009352085465,0.5459115416329288
24,2,30.0,6,0.5,0.0,,0.1430539901669556,0.40014490429106253,0.5093274912945048,0.5578377760968847,0.6240024506292321,0.5456343082647293
24,2,31.0,6,0.5,0.0,,0.1410731095975723,0.39931557394759293,0.5607426291653248,0.5449980857194264,0.5830225178502688,0.5845437057620095
24,2,32.0,6,0.5,0.0,,0.14249995773674862,0.4004029756064614,0.5234064105486598,0.5087582050263653,0.5784547146977908,0.5396779929104836
24,2,33.0,6,0.5,0.0,,0.14111130622844245,0.4066239200800085,0.5230836238400801,0.5028517974942205,0.5968625050124874,0.5198379933942842
24,2,34.0,6,0.5,0.0,,0.14297857536621678,0.42206892629163856,0.5246272523077173,0.4893021267588398,0.5927308368079168,0.5042214226893952
24,2,35.0,6,0.5,0.0,,0.1421496286450702,0.44092497933238545,0.5148923750444275,0.5128328258676721,0.5497157428910996,0.5033771381515162
24,2,36.0,6,0.5,0.0,,0.14501667375648825,0.4509362640959891,0.5059572960162566,0.4993262926321633,0.5125802672468904,0.5269046762837509
24,2,37.0,6,0.5,0.0,,0.14299995958618691,0.4422214207677849,0.515393358822892,0.5043512288538847,0.5460840099169452,0.5080080537887964
24,2,38.0,6,0.5,0.0,,0.15449497317491342,0.45188006469577624,0.5651786284963939,0.5189020834144155,0.5403293691009934,0.4910238176214561
24,2,39.0,6,0.5,0.0,,0.14586086708854729,0.441787023546099,0.5707750660051013,0.5418051358534604,0.5614813762851669,0.5087004904582009
24,2,40.0,6,0.5,0.0,,0.15203792914710793,0.4280845861623203,0.5269853966912807,0.5069530227632751,0.5758766613524575,0.5118032055240898
24,2,41.0,6,0.5,0.0,,0.15598894796263363,0.4374516848254462,0.5256051659648953,0.5310635045561155,0.5482481104622319,0.44944256441927183
24,2,42.0,6,0.5,0.0,,0.15388819836563764,0.4563784652118209,0.4840325989306818,0.5248492448027504,0.5532885724808312,0.5097433803361822
24,2,43.0,6,0.5,0.0,,0.1556593240372192,0.4610330064141939,0.4903994931829141,0.5331113587407628,0.5549317324953842,0.4968901831453601
24,2,44.0,6,0.5,0.0,,0.14321944790847946,0.4740421304284719,0.47098162750545625,0.5389919447555146,0.5196762472822789,0.5012737141342155
24,2,45.0,6,0.5,0.0,,0.1460244289126648,0.4582735666325484,0.5182796747732338,0.5835847883577674,0.5139527237549317,0.4997315111694228
24,2,46.0,6,0.5,0.0,,0.147957068345541,0.46060335042781936,0.5596223290954169,0.5705603246540212,0.48568047839231243,0.5543143763997811
24,2,47.0,6,0.5,0.0,,0.15351762887365622,0.4463028946312518,0.5343517535943547,0.5773609107114274,0.49664548054460467,0.6205615584133737
24,2,48.0,6,0.5,0.0,,0.14643936050366943,0.44662179222715237,0.5387605202998828,0.6007023455556559,0.5217944229304509,0.596449246730699
24,2,49.0,6,0.5,0.0,,0.15413849687779793,0.41294527369939377,0.5214437310063931,0.616659520321422,0.5388000439830463,0.5333226444347983
24,2,50.0,6,0.5,0.0,,0.15271140350299758,0.40589308487041176,0.5532747935155966,0.5980650546853633,0.5391240639057224,0.5511113239740988
24,2,51.0,6,0.5,0.0,,0.15582745284098348,0.40188362737308747,0.5460152153802613,0.5671611033145709,0.5381822015270067,0.4881204195819692
24,2,52.0,6,0.5,0.0,,0.15935906652301732,0.3868774123662643,0.5589510107013637,0.5483600093181306,0.5504612875476986,0.5018529953631321
24,2,53.0,6,0.5,0.0,,0.15853593047141257,0.39954492525056595,0.5567113768240862,0.5194198967601406,0.5188699876613664,0.49478088847906987
24,2,54.0,6,0.5,0.0,,0.1548095668755497,0.39037737387462645,0.5406422188559749,0.5196184538093516,0.5321769610993929,0.5177093624074174
24,2,55.0,6,0.5,0.0,,0.15347071869330714,0.3730417688438202,0.552949139648308,0.4975334724906354,0.5071290834185306,0.4996507075214818
24,2,56.0,6,0.5,0.0,,0.15511187550826316,0.3580704237253426,0.5195691572498919,0.5328136297986157,0.5351839455108288,0.5301385410756312
24,2,57.0,6,0.5,0.0,,0.1589686823105996,0.3709245791307449,0.5322256749645822,0.5102341648332314,0.5676067764943242,0.5206574295199246
24,2,58.0,6,0.5,0.0,,0.1514101459867349,0.37744347353204616,0.5185995215354472,0.5122011644416038,0.5706884851825111,0.5362340588701412
24,2,59.0,6,0.5,0.0,,0.1565116267565086,0.38622466302022707,0.5305022828015076,0.5365203646348908,0.5579731913759128,0.5222339235457364
24,2,60.0,6,0.5,0.0,,0.15491517816779227,0.39879343564686687,0.5344403374317783,0.5365527166684034,0.5831508341840436,0.5691573673240885
24,2,61.0,6,0.5,0.0,,0.15749234762330805,0.3937405108852403,0.5387963276140975,0.5509305154181103,0.6031950397701855,0.5919754088938824
24,2,62.0,6,0.5,0.0,,0.15228393386399308,0.41254701337565114,0.5524473473988375,0.5337932765891101,0.5729488746643374,0.5770019261226581
24,2,63.0,6,0.5,0.0,,0.150178102182386,0.4059796920235141,0.5722187537620105,0.517852351671661,0.5944945340174755,0.5764361266955109
24,2,64.0,6,0.5,0.0,,0.14869196693259285,0.39971504627590215,0.5421118559884378,0.5152389957384229,0.5960846332370513,0.6003763853471703
24,2,65.0,6,0.5,0.0,,0.15171616200660099,0.419276793956572,0.5611438823212668,0.4973124638128482,0.5966167668553284,0.5268509786409296
24,2,66.0,6,0.5,0.0,,0.14535273944457744,0.4006547143012436,0.5686476811400759,0.47630924775983896,0.5605563986423021,0.5493428399675649
24,2,67.0,6,0.5,0.0,,0.15427677124044512,0.41173885352728334,0.5254339839449188,0.4942950628586522,0.5463392470337788,0.5152379612865097
24,2,68.0,6,0.5,0.0,,0.1473102243124559,0.411873344136246,0.5300000872225279,0.5378403640219804,0.5816813372539774,0.5126300363832834
24,2,69.0,6,0.5,0.0,,0.14838767400848088,0.40024975855549155,0.5416434328177797,0.5254876947585329,0.6008419196065561,0.5301040291066268
24,2,70.0,6,0.5,0.0,,0.14774091758022623,0.3791030971641761,0.5085045443499071,0.5165725301200711,0.5368301004611686,0.5440832232853013
24,2,71.0,6,0.5,0.0,,0.15359522100249318,0.39009869061705194,0.51049860501771,0.5229297843510909,0.5569645908599826,0.5406057283648424
24,2,72.0,6,0.5,0.0,,0.15486145686745006,0.3922372100632271,0.53004084440503,0.5355206237532577,0.5604975974991422,0.5308263816172838
24,2,73.0,6,0.5,0.0,,0.15193653197730778,0.38264224145692094,0.5336971626237497,0.551471997368565,0.5483980779993137,0.4860225294191287
24,2,74.0,6,0.5,0.0,,0.14449587506982003,0.39358037324159423,0.5755218631442421,0.5727569517038409,0.5714891968801215,0.5314120954433512
24,2,75.0,6,0.5,0.0,,0.14986946813085883,0.41248993344718565,0.5781335162766151,0.5836791868491369,0.5771913575040972,0.5261167225563953
24,2,76.0,6,0.5,0.0,,0.14865286640239694,0.39564712017248854,0.5504572022300026,0.5470011183450558,0.6053790971063784,0.5721714347635867
24,2,77.0,6,0.5,0.0,,0.15594276908802457,0.40709127658974004,0.5354409817246506,0.5487184889913099,0.612829030312577,0.6360300395914582
24,2,78.0,6,0.5,0.0,,0.15603795241158305,0.4276223121394834,0.5349811836352792,0.5305569541783319,0.6446750571762574,0.616262917196807
24,2,79.0,6,0.5,0.0,,0.16230663647251575,0.4133213211844214,0.5230282649164386,0.5765966277674602,0.6005871462205387,0.602306597127886
24,2,80.0,6,0.5,0.0,,0.1589829376292396,0.43220517050813695,0.5260960022174194,0.59079245659017,0.6107414742465835,0.5652532006696095
24,2,81.0,6,0.5,0.0,,0.15382588828893373,0.4264834061751136,0.5402563119516788,0.5891752737485768,0.6085931793972666,0.6122025605356876
24,2,82.0,6,0.5,0.0,,0.15811512068184388,0.4007805255007404,0.52829012796699,0.6099692158339265,0.5992220233803611,0.5874625860492553
24,2,83.0,6,0.5,0.0,,0.1567598231104001,0.4256247428538319,0.555451787919804,0.5873046623118918,0.5453289555823435,0.540010344976899
24,2,84.0,6,0.5,0.0,,0.1479385170433008,0.43626230551215633,0.5342738954440314,0.5542675138004015,0.5745945702762258,0.5171755462299228
24,2,85.0,6,0.5,0.0,,0.14319675086922548,0.4570626991594737,0.542671244749909,0.5629404141082321,0.5580962987283677,0.5618127647776135
24,2,86.0,6,0.5,0.0,,0.1443065127531488,0.4425654755254301,0.5506413740381182,0.5511809520433882,0.596927112861262,0.538576743537044
24,2,87.0,6,0.5,0.0,,0.1366071358191905,0.44544649442160117,0.5545547860424345,0.5459970559037981,0.6320328368099214,0.5458089665303583
24,2,88.0,6,0.5,0.0,,0.135928413255815,0.42954509826357745,0.5674522555728296,0.5664768720931972,0.6095858075837928,0.5586946798536188
24,2,89.0,6,0.5,0.0,,0.13402155026951493,0.43576014087829024,0.5480117742656201,0.5645623927895183,0.5830039446071594,0.5099457822042742
24,2,90.0,6,0.5,0.0,,0.13477262045873784,0.4340379800432528,0.5506889317605259,0.6028471372543588,0.5726550881179444,0.5284308399032718
24,2,91.0,6,0.5,0.0,,0.12955267831276115,0.43421696716008995,0.5280132832574967,0.5972462795970488,0.5530265443913549,0.540748242423616
24,2,92.0,6,0.5,0.0,,0.1314987183048451,0.42135989934688434,0.534327835763541,0.5767053722695217,0.5676409463660679,0.5532264309528061
24,2,93.0,6,0.5,0.0,,0.1410185231384974,0.38907780987872903,0.5338695455036508,0.5899290702486721,0.6089403492650982,0.5328860726133152
24,2,94.0,6,0.5,0.0,,0.1487084862028481,0.40795012583256557,0.5431912908168541,0.5878212769436606,0.5745629024746672,0.5516310521979647
24,2,95.0,6,0.5,0.0,,0.14443716657221625,0.4097887281162659,0.5107206154694401,0.5430892138985444,0.5939837543586871,0.5720158814849278
24,2,96.0,6,0.5,0.0,,0.1496514280853289,0.41985680473892373,0.5170584449180091,0.6063061221295236,0.5942417633268694,0.5398159986045129
24,2,97.0,6,0.5,0.0,,0.14209360137965618,0.4115602675886739,0.5082766226202995,0.5567900346132236,0.5844819565312303,0.5011425709078658
24,2,98.0,6,0.5,0.0,,0.14064057161644977,0.3935073956884701,0.5111064909796781,0.539170178067089,0.609334302285598,0.5258697452218277
24,2,99.0,6,0.5,0.0,,0.14798372515662034,0.381332722055011,0.5400863970516173,0.5253131918872643,0.5647964605316098,0.5499467746899387
24,2,100.0,6,0.5,0.0,,0.15356845972913963,0.3879092599514719,0.5358672769078713,0.5410913888944217,0.6192277662583722,0.534489462948543
25,2,21.0,6,0.5,0.5,,0.11314609764709689,0.2943549511761597,0.427978697718758,0.5106912772731149,0.4072936114867062,0.5184298783344493
25,2,22.0,6,0.5,0.5,,0.10621818038835769,0.3039323597529128,0.43129631972177107,0.48600627688678005,0.4538204956553045,0.5159052367503804
25,2,23.0,6,0.5,0.5,,0.10801630264105658,0.3311824205632611,0.4736068169814153,0.476966782017596,0.469481369946806,0.5258826780330741
25,2,24.0,6,0.5,0.5,,0.10988433094301178,0.3172534226897503,0.4474877313624395,0.5273800851342427,0.4367169233932097,0.5387558162725383
25,2,25.0,6,0.5,0.5,,0.10144626936349058,0.31936486764326155,0.4440467734095964,0.5136750350144046,0.4870527149502693,0.544230765159688
25,2,26.0,6,0.5,0.5,,0.11114811099800632,0.2935572114991175,0.46847474675937917,0.5449695492014079,0.5298637255310367,0.5193556933302487
25,2,27.0,6,0.5,0.5,,0.10482303530133452,0.3001558735274784,0.43651620138772795,0.5148966109135168,0.5953024713089486,0.5184452109634436
25,2,28.0,6,0.5,0.5,,0.10053564290799155,0.30507640017075854,0.45247661247805765,0.5396038163787378,0.5476654853826297,0.5699439233814763
25,2,29.0,6,0.5,0.5,,0.10314918587803901,0.3117390914474004,0.4262474710705518,0.5278115450973017,0.5101831520311252,0.5691596416163163
25,2,30.0,6,0.5,0.5,,0.10822011587814848,0.3164604600039226,0.4320645226344125,0.5271905598293359,0.4602001939021553,0.542856587228275
25,2,31.0,6,0.5,0.5,,0.11268212648370332,0.30386278650741616,0.40080201518669656,0.5058568743818814,0.4925790756594334,0.5260378648662771
25,2,32.0,6,0.5,0.5,,0.11042596899855298,0.2955086275693892,0.39800072437775824,0.5467697620094825,0.4737489876102387,0.5152328840422722
25,2,33.0,6,0.5,0.5,,0.10949732405554735,0.2747857139469304,0.39712598624575873,0.5862492118136673,0.46606785068911194,0.5242579555998789
25,2,34.0,6,0.5,0.5,,0.11021333244139386,0.26572946894859584,0.4519188290139288,0.5851552801992872,0.44602864186048363,0.5079343047946245
25,2,35.0,6,0.5,0.5,,0.11046016956821267,0.24113461950970588,0.44263399246067053,0.5987479343125719,0.4510934800910061,0.4977106624505769
25,2,36.0,6,0.5,0.5,,0.1121093753730527,0.24471376318883195,0.44249162570154954,0.5786491557574428,0.4227139001527299,0.5010913798703243
25,2,37.0,6,0.5,0.5,,0.11955793321524913,0.24393796484357821,0.4522589678042396,0.5707021149570849,0.4884361182976513,0.4569891678216253
25,2,38.0,6,0.5,0.5,,0.11637824174552532,0.25684718412403923,0.46659684029667214,0.5656925023021395,0.45903443218323936,0.4881013319265475
25,2,39.0,6,0.5,0.5,,0.11277050122196826,0.2869823959041479,0.4827484427299538,0.5454031921341752,0.4672275457465915,0.47048106554123786
25,2,40.0,6,0.5,0.5,,0.12043659132539326,0.2821039064795524,0.4931072955176443,0.5732344571544771,0.46667077566985304,0.4808236997276135
25,2,41.0,6,0.5,0.5,,0.11972573192201155,0.2807886685171557,0.4882865468284536,0.5521154740562688,0.4819331889918209,0.4522740297360187
25,2,42.0,6,0.5,0.5,,0.11539545048149706,0.2797548926255936,0.4639239010403422,0.5420514971887742,0.5044399957948518,0.4034355046470419
25,2,43.0,6,0.5,0.5,,0.1184738542750059,0.2787120345489124,0.46740828669048595,0.5298689997470064,0.455108484586847,0.4077616318222688
25,2,44.0,6,0.5,0.5,,0.11846670501481267,0.2645860671890081,0.520384443039743,0.5015606870354621,0.44042661203518013,0.40664660386887624
25,2,45.0,6,0.5,0.5,,0.11258712428954835,0.2574498871315547,0.458989362273578,0.48573901465620273,0.4650328169468573,0.4281190009146939
25,2,46.0,6,0.5,0.5,,0.11498536104790039,0.2525068771682794,0.4430513081246514,0.48613338404287215,0.46342992058145666,0.39987290815231474
25,2,47.0,6,0.5,0.5,,0.11245414072149366,0.266755103182976,0.43895523854202595,0.4927843081033606,0.48652841666879726,0.46272830365815293
25,2,48.0,6,0.5,0.5,,0.1158779607355817,0.2844941860448912,0.4561617725356276,0.49732875413780847,0.47138134128282944,0.4538827945885663
25,2,49.0,6,0.5,0.5,,0.11436764050966539,0.2584332014566868,0.49017755585747996,0.5149601208662039,0.48276802682937714,0.4310553401805845
25,2,50.0,6,0.5,0.5,,0.11376685875144352,0.27110404632018015,0.4763568873202132,0.49355951617755256,0.5022404405689315,0.41471568823966665
25,2,51.0,6,0.5,0.5,,0.11307069523208502,0.2891095811408347,0.45071520059888137,0.4743374143136223,0.5340074385202176,0.41033771647260703
25,2,52.0,6,0.5,0.5,,0.11213951632490175,0.28600070430282565,0.44114839796244076,0.488872469051607,0.5357207052136517,0.3931598315588647
25,2,53.0,6,0.5,0.5,,0.10587644470131692,0.32551994535095546,0.44457351954749375,0.515933552280936,0.5581863887084648,0.37939796912657575
25,2,54.0,6,0.5,0.5,,0.10251615247970103,0.3248185119738179,0.40485687420329297,0.5282177350535082,0.556570207976114,0.42641176393217844
25,2,55.0,6,0.5,0.5,,0.10975381625524802,0.33489649427484847,0.3979278536906546,0.4993968611005773,0.5750736139094881,0.4211294111457427
25,2,56.0,6,0.5,0.5,,0.1090075242009247,0.3549675265041367,0.36481223236328336,0.5351555677637044,0.5495147386357634,0.460995763154658
25,2,57.0,6,0.5,0.5,,0.10206355556814099,0.34110229914477613,0.3709169953914838,0.503870729077471,0.5340656501352112,0.4921455324157507
25,2,58.0,6,0.5,0.5,,0.0982412790372628,0.34981755377465984,0.33787756288839865,0.48747936789245394,0.5842225476384194,0.4766605238162246
25,2,59.0,6,0.5,0.5,,0.09843268946597718,0.34699237348107914,0.38048572244155715,0.46732199470608815,0.5824779016048992,0.4995567143563301
25,2,60.0,6,0.5,0.5,,0.09564076017464837,0.33153950768428697,0.36932160580819623,0.4911585737376951,0.5739164867738146,0.48798801922377005
25,2,61.0,6,0.5,0.5,,0.10007747889046563,0.30588874274275646,0.35201873896125474,0.5120140624781706,0.5368841295786376,0.521271561448643
25,2,62.0,6,0.5,0.5,,0.10594102608948779,0.2942799401423566,0.4018171833194426,0.5221485731677997,0.5687037199249314,0.5033549972309324
25,2,63.0,6,0.5,0.5,,0.10226968528177807,0.2952005909593479,0.3958965002834325,0.47515103147998133,0.49899571060471165,0.5409710055043345
25,2,64.0,6,0.5,0.5,,0.10489069868003183,0.3170728492157705,0.4215189845843394,0.4671539042722352,0.49341030339178066,0.5368168980931796
25,2,65.0,6,0.5,0.5,,0.10137283593972728,0.28842990384269135,0.4064462122352839,0.45012685537283137,0.5326944505087713,0.5137591574147615
25,2,66.0,6,0.5,0.5,,0.11253203733763706,0.3188482571015449,0.4436486425926748,0.4694805840800962,0.5393024441910513,0.5085195982898204
25,2,67.0,6,0.5,0.5,,0.10660359069036096,0.3424306620310602,0.4903599662799668,0.48882780523955544,0.5462341792961258,0.5068156786318564
25,2,68.0,6,0.5,0.5,,0.11263733021042018,0.323967905228334,0.4806981054898213,0.48993466071149544,0.5139971161032545,0.5029401157390885
25,2,69.0,6,0.5,0.5,,0.11824276626092396,0.3205197948458519,0.4759729680784199,0.45030153811782425,0.49123916364131415,0.5395970361399587
25,2,70.0,6,0.5,0.5,,0.11015335173975942,0.3195817628583479,0.46345610754222466,0.41159729315570937,0.5147711701578984,0.5261706601242546
25,2,71.0,6,0.5,0.5,,0.10479375451815456,0.3326853299142889,0.4280316010583303,0.4199945014678906,0.517985617378886,0.506957743896151
25,2,72.0,6,0.5,0.5,,0.10483458337801219,0.3297345764905197,0.422624535371498,0.47880638138566034,0.5099376215381837,0.4912652876963673
25,2,73.0,6,0.5,0.5,,0.10475028207875894,0.31478993616988826,0.4623277193050991,0.5030988594027883,0.46817624696550764,0.4930122301570938
25,2,74.0,6,0.5,0.5,,0.11473164683270638,0.3216973067974674,0.48072860558181674,0.47616296235306016,0.4517123792931165,0.5144097841256751
25,2,75.0,6,0.5,0.5,,0.11026914469071732,0.33886844935757865,0.5000828257170697,0.46506914500704577,0.5226254512786455,0.4770150492927178
25,2,76.0,6,0.5,0.5,,0.12066179480145005,0.3347042127612248,0.4813971782303971,0.5177789941332854,0.5014006400515739,0.47039342315529203
25,2,77.0,6,0.5,0.5,,0.12922286602197025,0.33040710084997993,0.4590366600525111,0.4998555913987522,0.4811205120412591,0.47468277644594065
25,2,78.0,6,0.5,0.5,,0.1223357392465942,0.3085481208964968,0.46213401569024704,0.5164035819962189,0.4679481982855271,0.4938661558398215
25,2,79.0,6,0.5,0.5,,0.11394478881577308,0.3101274481582784,0.4865565382670526,0.5151939964099465,0.4936383126272837,0.5055709972035877
25,2,80.0,6,0.5,0.5,,0.12269487610610816,0.3070048416871484,0.47101573839261845,0.48464620062452185,0.4492248114780528,0.5044567977628701
25,2,81.0,6,0.5,0.5,,0.12000564705408374,0.29752026188644126,0.44553357925993353,0.4663654173355945,0.4336992006986615,0.5204666177738531
25,2,82.0,6,0.5,0.5,,0.11953412784737809,0.2867667050097645,0.45372795342855854,0.5277058625774892,0.47886740030107633,0.5205759281101925
25,2,83.0,6,0.5,0.5,,0.11543868127079224,0.28892175414973564,0.45365638502460215,0.5615853696429054,0.4666288317913935,0.5517655560343216
25,2,84.0,6,0.5,0.5,,0.1077070253713065,0.2881336984145542,0.44891725747362077,0.4596564009412004,0.4343309202401076,0.5285682871448121
25,2,85.0,6,0.5,0.5,,0.11366736561216455,0.26797559099935264,0.44870993814179083,0.48589287113831414,0.4651393822557425,0.5354536521787863
25,2,86.0,6,0.5,0.5,,0.11486859893821066,0.28404350191592564,0.4158011210929529,0.4016944290357928,0.4536090998755265,0.5137517233048297
25,2,87.0,6,0.5,0.5,,0.11417676777664672,0.2547487881774115,0.4385019023945591,0.442496617463484,0.47481156420730164,0.5611904144102892
25,2,88.0,6,0.5,0.5,,0.12308465540447315,0.2906542641399747,0.4454044909685231,0.4474179632698436,0.4354890383751492,0.5428049149511511
25,2,89.0,6,0.5,0.5,,0.1200293003936795,0.27779113888591683,0.44531456483085324,0.4822092296946393,0.4494214456603647,0.5709326160509333
25,2,90.0,6,0.5,0.5,,0.11560058564376256,0.27786980149210494,0.4405277285733554,0.49428644105895836,0.4775243450119818,0.5535734244983532
25,2,91.0,6,0.5,0.5,,0.10789720451409815,0.29390949622289836,0.4174103683098355,0.5149208794387908,0.46768501831159187,0.5479848183928633
25,2,92.0,6,0.5,0.5,,0.10949396995642599,0.29888538165228523,0.420524053193368,0.5301651567681545,0.48320308839675796,0.546688714106714
25,2,93.0,6,0.5,0.5,,0.10663791124218465,0.30084293795099015,0.4539135392294054,0.5196146112248248,0.5104501628535983,0.5315163740109033
25,2,94.0,6,0.5,0.5,,0.09942700446818736,0.318181423610914,0.4004274667465918,0.5401853855385997,0.5541550928194426,0.5393735892975254
25,2,95.0,6,0.5,0.5,,0.10063761980779302,0.30511894293897934,0.35321337540170356,0.5620688676324561,0.5422682920127448,0.5480690487869981
25,2,96.0,6,0.5,0.5,,0.10186137622401803,0.2908010533583524,0.3617932265092797,0.5496885465269749,0.48636602021685504,0.5315997383817891
25,2,97.0,6,0.5,0.5,,0.0951980550088246,0.2994342587068406,0.3438172370477716,0.5399572941174583,0.485693173151574,0.48188424540916425
25,2,98.0,6,0.5,0.5,,0.09810328974584089,0.32722664309395527,0.35114121920297736,0.575238932112759,0.498728492239898,0.4811639419063166
25,2,99.0,6,0.5,0.5,,0.09677214822199022,0.32088352676704607,0.37146954935558274,0.5504209703997767,0.49598002201136815,0.44493115352505325
25,2,100.0,6,0.5,0.5,,0.09573970703698202,0.30437033650598694,0.3901905974979975,0.5387915478980742,0.4697267615795022,0.5327774475330213
26,2,21.0,6,0.5,0.9,,0.08950880062071906,0.29885707442468756,0.4039412006742749,0.3969607345293003,0.4770980824057762,0.503418690080467
26,2,22.0,6,0.5,0.9,,0.08128099994660001,0.2731563402983215,0.41761026060416057,0.35853303697504646,0.48537191096123083,0.492147420086711
26,2,23.0,6,0.5,0.9,,0.08071320698215417,0.24845698106315392,0.4244677757796582,0.3289128915625515,0.4509238725471253,0.4724869759529545
26,2,24.0,6,0.5,0.9,,0.08058949325668646,0.2501442935570995,0.3604733133042005,0.3617456023300866,0.5183124948164533,0.5057381059884745
26,2,25.0,6,0.5,0.9,,0.08279490357205505,0.26853976523544143,0.4036202890631104,0.39100799038550543,0.5146499958531627,0.46817293018764927
26,2,26.0,6,0.5,0.9,,0.08862494065170451,0.25666349772739083,0.417967797530452,0.43911822258044086,0.4969235680558203,0.4743822884586607
26,2,27.0,6,0.5,0.9,,0.08971624519789065,0.24800942094624814,0.3817021650543281,0.4407415952427501,0.5319274789410943,0.4984891824766227
26,2,28.0,6,0.5,0.9,,0.08646178357574975,0.24720674078147917,0.3638199583161428,0.4467566432358149,0.5590640126819348,0.5103537625924254
26,2,29.0,6,0.5,0.9,,0.08477562361025678,0.24738960424583273,0.34155713753783656,0.4741919413483262,0.5345585454690381,0.5178564524146277
26,2,30.0,6,0.5,0.9,,0.09156583705892989,0.253458730549233,0.34092246566353135,0.46389694567981776,0.5063037340404902,0.5099740205444357
26,2,31.0,6,0.5,0.9,,0.09008818256272846,0.24420162738044454,0.3571955553069158,0.4916210525872168,0.5416547892577998,0.5073544193403005
26,2,32.0,6,0.5,0.9,,0.09481325864135245,0.23156687769835854,0.35982094024255323,0.4918483411846605,0.5420853892014998,0.5045926202225862
26,2,33.0,6,0.5,0.9,,0.09544583083220427,0.22616805229933723,0.37262441354573056,0.4666414635920451,0.5482295501022095,0.478668722039057
26,2,34.0,6,0.5,0.9,,0.0960362294966445,0.23972343610237745,0.3866010472494076,0.4401159702089242,0.5200376846049634,0.4829349776312456
26,2,35.0,6,0.5,0.9,,0.102313312432354,0.23859288153498684,0.38701304597890795,0.42924343364044526,0.5076938244222429,0.5318041229621426
26,2,36.0,6,0.5,0.9,,0.10171171049378044,0.21986552338109683,0.36014967432132733,0.42040517247687725,0.5249259413289508,0.49000315503368
26,2,37.0,6,0.5,0.9,,0.10286302214127363,0.22192315107856841,0.39243293784911987,0.4153040587610934,0.5141662642788913,0.48993223996052404
26,2,38.0,6,0.5,0.9,,0.10166316678975866,0.19035710419427118,0.3826201046369669,0.3899729841658399,0.5362332684608828,0.45198632997695193
26,2,39.0,6,0.5,0.9,,0.10802526857200859,0.2161016419799521,0.3455540460942094,0.41514466859790994,0.49940950586629623,0.42827810179611525
26,2,40.0,6,0.5,0.9,,0.11023625135558027,0.21545217386175955,0.320541739817932,0.39926275757367147,0.5449746181010429,0.39211204057785803
26,2,41.0,6,0.5,0.9,,0.10215802437714668,0.2445903105273734,0.3373005811861445,0.43965142204160024,0.46833591413001374,0.409716295120198
26,2,42.0,6,0.5,0.9,,0.10598329607456711,0.24970067895727494,0.36526179682254206,0.44349155649635613,0.42533764447512246,0.421914276032808
26,2,43.0,6,0.5,0.9,,0.09877327510363652,0.24596468479985772,0.4004297351854388,0.4701347293504338,0.4007928139785477,0.4407482451340212
26,2,44.0,6,0.5,0.9,,0.0992177806596429,0.25541268623115554,0.42627359933537223,0.4519357038504386,0.40904042348475844,0.5004600770225976
26,2,45.0,6,0.5,0.9,,0.09596284498148104,0.22627476660627027,0.41442259562709394,0.46758076630153644,0.4397914463424161,0.49382002633926725
26,2,46.0,6,0.5,0.9,,0.09428949117620232,0.23494662704347843,0.4403539765413938,0.44855048641724,0.45531053739448957,0.48396111589706675
26,2,47.0,6,0.5,0.9,,0.1026958874959298,0.23779244935493155,0.4281305149650674,0.42667811870669536,0.46401138181412777,0.45412033401937946
26,2,48.0,6,0.5,0.9,,0.09831506257904851,0.24857833604171828,0.43233893029242776,0.36682091281885865,0.5032051835132435,0.4329053830473374
26,2,49.0,6,0.5,0.9,,0.09395163321191445,0.22503317683305474,0.4177486569502376,0.36625545240776297,0.4645875456839705,0.43019100362378315
26,2,50.0,6,0.5,0.9,,0.09192089312119192,0.2030174968322745,0.4103864426149115,0.41241147349809326,0.456521019069765,0.4382578289808542
26,2,51.0,6,0.5,0.9,,0.09575392646789231,0.19913800437727405,0.36573421813801177,0.43057720594766014,0.4657928389108886,0.44292812181400515
26,2,52.0,6,0.5,0.9,,0.09723302285116474,0.1820760948029761,0.37552098286752356,0.42490296844332825,0.4281566022059581,0.4697773456310423
26,2,53.0,6,0.5,0.9,,0.09483809197747942,0.19932293326512054,0.36124031527786127,0.41064781500273356,0.4268247217092269,0.43644011043979986
26,2,54.0,6,0.5,0.9,,0.09060183015072748,0.21744265302772123,0.3609129239953994,0.4261958434068111,0.465770302897511,0.47226530875919825
26,2,55.0,6,0.5,0.9,,0.09431130356404675,0.2166311889445432,0.35672243881256854,0.431314922669224,0.4475120555366775,0.455418501204393
26,2,56.0,6,0.5,0.9,,0.09173760218381224,0.21215940867295982,0.39689609198718145,0.381563013664466,0.44167525619601483,0.537567079945936
26,2,57.0,6,0.5,0.9,,0.0922611487421748,0.23944912955900147,0.3744693308739572,0.3508130228504778,0.471522937542595,0.5340053649684787
26,2,58.0,6,0.5,0.9,,0.09127744747971557,0.22795365125915318,0.35687060896857303,0.32067664150848935,0.4707102651192545,0.5186177243866862
26,2,59.0,6,0.5,0.9,,0.0826045455783569,0.24590506028476522,0.3606405997877589,0.34716235359694714,0.4320223609855094,0.5176483639198411
26,2,60.0,6,0.5,0.9,,0.08103073445554529,0.27472934543655453,0.32022916279352903,0.40192132296066657,0.46784671528189914,0.4836382903646215
26,2,61.0,6,0.5,0.9,,0.08400728449102912,0.2597511806621639,0.34559451969126764,0.4163756785632562,0.42775238724579256,0.4892316703682621
26,2,62.0,6,0.5,0.9,,0.08856353641658818,0.24000217140344934,0.3816370767481646,0.41641379776604914,0.44578126709924487,0.4372022631654818
26,2,63.0,6,0.5,0.9,,0.08114963631970393,0.25257510301266295,0.3896184307874629,0.4165280881221755,0.42995462063618506,0.40872596831964436
26,2,64.0,6,0.5,0.9,,0.07789280675384118,0.2591574143674966,0.4098555380203452,0.3929792579543826,0.4719883727005355,0.3679205233612468
26,2,65.0,6,0.5,0.9,,0.07908411514322662,0.23639239376756835,0.37794991371063724,0.41783168129703235,0.4502144793833886,0.38409190898717743
26,2,66.0,6,0.5,0.9,,0.08336704773521192,0.23716365946564505,0.3887997198728922,0.4137411498243326,0.4534403263775788,0.39930080872729307
26,2,67.0,6,0.5,0.9,,0.08353998366134277,0.24395328018943138,0.3701160988211586,0.4201480611609926,0.42011004180633904,0.38910101410411346
26,2,68.0,6,0.5,0.9,,0.08493837192080303,0.252106107976478,0.4038801527244459,0.42565900023616965,0.4350485114176658,0.42724045367999164
26,2,69.0,6,0.5,0.9,,0.09255871915278649,0.24874464754451994,0.3994534348268335,0.45088524843467237,0.4086199657141612,0.45875467365889416
26,2,70.0,6,0.5,0.9,,0.0938124437364268,0.25614709857502166,0.43038802996851827,0.4407835472151179,0.4504049218683483,0.4705978375687951
26,2,71.0,6,0.5,0.9,,0.09744490269910862,0.25841276479459313,0.41485154445386846,0.4401135112094983,0.4861280155712864,0.5097196670948725
26,2,72.0,6,0.5,0.9,,0.09491683929545332,0.24250681322078163,0.41183834377861006,0.41122153419861396,0.4540283917728264,0.4386977403802666
26,2,73.0,6,0.5,0.9,,0.09208503055403182,0.26405200372308774,0.3724625364924799,0.4144188339212393,0.38994810218646486,0.4143005407757297
26,2,74.0,6,0.5,0.9,,0.09452931362739957,0.2418608475692694,0.361577765792484,0.38993079225569227,0.4523938874949069,0.42072042096094026
26,2,75.0,6,0.5,0.9,,0.09438328978919565,0.2588534076281335,0.3871410555929994,0.42073330699230693,0.4676399940913966,0.4528917392173627
26,2,76.0,6,0.5,0.9,,0.09279358039170656,0.27272475883614394,0.37355785441664924,0.4315625069593384,0.4646868464414145,0.5029920978431909
26,2,77.0,6,0.5,0.9,,0.08642425652932063,0.27492373649060353,0.3754103568652355,0.42699076021596144,0.504997277551552,0.5081945683008228
26,2,78.0,6,0.5,0.9,,0.08531155521308627,0.29591023614851125,0.394402063620517,0.4442377880415142,0.5178692671284928,0.5307699077242011
26,2,79.0,6,0.5,0.9,,0.09165164740504661,0.28615631778639095,0.40495475453131097,0.4444517464026577,0.5065940423196053,0.5540454829380059
26,2,80.0,6,0.5,0.9,,0.09184748856012556,0.2864835312002733,0.3659105543114898,0.45858431624734075,0.5104215899263247,0.6032363863504047
26,2,81.0,6,0.5,0.9,,0.09182268514681251,0.2973249010401423,0.43975905035300566,0.4083398083281923,0.48178229353663166,0.6094348447138397
26,2,82.0,6,0.5,0.9,,0.09115917645054175,0.2701475100395449,0.41877049609596506,0.4106827000625155,0.4710479186603601,0.5795387369007707
26,2,83.0,6,0.5,0.9,,0.08514991401371395,0.2800979277609793,0.4346878095827428,0.4701061937651357,0.4611912474661909,0.554552778204445
26,2,84.0,6,0.5,0.9,,0.0801329567773982,0.29162711956042836,0.46548443983857773,0.42712134989851036,0.4900477421201555,0.5445503029997105
26,2,85.0,6,0.5,0.9,,0.07686184045090755,0.27722851993109004,0.42399453245819296,0.4520618822787744,0.4807280037396951,0.5719298838717003
26,2,86.0,6,0.5,0.9,,0.08081825267242201,0.2597049370410588,0.4088707746943969,0.4475581570772684,0.4958836022458402,0.6184160742748768
26,2,87.0,6,0.5,0.9,,0.08925324119796646,0.26462359395966223,0.39412985977646675,0.43263891513200053,0.4964715467402473,0.5788244550160577
26,2,88.0,6,0.5,0.9,,0.08771013551152015,0.28229956393272876,0.4210405238717282,0.4782158281313226,0.4298906965659496,0.5361801160764382
26,2,89.0,6,0.5,0.9,,0.09088922731987115,0.29552502795004154,0.4140889319756488,0.46463152863076573,0.4370880609032385,0.4975905252151837
26,2,90.0,6,0.5,0.9,,0.086117766279141,0.28475328591981225,0.43413404040976955,0.5202977535879002,0.4140529317788144,0.558072420172147
26,2,91.0,6,0.5,0.9,,0.08119032561563191,0.2741932583186811,0.397288763432472,0.5033721923319832,0.4174323649880091,0.5408350732323635
26,2,92.0,6,0.5,0.9,,0.07717580006990843,0.29095297245021917,0.3671761747850161,0.5081476047606566,0.43396898881171353,0.5050052296424268
26,2,93.0,6,0.5,0.9,,0.0766715591615422,0.2779599794534945,0.38861322308803337,0.5201010243916343,0.37926941203395415,0.4436721124205666
26,2,94.0,6,0.5,0.9,,0.0901328776810187,0.2554285635178394,0.40164469360991434,0.5249252418336934,0.4023610652607994,0.4886377845271087
26,2,95.0,6,0.5,0.9,,0.09434458046156068,0.23706442683988,0.4067528805659582,0.4931915832965609,0.41929771645789604,0.47388483081260546
26,2,96.0,6,0.5,0.9,,0.09254650074870975,0.24769030576758394,0.4050186159294732,0.47674838898347627,0.473451551777606,0.4704343207614775
26,2,97.0,6,0.5,0.9,,0.09260847785735034,0.2618406620795329,0.40998867177779197,0.4542232607172171,0.5011052744005375,0.46383730451443717
26,2,98.0,6,0.5,0.9,,0.0876367406282751,0.24724108990267024,0.42228715445465304,0.45049744190569607,0.5269883590946456,0.4326184201348764
26,2,99.0,6,0.5,0.9,,0.08991284001594275,0.23966277812890474,0.3824082323281437,0.4033900215231495,0.5257960876857215,0.39771383982269415
26,2,100.0,6,0.5,0.9,,0.08976794603355209,0.2400767777573482,0.40999179718649287,0.3872714732869788,0.490938657295905,0.4180044433582669
27,3,21.0,6,0.0,0.0,,0.15671400496202317,0.39445191219522785,0.5647985664381057,0.6198974328566174,0.6307831642699202,0.6416935644592671
27,3,22.0,6,0.0,0.0,,0.1560748589914957,0.3942553978136556,0.5649192114490689,0.6090752010206271,0.686012926922632,0.6271817749638984
27,3,23.0,6,0.0,0.0,,0.15556354221507368,0.39409818630839777,0.5650157274578395,0.6203284093644106,0.658899293412312,0.5883463078912757
27,3,24.0,6,0.0,0.0,,0.15515448879393617,0.3939724171041915,0.5650929402648559,0.6203592471389205,0.6347453894242372,0.5747289451772083
27,3,25.0,6,0.0,0.0,,0.15482724605702608,0.3938718017408266,0.5651547105104691,0.6209213881154432,0.5854653911136125,0.5729552001603135
27,3,26.0,6,0.0,0.0,,0.154565451867498,0.3937913094501346,0.5652041267069595,0.6171790197227687,0.5355637564910165,0.5836098416721376
27,3,27.0,6,0.0,0.0,,0.15435601651587563,0.393726915617581,0.5652436596641521,0.6191761811108462,0.5491748408724416,0.6026832742538895
27,3,28.0,6,0.0,0.0,,0.15418846823457769,0.3936754005515381,0.565275286029906,0.6501729356672172,0.5699955734992612,0.5676997102894744
27,3,29.0,6,0.0,0.0,,0.15405442960953933,0.3936341884987038,0.5653005871225092,0.6427226412335729,0.5784234367490094,0.6148757513342769
27,3,30.0,6,0.0,0.0,,0.15394719870950863,0.39360121885643634,0.5653208279965918,0.6459004111830704,0.6036751035894843,0.5963925857980401
27,3,31.0,6,0.0,0.0,,0.15386141398948408,0.3935748431426224,0.5653370206958577,0.6655428860555389,0.6015037399533475,0.5537240868876443
27,3,32.0,6,0.0,0.0,,0.15379278621346443,0.3935537425715713,0.5653499748552705,0.667991614967581,0.5845044265320587,0.5975806570100868
27,3,33.0,6,0.0,0.0,,0.1537378839926487,0.3935368621147303,0.5653603381828007,0.6666523270380733,0.5790741075897959,0.5981762885399661
27,3,34.0,6,0.0,0.0,,0.15369396221599613,0.3935233577492575,0.5653686288448249,0.6711807936432747,0.5888646397590069,0.5370017482865121
27,3,35.0,6,0.0,0.0,,0.15365882479467405,0.39351255425687937,0.5653752613744444,0.670438867456111,0.5617402436727796,0.5406991553847857
27,3,36.0,6,0.0,0.0,,0.15363071485761642,0.39350391146297686,0.56538056739814,0.674567112946936,0.5984645653780392,0.5605314114579376
27,3,37.0,6,0.0,0.0,,0.15360822690797032,0.39349699722785475,0.5653848122170962,0.6673639257243824,0.5756669508239514,0.5166272139795108
27,3,38.0,6,0.0,0.0,,0.1535902365482534,0.39349146583975714,0.5653882080722613,0.675267923032149,0.5216973324400248,0.5128187966283999
27,3,39.0,6,0.0,0.0,,0.15357584426047993,0.39348704072927904,0.5653909247563933,0.6727644860332375,0.5580625024238058,0.5792665150515004
27,3,40.0,6,0.0,0.0,,0.15356433043026113,0.39348350064089654,0.565393098103699,0.6667284358864686,0.5570528880059694,0.5959978862897544
27,3,41.0,6,0.0,0.0,,0.15355511936608607,0.39348066857019054,0.5653948367815438,0.6589147913163609,0.5657546108695406,0.5924931359227887
27,3,42.0,6,0.0,0.0,,0.15354775051474603,0.3934784029136257,0.5653962277238193,0.638892516035952,0.5564465661127016,0.5793175362776035
27,3,43.0,6,0.0,0.0,,0.153541855433674,0.3934765903883739,0.5653973404776398,0.6411065807588888,0.5413919030746227,0.5575176439231752
27,3,44.0,6,0.0,0.0,,0.15353713936881636,0.3934751403681725,0.5653982306806962,0.6331935552966084,0.5406913743512369,0.5878288682441715
27,3,45.0,6,0.0,0.0,,0.15353336651693025,0.39347398035201125,0.5653989428431413,0.6480198273404791,0.5583324316595192,0.5728567968956237
27,3,46.0,6,0.0,0.0,,0.1535303482354214,0.39347305233908225,0.5653995125730973,0.6456390725122099,0.5615019232332987,0.5913614423977742
27,3,47.0,6,0.0,0.0,,0.15352793361021427,0.39347230992873916,0.5653999683570623,0.6421593995104716,0.5503472826440052,0.5769010135636337
27,3,48.0,6,0.0,0.0,,0.1535260019100486,0.39347171600046466,0.5654003329842342,0.6380140449788672,0.5518594454719519,0.5619572494691771
27,3,49.0,6,0.0,0.0,,0.15352445654991603,0.3934712408578451,0.5654006246859717,0.6383022278750163,0.5449797092274578,0.588057911979066
27,3,50.0,6,0.0,0.0,,0.15352322026181,0.3934708607437494,0.5654008580473617,0.6310643249754359,0.5572423450798831,0.5883727340499075
27,3,51.0,6,0.0,0.0,,0.1535222312313252,0.3934705566524728,0.5654010447364738,0.6187351384985853,0.5837114672232813,0.601772622289914
27,3,52.0,6,0.0,0.0,,0.15352144000693732,0.3934703133794516,0.5654011940877633,0.6273745273342543,0.5940645183493075,0.5845462496421262
27,3,53.0,6,0.0,0.0,,0.15352080702742704,0.3934701187610346,0.5654013135687952,0.6306927770757266,0.5918840283171922,0.5581502207046484
27,3,54.0,6,0.0,0.0,,0.1535203006438188,0.393469963066301,0.5654014091536206,0.6334288023678583,0.5934720204687641,0.5635823960183028
27,3,55.0,6,0.0,0.0,,0.15351989553693218,0.3934698385105141,0.5654014856214806,0.6173409829988415,0.5866686461907554,0.6027072318340613
27,3,56.0,6,0.0,0.0,,0.15351957145142298,0.39346973886588466,0.5654015467957689,0.6336835374823229,0.5870112198241103,0.5559266448480595
27,3,57.0,6,0.0,0.0,,0.15351931218301557,0.39346965915018106,0.5654015957351995,0.6328219305731523,0.5579776389845158,0.5688808745790545
27,3,58.0,6,0.0,0.0,,0.15351910476828962,0.3934695953776181,0.5654016348867439,0.623117461749196,0.5800949808134849,0.5495802077908538
27,3,59.0,6,0.0,0.0,,0.15351893883650886,0.3934695443595678,0.5654016662079797,0.6173447227601694,0.5872330573527466,0.5396898520028373
27,3,60.0,6,0.0,0.0,,0.15351880609108423,0.39346950354512755,0.5654016912649682,0.6293778014872972,0.5968302625870182,0.5407210094467001
27,3,61.0,6,0.0,0.0,,0.1535186998947446,0.3934694708935754,0.5654017113105587,0.6312839387483133,0.5734599417182922,0.5223449081653182
27,3,62.0,6,0.0,0.0,,0.15351861493767285,0.39346944477233364,0.5654017273470313,0.6450297094997127,0.6072525591226644,0.4846048406912719
27,3,63.0,6,0.0,0.0,,0.15351854697201545,0.39346942387534023,0.5654017401762095,0.6277929889714573,0.5989643426238739,0.4822221864115786
27,3,64.0,6,0.0,0.0,,0.15351849259948952,0.3934694071577455,0.565401750439552,0.6324054091451211,0.602665998676063,0.5003718497869774
27,3,65.0,6,0.0,0.0,,0.15351844910146878,0.39346939378366974,0.5654017586502259,0.6254229920751958,0.5819123692205117,0.49886389103231793
27,3,66.0,6,0.0,0.0,,0.1535184143030522,0.3934693830844091,0.5654017652187651,0.6413604406171389,0.5872232754981905,0.550033396196655
27,3,67.0,6,0.0,0.0,,0.1535183864643189,0.3934693745250005,0.5654017704735964,0.6305710517754227,0.5816116037972805,0.5397750841859952
27,3,68.0,6,0.0,0.0,,0.15351836419333234,0.3934693676774738,0.5654017746774614,0.6366272239999262,0.5844554751988359,0.5258078936767023
27,3,69.0,6,0.0,0.0,,0.15351834637654302,0.3934693621994524,0.5654017780405535,0.6224648484741012,0.5848228071858065,0.48778713100704313
27,3,70.0,6,0.0,0.0,,0.15351833212311156,0.39346935781703524,0.5654017807310271,0.6390362232127791,0.5727900556100011,0.5076719407893738
27,3,71.0,6,0.0,0.0,,0.15351832072036647,0.3934693543111015,0.5654017828834059,0.6168687091781953,0.5721393511336113,0.526118306414491
27,3,72.0,6,0.0,0.0,,0.15351831159817036,0.3934693515063545,0.5654017846053092,0.6309630816462197,0.6011349657737629,0.5191742058346975
27,3,73.0,6,0.0,0.0,,0.1535183043004134,0.393469349262557,0.5654017859828319,0.6413077866650978,0.5661029812428708,0.5273861533973744
27,3,74.0,6,0.0,0.0,,0.15351829846220794,0.3934693474675189,0.5654017870848499,0.6188638512578979,0.587754530440505,0.4788713619715696
27,3,75.0,6,0.0,0.0,,0.15351829379164353,0.3934693460314884,0.5654017879664642,0.6219493545398519,0.579597803075756,0.48555672227538305
27,3,76.0,6,0.0,0.0,,0.15351829005519196,0.3934693448826641,0.5654017886717557,0.6360325814346945,0.5947233672319379,0.543803011980985
27,3,77.0,6,0.0,0.0,,0.15351828706603077,0.3934693439636046,0.5654017892359889,0.6366804374778707,0.6393853583476832,0.5161357435290334
27,3,78.0,6,0.0,0.0,,0.1535182846747018,0.39346934322835697,0.5654017896873755,0.6370215397536485,0.6275727008698551,0.5280406652521134
27,3,79.0,6,0.0,0.0,,0.15351828276163862,0.3934693426401589,0.5654017900484848,0.6479606406898738,0.5918685158443016,0.5371735366769459
27,3,80.0,6,0.0,0.0,,0.1535182812311881,0.3934693421696004,0.5654017903373721,0.6404025820373066,0.5879001706007051,0.5710489359054389
27,3,81.0,6,0.0,0.0,,0.1535182800068276,0.39346934179315374,0.565401790568482,0.6504302111747313,0.6017190982764361,0.5839782989256698
27,3,82.0,6,0.0,0.0,,0.15351827902733928,0.3934693414919962,0.56540179075337,0.6650732876400764,0.5725146089253121,0.5436180150324377
27,3,83.0,6,0.0,0.0,,0.15351827824374858,0.39346934125107025,0.5654017909012803,0.6586549337379197,0.5728757531025277,0.5199112161471229
27,3,84.0,6,0.0,0.0,,0.15351827761687603,0.3934693410583296,0.5654017910196086,0.6425058600538107,0.5631187363216796,0.490828765871111
27,3,85.0,6,0.0,0.0,,0.153518277115378,0.393469340904137,0.5654017911142712,0.6216493606233998,0.5648989532405422,0.5294487399852117
27,3,86.0,6,0.0,0.0,,0.15351827671417956,0.3934693407807829,0.5654017911900013,0.6057040417889896,0.5732868263690383,0.5322854123003562
27,3,87.0,6,0.0,0.0,,0.15351827639322083,0.3934693406820996,0.5654017912505854,0.6144499655271163,0.568076482296388,0.5372933742134214
27,3,88.0,6,0.0,0.0,,0.1535182761364538,0.393469340603153,0.5654017912990527,0.6043762124745616,0.564753248177229,0.5413147473529538
27,3,89.0,6,0.0,0.0,,0.15351827593104023,0.39346934053999577,0.5654017913378266,0.6135960285760322,0.5833523808004916,0.5874280010208801
27,3,90.0,6,0.0,0.0,,0.15351827576670934,0.39346934048946997,0.5654017913688456,0.6131429671022658,0.5992206212554689,0.5620389526201752
27,3,91.0,6,0.0,0.0,,0.15351827563524464,0.39346934044904935,0.565401791393661,0.6292717876360796,0.5640913826510378,0.5345576244437662
27,3,92.0,6,0.0,0.0,,0.15351827553007286,0.3934693404167128,0.5654017914135131,0.6252534621819319,0.5814507028684147,0.5094974683415281
27,3,93.0,6,0.0,0.0,,0.1535182754459355,0.3934693403908435,0.5654017914293947,0.635263023036049,0.5954374585942563,0.5329766406140258
27,3,94.0,6,0.0,0.0,,0.15351827537862556,0.39346934037014814,0.5654017914421001,0.6413828109769518,0.6236081910069583,0.4991992241335728
27,3,95.0,6,0.0,0.0,,0.15351827532477763,0.3934693403535919,0.5654017914522644,0.6470473040969853,0.6288455085550466,0.5882733370394553
27,3,96.0,6,0.0,0.0,,0.15351827528169928,0.39346934034034675,0.5654017914603962,0.6414921143100218,0.6300308350112143,0.5377101801163333
27,3,97.0,6,0.0,0.0,,0.1535182752472366,0.3934693403297508,0.5654017914669012,0.6530414595782545,0.625602950448586,0.5615573052560598
27,3,98.0,6,0.0,0.0,,0.15351827521966646,0.39346934032127395,0.5654017914721053,0.6593823528396768,0.6374799935684343,0.5209969986190874
27,3,99.0,6,0.0,0.0,,0.15351827519761035,0.39346934031449254,0.5654017914762688,0.6660598799806735,0.6078764419991012,0.5132138191605724
27,3,100.0,6,0.0,0.0,,0.15351827517996547,0.39346934030906733,0.5654017914795995,0.667762199678511,0.6395161078098116,0.527574779308011
28,3,21.0,6,0.0,0.5,,0.10880243309938673,0.2854658382612606,0.4269268345010194,0.4821699256308644,0.5331027178038414,0.42955369394733045
28,3,22.0,6,0.0,0.5,,0.10807408311663542,0.2850664084942506,0.426790783453329,0.49337986012730195,0.5360043268163145,0.4098123219400562
28,3,23.0,6,0.0,0.5,,0.1074914031304344,0.28474686468064264,0.4266819426151766,0.4936925847687389,0.5157814670957868,0.45782064681265194
28,3,24.0,6,0.0,0.5,,0.10702525914147357,0.2844912296297562,0.4265948699446548,0.48427439188165594,0.5191619724344428,0.501082528916438
28,3,25.0,6,0.0,0.5,,0.1066523439503049,0.2842867215890471,0.42652521180823727,0.4716751993927633,0.4843047607721617,0.4933432688357306
28,3,26.0,6,0.0,0.5,,0.10635401179736996,0.28412311515647987,0.4264694852991033,0.47576234366715814,0.5090791543396852,0.548106200208595
28,3,27.0,6,0.0,0.5,,0.10611534607502202,0.28399223001042595,0.4264249040917961,0.4710289423725139,0.49853980669924275,0.4773211603347791
28,3,28.0,6,0.0,0.5,,0.10592441349714365,0.28388752189358296,0.42638923912595034,0.46588064833193304,0.471487109621482,0.5073316902436552
28,3,29.0,6,0.0,0.5,,0.10577166743484097,0.2838037554001085,0.42636070715327373,0.45679868057762213,0.46763763415597187,0.5194522425613302
28,3,30.0,6,0.0,0.5,,0.10564947058499882,0.28373674220532896,0.42633788157513247,0.4563983664677342,0.4620697447217469,0.5248696995326385
28,3,31.0,6,0.0,0.5,,0.1055517131051251,0.2836831316495053,0.42631962111261945,0.4574250220936832,0.4354460194397345,0.49624566784943147
28,3,32.0,6,0.0,0.5,,0.10547350712122613,0.28364024320484643,0.426305012742609,0.47427689282269625,0.45271173584009583,0.4721039873839312
28,3,33.0,6,0.0,0.5,,0.10541094233410694,0.28360593244911925,0.42629332604660075,0.4707212608284457,0.46519726129114397,0.4555499098790018
28,3,34.0,6,0.0,0.5,,0.10536089050441162,0.28357848384453754,0.426283976689794,0.48877196985383514,0.4722519867204008,0.44012101406939214
28,3,35.0,6,0.0,0.5,,0.10532084904065533,0.28355652496087214,0.4262764972043486,0.4850396455281502,0.5127112123562024,0.4507427123016553
28,3,36.0,6,0.0,0.5,,0.1052888158696503,0.2835389578539399,0.4262705136159924,0.4848366115161403,0.554447877093828,0.4429001239018472
28,3,37.0,6,0.0,0.5,,0.10526318933284631,0.2835249041683941,0.4262657267453074,0.4901656846930506,0.5774866130288658,0.45633621566841664
28,3,38.0,6,0.0,0.5,,0.10524268810340306,0.2835136612199573,0.42626189724875935,0.4692735990334446,0.6086557018692005,0.46809245221298124
28,3,39.0,6,0.0,0.5,,0.10522628711984852,0.28350466686120795,0.42625883365152095,0.46708842138484713,0.5872794412665544,0.49064865727775125
28,3,40.0,6,0.0,0.5,,0.10521316633300486,0.28349747137420855,0.4262563827737303,0.4557043381555343,0.5944873893326899,0.4755903453247205
28,3,41.0,6,0.0,0.5,,0.10520266970352994,0.283491714984609,0.4262544220714977,0.458810566530499,0.5623633223015577,0.43553328007594005
28,3,42.0,6,0.0,0.5,,0.10519427239994998,0.28348710987292935,0.42625285350971154,0.4559967532082119,0.5616918132411239,0.5034477876688979
28,3,43.0,6,0.0,0.5,,0.10518755455708603,0.28348342578358565,0.4262515986602827,0.4714175067315985,0.5572684356835402,0.5201651511010094
28,3,44.0,6,0.0,0.5,,0.10518218028279487,0.28348047851211067,0.4262505947807396,0.47557575077667413,0.5620869044555347,0.5434776365752058
28,3,45.0,6,0.0,0.5,,0.10517788086336192,0.28347812069493067,0.4262497916771052,0.47987888253870165,0.5147275148503946,0.4979030735264801
28,3,46.0,6,0.0,0.5,,0.10517444132781559,0.2834762344411867,0.4262491491941976,0.5001756728430566,0.5451997623002567,0.48635749977731707
28,3,47.0,6,0.0,0.5,,0.10517168969937854,0.28347472543819147,0.42624863520787154,0.5005687503472711,0.5573229568787635,0.4936145482199164
28,3,48.0,6,0.0,0.5,,0.10516948839662885,0.28347351823579536,0.4262482240188107,0.5008630258666684,0.533483311591944,0.4959680665373611
28,3,49.0,6,0.0,0.5,,0.10516772735442911,0.2834725524738784,0.426247895067562,0.4856585092972699,0.5210317131447267,0.44079922687537876
28,3,50.0,6,0.0,0.5,,0.10516631852066935,0.28347177986434496,0.426247631906563,0.5076837900915787,0.5178293963319819,0.4201337802120694
28,3,51.0,6,0.0,0.5,,0.10516519145366152,0.283471161776718,0.42624742137776395,0.5068265488131071,0.5140718937722603,0.44884500456359344
28,3,52.0,6,0.0,0.5,,0.10516428980005528,0.2834706673066166,0.4262472529547246,0.5039686685922111,0.5333819208814454,0.445780475556864
28,3,53.0,6,0.0,0.5,,0.10516356847717026,0.2834702717305354,0.42624711821629313,0.517479341518052,0.485289935255975,0.4610179832704569
28,3,54.0,6,0.0,0.5,,0.10516299141886225,0.2834699552696705,0.4262470104255479,0.5148511038646252,0.4773030430918158,0.47069294802778233
28,3,55.0,6,0.0,0.5,,0.10516252977221582,0.2834697021009785,0.42624692419295185,0.5039934211531645,0.4889022018207726,0.4475445766757716
28,3,56.0,6,0.0,0.5,,0.10516216045489872,0.283469499566025,0.4262468552068749,0.4953189959395482,0.4943035709985756,0.43834180244745086
28,3,57.0,6,0.0,0.5,,0.10516186500104503,0.28346933753806214,0.4262468000180134,0.49510917783626934,0.46788899074033274,0.4206009033749746
28,3,58.0,6,0.0,0.5,,0.10516162863796205,0.28346920791569186,0.4262467558669242,0.5023166454589594,0.4798405185985989,0.4669991692132213
28,3,59.0,6,0.0,0.5,,0.10516143954749571,0.2834691042177956,0.4262467205460528,0.5003899266561807,0.510442458294308,0.5088773620282414
28,3,60.0,6,0.0,0.5,,0.10516128827512258,0.2834690212594787,0.4262466922893557,0.49033962589406527,0.5167420278606821,0.5354862634146803
28,3,61.0,6,0.0,0.5,,0.1051611672572241,0.28346895489282514,0.42624666968399805,0.4861109832816199,0.5353622663103371,0.48686503771644335
28,3,62.0,6,0.0,0.5,,0.10516107044290532,0.28346890179950224,0.42624665159971187,0.48019415318255876,0.5431405411038746,0.5077590154996794
28,3,63.0,6,0.0,0.5,,0.10516099299145029,0.2834688593248439,0.42624663713228295,0.49099579190977477,0.5456054887700951,0.5026873480039173
28,3,64.0,6,0.0,0.5,,0.1051609310302863,0.2834688253451173,0.4262466255583398,0.4766216568744337,0.5496006993913884,0.4919997728221418
28,3,65.0,6,0.0,0.5,,0.10516088146135508,0.283468798161336,0.42624661629918525,0.4884146896917751,0.5277595417441309,0.4879016207541862
28,3,66.0,6,0.0,0.5,,0.1051608418062101,0.28346877641431084,0.4262466088918617,0.4811482342317025,0.5093207934657507,0.4611106188817747
28,3,67.0,6,0.0,0.5,,0.10516081008209413,0.2834687590166909,0.4262466029660029,0.47586110708470847,0.4889206554930384,0.42586234332485046
28,3,68.0,6,0.0,0.5,,0.10516078470280135,0.2834687450985949,0.42624659822531574,0.4775620196874721,0.510193559295304,0.4211059923027114
28,3,69.0,6,0.0,0.5,,0.10516076439936713,0.28346873396411804,0.42624659443276613,0.49262389794538797,0.503246682683177,0.45731175276123925
28,3,70.0,6,0.0,0.5,,0.10516074815661973,0.2834687250565366,0.42624659139872634,0.5022142444071886,0.5242355100342315,0.5235036757140611
28,3,71.0,6,0.0,0.5,,0.10516073516242183,0.28346871793047146,0.4262465889714945,0.512132650056223,0.5654209344533782,0.48788799285116147
28,3,72.0,6,0.0,0.5,,0.10516072476706353,0.2834687122296193,0.4262465870297091,0.5137538127822915,0.5438559208377687,0.5007467428761302
28,3,73.0,6,0.0,0.5,,0.10516071645077688,0.2834687076689376,0.4262465854762808,0.49259282099011426,0.4945597965563688,0.4927889534324529
28,3,74.0,6,0.0,0.5,,0.10516070979774754,0.2834687040203922,0.42624658423353806,0.4933894430500011,0.47720340243663834,0.47119703841782706
28,3,75.0,6,0.0,0.5,,0.10516070447532408,0.2834687011015559,0.42624658323934395,0.48047882780602863,0.4713421956255902,0.4153001910367622
28,3,76.0,6,0.0,0.5,,0.1051607002173853,0.2834686987664869,0.4262465824439886,0.48849785250886557,0.4822158411027785,0.4317630213525628
28,3,77.0,6,0.0,0.5,,0.10516069681103431,0.2834686968984316,0.4262465818077043,0.4795818809946309,0.46013623384525904,0.4316760899760535
28,3,78.0,6,0.0,0.5,,0.10516069408595348,0.28346869540398745,0.42624658129867693,0.47854610721485946,0.4869588818915365,0.44256252797030343
28,3,79.0,6,0.0,0.5,,0.10516069190588881,0.2834686942084321,0.426246580891455,0.5020320278740822,0.4998111422051165,0.44590858208200174
28,3,80.0,6,0.0,0.5,,0.10516069016183711,0.28346869325198787,0.4262465805656775,0.49859884280805106,0.4875891922992802,0.49646406421630535
28,3,81.0,6,0.0,0.5,,0.10516068876659572,0.28346869248683243,0.42624658030505547,0.5170781115526316,0.480613768502563,0.5123452381442146
28,3,82.0,6,0.0,0.5,,0.10516068765040262,0.28346869187470813,0.4262465800965579,0.49827459089011017,0.4715509893581788,0.4796739960166435
28,3,83.0,6,0.0,0.5,,0.10516068675744814,0.2834686913850087,0.4262465799297598,0.49165143579635445,0.48193585596101274,0.47113716919788223
28,3,84.0,6,0.0,0.5,,0.10516068604308457,0.283468690993249,0.42624657979632125,0.4883766707891296,0.46460712887624356,0.47683323675373457
28,3,85.0,6,0.0,0.5,,0.1051606854715937,0.2834686906798414,0.42624657968957047,0.4925004173432854,0.47554043184326644,0.48072621651625347
28,3,86.0,6,0.0,0.5,,0.10516068501440098,0.28346869042911527,0.4262465796041698,0.4840223908743842,0.4582031825962628,0.4912449694961844
28,3,87.0,6,0.0,0.5,,0.10516068464864685,0.2834686902285344,0.4262465795358493,0.48850133243404087,0.4630075897525945,0.4701079856899783
28,3,88.0,6,0.0,0.5,,0.1051606843560435,0.2834686900680696,0.4262465794811929,0.46987730721137505,0.49390794009354844,0.4813127559888833
28,3,89.0,6,0.0,0.5,,0.10516068412196086,0.28346868993969787,0.4262465794374678,0.4628540961062749,0.49220312750646855,0.4869184068390037
28,3,90.0,6,0.0,0.5,,0.10516068393469473,0.28346868983700046,0.4262465794024878,0.4717960335222188,0.4924391998090841,0.4757492686517919
28,3,91.0,6,0.0,0.5,,0.10516068378488183,0.2834686897548425,0.42624657937450366,0.47422615584102823,0.5056488656453573,0.4519174853702008
28,3,92.0,6,0.0,0.5,,0.1051606836650315,0.28346868968911615,0.4262465793521164,0.47848872102752826,0.5076017488152866,0.48015704944760557
28,3,93.0,6,0.0,0.5,,0.10516068356915124,0.28346868963653504,0.42624657933420657,0.488361953240849,0.5167769318075645,0.4382968166747311
28,3,94.0,6,0.0,0.5,,0.10516068349244705,0.28346868959447014,0.42624657931987875,0.4827751129143877,0.5144938649707754,0.4787543909150608
28,3,95.0,6,0.0,0.5,,0.10516068343108369,0.2834686895608183,0.4262465793084164,0.5003958707536745,0.5176340265839424,0.48013220455865174
28,3,96.0,6,0.0,0.5,,0.105160683381993,0.28346868953389676,0.4262465792992466,0.49271458220865305,0.5136768241405337,0.4907699305426626
28,3,97.0,6,0.0,0.5,,0.10516068334272044,0.2834686895123596,0.4262465792919107,0.4910059067092475,0.5140773498182473,0.5127015792145804
28,3,98.0,6,0.0,0.5,,0.10516068331130239,0.2834686894951298,0.42624657928604204,0.4667827528352927,0.4725343848248064,0.5336037497953339
28,3,99.0,6,0.0,0.5,,0.10516068328616797,0.28346868948134596,0.42624657928134707,0.48081859194997667,0.4628767900236648,0.5643657400787067
28,3,100.0,6,0.0,0.5,,0.1051606832660604,0.28346868947031895,0.42624657927759113,0.47050681196629746,0.4333408435765932,0.5127221673535949
29,3,21.0,6,0.0,0.9,,0.08781912000800744,0.23385706045977414,0.3563958779873497,0.4255814358013688,0.4258423018459065,0.5116878690217221
29,3,22.0,6,0.0,0.9,,0.08705170230852863,0.23336154304907217,0.3561285090959233,0.4188676430898203,0.45405617600561926,0.5246148096583061
29,3,23.0,6,0.0,0.9,,0.08643776814894556,0.23296512912051065,0.3559146139827822,0.4242872482065817,0.4565219850173806,0.5320988882994333
29,3,24.0,6,0.0,0.9,,0.08594662082127912,0.23264799797766136,0.3557434978922692,0.42014438762660644,0.42875053944701264,0.5013750084007174
29,3,25.0,6,0.0,0.9,,0.08555370295914597,0.2323942930633819,0.35560660501985897,0.4227147269732674,0.4647384324138987,0.528326099626492
29,3,26.0,6,0.0,0.9,,0.08523936866943944,0.2321913291319584,0.3554970907219307,0.4389437494349395,0.44797567245902925,0.5334667906813638
29,3,27.0,6,0.0,0.9,,0.0849879012376742,0.2320289579868196,0.3554094792835881,0.4388823094280803,0.4243258374015128,0.5186464315934274
29,3,28.0,6,0.0,0.9,,0.08478672729226203,0.23189906107070848,0.35533939013291393,0.4381476238722433,0.398311116917068,0.4808885458624724
29,3,29.0,6,0.0,0.9,,0.08462578813593227,0.2317951435378197,0.35528331881237474,0.43091246987931076,0.4269153343144573,0.42661474360501234
29,3,30.0,6,0.0,0.9,,0.0844970368108685,0.23171200951150855,0.3552384617559433,0.4409198779908551,0.41097094015671604,0.45097179927154984
29,3,31.0,6,0.0,0.9,,0.08439403575081747,0.23164550229045971,0.35520257611079825,0.4367358268923095,0.38855434306458114,0.44196845905544946
29,3,32.0,6,0.0,0.9,,0.08431163490277663,0.23159229651362065,0.35517386759468206,0.43672177946015206,0.40618226346955344,0.44473027681754934
29,3,33.0,6,0.0,0.9,,0.08424571422434397,0.2315497318921494,0.3551509007817892,0.4178293641046434,0.43198198161447127,0.4734423872611243
29,3,34.0,6,0.0,0.9,,0.08419297768159784,0.23151568019497235,0.3551325273314748,0.4181897374240283,0.4217884723916505,0.452980856695436
29,3,35.0,6,0.0,0.9,,0.08415078844740091,0.23148843883723075,0.3551178285712234,0.3980763892376691,0.41024358507407943,0.41269063180114995
29,3,36.0,6,0.0,0.9,,0.08411703706004339,0.2314666457510374,0.35510606956302226,0.4108350779469703,0.4193643466531719,0.4175798904514595
29,3,37.0,6,0.0,0.9,,0.08409003595015739,0.23144921128208282,0.3550966623564613,0.4063975337884533,0.42750113851000354,0.39549409259210977
29,3,38.0,6,0.0,0.9,,0.08406843506224858,0.2314352637069191,0.35508913659121255,0.3892628438283062,0.45260377992218004,0.3849284127858164
29,3,39.0,6,0.0,0.9,,0.08405115435192154,0.23142410564678814,0.35508311597901354,0.3941882345291262,0.43544660046426903,0.3918495898570536
29,3,40.0,6,0.0,0.9,,0.08403732978365988,0.23141517919868332,0.3550782994892544,0.3928676771544767,0.46048236344996185,0.4015211473302319
29,3,41.0,6,0.0,0.9,,0.08402627012905058,0.23140803804019955,0.355074446297447,0.38887357404204825,0.4461308874109594,0.389102929530427
29,3,42.0,6,0.0,0.9,,0.08401742240536311,0.23140232511341244,0.35507136374400117,0.39499843400506773,0.4264671684418584,0.3937281262986178
29,3,43.0,6,0.0,0.9,,0.08401034422641315,0.23139775477198285,0.35506889770124433,0.38925090874153934,0.4166021191896469,0.4257308373737554
29,3,44.0,6,0.0,0.9,,0.08400468168325317,0.2313940984988391,0.355066924867039,0.3997494721581275,0.4160902585057234,0.4581335760842137
29,3,45.0,6,0.0,0.9,,0.08400015164872521,0.23139117348032415,0.3550653465996748,0.40411361814234964,0.4149324509356188,0.4420572309384189
29,3,46.0,6,0.0,0.9,,0.08399652762110281,0.23138883346551217,0.3550640839857833,0.41077240711103846,0.4209442058929748,0.4665119132244609
29,3,47.0,6,0.0,0.9,,0.08399362839900493,0.2313869614536626,0.3550630738946702,0.3976735520191802,0.40552280763579385,0.4424393488750983
29,3,48.0,6,0.0,0.9,,0.0839913090213266,0.23138546384418293,0.35506226582177974,0.3877259603540545,0.3859835799769825,0.508971904990527
29,3,49.0,6,0.0,0.9,,0.08398945351918395,0.2313842657565992,0.35506161936346725,0.39484269621063556,0.3893034539022943,0.48966127699951445
29,3,50.0,6,0.0,0.9,,0.08398796911746984,0.23138330728653225,0.3550611021968173,0.404934377393356,0.40105312211329763,0.4606383763026294
29,3,51.0,6,0.0,0.9,,0.08398678159609851,0.23138254051047863,0.35506068846349736,0.40765405145088335,0.4283188624615174,0.4575845271860536
29,3,52.0,6,0.0,0.9,,0.08398583157900145,0.23138192708963573,0.3550603574768414,0.4055098417390167,0.4176026594176222,0.42297078387618753
29,3,53.0,6,0.0,0.9,,0.08398507156532384,0.23138143635296146,0.35506009268751665,0.4025628996116308,0.4457844500669371,0.41623186151262476
29,3,54.0,6,0.0,0.9,,0.08398446355438173,0.23138104376362204,0.35505988085605683,0.4125489893969022,0.4647315258528889,0.39591684252085735
29,3,55.0,6,0.0,0.9,,0.08398397714562807,0.23138072969215048,0.355059711390889,0.407206597455328,0.47376042018554837,0.39127336454461836
29,3,56.0,6,0.0,0.9,,0.08398358801862509,0.23138047843497325,0.3550595758187547,0.3968666844760085,0.5065480171715245,0.43310035602952557
29,3,57.0,6,0.0,0.9,,0.08398327671702274,0.23138027742923142,0.3550594673610473,0.3922300366354948,0.4588162956088251,0.4449766612861799
29,3,58.0,6,0.0,0.9,,0.08398302767574085,0.231380116624638,0.3550593805948813,0.39021439674985897,0.4771790357302734,0.4715434710005555
29,3,59.0,6,0.0,0.9,,0.08398282844271535,0.23137998798096326,0.35505931118194856,0.38278141933125803,0.48986012085430486,0.47772086948381826
29,3,60.0,6,0.0,0.9,,0.08398266905629494,0.2313798850660235,0.3550592556516024,0.3985568980081299,0.4674154350618764,0.4330506799380497
29,3,61.0,6,0.0,0.9,,0.08398254154715863,0.2313798027340716,0.35505921122732537,0.4244137260602492,0.4770350457388071,0.43166361474084686
29,3,62.0,6,0.0,0.9,,0.08398243953984955,0.23137973686851016,0.3550591756879039,0.41365728935770846,0.44772897008874046,0.4507088047110571
29,3,63.0,6,0.0,0.9,,0.08398235793400231,0.231379684176061,0.35505914725636656,0.43185230973889077,0.4388454506762467,0.4646886217571321
29,3,64.0,6,0.0,0.9,,0.08398229264932452,0.23137964202210162,0.3550591245111368,0.42995864904984576,0.4454585933181078,0.5185593080415487
29,3,65.0,6,0.0,0.9,,0.08398224042158228,0.23137960829893417,0.35505910631495297,0.43383722734920943,0.45387056823672706,0.5082741971609113
29,3,66.0,6,0.0,0.9,,0.08398219863938848,0.23137958132040018,0.3550590917580059,0.43996572278156404,0.47046301635063453,0.526829099765722
29,3,67.0,6,0.0,0.9,,0.08398216521363344,0.23137955973757302,0.3550590801124482,0.41998908774677773,0.43046416913551316,0.5193364789767853
29,3,68.0,6,0.0,0.9,,0.0839821384730294,0.23137954247131126,0.35505907079600213,0.408124439243635,0.41769786373219003,0.5215749492662541
29,3,69.0,6,0.0,0.9,,0.08398211708054619,0.23137952865830186,0.35505906334284526,0.40074289256637635,0.44049317965000034,0.5250837578422648
29,3,70.0,6,0.0,0.9,,0.08398209996655961,0.23137951760789432,0.35505905738031973,0.4039487309568936,0.42943956902263525,0.561059172045544
29,3,71.0,6,0.0,0.9,,0.08398208627537038,0.23137950876756835,0.3550590526102992,0.39612518069662433,0.43785791541829616,0.5245001999560278
29,3,72.0,6,0.0,0.9,,0.08398207532241896,0.23137950169530752,0.35505904879428296,0.40665924973043605,0.42623056550367105,0.5256328894706217
29,3,73.0,6,0.0,0.9,,0.08398206656005783,0.2313794960374989,0.35505904574146985,0.4049282609217369,0.43692010302891227,0.5406804690199049
29,3,74.0,6,0.0,0.9,,0.08398205955016892,0.23137949151125198,0.35505904329921945,0.4092849426883499,0.40091022296423146,0.5260422055555393
29,3,75.0,6,0.0,0.9,,0.0839820539422578,0.23137948789025442,0.355059041345419,0.39038857691621065,0.4056986860883085,0.5379722547371435
29,3,76.0,6,0.0,0.9,,0.08398204945592891,0.23137948499345642,0.3550590397823788,0.39263307178013573,0.4242986937647767,0.5243946020361473
29,3,77.0,6,0.0,0.9,,0.08398204586686578,0.23137948267601796,0.3550590385319465,0.38147387332215343,0.42211127122858105,0.47120135045922557
29,3,78.0,6,0.0,0.9,,0.08398204299561529,0.2313794808220672,0.35505903753160073,0.38489560371234444,0.43904244931765507,0.46559984241284774
29,3,79.0,6,0.0,0.9,,0.0839820406986149,0.23137947933890665,0.3550590367313241,0.37607866362125547,0.4651216130369454,0.4268023940603894
29,3,80.0,6,0.0,0.9,,0.08398203886101459,0.2313794781523782,0.3550590360911028,0.3680228706912109,0.4571850498669945,0.41798549467034307
29,3,81.0,6,0.0,0.9,,0.08398203739093432,0.23137947720315535,0.35505903557892576,0.3667445415767004,0.4600635790458977,0.4379861924441263
29,3,82.0,6,0.0,0.9,,0.08398203621487012,0.23137947644377718,0.35505903516918413,0.36357324906557525,0.4633148345328717,0.41586741665836574
29,3,83.0,6,0.0,0.9,,0.08398203527401878,0.23137947583627455,0.35505903484139084,0.37134670672427506,0.47418448667411967,0.41419167263078294
29,3,84.0,6,0.0,0.9,,0.08398203452133768,0.23137947535027253,0.3550590345791562,0.3781498598455136,0.45314575965351606,0.41019258074307163
29,3,85.0,6,0.0,0.9,,0.0839820339191928,0.23137947496147088,0.3550590343693685,0.3913125234271855,0.4654018435763724,0.4557071710787225
29,3,86.0,6,0.0,0.9,,0.0839820334374769,0.23137947465042955,0.3550590342015383,0.40011554912187197,0.42010158646895757,0.47311117794841745
29,3,87.0,6,0.0,0.9,,0.08398203305210418,0.2313794744015965,0.3550590340672741,0.40411247640249554,0.36740228859401014,0.49050647263472563
29,3,88.0,6,0.0,0.9,,0.083982032743806,0.23137947420253005,0.3550590339598628,0.41826895531590225,0.3904421240401445,0.4908097716569969
29,3,89.0,6,0.0,0.9,,0.08398203249716744,0.2313794740432769,0.3550590338739338,0.42134649178929173,0.3800433698540247,0.5245670075761536
29,3,90.0,6,0.0,0.9,,0.08398203229985661,0.23137947391587438,0.35505903380519055,0.41504197478112204,0.3892173511698703,0.542993515329768
29,3,91.0,6,0.0,0.9,,0.08398203214200796,0.23137947381395235,0.35505903375019604,0.4282420362739793,0.3979086522547391,0.48500168717090364
29,3,92.0,6,0.0,0.9,,0.08398203201572904,0.23137947373241471,0.3550590337062003,0.4306863789009129,0.4053089879429784,0.4889530641532386
29,3,93.0,6,0.0,0.9,,0.08398203191470588,0.23137947366718464,0.3550590336710037,0.4279352856907006,0.4185427339803337,0.5053251916144601
29,3,94.0,6,0.0,0.9,,0.08398203183388735,0.23137947361500055,0.3550590336428465,0.43176996784062116,0.4154623508620533,0.5629717976414691
29,3,95.0,6,0.0,0.9,,0.08398203176923255,0.23137947357325334,0.3550590336203207,0.43489968720805516,0.4131085933096304,0.5321854851609973
29,3,96.0,6,0.0,0.9,,0.0839820317175087,0.23137947353985547,0.3550590336023002,0.43361259054090323,0.4281153123211176,0.5431255511198463
29,3,97.0,6,0.0,0.9,,0.08398203167612962,0.23137947351313723,0.35505903358788354,0.4175489111317704,0.4805370477358778,0.5326288853787221
29,3,98.0,6,0.0,0.9,,0.08398203164302638,0.23137947349176263,0.3550590335763504,0.42147511453869385,0.47818163866338226,0.5146883331010319
29,3,99.0,6,0.0,0.9,,0.08398203161654375,0.23137947347466298,0.35505903356712387,0.4406367399892617,0.469948624392002,0.5050247921238221
29,3,100.0,6,0.0,0.9,,0.08398203159535766,0.23137947346098323,0.3550590335597425,0.4464952260431252,0.46651594521726486,0.5030994518687935
30,3,21.0,6,0.25,0.0,,0.15422797348882367,0.41182535789354147,0.5777532041880094,0.5739284980339605,0.5824248652148667,0.49401925155644505
30,3,22.0,6,0.25,0.0,,0.15530235475839116,0.40888376207981175,0.5681878797578848,0.5896846222918863,0.555922305167768,0.5330973317585306
30,3,23.0,6,0.25,0.0,,0.15507837610045486,0.40110139625134245,0.5722617503041206,0.5534460518260804,0.5646786901694268,0.5123838515133253
30,3,24.0,6,0.25,0.0,,0.1574264503976584,0.39409800258669864,0.5607053802802178,0.5606919005671467,0.5662065816868178,0.5140908517734506
30,3,25.0,6,0.25,0.0,,0.1590027662893451,0.3939983580555241,0.5598284875612063,0.5657341518713561,0.5485430554383578,0.5217130265959978
30,3,26.0,6,0.25,0.0,,0.15585777678043702,0.40230489882013487,0.5696474285311719,0.6058659114620688,0.5995141053975442,0.5444633583359872
30,3,27.0,6,0.25,0.0,,0.1557389344366294,0.40197463297012054,0.5709176384084365,0.622950530574822,0.6006698428702382,0.5527560376413407
30,3,28.0,6,0.25,0.0,,0.1512478212920426,0.41095904020116236,0.5639683159710647,0.5911626355343009,0.6117292651283733,0.5418057040521862
30,3,29.0,6,0.25,0.0,,0.15661496593151203,0.4169497157483154,0.5812932868847025,0.5853452930336813,0.6160170304885811,0.4970870059590903
30,3,30.0,6,0.25,0.0,,0.15807731864658164,0.4114807237804589,0.5560181078744331,0.6171718527397431,0.6089366483878093,0.5390361559367778
30,3,31.0,6,0.25,0.0,,0.15069088167537997,0.4046667634098588,0.5598450224297775,0.6077511638731818,0.5997716992794311,0.5635129548497331
30,3,32.0,6,0.25,0.0,,0.15151212065548675,0.40731289418385125,0.560004722374896,0.6055203033476347,0.5996792632131681,0.5138745226425361
30,3,33.0,6,0.25,0.0,,0.15479996835710366,0.39984849041593407,0.537373658190785,0.6063942788885212,0.5855737035812203,0.5156215073972823
30,3,34.0,6,0.25,0.0,,0.15570100139142704,0.3944573695769989,0.55531035161106,0.5966145937223861,0.5573318687318427,0.5724972059178258
30,3,35.0,6,0.25,0.0,,0.1592591795626634,0.40414744881008885,0.5442352104956374,0.5984657656791907,0.5947652000535236,0.5629827607397304
30,3,36.0,6,0.25,0.0,,0.15812855509624907,0.3872126419649117,0.5339817901269941,0.5964803811769507,0.6306487429769027,0.5539995475494639
30,3,37.0,6,0.25,0.0,,0.1571799048156372,0.38938260033332595,0.542288615137121,0.6302655611770811,0.6018493470866979,0.5726851072087521
30,3,38.0,6,0.25,0.0,,0.15694900529172048,0.39404897341326534,0.5465660319645821,0.6274655914401746,0.606948359237167,0.5688364470050549
30,3,39.0,6,0.25,0.0,,0.15696315540096503,0.39829060719256165,0.543332027391785,0.6515928305305752,0.6539222167378653,0.5422449593592695
30,3,40.0,6,0.25,0.0,,0.1628251687570323,0.4052823980214832,0.5617527542385602,0.6017961042891165,0.6411035501792306,0.5277190819211194
30,3,41.0,6,0.25,0.0,,0.15694854636397376,0.3912358081535483,0.5663987500017502,0.5845294691791659,0.6385764835356731,0.5274777698329413
30,3,42.0,6,0.25,0.0,,0.1563249510826167,0.3887282739079174,0.5644854321035091,0.554129789108724,0.6555687972662413,0.5740621866551258
30,3,43.0,6,0.25,0.0,,0.1592091328130867,0.3815159586402129,0.5606828138584261,0.5319589773718814,0.6110344005593553,0.555331909474346
30,3,44.0,6,0.25,0.0,,0.16075191700009578,0.3746527378321317,0.5562329348156012,0.5053677961699876,0.5866107158513343,0.5985619759167708
30,3,45.0,6,0.25,0.0,,0.15774256390971436,0.40237777492632426,0.5333634920834022,0.5116182299041163,0.6055295834214351,0.6098483387204585
30,3,46.0,6,0.25,0.0,,0.15140466092154145,0.40502772001415704,0.5493854121078822,0.5155721398866697,0.5884013142757641,0.5836440178990185
30,3,47.0,6,0.25,0.0,,0.15312952803489305,0.40005705311663287,0.5655874264446815,0.5143325725995656,0.5890853107922208,0.5243595994792799
30,3,48.0,6,0.25,0.0,,0.1501901328495916,0.40503433607547645,0.571619853081542,0.4898414492378091,0.6160974763937163,0.5523008287205844
30,3,49.0,6,0.25,0.0,,0.153439567935914,0.40279648714907773,0.5800450194669213,0.5016863673512901,0.6117409994243366,0.5731270217522961
30,3,50.0,6,0.25,0.0,,0.1532971714422854,0.382914399146528,0.5589050213745099,0.5265449151659909,0.5833818772413882,0.610350070879555
30,3,51.0,6,0.25,0.0,,0.15183510832893418,0.394957311383025,0.5504428348972231,0.5287996999821813,0.5797364121807498,0.5732489371447798
30,3,52.0,6,0.25,0.0,,0.15743080440517251,0.3957811970867485,0.5763315514233499,0.5270974844870651,0.5648282851988886,0.5403489152764946
30,3,53.0,6,0.25,0.0,,0.15294026695364638,0.40043291311495854,0.5699354407904442,0.5445885395169141,0.5547616115064468,0.5688289240326533
30,3,54.0,6,0.25,0.0,,0.15418303388998447,0.4035719843205697,0.5687829316698234,0.5412429283735916,0.5398021284412143,0.5570870019910245
30,3,55.0,6,0.25,0.0,,0.14873902833816893,0.392127071712647,0.581827123148053,0.5498379914658097,0.5512503663728748,0.5739629715893232
30,3,56.0,6,0.25,0.0,,0.14874724020670316,0.37925611433348627,0.585776632067463,0.5544513642316722,0.5103189012468221,0.5512464256975471
30,3,57.0,6,0.25,0.0,,0.1504665999947564,0.36974033460475364,0.563270246424555,0.5792081519943889,0.5463333682551431,0.5247449417664091
30,3,58.0,6,0.25,0.0,,0.14951059599324854,0.3846439857616508,0.5622991391981409,0.5755151145328088,0.5656729016527885,0.5204163414661116
30,3,59.0,6,0.25,0.0,,0.1512737239807614,0.3915204819019881,0.5480746114992838,0.5842409080966169,0.5148017484596809,0.4835196167276224
30,3,60.0,6,0.25,0.0,,0.15289951629715098,0.40015109871008897,0.5284714947550091,0.6190631562380225,0.5043106411862892,0.49022602214901445
30,3,61.0,6,0.25,0.0,,0.15282644932557762,0.4039238242644849,0.5211563878651223,0.6438077797211917,0.5499374780017021,0.5163265402144745
30,3,62.0,6,0.25,0.0,,0.15606195702342948,0.39213774467342993,0.5286550344869695,0.6531861985959091,0.5751681464138818,0.4754422761488043
30,3,63.0,6,0.25,0.0,,0.15677377755245311,0.3944071007666164,0.5422977070812766,0.6198938645910186,0.5560490865307661,0.5082232262269285
30,3,64.0,6,0.25,0.0,,0.15571235518684198,0.3903423492563983,0.5520109281500152,0.6391449013781216,0.5936631703634891,0.5092761569661542
30,3,65.0,6,0.25,0.0,,0.15424841598689612,0.3978026561262781,0.5540261357292111,0.635113687111678,0.5875339201521229,0.48106565918670574
30,3,66.0,6,0.25,0.0,,0.15624024874032408,0.3999329191709796,0.5434037425588645,0.6186412507296973,0.5714382791755039,0.502362327604415
30,3,67.0,6,0.25,0.0,,0.15441024095559505,0.40867077162197063,0.5487928435891519,0.6222497935279349,0.5673454158667478,0.558670651829491
30,3,68.0,6,0.25,0.0,,0.1544976878913255,0.40733173979504417,0.5546254058406539,0.6020317940111006,0.603829318503209,0.49259396821631646
30,3,69.0,6,0.25,0.0,,0.1538657057930875,0.40399452486051607,0.5722313884230413,0.5819884864731801,0.595708236633913,0.4850300825583851
30,3,70.0,6,0.25,0.0,,0.15532517943610666,0.4067730122070693,0.5649567213314338,0.5755347591241423,0.6038420907753415,0.4666427447262603
30,3,71.0,6,0.25,0.0,,0.1619445239276025,0.41498824079968416,0.5564245957731968,0.5931796113051392,0.6183910081476968,0.4528296997920669
30,3,72.0,6,0.25,0.0,,0.15689532642676887,0.4101209716903916,0.5646178179614337,0.5692586673722884,0.6095247285380251,0.43082324476945866
30,3,73.0,6,0.25,0.0,,0.15743791651666972,0.40513175081061326,0.5720701212556614,0.615331295702641,0.6273061195996694,0.4953653285632814
30,3,74.0,6,0.25,0.0,,0.15373552017409742,0.39264185821421194,0.5776343919632592,0.6042168850407451,0.6229693040925758,0.4696368475598295
30,3,75.0,6,0.25,0.0,,0.15095814363573712,0.4019287540029965,0.5619480845799267,0.6205615291291254,0.6066863610665874,0.472739207191381
30,3,76.0,6,0.25,0.0,,0.14797680589043277,0.39521717677217894,0.5749452758065865,0.6310558062001015,0.5490406866377672,0.5011189172689001
30,3,77.0,6,0.25,0.0,,0.14799573548827794,0.392808334290493,0.5791333195565198,0.6292560182985565,0.581482403024414,0.5092806757738348
30,3,78.0,6,0.25,0.0,,0.15030454085744824,0.3844883966222726,0.5866432900964679,0.5847976333530143,0.5946519843057798,0.542996082261278
30,3,79.0,6,0.25,0.0,,0.1521957212018102,0.38884638417723766,0.5621045803330247,0.574571852737632,0.6238282425053976,0.5060566834228352
30,3,80.0,6,0.25,0.0,,0.1513606368118182,0.3721092794285858,0.5493949466956211,0.5616815631976306,0.595690334489295,0.5034782891445178
30,3,81.0,6,0.25,0.0,,0.15455036027674043,0.3801195129400948,0.549373413519368,0.557056234391094,0.6087137952890898,0.5376940676982366
30,3,82.0,6,0.25,0.0,,0.15373575791731678,0.3906276786613359,0.5572939077710062,0.5485329521824214,0.5776623178187035,0.5565813157550465
30,3,83.0,6,0.25,0.0,,0.15357023683476115,0.3995599555960871,0.5451383319137291,0.5436522132394231,0.5598573331114709,0.56499409056364
30,3,84.0,6,0.25,0.0,,0.1551339649247293,0.4014601789176801,0.545020649935209,0.5757594997246633,0.5487181404892987,0.5838670344692282
30,3,85.0,6,0.25,0.0,,0.15768013194820107,0.4017105148067762,0.5247749420126723,0.5666464319107759,0.5446305784138243,0.5858485646811956
30,3,86.0,6,0.25,0.0,,0.15830426483252386,0.4021947034608739,0.5232841354757792,0.5738599160153468,0.5623607231971222,0.6046229229368847
30,3,87.0,6,0.25,0.0,,0.158521661896475,0.40071195504293183,0.537936499640013,0.5890201996125553,0.5887774059516863,0.601966547140858
30,3,88.0,6,0.25,0.0,,0.15795198381039569,0.39979672887510503,0.5406346192075465,0.600183864419048,0.6231537889683214,0.6018978268751927
30,3,89.0,6,0.25,0.0,,0.15651326352173128,0.3944013319784313,0.5390637588811698,0.6155732758725794,0.5916064193908216,0.5514126605119575
30,3,90.0,6,0.25,0.0,,0.1592822473463739,0.3934310722822648,0.5501698727113167,0.6023526023353286,0.5930357639820949,0.5528526245251787
30,3,91.0,6,0.25,0.0,,0.1557725995448476,0.40121847322858556,0.5369773376806787,0.5792997455249412,0.5685661835101314,0.5504688266056422
30,3,92.0,6,0.25,0.0,,0.15921679143313458,0.3965953803537797,0.5356041835242401,0.5828437782792186,0.5744138688911731,0.5252094576769777
30,3,93.0,6,0.25,0.0,,0.15679945640682774,0.3926744598816717,0.5249235412613087,0.5788833519039434,0.544640907623877,0.49736196726170884
30,3,94.0,6,0.25,0.0,,0.158007687235111,0.3828381372251281,0.5091699780805008,0.5669961639311983,0.5789393653980698,0.5056014228029687
30,3,95.0,6,0.25,0.0,,0.15891515890737953,0.3788013023231037,0.5110099932411007,0.5474900333195208,0.5883297686771443,0.4709789690949556
30,3,96.0,6,0.25,0.0,,0.15672611105887382,0.3901447339806815,0.5208832073779107,0.5787396474751151,0.567732490799097,0.4890818183858035
30,3,97.0,6,0.25,0.0,,0.15506340901076437,0.4063592423425012,0.542517193925066,0.5886818613067779,0.5756821481307307,0.4835964317198008
30,3,98.0,6,0.25,0.0,,0.15269016734930435,0.41440076896153927,0.5505736361426299,0.5819642566389265,0.543048498765122,0.5226767470206098
30,3,99.0,6,0.25,0.0,,0.15295791888976437,0.40054464040970716,0.554761919165544,0.5500520981943607,0.570854689895336,0.5428412173561196
30,3,100.0,6,0.25,0.0,,0.15505420234214012,0.3962866132965662,0.5647979425720175,0.564468644185433,0.5458839970806568,0.47533178172584806
31,3,21.0,6,0.25,0.5,,0.10936673998701023,0.29741036462600257,0.4087845797901192,0.48279965144255305,0.49711735182447525,0.5174256839388632
31,3,22.0,6,0.25,0.5,,0.10842480373808608,0.2824187273538012,0.39635713092694125,0.46562661081471024,0.5310691294736861,0.5231210531705743
31,3,23.0,6,0.25,0.5,,0.10568806455991941,0.28967481126132283,0.396781889508865,0.4844398979308925,0.5088784470644575,0.49989726692935293
31,3,24.0,6,0.25,0.5,,0.1012111802010414,0.28723343798271733,0.40571146269607705,0.4567260801589487,0.5047216152489891,0.5134330973320875
31,3,25.0,6,0.25,0.5,,0.10010257760474064,0.2863927771785309,0.3949516708475794,0.4700871123041435,0.47940322514690353,0.5064525504856326
31,3,26.0,6,0.25,0.5,,0.09822871715273404,0.2964654899248788,0.409060164488792,0.46337472369087196,0.5097475864782227,0.5020756783304663
31,3,27.0,6,0.25,0.5,,0.1009064018540454,0.30463177894667154,0.4042625318372627,0.4958625559912592,0.48806765421316023,0.4846615604713646
31,3,28.0,6,0.25,0.5,,0.10357618783966886,0.30753274466511554,0.3964875804460478,0.5018666047948699,0.4885365007489142,0.45567455601453466
31,3,29.0,6,0.25,0.5,,0.10164020726699105,0.2920591217778111,0.3948377089991371,0.485187868575951,0.49238164399477424,0.4823591507176953
31,3,30.0,6,0.25,0.5,,0.10079342206559463,0.2968204053104385,0.41836081850308826,0.48413994816254,0.47004211536331286,0.4925555085929446
31,3,31.0,6,0.25,0.5,,0.10091581912921688,0.2841435067246513,0.4213461528407064,0.5053631334257072,0.48186770452778377,0.48893643280840526
31,3,32.0,6,0.25,0.5,,0.10315080407005468,0.27408157870123023,0.3945136781465101,0.4916284520175454,0.4680495985856606,0.47970786812460264
31,3,33.0,6,0.25,0.5,,0.10111871985073151,0.2828321675240219,0.40558377257702266,0.47729257582402207,0.435944280578845,0.47441175847387945
31,3,34.0,6,0.25,0.5,,0.10451496523088133,0.2863153896680953,0.4043441727807475,0.5009661827716162,0.44941464398844777,0.43631962188948775
31,3,35.0,6,0.25,0.5,,0.10804124392285105,0.28328379887964783,0.3988688247173041,0.478889168490842,0.4477999089660475,0.42487000473518455
31,3,36.0,6,0.25,0.5,,0.11020118663937972,0.2731342767486611,0.41304880649093556,0.48185895585592614,0.4752540950886782,0.45353972350657423
31,3,37.0,6,0.25,0.5,,0.10837027431333852,0.2708311857963255,0.42964410043625334,0.48809374942570516,0.498211560828033,0.4317676816419719
31,3,38.0,6,0.25,0.5,,0.1070450741866956,0.28070865773907266,0.4421005057057655,0.5169178403844483,0.5325941854889564,0.4282523880608814
31,3,39.0,6,0.25,0.5,,0.10798268986312543,0.28047896705771513,0.4282375891666307,0.5113161527416981,0.5502853569518774,0.3998450765362739
31,3,40.0,6,0.25,0.5,,0.10810633473169826,0.26446501533592964,0.4321946318188111,0.5351741884014288,0.5582622615445592,0.48301481186453604
31,3,41.0,6,0.25,0.5,,0.10732729596909878,0.26920245057695147,0.44525962853897116,0.5571907670893947,0.538670929507365,0.47533525606052207
31,3,42.0,6,0.25,0.5,,0.10525013655474702,0.2646821769761797,0.4522959787369201,0.5490748255239204,0.5011869949916694,0.48861992203682664
31,3,43.0,6,0.25,0.5,,0.10255440312682099,0.2729734300410991,0.4640793412716871,0.5283244562129399,0.48727689656433404,0.5203405608777741
31,3,44.0,6,0.25,0.5,,0.10298811779878389,0.28090230991433396,0.4497149832973686,0.5215543704586386,0.5209298904933031,0.5545709463914326
31,3,45.0,6,0.25,0.5,,0.10070673526088843,0.27973809640125097,0.43980649201389,0.511796966743907,0.5274929434916289,0.5949201043619123
31,3,46.0,6,0.25,0.5,,0.09718715053179831,0.27834354239788206,0.4256182151761885,0.5128784300340978,0.5189300961427691,0.5874735754618994
31,3,47.0,6,0.25,0.5,,0.10509094138714044,0.280289242625234,0.4269551836231614,0.5267906125536043,0.46754451085412496,0.5735924842645057
31,3,48.0,6,0.25,0.5,,0.10560444978414071,0.28465522820653744,0.42942893717124175,0.5200411212281412,0.5064481073915114,0.5639544101638652
31,3,49.0,6,0.25,0.5,,0.1058921877897093,0.27501616130769013,0.4287046263683211,0.514067332313287,0.4591358539699219,0.5622320726541937
31,3,50.0,6,0.25,0.5,,0.10776845672197774,0.2843822572034922,0.4168232866125634,0.5329353584635022,0.4729272107031191,0.5385145426553118
31,3,51.0,6,0.25,0.5,,0.1098605299307602,0.2879201515973501,0.42968320398357285,0.5300046158195072,0.4520705476842403,0.5238499222076475
31,3,52.0,6,0.25,0.5,,0.10840070442720848,0.27685144276095597,0.4241054422511844,0.5230779469446439,0.4864947112461319,0.5146826798644722
31,3,53.0,6,0.25,0.5,,0.10820877068820904,0.27033887644486004,0.42552747667628166,0.5036991897755024,0.4539113295461662,0.4712078809338709
31,3,54.0,6,0.25,0.5,,0.10972414939166175,0.2806462519428592,0.4088364529310279,0.5135257072640258,0.44144898882649697,0.4830459790651399
31,3,55.0,6,0.25,0.5,,0.1106003390240452,0.2852297985336997,0.41379542441583056,0.5069359584633715,0.4816425293889782,0.5186612110334685
31,3,56.0,6,0.25,0.5,,0.10665491653092891,0.30903131055934546,0.40291275228275375,0.4983900826515118,0.47142423742402056,0.5265738173579948
31,3,57.0,6,0.25,0.5,,0.10137009275963502,0.3020829757136197,0.4104994158463584,0.4690827199853322,0.49068862487921694,0.47639873987029996
31,3,58.0,6,0.25,0.5,,0.1007889073696194,0.29802357213134406,0.408319743351173,0.48120917620845854,0.4861734060284551,0.4731941899087534
31,3,59.0,6,0.25,0.5,,0.10329450058946592,0.2912626087255826,0.4082269366902044,0.48259698444392984,0.5254489024432603,0.4941733780488202
31,3,60.0,6,0.25,0.5,,0.10108914396237631,0.3004282934964363,0.39843631347128605,0.48783425777918615,0.5227051007072622,0.4691898138473946
31,3,61.0,6,0.25,0.5,,0.10434711697972805,0.2943418322964705,0.40001889326330664,0.47804625800588274,0.524712433940951,0.4968780167736223
31,3,62.0,6,0.25,0.5,,0.10193227250997364,0.2898374189609743,0.41909772903415393,0.4703954753637086,0.5460354133744661,0.4972814356953245
31,3,63.0,6,0.25,0.5,,0.10279800340710839,0.2942429137313162,0.41983321990713873,0.4720065198751546,0.5517104556929829,0.4560898724733901
31,3,64.0,6,0.25,0.5,,0.10215469259105905,0.31061127373003106,0.4306819363524538,0.45050852556586357,0.5749128484918083,0.4760526861590936
31,3,65.0,6,0.25,0.5,,0.101674071570157,0.31625380057463287,0.41402620716259664,0.48264295343240293,0.620956558763396,0.4824435545275854
31,3,66.0,6,0.25,0.5,,0.10186967453597826,0.3043634569211041,0.41476708350555763,0.48414635907571385,0.5883091986087565,0.5040153815588878
31,3,67.0,6,0.25,0.5,,0.09998933043746291,0.29658864705671284,0.4112245513560128,0.4781433196776936,0.5586921040765462,0.48597384610603217
31,3,68.0,6,0.25,0.5,,0.09838788270309531,0.29047544597886465,0.4312856628999394,0.45529834403168923,0.5601475466921635,0.44798642376164494
31,3,69.0,6,0.25,0.5,,0.10188518035147054,0.28925909175383213,0.44672447597117043,0.47235997871879604,0.6012080252994111,0.4589986803085564
31,3,70.0,6,0.25,0.5,,0.10620449201958453,0.2945734740698274,0.4489577098075476,0.4479223443297136,0.5668201219619624,0.4243063328499074
31,3,71.0,6,0.25,0.5,,0.10481017449045602,0.2856438604329761,0.4400794146829613,0.46970473075219427,0.508684912914212,0.4574643896424119
31,3,72.0,6,0.25,0.5,,0.10809992383800245,0.2826046540099159,0.4470680054019646,0.521491034824937,0.48132179206643855,0.43835627317584525
31,3,73.0,6,0.25,0.5,,0.11014699087644857,0.28436179642471876,0.45905663824965365,0.5423379187279316,0.5191102935959931,0.48666971303579637
31,3,74.0,6,0.25,0.5,,0.1138169458188393,0.28841640171886934,0.46303127382365455,0.5307945012458474,0.4980021411554845,0.4746701761697061
31,3,75.0,6,0.25,0.5,,0.11306049846678037,0.2926888341766074,0.46629168874926297,0.5260834378071316,0.5102287173017508,0.4577116472975222
31,3,76.0,6,0.25,0.5,,0.11462951702905215,0.28583352185307287,0.4514897427997539,0.5328335351414324,0.47818827655120755,0.4525153334113773
31,3,77.0,6,0.25,0.5,,0.1113011695813989,0.28321153563887025,0.44927293216550207,0.533241580872261,0.49911310448068946,0.41330620442289334
31,3,78.0,6,0.25,0.5,,0.10975968611818883,0.2896258907424532,0.45291894586605413,0.5266043287775275,0.5176986949889562,0.4184850203271976
31,3,79.0,6,0.25,0.5,,0.10896588066941308,0.28787585222912243,0.4537804266298213,0.5141156141342549,0.5198485979787004,0.3823224748279935
31,3,80.0,6,0.25,0.5,,0.10929533803238685,0.283348010395912,0.4453044434852595,0.5126717665965501,0.5406210196812233,0.401940295131446
31,3,81.0,6,0.25,0.5,,0.1045554900455804,0.2709411930667065,0.4399200352155968,0.5217254254747169,0.5073077545008465,0.4044137557969771
31,3,82.0,6,0.25,0.5,,0.10247050580146613,0.2729443743660064,0.45148323376665384,0.5342768390474768,0.5068930985347271,0.4310221326739045
31,3,83.0,6,0.25,0.5,,0.10355022072609814,0.2863623122999851,0.46791168210746087,0.5247804228405732,0.5219091951635351,0.5117682687744108
31,3,84.0,6,0.25,0.5,,0.09785228316776656,0.28139546969287654,0.45106164330642795,0.5384805480513437,0.5212059175160211,0.49706479884764604
31,3,85.0,6,0.25,0.5,,0.096037581611938,0.2962703574383799,0.4564618111549551,0.554432362026653,0.5181748729223858,0.4849299662274541
31,3,86.0,6,0.25,0.5,,0.09852837659816834,0.28267153702509856,0.4587704808972388,0.5755658811749871,0.5048276317633216,0.4508300808484149
31,3,87.0,6,0.25,0.5,,0.10075314799815145,0.2849346480224787,0.45251163325806926,0.5842947804390507,0.5421569184051036,0.40002632933605725
31,3,88.0,6,0.25,0.5,,0.09804393021005449,0.2750175637650617,0.441286438730714,0.5810988920705265,0.5411999651201966,0.3700253810126057
31,3,89.0,6,0.25,0.5,,0.10062722230967873,0.2805410872516178,0.43999751266708564,0.5632007139150157,0.49454433138064646,0.36359796102005915
31,3,90.0,6,0.25,0.5,,0.10294516655846175,0.2956837820904589,0.4205354589439684,0.5047067881042409,0.5120450009055684,0.34754816738927374
31,3,91.0,6,0.25,0.5,,0.10533689621923595,0.28742196967024747,0.4270799715664536,0.5229416710707623,0.5393833334312961,0.42666706821358397
31,3,92.0,6,0.25,0.5,,0.10956137018454001,0.28125027659941465,0.423187599293402,0.5281570342122418,0.5272265921283049,0.4553478461031929
31,3,93.0,6,0.25,0.5,,0.1101309599971966,0.2802932285064438,0.4346909076647961,0.5306512832943078,0.5148908863134141,0.4234085782674029
31,3,94.0,6,0.25,0.5,,0.11075436274060983,0.26952350258744234,0.4312044593243244,0.549815997784284,0.4822807268227269,0.4123053246532347
31,3,95.0,6,0.25,0.5,,0.10913593132728953,0.2714709832008041,0.430645635753233,0.5267202307449793,0.5324186453645758,0.4457371240834422
31,3,96.0,6,0.25,0.5,,0.10641854339084937,0.2865417849071048,0.454599545141265,0.5009074246308896,0.5112369873918725,0.47218275755771166
31,3,97.0,6,0.25,0.5,,0.10516350030330772,0.2872299177654455,0.4560755829752714,0.48700764024376364,0.5453030412309627,0.4681284129393338
31,3,98.0,6,0.25,0.5,,0.1021868444682255,0.28275323222834636,0.43629884251073436,0.498708509891524,0.4990114413296024,0.4569141529170988
31,3,99.0,6,0.25,0.5,,0.10238555579591464,0.2843385100373579,0.45121851968299354,0.4712453440637997,0.5061875347045555,0.4638507587022226
31,3,100.0,6,0.25,0.5,,0.10492596170578768,0.28007012380049756,0.43634042964136954,0.43952182782205396,0.5398301086976338,0.47720018254099356
32,3,21.0,6,0.25,0.9,,0.08651702841542616,0.21821342487804488,0.36207381634264635,0.42263903142312964,0.46260637796399956,0.3590545350630817
32,3,22.0,6,0.25,0.9,,0.08451389614521118,0.22735442820720336,0.3503138509357576,0.4652580895479887,0.45686767731076694,0.3457543554536354
32,3,23.0,6,0.25,0.9,,0.08429698664910948,0.23740864072777867,0.36445345996512873,0.4641646252679849,0.424989682357179,0.37636782368117033
32,3,24.0,6,0.25,0.9,,0.08721533672513856,0.23466114879343763,0.3518559351467491,0.4872437163611171,0.406919671041542,0.40147878008777627
32,3,25.0,6,0.25,0.9,,0.08547267958227345,0.23307162195598013,0.3424491867007939,0.4558146766654002,0.41829568260265165,0.4013406883935858
32,3,26.0,6,0.25,0.9,,0.08775605945209969,0.23459496550689818,0.3364353802729847,0.44527356554576514,0.44742174963706505,0.4351207332188026
32,3,27.0,6,0.25,0.9,,0.08689378968101008,0.24138345322051374,0.3282423233777213,0.44324461594514136,0.47511800862211934,0.4353223034669546
32,3,28.0,6,0.25,0.9,,0.08846299777767837,0.23103008032960912,0.3340091557660768,0.44713342054438365,0.4831088123457068,0.4689202303553155
32,3,29.0,6,0.25,0.9,,0.08627000434301213,0.23198197396982279,0.33903923690880494,0.43901590091501647,0.5066367922201145,0.5049581005500099
32,3,30.0,6,0.25,0.9,,0.08616771918836101,0.2282004214489302,0.33362759375313833,0.41033233514285705,0.4991768916295096,0.4828533725270467
32,3,31.0,6,0.25,0.9,,0.08483349210477621,0.2204617343638696,0.35166076012463715,0.4206256394648234,0.5114946392152666,0.5018542146473655
32,3,32.0,6,0.25,0.9,,0.08555344252500943,0.21217595112891194,0.35737244547743424,0.40123139669753893,0.5132480392681376,0.4994610118831833
32,3,33.0,6,0.25,0.9,,0.0864701630523127,0.22974441409932683,0.3733700458957267,0.44198441325033855,0.4542765951213423,0.5116754180272998
32,3,34.0,6,0.25,0.9,,0.08500831466759654,0.22179641044027615,0.3742644552822408,0.4272250855357277,0.42691056395553345,0.5048507783504318
32,3,35.0,6,0.25,0.9,,0.07887076159713935,0.23178448689371373,0.35867013719716273,0.4243924756065221,0.493605201054541,0.4778178642052716
32,3,36.0,6,0.25,0.9,,0.08158120828349097,0.23271538646474252,0.3477098765542922,0.41336696869538436,0.5027042628583048,0.47101867561942273
32,3,37.0,6,0.25,0.9,,0.07937574306758569,0.2146805597768359,0.3631201485317681,0.4189749336572609,0.481696702904558,0.5052006637203805
32,3,38.0,6,0.25,0.9,,0.08082523734777951,0.2276059315778094,0.37397438561189206,0.40306935658829685,0.39795125816301347,0.5084140390901022
32,3,39.0,6,0.25,0.9,,0.07906102934946316,0.2309608201759906,0.36770924557962886,0.3799086417734902,0.3888297347014954,0.4625314129115572
32,3,40.0,6,0.25,0.9,,0.08112620073873184,0.21815667207058023,0.363528517050508,0.36761031547515366,0.4121122650270578,0.4879834161374685
32,3,41.0,6,0.25,0.9,,0.08340558352826953,0.2184164197429181,0.34640891004229735,0.3873289011978075,0.41345184590582307,0.47330742736445064
32,3,42.0,6,0.25,0.9,,0.07992917837752875,0.21929848344440397,0.3739467327322009,0.3902608215634426,0.37088891968018883,0.4140186290579428
32,3,43.0,6,0.25,0.9,,0.07803845154714474,0.22504922281643877,0.37347500774882686,0.3872469684055392,0.3531762503910346,0.4210450938879526
32,3,44.0,6,0.25,0.9,,0.08313367621436343,0.21933097806990293,0.35589088161702415,0.379384367438017,0.38971022592412713,0.4421551937378507
32,3,45.0,6,0.25,0.9,,0.08787621572852537,0.22209121684479824,0.3410677851113707,0.43155112543575597,0.4528003183852453,0.43387884879844457
32,3,46.0,6,0.25,0.9,,0.08731707113254654,0.22703792660282693,0.32542025831483723,0.4031828869273936,0.48912841578371735,0.42068834046809805
32,3,47.0,6,0.25,0.9,,0.08883207999237666,0.23653875613978811,0.34240633590517866,0.40808889581086394,0.4995637680540995,0.4233930653289809
32,3,48.0,6,0.25,0.9,,0.0877552819001659,0.23277340855291723,0.32871623572308367,0.3695606105291097,0.5170760504790175,0.41584036257510004
32,3,49.0,6,0.25,0.9,,0.08412188934073336,0.23769825253848714,0.3312183986880478,0.3685958790710272,0.47460026647684705,0.42427458995414524
32,3,50.0,6,0.25,0.9,,0.08311633217477829,0.24317937777250492,0.33478375480150185,0.40198361030164376,0.4550310175692592,0.3972279847312079
32,3,51.0,6,0.25,0.9,,0.08695807730846537,0.2356515041650035,0.33857684154845297,0.3712927208806166,0.4780076418800654,0.45968711017110087
32,3,52.0,6,0.25,0.9,,0.08823064852049395,0.24230991811019892,0.3471364299023692,0.3555396140638341,0.4718361308315169,0.4534923353967243
32,3,53.0,6,0.25,0.9,,0.08829545194404047,0.24380974244770465,0.3488782654746498,0.3638723764469581,0.4642506441527221,0.4283285986594332
32,3,54.0,6,0.25,0.9,,0.08703312784053839,0.24717058450512863,0.3479915304164739,0.3751474120049627,0.43990294031081334,0.46075054388130654
32,3,55.0,6,0.25,0.9,,0.08884934073509172,0.22985971054519733,0.3467737547862069,0.41320613516397103,0.5019116460985781,0.4408098958277916
32,3,56.0,6,0.25,0.9,,0.08879786448078075,0.22896124884189786,0.3627109694886127,0.3810172876255689,0.48161725131730543,0.4701837458632717
32,3,57.0,6,0.25,0.9,,0.08764758511854875,0.23157275137498506,0.3782918917376171,0.42255703165370573,0.4611507903148059,0.42130103821948534
32,3,58.0,6,0.25,0.9,,0.0860619296865912,0.24151870407137582,0.3703190552874374,0.4172546908264662,0.47193618130620296,0.44408081189889204
32,3,59.0,6,0.25,0.9,,0.08879216303208814,0.2579104577721951,0.335215045142612,0.4194062868640006,0.42540884434108134,0.38817119107759207
32,3,60.0,6,0.25,0.9,,0.08814023634692263,0.24129886638686257,0.340060165457469,0.44548431821368517,0.441062310492322,0.3804048127646394
32,3,61.0,6,0.25,0.9,,0.08667236372824312,0.24336061108549942,0.3239571698637246,0.39417076966564285,0.44151677596156824,0.40151912251746397
32,3,62.0,6,0.25,0.9,,0.08762147983142529,0.24585171340105175,0.3288119156729238,0.3825247591409879,0.4666971255016749,0.4404783077507375
32,3,63.0,6,0.25,0.9,,0.08696949789867962,0.240977840462184,0.348327679675357,0.3766725612949262,0.42604767651333136,0.5090077057005744
32,3,64.0,6,0.25,0.9,,0.08719109464612204,0.23748571590060838,0.3448472581908756,0.3723783293385126,0.4270367728408967,0.5284228563291851
32,3,65.0,6,0.25,0.9,,0.08872664275218337,0.25089623790622795,0.3412641609225803,0.40869071228514536,0.3858456111642717,0.5376663971182357
32,3,66.0,6,0.25,0.9,,0.08708609757483884,0.25979134380210217,0.3353689359459825,0.42502322987119073,0.4322239434523061,0.5359653901595833
32,3,67.0,6,0.25,0.9,,0.08752940005187079,0.2536233597339024,0.32715372825140454,0.4104782817227145,0.40587489206027116,0.4879154521279424
32,3,68.0,6,0.25,0.9,,0.09131073376009,0.26087133043625227,0.3374768940720765,0.4018690658934744,0.42136452133384406,0.43114741117356487
32,3,69.0,6,0.25,0.9,,0.09154450604293611,0.2552838519058121,0.3404598293396148,0.40640752903445837,0.45466920387214954,0.43950633536491085
32,3,70.0,6,0.25,0.9,,0.08818377689953072,0.2659556909361682,0.33726867485328216,0.41827773796553125,0.5207082732991773,0.39567812746917774
32,3,71.0,6,0.25,0.9,,0.08700826638843233,0.2547171150497596,0.32646841257420406,0.3669623204962583,0.5098384856893161,0.42030766048179685
32,3,72.0,6,0.25,0.9,,0.0858763367429122,0.23862764589784727,0.34388736051562746,0.37660286828076533,0.49062053282144563,0.4367782709487994
32,3,73.0,6,0.25,0.9,,0.08152782548563757,0.22769116503254178,0.3584729534024057,0.3629285366614579,0.4893485025508662,0.4529712814754445
32,3,74.0,6,0.25,0.9,,0.07791611444665413,0.23892421639572586,0.36009847095950664,0.3533873455166253,0.4794543542701473,0.4623770251803556
32,3,75.0,6,0.25,0.9,,0.08188793392426305,0.24275701489137896,0.3611054060975582,0.35339418285749585,0.4849450948496977,0.47224573121806684
32,3,76.0,6,0.25,0.9,,0.07941452545081443,0.2299786747281846,0.35427037356283975,0.35601695067130756,0.49194546500214037,0.5131662215017293
32,3,77.0,6,0.25,0.9,,0.07901798285397214,0.23376660473320188,0.33332020323964606,0.40153475358013563,0.48331289565772473,0.5015736558639777
32,3,78.0,6,0.25,0.9,,0.07884166100726106,0.22773539943329624,0.3539995072744108,0.39491856786001606,0.461292071887485,0.4862773242748536
32,3,79.0,6,0.25,0.9,,0.07541745074606741,0.22017523543919076,0.35537129800974077,0.3757454818660812,0.4210170836922275,0.45575016368471977
32,3,80.0,6,0.25,0.9,,0.0749958034590961,0.23709187524019276,0.3551336456062607,0.3634939818743622,0.4457529296013976,0.4446001309477758
32,3,81.0,6,0.25,0.9,,0.07596698150237649,0.23704124028809326,0.36622755733631085,0.3863364177340302,0.4921486396811511,0.3960954035470185
32,3,82.0,6,0.25,0.9,,0.07516477664806993,0.23043698877410107,0.3486492153840033,0.41157199387732996,0.46736848895169103,0.3813712991440078
32,3,83.0,6,0.25,0.9,,0.08269618439050021,0.23133963667263915,0.35872379991728626,0.3917910818465089,0.47741264170369435,0.3714271093969879
32,3,84.0,6,0.25,0.9,,0.07895923731248948,0.2419827423264505,0.33389278787802407,0.40912119066220587,0.4666093905551472,0.3773682481947346
32,3,85.0,6,0.25,0.9,,0.07632363555181501,0.23591053293616787,0.3333890973505688,0.40417761701737553,0.43820740274491765,0.4424072977293341
32,3,86.0,6,0.25,0.9,,0.07448920183225032,0.24144294101130032,0.35008871496960314,0.41812400677066436,0.46354038387730095,0.4668943790435991
32,3,87.0,6,0.25,0.9,,0.08129162440502029,0.237064715531372,0.3512244610668682,0.48063989548332187,0.46969932221674854,0.48573356855840827
32,3,88.0,6,0.25,0.9,,0.08184358894660163,0.23182124849107272,0.3553198263084283,0.48638551626116866,0.458097246743619,0.4824204885708193
32,3,89.0,6,0.25,0.9,,0.08530757728117314,0.2373685878956513,0.37276668530498097,0.48953656862399475,0.40925305589001654,0.44946070762696505
32,3,90.0,6,0.25,0.9,,0.08071010349603584,0.23424415371902127,0.36413531444021946,0.4680110177764562,0.39829508494437393,0.44149270167103244
32,3,91.0,6,0.25,0.9,,0.08635822872153032,0.23179142329350166,0.3734091443191744,0.434178809379009,0.3943799014183846,0.47459521873791227
32,3,92.0,6,0.25,0.9,,0.08382953737820933,0.23746516755492725,0.3696474298761852,0.4170309522566731,0.42431124444258617,0.501971544665117
32,3,93.0,6,0.25,0.9,,0.08368033544119095,0.2346483852034013,0.3691580721263041,0.43816147390025784,0.449836938594088,0.5301187397213393
32,3,94.0,6,0.25,0.9,,0.08036112468792764,0.2367894210598575,0.3692218749562284,0.4403421032088303,0.4726925859153995,0.5268667196817163
32,3,95.0,6,0.25,0.9,,0.0837532503026202,0.2249489036554606,0.33326309922049024,0.4375860957409752,0.49437033367060773,0.47474784163542916
32,3,96.0,6,0.25,0.9,,0.08401880605719432,0.22141234024865192,0.34917009464190185,0.4099049380643872,0.5158744378177638,0.44496545047947267
32,3,97.0,6,0.25,0.9,,0.08582094438161814,0.2200332259313209,0.358898919322584,0.41667418351147223,0.504934431819133,0.40252352655219
32,3,98.0,6,0.25,0.9,,0.08474997290569744,0.22397263285772068,0.3600841319632092,0.4047035867245298,0.4807804350568343,0.3911344151416146
32,3,99.0,6,0.25,0.9,,0.0840363349200767,0.21973025678829824,0.37786213938507374,0.4123068271911189,0.4676749142164097,0.43290753211329164
32,3,100.0,6,0.25,0.9,,0.08670545592317709,0.21912053485292354,0.3760223014598638,0.41767092970213654,0.4810440100164497,0.48485199858590067
33,3,21.0,6,0.5,0.0,,0.17173098318889873,0.43339356078631325,0.5281882534867888,0.6314770242207528,0.5575955962247534,0.6127773009740125
33,3,22.0,6,0.5,0.0,,0.16378117704074427,0.4416783179206705,0.5594758091736329,0.6002152444196154,0.5330246311781117,0.5835664014537297
33,3,23.0,6,0.5,0.0,,0.16896550122080622,0.42689757288116625,0.5562229089635323,0.5248884752468372,0.5217293622362555,0.5846456386434122
33,3,24.0,6,0.5,0.0,,0.1594702924155308,0.4214221015857701,0.5532856416317652,0.5775654234979521,0.5480128492938812,0.5602189205819001
33,3,25.0,6,0.5,0.0,,0.16307340874029094,0.4119053512523655,0.5541177234443232,0.5484222649810148,0.5443109533126087,0.5242403137163242
33,3,26.0,6,0.5,0.0,,0.16009232605752183,0.4209433514117943,0.5114991846240534,0.5430719255281672,0.5356732539830183,0.564417925168478
33,3,27.0,6,0.5,0.0,,0.15595205716248642,0.44883432951476676,0.4832088895635998,0.5690085512611389,0.5437435062869994,0.5456236923505509
33,3,28.0,6,0.5,0.0,,0.15725457877743365,0.43096498797947974,0.4709472440976434,0.5370749152167268,0.5239768868171977,0.5755739232721419
33,3,29.0,6,0.5,0.0,,0.15587245422377405,0.458198285833315,0.47650787035780146,0.5189122702452499,0.5496162844532423,0.5604591386177135
33,3,30.0,6,0.5,0.0,,0.15518791887636735,0.4556693257923161,0.5029973311882058,0.5617118097791932,0.5125050781232006,0.5674200396095476
33,3,31.0,6,0.5,0.0,,0.15969322253270876,0.460505569205696,0.48850608553538083,0.573990048083715,0.5113254684763294,0.5766122589746148
33,3,32.0,6,0.5,0.0,,0.15223766806135547,0.42648244303441646,0.5117040186315508,0.5882647972245987,0.5426117685411491,0.5973366145696236
33,3,33.0,6,0.5,0.0,,0.15430087614030835,0.4216838789816245,0.5216198960566009,0.5993980113833669,0.574750041122396,0.601775392437771
33,3,34.0,6,0.5,0.0,,0.158044718607416,0.419206158617623,0.5166536790795181,0.5751826100608326,0.5582410947360316,0.5675159308501948
33,3,35.0,6,0.5,0.0,,0.1524299985266901,0.4331537794288124,0.5140210525371246,0.5759139714334566,0.5955706598940145,0.6140127446801558
33,3,36.0,6,0.5,0.0,,0.15207994894743965,0.43077513842654813,0.5166003686990734,0.5482892082444727,0.6448056647750451,0.5730791076075662
33,3,37.0,6,0.5,0.0,,0.15314616777751575,0.42638187886554035,0.4889318334839228,0.5456229260076844,0.6311230187301385,0.5871610401031827
33,3,38.0,6,0.5,0.0,,0.16095705200511626,0.4401458674940718,0.518253913585748,0.5396110148383868,0.6435040155334372,0.5952656619711924
33,3,39.0,6,0.5,0.0,,0.15795164573027776,0.4394105267192324,0.5094511025248037,0.5929008666467905,0.623613318008302,0.576212529576954
33,3,40.0,6,0.5,0.0,,0.15747323826112353,0.44092709480114645,0.517069192483478,0.5803440019058992,0.5880816768566379,0.5209700236615631
33,3,41.0,6,0.5,0.0,,0.15472798919871905,0.4215446272765532,0.5306660351113048,0.5900979711397769,0.6469346744852973,0.4942642719641023
33,3,42.0,6,0.5,0.0,,0.15884186154513164,0.41498223733651834,0.577860785220068,0.561249255476137,0.6358157477969067,0.5090702679844172
33,3,43.0,6,0.5,0.0,,0.15306097466071417,0.4187552653581843,0.5523443978874394,0.5148226296061846,0.6628441603591267,0.5391879840736271
33,3,44.0,6,0.5,0.0,,0.16854778677206314,0.4055656296721186,0.5785594806591552,0.49065555880502953,0.6486587825446877,0.5069511732493337
33,3,45.0,6,0.5,0.0,,0.16945434062121828,0.3772085627112599,0.554409668784743,0.510095401004252,0.6005629378361228,0.5314842230826831
33,3,46.0,6,0.5,0.0,,0.16828604001052208,0.36021458587143546,0.56471767601009,0.5136563945856549,0.5524548351973383,0.553538708639712
33,3,47.0,6,0.5,0.0,,0.16557358538684464,0.3668203560959987,0.5734218223365547,0.555008550035177,0.5269047258057344,0.5335839474463204
33,3,48.0,6,0.5,0.0,,0.16627099869586534,0.3640747713588662,0.5719620769301245,0.5620444838871247,0.5685486147526811,0.5394213943905936
33,3,49.0,6,0.5,0.0,,0.15905175684075593,0.3662361717257193,0.5848505443179361,0.5241192417561892,0.6047189586608486,0.5438572543476333
33,3,50.0,6,0.5,0.0,,0.15372057729234911,0.3816131254394731,0.5795237969736364,0.5457218514632047,0.6035086611037624,0.5594020877577419
33,3,51.0,6,0.5,0.0,,0.1544370607585652,0.38663321261021383,0.5941117646986699,0.5705027170581541,0.6202959526030997,0.5475216702061936
33,3,52.0,6,0.5,0.0,,0.15382544712621643,0.38789880071286104,0.5740334458169742,0.5612768805587885,0.6017315338890742,0.557178861080677
33,3,53.0,6,0.5,0.0,,0.16548808571770918,0.37665317311138746,0.5889655101740338,0.5694782511251406,0.5701388862032137,0.5489778688565957
33,3,54.0,6,0.5,0.0,,0.17134448364113286,0.3903465718579759,0.5812268953273596,0.5767355460750466,0.5343474439438614,0.579156369310476
33,3,55.0,6,0.5,0.0,,0.1639150100827093,0.3823375895717949,0.5427858434323553,0.594664071229877,0.5618791984475668,0.589624466015522
33,3,56.0,6,0.5,0.0,,0.16304159660516793,0.3959466205287824,0.555185171706919,0.5651400565109836,0.6020001505166632,0.5758508669811692
33,3,57.0,6,0.5,0.0,,0.1592483791126913,0.3886876595726463,0.5729418783558003,0.5354412222635584,0.6034912676781768,0.5528062213282526
33,3,58.0,6,0.5,0.0,,0.16345638699250065,0.40173587111167547,0.5903290932574168,0.5002329763731784,0.5855406127696957,0.5538600944611759
33,3,59.0,6,0.5,0.0,,0.1569952335550363,0.370479592581718,0.5802434261398219,0.5313061630977829,0.5937391443917448,0.5198164483812853
33,3,60.0,6,0.5,0.0,,0.1489912858930494,0.3786143961547309,0.5805705740660022,0.4840290392211458,0.5585478933935855,0.4961636995565041
33,3,61.0,6,0.5,0.0,,0.14754360650423154,0.38363713123627624,0.5830227053162321,0.4693716577755473,0.5917816503729413,0.4557452842130111
33,3,62.0,6,0.5,0.0,,0.14489987921156597,0.3703709315416798,0.5612915652570892,0.47241131099279093,0.5903856909183378,0.5152369620808466
33,3,63.0,6,0.5,0.0,,0.1424279996095003,0.3907981340150033,0.5664576048071879,0.4510457769037252,0.5588222801815902,0.5194158554285121
33,3,64.0,6,0.5,0.0,,0.14541808650038124,0.401092244188969,0.5657942476656015,0.47157612533560717,0.5636535294482088,0.5082258139186013
33,3,65.0,6,0.5,0.0,,0.1472122538887797,0.3984199167470817,0.5595052174233108,0.5362436516524323,0.5533411793208713,0.46228235987629185
33,3,66.0,6,0.5,0.0,,0.14405109071709657,0.41058669918263735,0.5273782706601643,0.5050746215047914,0.559924437910292,0.521586987105016
33,3,67.0,6,0.5,0.0,,0.14594802899517528,0.40350690367791986,0.5002803958312125,0.5039787494424024,0.5470892897747923,0.49711990914481535
33,3,68.0,6,0.5,0.0,,0.1565185220109458,0.4028638842160611,0.5160918991020088,0.507141097498064,0.5254163021316337,0.48732993887013387
33,3,69.0,6,0.5,0.0,,0.14703124375713092,0.4135937639837432,0.4843876368477858,0.5436017444251301,0.44624422611791187,0.4711785469901364
33,3,70.0,6,0.5,0.0,,0.14620943250659094,0.42895401651629933,0.4997514876094035,0.5598881742191095,0.49040669076120036,0.4674075354255295
33,3,71.0,6,0.5,0.0,,0.15168243059745637,0.4177731341190375,0.5026170118459824,0.5374443659998744,0.4769160148985835,0.4495732137416663
33,3,72.0,6,0.5,0.0,,0.14722415183998172,0.41619343889872207,0.5207521928128432,0.5638094713008088,0.4843854452963187,0.4345283501745576
33,3,73.0,6,0.5,0.0,,0.15001313224135884,0.42732898663480023,0.5298445302533376,0.5691186750692012,0.5685509778944209,0.479518355469965
33,3,74.0,6,0.5,0.0,,0.15672589316640337,0.426985547266394,0.5046909147952412,0.5810005352486899,0.5799836054356404,0.47757484241874704
33,3,75.0,6,0.5,0.0,,0.15443051028138022,0.4033327289262365,0.48192667401644085,0.5999216503701659,0.5706900063631839,0.44049105393890464
33,3,76.0,6,0.5,0.0,,0.16577461755148679,0.4130407267794138,0.5127447881903922,0.619720843176195,0.5725858827924628,0.47176156088976146
33,3,77.0,6,0.5,0.0,,0.16820666103756965,0.3996046789473812,0.5067625768224715,0.643544467256391,0.5810646298065116,0.43740924871180925
33,3,78.0,6,0.5,0.0,,0.1588045214144093,0.4044062563431261,0.5131158752508268,0.6441931450468731,0.5720944311766979,0.4545865398128176
33,3,79.0,6,0.5,0.0,,0.15687191432673275,0.423045975827547,0.495591466629274,0.594476548829997,0.5427469233504189,0.48060737258557173
33,3,80.0,6,0.5,0.0,,0.15232477591315824,0.4209289331906986,0.5245747815959583,0.6269516767279418,0.5597774652897177,0.5025765873342819
33,3,81.0,6,0.5,0.0,,0.1509515644098788,0.4303824767194807,0.5118476065845042,0.6131498240729881,0.5400010274511076,0.4926445158546898
33,3,82.0,6,0.5,0.0,,0.16152142765014182,0.444942171705977,0.5341608918643261,0.5850931024404771,0.5256092714672282,0.47411561268375174
33,3,83.0,6,0.5,0.0,,0.16793535948837165,0.44682784072016124,0.537798368966947,0.5449527013566515,0.513870962031282,0.496493482648573
33,3,84.0,6,0.5,0.0,,0.1664000462127682,0.45209111337455027,0.543552874228788,0.5253008076881691,0.5436117172527692,0.5128369226427499
33,3,85.0,6,0.5,0.0,,0.16825763815827233,0.44121911868074076,0.5481904164268204,0.49754436354865794,0.5808970871345229,0.49592225460782957
33,3,86.0,6,0.5,0.0,,0.17341954501257514,0.41442432717300415,0.545943489317669,0.5311037501974283,0.5490569678380648,0.5198003428186362
33,3,87.0,6,0.5,0.0,,0.17196475364798317,0.421525816365165,0.5733333883435179,0.49743728410465904,0.5568600759909,0.4867915486720443
33,3,88.0,6,0.5,0.0,,0.16825089955170627,0.42799345467867955,0.5692382415584634,0.5013425464918055,0.5621431371139118,0.44852912188176425
33,3,89.0,6,0.5,0.0,,0.15624912653608952,0.44299489526947095,0.5334553327551903,0.49085268195744,0.5683348903286877,0.49753722675941897
33,3,90.0,6,0.5,0.0,,0.15004887598079117,0.4371040660583991,0.5260574811725383,0.49729854406263396,0.5452516463247276,0.48503388672207254
33,3,91.0,6,0.5,0.0,,0.15781374963826159,0.42180941247975856,0.5230550475127204,0.513014298924482,0.5602815745040284,0.5252863680954917
33,3,92.0,6,0.5,0.0,,0.14978723869492958,0.39115908309443476,0.4773073511775222,0.5286886277604547,0.5919198825249044,0.5428550776382262
33,3,93.0,6,0.5,0.0,,0.148384871286186,0.39258667445178685,0.47333102271339733,0.5357139454064836,0.6075663213271524,0.5723843524406694
33,3,94.0,6,0.5,0.0,,0.1537649771783443,0.4051033997301744,0.5235422277266102,0.5597350282369045,0.6350780247065354,0.5425129372999462
33,3,95.0,6,0.5,0.0,,0.14225775440732522,0.4043714911286579,0.5038776573138075,0.5261841943937204,0.640956620877407,0.5518232667626644
33,3,96.0,6,0.5,0.0,,0.1475883368342889,0.390677836192794,0.5250381703089384,0.5864164506800875,0.6459654879597132,0.5590980296253621
33,3,97.0,6,0.5,0.0,,0.15178177327718656,0.3939472692344847,0.5442907686564072,0.5956568760577658,0.6567318283396144,0.5244817061310885
33,3,98.0,6,0.5,0.0,,0.16189276357550764,0.38900923282718075,0.5359497302912773,0.6004146105413682,0.644516289603392,0.5195853649048708
33,3,99.0,6,0.5,0.0,,0.1648279903878473,0.36879342749919464,0.5616980565180616,0.5865742652984299,0.6590373518987269,0.5067446301233938
33,3,100.0,6,0.5,0.0,,0.15847537879302206,0.37729450859405705,0.5754373443850832,0.59458723322188,0.6664850722274174,0.4974227449429347
34,3,21.0,6,0.5,0.5,,0.11102533114592802,0.29175064392667516,0.4033906964663931,0.4803535737962263,0.5036001443208299,0.45541410408944805
34,3,22.0,6,0.5,0.5,,0.10431112070018933,0.2748391027335346,0.39642468840043643,0.48603194164560337,0.5025562290260331,0.4939672275498772
34,3,23.0,6,0.5,0.5,,0.1121839128355405,0.2923437140938939,0.4028861958952333,0.4564072717483,0.4826630100856953,0.4770892545748768
34,3,24.0,6,0.5,0.5,,0.11168168544987282,0.2920202827709572,0.4104872492525863,0.4946426383455325,0.4733137673876695,0.5216714036599015
34,3,25.0,6,0.5,0.5,,0.10373594208893125,0.2661411979965683,0.3855935980243142,0.4670074479203284,0.44137614243847967,0.5034275022276616
34,3,26.0,6,0.5,0.5,,0.10040682261026426,0.27369601854964165,0.3762214591230708,0.4874617252451022,0.5064687837281643,0.49216713297977216
34,3,27.0,6,0.5,0.5,,0.10005273885772711,0.26565317686491147,0.3957807616903078,0.4975725222716898,0.4917528184792447,0.5256939012341343
34,3,28.0,6,0.5,0.5,,0.10244480663163395,0.2708706454896023,0.39879032552548266,0.5251114775068954,0.4786924954025681,0.4564867572388529
34,3,29.0,6,0.5,0.5,,0.10133450491145064,0.2910531164899775,0.43467946695980525,0.5657046282510008,0.47468198525731886,0.4560114926989433
34,3,30.0,6,0.5,0.5,,0.10526497628326248,0.296994854798015,0.4297246892205434,0.5676432229439992,0.45470678635392286,0.4811636000236973
34,3,31.0,6,0.5,0.5,,0.10101786043165861,0.29628958312235826,0.42837130337507157,0.562718013450801,0.4939191926404473,0.4673275648558888
34,3,32.0,6,0.5,0.5,,0.10490651519539156,0.2671319252512441,0.44654964575137795,0.5336628418555135,0.49300605633535427,0.5209560218761224
34,3,33.0,6,0.5,0.5,,0.10678844295155934,0.2635441999337341,0.4207138764557226,0.485186007828199,0.47853804709795755,0.4771014908337179
34,3,34.0,6,0.5,0.5,,0.11362191229469402,0.2955076261060156,0.4112009673532665,0.4976671713626004,0.474848834188323,0.531296517597536
34,3,35.0,6,0.5,0.5,,0.11102574962151754,0.29606263274604416,0.4004624899903505,0.5057918847952532,0.4729673686832311,0.5463596222087338
34,3,36.0,6,0.5,0.5,,0.10447045595654432,0.27616531964420915,0.4223011380415608,0.48490432076495277,0.4506679138181182,0.5221839198847977
34,3,37.0,6,0.5,0.5,,0.10108793277023083,0.30882892223803815,0.421124979048202,0.4934500393143459,0.4889193185632612,0.5517366632314241
34,3,38.0,6,0.5,0.5,,0.10595269521428916,0.31802656471831636,0.4268296538770378,0.4660618903542194,0.5009408595631777,0.549907547186805
34,3,39.0,6,0.5,0.5,,0.10099609413042895,0.3050124598488308,0.43364981950363146,0.5024464037994067,0.4634784803412627,0.5519809927136707
34,3,40.0,6,0.5,0.5,,0.10725258405011802,0.31575700390306854,0.43426667048984696,0.5091556620301428,0.49873132693748995,0.5301931929320464
34,3,41.0,6,0.5,0.5,,0.1018672281531281,0.30103935433200024,0.44544629960458904,0.4762180690478865,0.4949024520767196,0.544154554345637
34,3,42.0,6,0.5,0.5,,0.10496034178988581,0.28677681050832005,0.43636723386257137,0.5032957090552402,0.4769378723401494,0.5094262001306886
34,3,43.0,6,0.5,0.5,,0.10181152534429434,0.29176405926626836,0.45768637766324105,0.5003508311190353,0.45016920489748,0.5056736097610933
34,3,44.0,6,0.5,0.5,,0.09457355489164966,0.30178210966047436,0.4758416331502969,0.4734265108389241,0.450065273733878,0.5036785453807573
34,3,45.0,6,0.5,0.5,,0.09681472461069013,0.30748001479057374,0.44228256770549673,0.4608139773144659,0.46246535719672044,0.4930643751518698
34,3,46.0,6,0.5,0.5,,0.09180557667469733,0.2977826194574479,0.4920531783858326,0.47752284538750417,0.47253495334564555,0.49735704565872174
34,3,47.0,6,0.5,0.5,,0.0925018787800553,0.2935532520788496,0.4986750753117405,0.43858615372705945,0.475677655145486,0.49788563652697737
34,3,48.0,6,0.5,0.5,,0.09129832333198576,0.2978212943305887,0.5087088528625203,0.42682893051800674,0.4971269339945305,0.4744116270434871
34,3,49.0,6,0.5,0.5,,0.09201497196039007,0.3048295657812584,0.47679501654082734,0.39803367677666607,0.5250083881685869,0.44638719813776434
34,3,50.0,6,0.5,0.5,,0.09263538462053894,0.3321217733937139,0.5095966943986608,0.4283216213113444,0.5211060201025381,0.46227617353348815
34,3,51.0,6,0.5,0.5,,0.10330915941251355,0.3052649787614558,0.48760009503320545,0.4218315779544041,0.512929823444362,0.5039892579908207
34,3,52.0,6,0.5,0.5,,0.10582039300525917,0.3039970551331093,0.4397803756029438,0.406353756653888,0.5251464114431748,0.47583168561741085
34,3,53.0,6,0.5,0.5,,0.10015306671691873,0.3122997473841442,0.49370513156673157,0.4293762193594944,0.5401171291545398,0.44790258890180146
34,3,54.0,6,0.5,0.5,,0.1030412656207548,0.29867360047406705,0.4574852874414548,0.41844814759020343,0.6120937033236318,0.4783220711214412
34,3,55.0,6,0.5,0.5,,0.10230001929895385,0.288851937734638,0.42610422586516405,0.43458108000491513,0.5737296151918654,0.4336798222432209
34,3,56.0,6,0.5,0.5,,0.10738914789802871,0.30133116153497064,0.46707240829395164,0.4457403255118118,0.5747140812019425,0.44418293740503856
34,3,57.0,6,0.5,0.5,,0.10144339388872961,0.3218851799181088,0.4352443037104049,0.4046140839106561,0.5139165141800491,0.45807682853939563
34,3,58.0,6,0.5,0.5,,0.10320252888371588,0.3048357899963456,0.4287383150609205,0.40996997120848466,0.5078915536014376,0.4454336050732085
34,3,59.0,6,0.5,0.5,,0.11085870515466008,0.2989633421041319,0.43090353796943426,0.4522517207746187,0.5161049250992775,0.47634688405856684
34,3,60.0,6,0.5,0.5,,0.11414317600161143,0.30654934973243947,0.4219441288933174,0.5026269613348471,0.4644230352687348,0.503420124433689
34,3,61.0,6,0.5,0.5,,0.11270190244031937,0.3261148476016716,0.4201559822452626,0.492344066417817,0.5510786650189746,0.49179716236199483
34,3,62.0,6,0.5,0.5,,0.10348955269108973,0.3189858005006311,0.4261705243871499,0.5028850993997891,0.5396871278867864,0.46638304061309555
34,3,63.0,6,0.5,0.5,,0.1099675458825787,0.3156074712575524,0.4633297241252601,0.5147478173035567,0.5461593288752751,0.47310643249047646
34,3,64.0,6,0.5,0.5,,0.11073780874665826,0.2936600350995937,0.43321281073512213,0.4915866171946205,0.5435034830172248,0.4957194686690637
34,3,65.0,6,0.5,0.5,,0.11586951158730732,0.3037200541253946,0.414735302777844,0.5290630040078567,0.5856237902285325,0.4795670921521785
34,3,66.0,6,0.5,0.5,,0.11279909637510177,0.30072432945812994,0.41819389607424995,0.5491946146003179,0.5718093718483277,0.4678874947730104
34,3,67.0,6,0.5,0.5,,0.10949091977389958,0.30912257441772517,0.4097197553484827,0.5489888842047828,0.5535728309737812,0.4971053124774737
34,3,68.0,6,0.5,0.5,,0.11352670636606746,0.30359339116747347,0.45477017820897697,0.49825374312288045,0.5389861436285069,0.5125819329579208
34,3,69.0,6,0.5,0.5,,0.10845209170139918,0.3073893822254111,0.489498853683188,0.5329378387018617,0.5133671610470341,0.5327738334594696
34,3,70.0,6,0.5,0.5,,0.10643538713367069,0.30127331239938726,0.4591063218421076,0.5679481503920478,0.47116655375134575,0.5454334948650421
34,3,71.0,6,0.5,0.5,,0.10858977195662922,0.3112894682209575,0.4581915448430447,0.5514409828493021,0.4993874059726246,0.544473284343716
34,3,72.0,6,0.5,0.5,,0.10554309616136999,0.31900775649813934,0.4521702208056058,0.5581823911273192,0.48850012345418803,0.5003137143159551
34,3,73.0,6,0.5,0.5,,0.10784600420293411,0.3241366170512078,0.46636590150055823,0.5400483112233274,0.4739492503767619,0.5034197236017619
34,3,74.0,6,0.5,0.5,,0.11203617400087122,0.30563177785529144,0.47494334216017053,0.5234015946633297,0.4991594003014095,0.49356488120777986
34,3,75.0,6,0.5,0.5,,0.10742467290830152,0.3169940403192514,0.4281665097730807,0.5029481334238338,0.5122748953281565,0.4963943960107457
34,3,76.0,6,0.5,0.5,,0.11319381665458991,0.31613589783994744,0.39588474476825103,0.4898866200820805,0.49481187230554263,0.4987488676425354
34,3,77.0,6,0.5,0.5,,0.11261517921538897,0.32043327645362846,0.4303922275584499,0.48740546029424764,0.5059259303726505,0.5282490602027419
34,3,78.0,6,0.5,0.5,,0.11899273514647295,0.3501319488860538,0.4289010617990482,0.46666041784163814,0.5048190912156676,0.508560275050901
34,3,79.0,6,0.5,0.5,,0.11398058070707842,0.33907056912986094,0.4172273697548053,0.4343107615940087,0.4771686231698123,0.4891325199859953
34,3,80.0,6,0.5,0.5,,0.12315730737575385,0.3066700912945188,0.4263631730262256,0.45393756025857107,0.5167491841175746,0.4736562376143138
34,3,81.0,6,0.5,0.5,,0.1269147633528371,0.3062037999137845,0.4165064387385917,0.48511062495051294,0.508044016684287,0.4576623576839083
34,3,82.0,6,0.5,0.5,,0.11685891513404494,0.29763586955446175,0.44265207020468855,0.47614852608197245,0.4936528203419049,0.500030336897217
34,3,83.0,6,0.5,0.5,,0.11536270042211216,0.278996027049942,0.4433925848122276,0.4664369597714522,0.49507990095701526,0.5693954637984324
34,3,84.0,6,0.5,0.5,,0.11825450666206852,0.2843212344550169,0.41950445552875204,0.43826864690726425,0.5100135601605431,0.5955163710387461
34,3,85.0,6,0.5,0.5,,0.1208266934731814,0.2719749029790728,0.4263670312001374,0.47431096395654937,0.5042442779448009,0.5710174376631987
34,3,86.0,6,0.5,0.5,,0.12067216287097324,0.2724200399858779,0.42637912759862545,0.5185603519540255,0.5085647705708036,0.5646242973206227
34,3,87.0,6,0.5,0.5,,0.11748087070924111,0.2727113629694288,0.4181369144425684,0.4938840810609528,0.5195581028693093,0.5513687366577471
34,3,88.0,6,0.5,0.5,,0.11770635376482981,0.2627417728086008,0.4277501431688361,0.5145137914987583,0.49076202647289274,0.5790250950588935
34,3,89.0,6,0.5,0.5,,0.1223256524322521,0.2657263651627948,0.4561901020805633,0.47940687503929685,0.4767620643001974,0.6009460858827802
34,3,90.0,6,0.5,0.5,,0.11457277121465477,0.24875024353739944,0.4832144999769805,0.47339003183263034,0.4265345745440946,0.5770876515939094
34,3,91.0,6,0.5,0.5,,0.11555094505449603,0.2630721078328239,0.45957573515373573,0.4830279572953091,0.44138555990577844,0.5244766045341707
34,3,92.0,6,0.5,0.5,,0.11365167529169654,0.26525150766630995,0.4247095668077205,0.4538667833633762,0.43478908650411574,0.5222247292932415
34,3,93.0,6,0.5,0.5,,0.11502110576389853,0.25433353827929384,0.4633182244676659,0.4586553623443641,0.46478239680027,0.5377797834345932
34,3,94.0,6,0.5,0.5,,0.10948553646388408,0.25746418105684993,0.47111023360204207,0.44161739621637003,0.5263282297659976,0.5588541296103116
34,3,95.0,6,0.5,0.5,,0.10617587598937457,0.2800084327849323,0.44853300731422524,0.45010227608279624,0.5010625838127981,0.5266399089753342
34,3,96.0,6,0.5,0.5,,0.10648147207723409,0.2652906183951037,0.45101867522038575,0.48483868778126676,0.517992188653625,0.4872498146134311
34,3,97.0,6,0.5,0.5,,0.1063139722514895,0.26427766632147887,0.42520377648886676,0.4633162818412079,0.598345290346405,0.4516422943748303
34,3,98.0,6,0.5,0.5,,0.10240585271698008,0.25800674916507516,0.4136131502205146,0.4451963182810144,0.6102137160576683,0.4651995901605871
34,3,99.0,6,0.5,0.5,,0.1007301207985903,0.3079919669260237,0.41382253617436254,0.4204795625458696,0.6086099101178949,0.45657011580335843
34,3,100.0,6,0.5,0.5,,0.10966377756269285,0.3087208355348413,0.43127407293650943,0.4570517513885692,0.5910772863313106,0.46784876089822625
35,3,21.0,6,0.5,0.9,,0.10271299043526731,0.2740971737392388,0.3729804317534393,0.49358778246691404,0.48493908435312505,0.4953947088325291
35,3,22.0,6,0.5,0.9,,0.10040249665048233,0.2703466442530356,0.3582584458768887,0.4485984411316772,0.48157709778539237,0.47848739651063693
35,3,23.0,6,0.5,0.9,,0.10266436379916741,0.262421650266972,0.3405770976884276,0.4556159906911453,0.4560788305302377,0.4687207428940896
35,3,24.0,6,0.5,0.9,,0.09010637172464835,0.2763563355792136,0.33570472257526507,0.4595189416049027,0.5028968804307703,0.45427670634274
35,3,25.0,6,0.5,0.9,,0.09441728921635184,0.2950793865567808,0.3496770766095023,0.48983299066330604,0.4964796751940604,0.4543698464114419
35,3,26.0,6,0.5,0.9,,0.08666662211898594,0.2848766444780124,0.3800729170821411,0.48323600859590127,0.509522084870232,0.5186448557989638
35,3,27.0,6,0.5,0.9,,0.09569860619959931,0.2830733855783072,0.38435223870144686,0.44917303231222466,0.5286059616925448,0.5125348448660811
35,3,28.0,6,0.5,0.9,,0.09587038462407926,0.2729887912431716,0.40419980319556414,0.44617902031240114,0.5253117355277274,0.485739281378698
35,3,29.0,6,0.5,0.9,,0.09179569252638906,0.2753314194570768,0.39618821146147154,0.39384131120370125,0.47942705629967336,0.4615829752964884
35,3,30.0,6,0.5,0.9,,0.09199020214254379,0.27383312917108027,0.4172025327487474,0.39804553264706943,0.4465621587292774,0.46792480587054347
35,3,31.0,6,0.5,0.9,,0.09651937649502587,0.28215736077413234,0.3643227401910404,0.40432917451812705,0.4969144363287478,0.4429623800849856
35,3,32.0,6,0.5,0.9,,0.10231016357651845,0.2710855816388726,0.36783923587290773,0.40583395055452065,0.4712839362555646,0.45700486854158423
35,3,33.0,6,0.5,0.9,,0.10315485504961827,0.26622989611393694,0.36299853254463776,0.46246893054725147,0.42891202651984284,0.47256297245390605
35,3,34.0,6,0.5,0.9,,0.09915634302513142,0.24224300955657724,0.391076441587347,0.46347762458561814,0.4199111875663607,0.4752547565346874
35,3,35.0,6,0.5,0.9,,0.09822218935498664,0.25865416688688736,0.3686049351044153,0.48724042595511163,0.3527882449952708,0.4602038052277499
35,3,36.0,6,0.5,0.9,,0.09279230397442491,0.25940231213534753,0.34159735439098615,0.4800570406661146,0.343311742521166,0.4621285354266947
35,3,37.0,6,0.5,0.9,,0.0882109701460104,0.24608593762007192,0.3433673754189061,0.5189058852939774,0.35575549364609077,0.4585088041941593
35,3,38.0,6,0.5,0.9,,0.08241296424123924,0.2505253918206217,0.374881903962154,0.4809819059534215,0.38059934732371736,0.4822154193385325
35,3,39.0,6,0.5,0.9,,0.08437162859396644,0.26362039082886013,0.3656338931898058,0.5065586810323446,0.3895003994633154,0.4397227182356175
35,3,40.0,6,0.5,0.9,,0.09074820776066912,0.27016618641600393,0.34602467574702117,0.48523377166119436,0.4168291579616299,0.42490037677021836
35,3,41.0,6,0.5,0.9,,0.09299757251313534,0.28777950777926425,0.36212395741357445,0.47394164642203196,0.4741725170566631,0.4692153360860221
35,3,42.0,6,0.5,0.9,,0.09440583465546133,0.26481593567751865,0.38243892073435853,0.44031389031123674,0.4760804570564381,0.49537226886881774
35,3,43.0,6,0.5,0.9,,0.09234497466582478,0.2621813942329125,0.36975668737576084,0.44823549043113725,0.4251523974679795,0.5362978150950541
35,3,44.0,6,0.5,0.9,,0.09595585169249479,0.24556371536804736,0.38403654545251065,0.42020102994486364,0.41461930389276924,0.5840032811667555
35,3,45.0,6,0.5,0.9,,0.09301972695591423,0.26179907226871707,0.39672667365213454,0.4440472252558532,0.4549603340314589,0.5688666501994948
35,3,46.0,6,0.5,0.9,,0.09311348351137877,0.254294682261463,0.4124426188201826,0.399087201386218,0.4810732378215278,0.5047407137492168
35,3,47.0,6,0.5,0.9,,0.08783064149061844,0.2516602088392721,0.41473969255040705,0.39647369736832216,0.5072322738587973,0.4974493099143559
35,3,48.0,6,0.5,0.9,,0.08576642128176555,0.2614260013782205,0.4034391744827895,0.4062092143783399,0.4852134138791674,0.46000893005849547
35,3,49.0,6,0.5,0.9,,0.08052234515620457,0.24751986389873606,0.40715466959375235,0.4232952296404905,0.5318436052696265,0.4940545791497327
35,3,50.0,6,0.5,0.9,,0.08133027911374771,0.26803778534014416,0.4237470353704584,0.4387391793892954,0.5144892008355488,0.48752626888635914
35,3,51.0,6,0.5,0.9,,0.09152530836239606,0.25972498596684757,0.4435568699804998,0.4214653032391915,0.4719629329246892,0.4891005304260128
35,3,52.0,6,0.5,0.9,,0.09945675201406837,0.25426426012898123,0.46322726478515863,0.4144926257315035,0.43656227898525185,0.4829667056365413
35,3,53.0,6,0.5,0.9,,0.09596188325827096,0.2602538660096818,0.42986195594726534,0.42425883815323634,0.4640140200583266,0.4872248747810441
35,3,54.0,6,0.5,0.9,,0.09751154908312791,0.2658430330174387,0.42853849420381573,0.43640707916937443,0.4900159224986932,0.5207427875190382
35,3,55.0,6,0.5,0.9,,0.1015723569808575,0.2549831840889313,0.40155801038352534,0.44487265030373335,0.49768416497573603,0.4808227070324757
35,3,56.0,6,0.5,0.9,,0.10798508152786641,0.26151192793049216,0.403476203063195,0.4681708298729272,0.5163557375261081,0.475016103559818
35,3,57.0,6,0.5,0.9,,0.10237714235173319,0.2696453182208018,0.4198597727153732,0.43417130989615166,0.5686732260205476,0.5085981155434878
35,3,58.0,6,0.5,0.9,,0.10413178721218012,0.25500365713336004,0.37607822677481817,0.4354165174404979,0.5326545763708921,0.4699269342600382
35,3,59.0,6,0.5,0.9,,0.10519139226263834,0.2657236548866892,0.38950368699831495,0.4195594573570842,0.5105573609623496,0.4823201800878004
35,3,60.0,6,0.5,0.9,,0.09749619553687555,0.24231876548262235,0.4274632603280441,0.4410706138519922,0.48264171551593404,0.5450547535077754
35,3,61.0,6,0.5,0.9,,0.10139545085783777,0.242278041156956,0.43076366402700295,0.4119524228017917,0.5061181554107411,0.5504846280063479
35,3,62.0,6,0.5,0.9,,0.09568678666625474,0.24278724200316842,0.4269302025873795,0.3767716520327615,0.5079418220866735,0.5218452864520141
35,3,63.0,6,0.5,0.9,,0.09240261448347237,0.2689202677842953,0.41984704127221384,0.36797534514654257,0.5233460241936889,0.4949764545881775
35,3,64.0,6,0.5,0.9,,0.08499381716169288,0.26199828007148795,0.4313055069624852,0.4265418177976053,0.4943301105642132,0.4933851204561991
35,3,65.0,6,0.5,0.9,,0.08464503846478029,0.2659779612770231,0.4512282164490866,0.46450124041900154,0.5118045578600829,0.5112624331347688
35,3,66.0,6,0.5,0.9,,0.08909196551061746,0.2639033662421228,0.48673179362551383,0.45467132248768466,0.46606226320171296,0.5199648053872195
35,3,67.0,6,0.5,0.9,,0.09251721170041981,0.24441839432688534,0.4493087938275254,0.43120286169408095,0.4653685009786705,0.4693212562748103
35,3,68.0,6,0.5,0.9,,0.08679287500385842,0.24862535411454725,0.4415167529441287,0.4194785737866574,0.4519175053620538,0.49545700501984824
35,3,69.0,6,0.5,0.9,,0.09019533887440034,0.24623011368400993,0.4470319357101162,0.4019793849691524,0.47287933578367236,0.4963656040158787
35,3,70.0,6,0.5,0.9,,0.08676799421372057,0.27686285488382223,0.4250016915052182,0.35382484850485557,0.45042401302859914,0.4921026326325214
35,3,71.0,6,0.5,0.9,,0.08391283082694166,0.28624346687905816,0.4237498339927511,0.38120260756817864,0.4785390306493533,0.4936821061060172
35,3,72.0,6,0.5,0.9,,0.07847245294477458,0.28075766469436925,0.4306139651135107,0.36768943247717817,0.5138446673743091,0.4554475989095222
35,3,73.0,6,0.5,0.9,,0.07339241197759855,0.2794530303718535,0.42676563843350845,0.37529967366750533,0.5468990901185589,0.41806598613814056
35,3,74.0,6,0.5,0.9,,0.07442353959923653,0.2601174321092475,0.39960802963121106,0.39792659328851065,0.528080297416815,0.4284555550827994
35,3,75.0,6,0.5,0.9,,0.08513884533952917,0.2545963781859079,0.389765636594191,0.454572146047418,0.5173501057308137,0.4624439468867327
35,3,76.0,6,0.5,0.9,,0.08228514834766196,0.2579488738946958,0.41337724808979665,0.4196593713736057,0.46978302340974104,0.4611389891787388
35,3,77.0,6,0.5,0.9,,0.07907064918418152,0.25444972732557825,0.40072784346764684,0.4367067582661788,0.46460917500933363,0.4468280183471629
35,3,78.0,6,0.5,0.9,,0.07885888778253444,0.2576632028994318,0.37524277009322915,0.4586400590530884,0.4786041080717621,0.4872252100997786
35,3,79.0,6,0.5,0.9,,0.08372788740176788,0.2566095024236685,0.3489515127963248,0.4652594846220672,0.4743803437546035,0.5029132609481548
35,3,80.0,6,0.5,0.9,,0.08592309479278996,0.25432997333201973,0.34357746465575356,0.4003586880634239,0.44216574489213933,0.5235868974515769
35,3,81.0,6,0.5,0.9,,0.08284167917912186,0.2627098190163588,0.3660581780204887,0.4186301447942327,0.49924492473541376,0.4588695179612616
35,3,82.0,6,0.5,0.9,,0.08223403951102363,0.2531527530090438,0.38455139896222196,0.4625614297028989,0.5417329747787337,0.48394204358823334
35,3,83.0,6,0.5,0.9,,0.09218802190147446,0.2704729774819078,0.3929078613793689,0.5075655229522404,0.5299852253776729,0.5056283494030701
35,3,84.0,6,0.5,0.9,,0.08263081089357133,0.28563279915451895,0.385926740046236,0.4902853069820208,0.49500376940089313,0.5005553292080727
35,3,85.0,6,0.5,0.9,,0.08558428394246727,0.26386683226462704,0.3991647188791406,0.5116400887782426,0.5013406518374396,0.4437289308966207
35,3,86.0,6,0.5,0.9,,0.09011813915371393,0.24501247253934594,0.39642290280286097,0.5209517347142816,0.48107252146995155,0.433629326282338
35,3,87.0,6,0.5,0.9,,0.08618720411924584,0.25178717983798216,0.3843624744943096,0.5025648509224405,0.44485801717596124,0.4181841845985219
35,3,88.0,6,0.5,0.9,,0.07433161232374078,0.24192822932063582,0.36605726809909955,0.4807091513893985,0.4983493030034733,0.40874335225251796
35,3,89.0,6,0.5,0.9,,0.0718731480963401,0.24431117740919217,0.36987626180387306,0.5254526226560052,0.5243280801826695,0.3905516291145882
35,3,90.0,6,0.5,0.9,,0.07644311155104877,0.2466995375003423,0.34367319998218215,0.5114894340438878,0.5281671983737362,0.40972072319201625
35,3,91.0,6,0.5,0.9,,0.08212122644846268,0.24299797336613588,0.353721107446226,0.48374581678438916,0.5174797766261567,0.3902036235633871
35,3,92.0,6,0.5,0.9,,0.09260352145306124,0.24932498816199078,0.37783125221529373,0.4370940723182207,0.47361903566723196,0.40653885980990506
35,3,93.0,6,0.5,0.9,,0.09278259876277095,0.2554373835642384,0.3624376675998103,0.4401519439531798,0.4957802821967805,0.40853389411626695
35,3,94.0,6,0.5,0.9,,0.09062403275810675,0.26703714580800036,0.3281059101628392,0.4988080576718793,0.46352526612353195,0.4301467873089927
35,3,95.0,6,0.5,0.9,,0.08399906040186568,0.26819213900578476,0.3771343499781431,0.49553667595695394,0.4445486250527206,0.42961578146189366
35,3,96.0,6,0.5,0.9,,0.09388095527864194,0.2658917205428045,0.3646886065045542,0.5034683188888794,0.4712974482799671,0.4341125453760305
35,3,97.0,6,0.5,0.9,,0.0888232152303502,0.25802624309959804,0.39662702259633364,0.47320258522835656,0.49152515478138464,0.4699592373505073
35,3,98.0,6,0.5,0.9,,0.08693425725798429,0.26045869855736403,0.35528105981559943,0.47385888577759283,0.5029745997356947,0.4800292188578286
35,3,99.0,6,0.5,0.9,,0.08312940185710525,0.25491344622580964,0.37295863130386697,0.4861447595098838,0.49835033883463514,0.44895555724845926
35,3,100.0,6,0.5,0.9,,0.08030419949993275,0.2524044062607383,0.3667429273014703,0.45942171284957734,0.47995300927525797,0.47994059589620053
36,4,21.0,6,0.0,0.0,,0.15671400496202317,0.39445191219522785,0.5647985664381057,0.627833199430347,0.6052553524970791,0.6042729371572898
36,4,22.0,6,0.0,0.0,,0.1560748589914957,0.3942553978136556,0.5649192114490689,0.6224455416897365,0.6040881002658843,0.640571436535345
36,4,23.0,6,0.0,0.0,,0.15556354221507368,0.39409818630839777,0.5650157274578395,0.6120768747971775,0.6275074746529395,0.6523182088570804
36,4,24.0,6,0.0,0.0,,0.15515448879393617,0.3939724171041915,0.5650929402648559,0.6204727135420942,0.6015572303870916,0.6273907725446382
36,4,25.0,6,0.0,0.0,,0.15482724605702608,0.3938718017408266,0.5651547105104691,0.6061014653067915,0.5999690400363559,0.6252670864777821
36,4,26.0,6,0.0,0.0,,0.154565451867498,0.3937913094501346,0.5652041267069595,0.5986169401011017,0.5727080868342396,0.5986040342704781
36,4,27.0,6,0.0,0.0,,0.15435601651587563,0.393726915617581,0.5652436596641521,0.6050200600456602,0.5848079420790687,0.5381007909501274
36,4,28.0,6,0.0,0.0,,0.15418846823457769,0.3936754005515381,0.565275286029906,0.607074173687772,0.6160481899748004,0.5740055677881649
36,4,29.0,6,0.0,0.0,,0.15405442960953933,0.3936341884987038,0.5653005871225092,0.6119995679866038,0.5634878006769539,0.5900005054678127
36,4,30.0,6,0.0,0.0,,0.15394719870950863,0.39360121885643634,0.5653208279965918,0.6332588177699288,0.5695065890960054,0.5950235566934711
36,4,31.0,6,0.0,0.0,,0.15386141398948408,0.3935748431426224,0.5653370206958577,0.6336715319879789,0.5997258761335615,0.6059918970951466
36,4,32.0,6,0.0,0.0,,0.15379278621346443,0.3935537425715713,0.5653499748552705,0.6108234748219574,0.5807760187312524,0.5682667893570917
36,4,33.0,6,0.0,0.0,,0.1537378839926487,0.3935368621147303,0.5653603381828007,0.5916152508748701,0.5673536982959204,0.6072917508739176
36,4,34.0,6,0.0,0.0,,0.15369396221599613,0.3935233577492575,0.5653686288448249,0.5886494678243064,0.5570331064832614,0.5590823542182347
36,4,35.0,6,0.0,0.0,,0.15365882479467405,0.39351255425687937,0.5653752613744444,0.5986781100762189,0.6044125555746315,0.5026510568590767
36,4,36.0,6,0.0,0.0,,0.15363071485761642,0.39350391146297686,0.56538056739814,0.5993868865902041,0.5705341000929336,0.5170199721454527
36,4,37.0,6,0.0,0.0,,0.15360822690797032,0.39349699722785475,0.5653848122170962,0.5809357401441919,0.5604162713275004,0.5161048142192843
36,4,38.0,6,0.0,0.0,,0.1535902365482534,0.39349146583975714,0.5653882080722613,0.6012545853492682,0.5334862441451063,0.48655874060193305
36,4,39.0,6,0.0,0.0,,0.15357584426047993,0.39348704072927904,0.5653909247563933,0.6092410432865516,0.5566882995347819,0.4495539849940555
36,4,40.0,6,0.0,0.0,,0.15356433043026113,0.39348350064089654,0.565393098103699,0.6113688143832419,0.5366710981377905,0.43155935599754863
36,4,41.0,6,0.0,0.0,,0.15355511936608607,0.39348066857019054,0.5653948367815438,0.6195318746538624,0.5740331122599809,0.4247586584336833
36,4,42.0,6,0.0,0.0,,0.15354775051474603,0.3934784029136257,0.5653962277238193,0.6113274871712917,0.5489582926424457,0.4574320515364265
36,4,43.0,6,0.0,0.0,,0.153541855433674,0.3934765903883739,0.5653973404776398,0.6103384768180369,0.5667961571354243,0.4673436741104842
36,4,44.0,6,0.0,0.0,,0.15353713936881636,0.3934751403681725,0.5653982306806962,0.6092254831736282,0.5794173437337038,0.46920646381565945
36,4,45.0,6,0.0,0.0,,0.15353336651693025,0.39347398035201125,0.5653989428431413,0.6128252814752893,0.6344695166541363,0.4947733838294207
36,4,46.0,6,0.0,0.0,,0.1535303482354214,0.39347305233908225,0.5653995125730973,0.6185907834749564,0.626263168950556,0.5046829570194862
36,4,47.0,6,0.0,0.0,,0.15352793361021427,0.39347230992873916,0.5653999683570623,0.6306998043441527,0.6091623891293101,0.5047776736075986
36,4,48.0,6,0.0,0.0,,0.1535260019100486,0.39347171600046466,0.5654003329842342,0.6442166322250475,0.5597699166343646,0.5406031603744956
36,4,49.0,6,0.0,0.0,,0.15352445654991603,0.3934712408578451,0.5654006246859717,0.6232124366760636,0.6048953293507161,0.5440539267442448
36,4,50.0,6,0.0,0.0,,0.15352322026181,0.3934708607437494,0.5654008580473617,0.6348241494739854,0.6023175243820591,0.5765870560297209
36,4,51.0,6,0.0,0.0,,0.1535222312313252,0.3934705566524728,0.5654010447364738,0.6441102471011944,0.6490722815865083,0.6058178349811869
36,4,52.0,6,0.0,0.0,,0.15352144000693732,0.3934703133794516,0.5654011940877633,0.6411637629807536,0.6518403717052372,0.6018987783681167
36,4,53.0,6,0.0,0.0,,0.15352080702742704,0.3934701187610346,0.5654013135687952,0.6470435696452072,0.6448976756198073,0.5928759556114844
36,4,54.0,6,0.0,0.0,,0.1535203006438188,0.393469963066301,0.5654014091536206,0.6594468751790873,0.5944723224041948,0.5867897480337286
36,4,55.0,6,0.0,0.0,,0.15351989553693218,0.3934698385105141,0.5654014856214806,0.63969753141866,0.5967102151409419,0.5888673307249379
36,4,56.0,6,0.0,0.0,,0.15351957145142298,0.39346973886588466,0.5654015467957689,0.6602958309862718,0.5938990020683329,0.6129192537519794
36,4,57.0,6,0.0,0.0,,0.15351931218301557,0.39346965915018106,0.5654015957351995,0.6518784619612134,0.6036110804386943,0.6292846823665915
36,4,58.0,6,0.0,0.0,,0.15351910476828962,0.3934695953776181,0.5654016348867439,0.6516961340091462,0.6142138157807218,0.6212425344723717
36,4,59.0,6,0.0,0.0,,0.15351893883650886,0.3934695443595678,0.5654016662079797,0.6505711889290281,0.5825668117627052,0.6049698004296167
36,4,60.0,6,0.0,0.0,,0.15351880609108423,0.39346950354512755,0.5654016912649682,0.6556553728848109,0.5583087134363767,0.6130139130378035
36,4,61.0,6,0.0,0.0,,0.1535186998947446,0.3934694708935754,0.5654017113105587,0.6609648705942877,0.6158062355262064,0.6090804003039255
36,4,62.0,6,0.0,0.0,,0.15351861493767285,0.39346944477233364,0.5654017273470313,0.6721257357178567,0.578950247457577,0.5741373917222445
36,4,63.0,6,0.0,0.0,,0.15351854697201545,0.39346942387534023,0.5654017401762095,0.6729450922501354,0.5837359279290413,0.509234250654353
36,4,64.0,6,0.0,0.0,,0.15351849259948952,0.3934694071577455,0.565401750439552,0.6619143227802013,0.6005645737050925,0.5504831382665283
36,4,65.0,6,0.0,0.0,,0.15351844910146878,0.39346939378366974,0.5654017586502259,0.6606601361721463,0.5814676768193816,0.5636834088677031
36,4,66.0,6,0.0,0.0,,0.1535184143030522,0.3934693830844091,0.5654017652187651,0.6628852548972535,0.5513541842522873,0.5569377945765144
36,4,67.0,6,0.0,0.0,,0.1535183864643189,0.3934693745250005,0.5654017704735964,0.6570011701561235,0.6092612030868894,0.5527179058266322
36,4,68.0,6,0.0,0.0,,0.15351836419333234,0.3934693676774738,0.5654017746774614,0.6703894558860245,0.6169094973979039,0.5410147937327376
36,4,69.0,6,0.0,0.0,,0.15351834637654302,0.3934693621994524,0.5654017780405535,0.6668353978800493,0.596131400745368,0.538803360358422
36,4,70.0,6,0.0,0.0,,0.15351833212311156,0.39346935781703524,0.5654017807310271,0.6483719283250735,0.6340473084658204,0.5639396216184821
36,4,71.0,6,0.0,0.0,,0.15351832072036647,0.3934693543111015,0.5654017828834059,0.6334057239740889,0.6418772012558512,0.5948781814642631
36,4,72.0,6,0.0,0.0,,0.15351831159817036,0.3934693515063545,0.5654017846053092,0.6266639257695509,0.6527144902595421,0.6014545130248339
36,4,73.0,6,0.0,0.0,,0.1535183043004134,0.393469349262557,0.5654017859828319,0.6275416175880865,0.6738972359930513,0.6052379804843182
36,4,74.0,6,0.0,0.0,,0.15351829846220794,0.3934693474675189,0.5654017870848499,0.6315517885715679,0.6530574981064993,0.5893731081399617
36,4,75.0,6,0.0,0.0,,0.15351829379164353,0.3934693460314884,0.5654017879664642,0.6386304682904137,0.6465032931502117,0.6233439618084724
36,4,76.0,6,0.0,0.0,,0.15351829005519196,0.3934693448826641,0.5654017886717557,0.6310658905805453,0.6272694377808425,0.6301253749057013
36,4,77.0,6,0.0,0.0,,0.15351828706603077,0.3934693439636046,0.5654017892359889,0.6322754095609635,0.5516142576255718,0.6300723661268581
36,4,78.0,6,0.0,0.0,,0.1535182846747018,0.39346934322835697,0.5654017896873755,0.6317229701666933,0.5398630502037236,0.5977004071353541
36,4,79.0,6,0.0,0.0,,0.15351828276163862,0.3934693426401589,0.5654017900484848,0.639700146684935,0.572310071957429,0.6204363672173386
36,4,80.0,6,0.0,0.0,,0.1535182812311881,0.3934693421696004,0.5654017903373721,0.6446347431738262,0.5949114984544536,0.6095758264220064
36,4,81.0,6,0.0,0.0,,0.1535182800068276,0.39346934179315374,0.565401790568482,0.6252143564076502,0.6028567853939306,0.5814133929840934
36,4,82.0,6,0.0,0.0,,0.15351827902733928,0.3934693414919962,0.56540179075337,0.6368458236211778,0.621487679127926,0.5872653618454733
36,4,83.0,6,0.0,0.0,,0.15351827824374858,0.39346934125107025,0.5654017909012803,0.6291736788487057,0.621960679203112,0.584518315516
36,4,84.0,6,0.0,0.0,,0.15351827761687603,0.3934693410583296,0.5654017910196086,0.6253949881586455,0.6094924576200355,0.5688484767128598
36,4,85.0,6,0.0,0.0,,0.153518277115378,0.393469340904137,0.5654017911142712,0.6281082096578396,0.6272151814680594,0.5763795760341957
36,4,86.0,6,0.0,0.0,,0.15351827671417956,0.3934693407807829,0.5654017911900013,0.6195767316432346,0.6055887220528953,0.573737489542561
36,4,87.0,6,0.0,0.0,,0.15351827639322083,0.3934693406820996,0.5654017912505854,0.6416851799254981,0.6303382458176895,0.644327585680653
36,4,88.0,6,0.0,0.0,,0.1535182761364538,0.393469340603153,0.5654017912990527,0.6233631295609409,0.6540568389474456,0.5980859273819473
36,4,89.0,6,0.0,0.0,,0.15351827593104023,0.39346934053999577,0.5654017913378266,0.6323857110537243,0.6209188061412136,0.5996479328693709
36,4,90.0,6,0.0,0.0,,0.15351827576670934,0.39346934048946997,0.5654017913688456,0.6366535696365803,0.6301140494017925,0.61045963450122
36,4,91.0,6,0.0,0.0,,0.15351827563524464,0.39346934044904935,0.565401791393661,0.6393140949875182,0.6294730334833961,0.5693535464292354
36,4,92.0,6,0.0,0.0,,0.15351827553007286,0.3934693404167128,0.5654017914135131,0.6462688283994288,0.6543622467074146,0.577030163421661
36,4,93.0,6,0.0,0.0,,0.1535182754459355,0.3934693403908435,0.5654017914293947,0.6319093466473402,0.6518782632384456,0.5639663592057401
36,4,94.0,6,0.0,0.0,,0.15351827537862556,0.39346934037014814,0.5654017914421001,0.6304051289308147,0.6209437617729197,0.5503383367084635
36,4,95.0,6,0.0,0.0,,0.15351827532477763,0.3934693403535919,0.5654017914522644,0.6135989531636832,0.5981476634268448,0.5718264470560903
36,4,96.0,6,0.0,0.0,,0.15351827528169928,0.39346934034034675,0.5654017914603962,0.6118121596896279,0.6139245047548929,0.5688418023515547
36,4,97.0,6,0.0,0.0,,0.1535182752472366,0.3934693403297508,0.5654017914669012,0.6271082660667685,0.6138129206138159,0.5519307030452387
36,4,98.0,6,0.0,0.0,,0.15351827521966646,0.39346934032127395,0.5654017914721053,0.6197271681028729,0.5998410890065877,0.5542702634518328
36,4,99.0,6,0.0,0.0,,0.15351827519761035,0.39346934031449254,0.5654017914762688,0.6373287166932702,0.563724446579183,0.5185883898711166
36,4,100.0,6,0.0,0.0,,0.15351827517996547,0.39346934030906733,0.5654017914795995,0.6403366914047776,0.5717839597183165,0.5474061839488318
37,4,21.0,6,0.0,0.5,,0.10880243309938673,0.2854658382612606,0.4269268345010194,0.482417781704158,0.4754464225226561,0.5288040037362609
37,4,22.0,6,0.0,0.5,,0.10807408311663542,0.2850664084942506,0.426790783453329,0.5006260674540906,0.4912704483164708,0.5240340091978059
37,4,23.0,6,0.0,0.5,,0.1074914031304344,0.28474686468064264,0.4266819426151766,0.4950675140866793,0.49815720767917454,0.5266877846174545
37,4,24.0,6,0.0,0.5,,0.10702525914147357,0.2844912296297562,0.4265948699446548,0.4875480000663573,0.5038276731482431,0.49128262353075625
37,4,25.0,6,0.0,0.5,,0.1066523439503049,0.2842867215890471,0.42652521180823727,0.48925192542710494,0.527576391000775,0.4888334345209727
37,4,26.0,6,0.0,0.5,,0.10635401179736996,0.28412311515647987,0.4264694852991033,0.4756947129688909,0.500569260996216,0.44766742321705844
37,4,27.0,6,0.0,0.5,,0.10611534607502202,0.28399223001042595,0.4264249040917961,0.4684702884709961,0.49840856177258913,0.49366165863526723
37,4,28.0,6,0.0,0.5,,0.10592441349714365,0.28388752189358296,0.42638923912595034,0.4703553601502758,0.4826686702426283,0.5317328991018774
37,4,29.0,6,0.0,0.5,,0.10577166743484097,0.2838037554001085,0.42636070715327373,0.4547525016662203,0.47868283643056425,0.5499165886851237
37,4,30.0,6,0.0,0.5,,0.10564947058499882,0.28373674220532896,0.42633788157513247,0.4488984318351476,0.4835637416715687,0.5249669329412653
37,4,31.0,6,0.0,0.5,,0.1055517131051251,0.2836831316495053,0.42631962111261945,0.4501356995692639,0.47951059431668064,0.48108536291798953
37,4,32.0,6,0.0,0.5,,0.10547350712122613,0.28364024320484643,0.426305012742609,0.44785850253501935,0.5008917490124017,0.4625586300273247
37,4,33.0,6,0.0,0.5,,0.10541094233410694,0.28360593244911925,0.42629332604660075,0.45546547142623883,0.4838995063147915,0.5410598398529688
37,4,34.0,6,0.0,0.5,,0.10536089050441162,0.28357848384453754,0.426283976689794,0.4469248020954083,0.4675461969523947,0.5696787797401457
37,4,35.0,6,0.0,0.5,,0.10532084904065533,0.28355652496087214,0.4262764972043486,0.4658984071514123,0.4853136790157137,0.5828283151146132
37,4,36.0,6,0.0,0.5,,0.1052888158696503,0.2835389578539399,0.4262705136159924,0.44990424381231475,0.462605882849375,0.610007680368533
37,4,37.0,6,0.0,0.5,,0.10526318933284631,0.2835249041683941,0.4262657267453074,0.4558368773785665,0.476107989746851,0.561903732981256
37,4,38.0,6,0.0,0.5,,0.10524268810340306,0.2835136612199573,0.42626189724875935,0.4499640863104341,0.4581229528740961,0.5197951689904552
37,4,39.0,6,0.0,0.5,,0.10522628711984852,0.28350466686120795,0.42625883365152095,0.4664232914317813,0.4629765033299882,0.5483168433680277
37,4,40.0,6,0.0,0.5,,0.10521316633300486,0.28349747137420855,0.4262563827737303,0.46830130953770654,0.45870510954083504,0.5347109476297278
37,4,41.0,6,0.0,0.5,,0.10520266970352994,0.283491714984609,0.4262544220714977,0.4610856650882978,0.48974297548699264,0.536581329827093
37,4,42.0,6,0.0,0.5,,0.10519427239994998,0.28348710987292935,0.42625285350971154,0.4630838456426331,0.4893096504569467,0.5392416206337446
37,4,43.0,6,0.0,0.5,,0.10518755455708603,0.28348342578358565,0.4262515986602827,0.47049631423389887,0.47747662317224693,0.5535010531629313
37,4,44.0,6,0.0,0.5,,0.10518218028279487,0.28348047851211067,0.4262505947807396,0.4732425317490193,0.5098466737582965,0.5406747808604087
37,4,45.0,6,0.0,0.5,,0.10517788086336192,0.28347812069493067,0.4262497916771052,0.46943015813274436,0.4980281000944669,0.562087826154821
37,4,46.0,6,0.0,0.5,,0.10517444132781559,0.2834762344411867,0.4262491491941976,0.46734418524391863,0.49860852480703655,0.5098832076950075
37,4,47.0,6,0.0,0.5,,0.10517168969937854,0.28347472543819147,0.42624863520787154,0.4693316403352156,0.4650794134019051,0.4655576405770196
37,4,48.0,6,0.0,0.5,,0.10516948839662885,0.28347351823579536,0.4262482240188107,0.46802065782631386,0.5086216621789441,0.4855366887141967
37,4,49.0,6,0.0,0.5,,0.10516772735442911,0.2834725524738784,0.426247895067562,0.47863948554752334,0.49336022275302993,0.5241079097696428
37,4,50.0,6,0.0,0.5,,0.10516631852066935,0.28347177986434496,0.426247631906563,0.4719682734532632,0.49814019855259783,0.5293335735966271
37,4,51.0,6,0.0,0.5,,0.10516519145366152,0.283471161776718,0.42624742137776395,0.46448040682012126,0.4832227988677049,0.5249497221934074
37,4,52.0,6,0.0,0.5,,0.10516428980005528,0.2834706673066166,0.4262472529547246,0.4527382373199601,0.46486800838734565,0.5239889180376835
37,4,53.0,6,0.0,0.5,,0.10516356847717026,0.2834702717305354,0.42624711821629313,0.47535400250375615,0.4355142920806655,0.49663887689764047
37,4,54.0,6,0.0,0.5,,0.10516299141886225,0.2834699552696705,0.4262470104255479,0.4746616054504521,0.47511055405740493,0.4773838291981905
37,4,55.0,6,0.0,0.5,,0.10516252977221582,0.2834697021009785,0.42624692419295185,0.4641215968284718,0.4710696298509802,0.4937507196696891
37,4,56.0,6,0.0,0.5,,0.10516216045489872,0.283469499566025,0.4262468552068749,0.4746333988811033,0.5109821595103728,0.5268637466168241
37,4,57.0,6,0.0,0.5,,0.10516186500104503,0.28346933753806214,0.4262468000180134,0.4685005532049654,0.5162951562490737,0.5294803540373094
37,4,58.0,6,0.0,0.5,,0.10516162863796205,0.28346920791569186,0.4262467558669242,0.4670198377029008,0.5082774440541831,0.47272768853465186
37,4,59.0,6,0.0,0.5,,0.10516143954749571,0.2834691042177956,0.4262467205460528,0.4561019958531968,0.48591237065014,0.4523465626288085
37,4,60.0,6,0.0,0.5,,0.10516128827512258,0.2834690212594787,0.4262466922893557,0.4658684813751558,0.47308338778795456,0.4661283585872756
37,4,61.0,6,0.0,0.5,,0.1051611672572241,0.28346895489282514,0.42624666968399805,0.47597190727939714,0.49538076330315794,0.43090143462753183
37,4,62.0,6,0.0,0.5,,0.10516107044290532,0.28346890179950224,0.42624665159971187,0.47939526154672896,0.4478515218875631,0.4296332171184717
37,4,63.0,6,0.0,0.5,,0.10516099299145029,0.2834688593248439,0.42624663713228295,0.47788300408962164,0.4538164646098477,0.4233238331645469
37,4,64.0,6,0.0,0.5,,0.1051609310302863,0.2834688253451173,0.4262466255583398,0.49447165080288374,0.47049038450243036,0.4586345697130704
37,4,65.0,6,0.0,0.5,,0.10516088146135508,0.283468798161336,0.42624661629918525,0.5046337953244898,0.5008907768925934,0.4914025240376672
37,4,66.0,6,0.0,0.5,,0.1051608418062101,0.28346877641431084,0.4262466088918617,0.5030176990988117,0.49453234830503384,0.43280154669738036
37,4,67.0,6,0.0,0.5,,0.10516081008209413,0.2834687590166909,0.4262466029660029,0.5101651910084679,0.5104864638172015,0.4696307058906622
37,4,68.0,6,0.0,0.5,,0.10516078470280135,0.2834687450985949,0.42624659822531574,0.5096860392166684,0.4897903255824468,0.4817461116507478
37,4,69.0,6,0.0,0.5,,0.10516076439936713,0.28346873396411804,0.42624659443276613,0.4942060685055051,0.48679036516422425,0.48824060106438133
37,4,70.0,6,0.0,0.5,,0.10516074815661973,0.2834687250565366,0.42624659139872634,0.49525748731962105,0.5070783901177782,0.49742976635040215
37,4,71.0,6,0.0,0.5,,0.10516073516242183,0.28346871793047146,0.4262465889714945,0.4967835874520105,0.555871906425448,0.5216681963563851
37,4,72.0,6,0.0,0.5,,0.10516072476706353,0.2834687122296193,0.4262465870297091,0.4927498255394447,0.5267074690175098,0.5435353443755531
37,4,73.0,6,0.0,0.5,,0.10516071645077688,0.2834687076689376,0.4262465854762808,0.4917555636064995,0.5170107998014839,0.5628176377362746
37,4,74.0,6,0.0,0.5,,0.10516070979774754,0.2834687040203922,0.42624658423353806,0.48630229007245934,0.5104167380451619,0.5218015560492695
37,4,75.0,6,0.0,0.5,,0.10516070447532408,0.2834687011015559,0.42624658323934395,0.49641253395326695,0.46738645295529324,0.5108640150084096
37,4,76.0,6,0.0,0.5,,0.1051607002173853,0.2834686987664869,0.4262465824439886,0.49925583137002666,0.47521894294458383,0.5223284868199666
37,4,77.0,6,0.0,0.5,,0.10516069681103431,0.2834686968984316,0.4262465818077043,0.49233801337556227,0.5093788292546002,0.5159531179477906
37,4,78.0,6,0.0,0.5,,0.10516069408595348,0.28346869540398745,0.42624658129867693,0.4984561620637316,0.5145949007077866,0.4920679742529301
37,4,79.0,6,0.0,0.5,,0.10516069190588881,0.2834686942084321,0.426246580891455,0.5127741703517603,0.5194722735498913,0.5129024092542152
37,4,80.0,6,0.0,0.5,,0.10516069016183711,0.28346869325198787,0.4262465805656775,0.5117524279999753,0.4903136489582093,0.5277791345975343
37,4,81.0,6,0.0,0.5,,0.10516068876659572,0.28346869248683243,0.42624658030505547,0.5001329394748855,0.512921342512552,0.526030496809446
37,4,82.0,6,0.0,0.5,,0.10516068765040262,0.28346869187470813,0.4262465800965579,0.5000645995013056,0.4818401009887291,0.583673089770266
37,4,83.0,6,0.0,0.5,,0.10516068675744814,0.2834686913850087,0.4262465799297598,0.4900069904205814,0.44371744938301977,0.6092110447032286
37,4,84.0,6,0.0,0.5,,0.10516068604308457,0.283468690993249,0.42624657979632125,0.48863721810527194,0.4284031032010751,0.6309543455001296
37,4,85.0,6,0.0,0.5,,0.1051606854715937,0.2834686906798414,0.42624657968957047,0.49451189733941436,0.4480449406961246,0.5824959726955885
37,4,86.0,6,0.0,0.5,,0.10516068501440098,0.28346869042911527,0.4262465796041698,0.5087808925372904,0.4862291336286784,0.5919798596044095
37,4,87.0,6,0.0,0.5,,0.10516068464864685,0.2834686902285344,0.4262465795358493,0.5125238299967088,0.4607493350834602,0.5601873365533703
37,4,88.0,6,0.0,0.5,,0.1051606843560435,0.2834686900680696,0.4262465794811929,0.4987242726989868,0.4653034769615796,0.5431822360968047
37,4,89.0,6,0.0,0.5,,0.10516068412196086,0.28346868993969787,0.4262465794374678,0.4956891236236601,0.4655539346159937,0.5343398605020957
37,4,90.0,6,0.0,0.5,,0.10516068393469473,0.28346868983700046,0.4262465794024878,0.5034228622913405,0.4292593592712299,0.4965324715554808
37,4,91.0,6,0.0,0.5,,0.10516068378488183,0.2834686897548425,0.42624657937450366,0.4997626745501397,0.4531735908295408,0.5429845246146383
37,4,92.0,6,0.0,0.5,,0.1051606836650315,0.28346868968911615,0.4262465793521164,0.4832996425196612,0.4459438117342957,0.5830247198162836
37,4,93.0,6,0.0,0.5,,0.10516068356915124,0.28346868963653504,0.42624657933420657,0.48202523220632926,0.43995366431494254,0.5249115140203793
37,4,94.0,6,0.0,0.5,,0.10516068349244705,0.28346868959447014,0.42624657931987875,0.4742833489134936,0.44289606127462483,0.565339117491817
37,4,95.0,6,0.0,0.5,,0.10516068343108369,0.2834686895608183,0.4262465793084164,0.47467271956350243,0.4719095032711286,0.5835758031648147
37,4,96.0,6,0.0,0.5,,0.105160683381993,0.28346868953389676,0.4262465792992466,0.4872951613395259,0.4654333192356567,0.5866433272920435
37,4,97.0,6,0.0,0.5,,0.10516068334272044,0.2834686895123596,0.4262465792919107,0.47746100808170794,0.47015013569023106,0.5363615295963278
37,4,98.0,6,0.0,0.5,,0.10516068331130239,0.2834686894951298,0.42624657928604204,0.49225077784438065,0.45759260900633575,0.5144064220271762
37,4,99.0,6,0.0,0.5,,0.10516068328616797,0.28346868948134596,0.42624657928134707,0.4853996627000198,0.4940504007672472,0.5976085698810241
37,4,100.0,6,0.0,0.5,,0.1051606832660604,0.28346868947031895,0.42624657927759113,0.5114836598867234,0.5524360426276186,0.5957242107647772
38,4,21.0,6,0.0,0.9,,0.08781912000800744,0.23385706045977414,0.3563958779873497,0.389725406010988,0.4222387681062175,0.4751492520905357
38,4,22.0,6,0.0,0.9,,0.08705170230852863,0.23336154304907217,0.3561285090959233,0.4029486562575674,0.46993415667580984,0.4585042256640105
38,4,23.0,6,0.0,0.9,,0.08643776814894556,0.23296512912051065,0.3559146139827822,0.3899087721967823,0.4440589214398102,0.43250319990583097
38,4,24.0,6,0.0,0.9,,0.08594662082127912,0.23264799797766136,0.3557434978922692,0.3910193490296921,0.46107679800579,0.43693275661412445
38,4,25.0,6,0.0,0.9,,0.08555370295914597,0.2323942930633819,0.35560660501985897,0.4039208212998931,0.4569420114732168,0.48353517390347533
38,4,26.0,6,0.0,0.9,,0.08523936866943944,0.2321913291319584,0.3554970907219307,0.3975809539031277,0.42875625679583457,0.47099732655390786
38,4,27.0,6,0.0,0.9,,0.0849879012376742,0.2320289579868196,0.3554094792835881,0.3963469497090192,0.4144387391171942,0.4800607725788356
38,4,28.0,6,0.0,0.9,,0.08478672729226203,0.23189906107070848,0.35533939013291393,0.3869995978837769,0.4179147177653726,0.5040486180630686
38,4,29.0,6,0.0,0.9,,0.08462578813593227,0.2317951435378197,0.35528331881237474,0.3789301187876915,0.41542820061425295,0.5129389899356165
38,4,30.0,6,0.0,0.9,,0.0844970368108685,0.23171200951150855,0.3552384617559433,0.37387179003591253,0.4386015939419893,0.4905143909358663
38,4,31.0,6,0.0,0.9,,0.08439403575081747,0.23164550229045971,0.35520257611079825,0.36598622075248244,0.43268408600292485,0.46133432843524647
38,4,32.0,6,0.0,0.9,,0.08431163490277663,0.23159229651362065,0.35517386759468206,0.37892580154891264,0.4413250961343865,0.49640944189633407
38,4,33.0,6,0.0,0.9,,0.08424571422434397,0.2315497318921494,0.3551509007817892,0.3859829853498714,0.3917106384098308,0.5062727031856383
38,4,34.0,6,0.0,0.9,,0.08419297768159784,0.23151568019497235,0.3551325273314748,0.3911713687379123,0.358766937650186,0.4849394782161426
38,4,35.0,6,0.0,0.9,,0.08415078844740091,0.23148843883723075,0.3551178285712234,0.40255671018636113,0.3760826083319545,0.49052088033737784
38,4,36.0,6,0.0,0.9,,0.08411703706004339,0.2314666457510374,0.35510606956302226,0.41036763513994556,0.35410378037640744,0.5137477101745387
38,4,37.0,6,0.0,0.9,,0.08409003595015739,0.23144921128208282,0.3550966623564613,0.4145244804522812,0.35381394511270564,0.5603890209710325
38,4,38.0,6,0.0,0.9,,0.08406843506224858,0.2314352637069191,0.35508913659121255,0.4122567640751895,0.3348661435105282,0.5712813271844839
38,4,39.0,6,0.0,0.9,,0.08405115435192154,0.23142410564678814,0.35508311597901354,0.4003683062821156,0.33928192103001226,0.6085416026098123
38,4,40.0,6,0.0,0.9,,0.08403732978365988,0.23141517919868332,0.3550782994892544,0.39413358870821347,0.3525338736242305,0.5874593729973995
38,4,41.0,6,0.0,0.9,,0.08402627012905058,0.23140803804019955,0.355074446297447,0.4015626072032076,0.3893353645600097,0.585166731307147
38,4,42.0,6,0.0,0.9,,0.08401742240536311,0.23140232511341244,0.35507136374400117,0.4081896355493527,0.4032382083335143,0.5843888116170531
38,4,43.0,6,0.0,0.9,,0.08401034422641315,0.23139775477198285,0.35506889770124433,0.42632334632191854,0.3906388928676331,0.5789395498566517
38,4,44.0,6,0.0,0.9,,0.08400468168325317,0.2313940984988391,0.355066924867039,0.42293138369439187,0.3986594515627709,0.5791335178742945
38,4,45.0,6,0.0,0.9,,0.08400015164872521,0.23139117348032415,0.3550653465996748,0.43010824640953443,0.4153933845708518,0.5232507484565012
38,4,46.0,6,0.0,0.9,,0.08399652762110281,0.23138883346551217,0.3550640839857833,0.4314063268935451,0.379331907958497,0.5142264825828883
38,4,47.0,6,0.0,0.9,,0.08399362839900493,0.2313869614536626,0.3550630738946702,0.43797298037150656,0.34478930224613347,0.5388343195730643
38,4,48.0,6,0.0,0.9,,0.0839913090213266,0.23138546384418293,0.35506226582177974,0.43947021008965936,0.3767955489773421,0.5469229897923601
38,4,49.0,6,0.0,0.9,,0.08398945351918395,0.2313842657565992,0.35506161936346725,0.4135112585215679,0.40559395676530247,0.47729100128076085
38,4,50.0,6,0.0,0.9,,0.08398796911746984,0.23138330728653225,0.3550611021968173,0.41011022471881403,0.4313562409196929,0.4982180724978864
38,4,51.0,6,0.0,0.9,,0.08398678159609851,0.23138254051047863,0.35506068846349736,0.4108046605656419,0.40262616230776294,0.4895593899372367
38,4,52.0,6,0.0,0.9,,0.08398583157900145,0.23138192708963573,0.3550603574768414,0.41193519443894305,0.38892460637929177,0.5092574836715147
38,4,53.0,6,0.0,0.9,,0.08398507156532384,0.23138143635296146,0.35506009268751665,0.3776199866426703,0.36783944862127965,0.48325464287240416
38,4,54.0,6,0.0,0.9,,0.08398446355438173,0.23138104376362204,0.35505988085605683,0.3896552946365928,0.37643101093559295,0.42800984660081703
38,4,55.0,6,0.0,0.9,,0.08398397714562807,0.23138072969215048,0.355059711390889,0.4045472491624607,0.3804168018044354,0.4547575926322572
38,4,56.0,6,0.0,0.9,,0.08398358801862509,0.23138047843497325,0.3550595758187547,0.4086030874468897,0.349313868819228,0.48561373085130305
38,4,57.0,6,0.0,0.9,,0.08398327671702274,0.23138027742923142,0.3550594673610473,0.4123778837328798,0.39668413887764303,0.45453218820997765
38,4,58.0,6,0.0,0.9,,0.08398302767574085,0.231380116624638,0.3550593805948813,0.41271241884490434,0.4318310790374822,0.4844440832832917
38,4,59.0,6,0.0,0.9,,0.08398282844271535,0.23137998798096326,0.35505931118194856,0.3988495422642627,0.46141920645747153,0.5173814558909174
38,4,60.0,6,0.0,0.9,,0.08398266905629494,0.2313798850660235,0.3550592556516024,0.4264264889579598,0.4780598247655655,0.502703997971154
38,4,61.0,6,0.0,0.9,,0.08398254154715863,0.2313798027340716,0.35505921122732537,0.4250817014551348,0.4499314493199888,0.47896491787434076
38,4,62.0,6,0.0,0.9,,0.08398243953984955,0.23137973686851016,0.3550591756879039,0.4243187766709083,0.430777179870642,0.4782591169650231
38,4,63.0,6,0.0,0.9,,0.08398235793400231,0.231379684176061,0.35505914725636656,0.40832501520024256,0.42334474790342824,0.48533132818324953
38,4,64.0,6,0.0,0.9,,0.08398229264932452,0.23137964202210162,0.3550591245111368,0.4064684695504933,0.45004112067593055,0.49045947057423656
38,4,65.0,6,0.0,0.9,,0.08398224042158228,0.23137960829893417,0.35505910631495297,0.4105576639047871,0.401988538512834,0.5116462566659368
38,4,66.0,6,0.0,0.9,,0.08398219863938848,0.23137958132040018,0.3550590917580059,0.4149419356694949,0.4006818837573948,0.5061824399055894
38,4,67.0,6,0.0,0.9,,0.08398216521363344,0.23137955973757302,0.3550590801124482,0.39740962402457625,0.3720563199951693,0.5231621274967979
38,4,68.0,6,0.0,0.9,,0.0839821384730294,0.23137954247131126,0.35505907079600213,0.3885015704490717,0.41678182314405754,0.5355556499966766
38,4,69.0,6,0.0,0.9,,0.08398211708054619,0.23137952865830186,0.35505906334284526,0.39167030892479404,0.41461923103963105,0.49123912243472123
38,4,70.0,6,0.0,0.9,,0.08398209996655961,0.23137951760789432,0.35505905738031973,0.3901491648506961,0.4072713475611053,0.4982549125492691
38,4,71.0,6,0.0,0.9,,0.08398208627537038,0.23137950876756835,0.3550590526102992,0.37558397489918377,0.39174007670395916,0.5032314779056223
38,4,72.0,6,0.0,0.9,,0.08398207532241896,0.23137950169530752,0.35505904879428296,0.3814057258949988,0.37765553574269217,0.48061351355292653
38,4,73.0,6,0.0,0.9,,0.08398206656005783,0.2313794960374989,0.35505904574146985,0.39409466662820797,0.37761541153610595,0.4938947335375973
38,4,74.0,6,0.0,0.9,,0.08398205955016892,0.23137949151125198,0.35505904329921945,0.41853870101311746,0.3625300010450994,0.46493103237872485
38,4,75.0,6,0.0,0.9,,0.0839820539422578,0.23137948789025442,0.355059041345419,0.4222451591298884,0.39014336113095827,0.41943783533527573
38,4,76.0,6,0.0,0.9,,0.08398204945592891,0.23137948499345642,0.3550590397823788,0.42109795164815444,0.38153109849644073,0.47452352102357204
38,4,77.0,6,0.0,0.9,,0.08398204586686578,0.23137948267601796,0.3550590385319465,0.396978011083224,0.3807819995376914,0.4721976796969539
38,4,78.0,6,0.0,0.9,,0.08398204299561529,0.2313794808220672,0.35505903753160073,0.40162743809108825,0.38371504183545657,0.47866883591326276
38,4,79.0,6,0.0,0.9,,0.0839820406986149,0.23137947933890665,0.3550590367313241,0.3964871447253155,0.3797802140833656,0.4244638679624943
38,4,80.0,6,0.0,0.9,,0.08398203886101459,0.2313794781523782,0.3550590360911028,0.3883300903815508,0.41315384101110836,0.4239698140316833
38,4,81.0,6,0.0,0.9,,0.08398203739093432,0.23137947720315535,0.35505903557892576,0.38855632349053154,0.43012174861638197,0.42709260020369333
38,4,82.0,6,0.0,0.9,,0.08398203621487012,0.23137947644377718,0.35505903516918413,0.4018193505134806,0.4394150674197904,0.4642501222807434
38,4,83.0,6,0.0,0.9,,0.08398203527401878,0.23137947583627455,0.35505903484139084,0.4156804977564633,0.43683199751323276,0.4615122871177163
38,4,84.0,6,0.0,0.9,,0.08398203452133768,0.23137947535027253,0.3550590345791562,0.4256192294717415,0.45890622473601717,0.48890618335262204
38,4,85.0,6,0.0,0.9,,0.0839820339191928,0.23137947496147088,0.3550590343693685,0.43318226126784276,0.4504867996602381,0.5164854422048998
38,4,86.0,6,0.0,0.9,,0.0839820334374769,0.23137947465042955,0.3550590342015383,0.4291140798661254,0.4856562122971516,0.4592810519478799
38,4,87.0,6,0.0,0.9,,0.08398203305210418,0.2313794744015965,0.3550590340672741,0.424385683153427,0.5151895872419765,0.4800824015411866
38,4,88.0,6,0.0,0.9,,0.083982032743806,0.23137947420253005,0.3550590339598628,0.4095544539780809,0.5023746283782093,0.4601207450758739
38,4,89.0,6,0.0,0.9,,0.08398203249716744,0.2313794740432769,0.3550590338739338,0.4031445217385282,0.5119619515373913,0.4686923976194441
38,4,90.0,6,0.0,0.9,,0.08398203229985661,0.23137947391587438,0.35505903380519055,0.4038778968713667,0.48133146569169327,0.485717890418411
38,4,91.0,6,0.0,0.9,,0.08398203214200796,0.23137947381395235,0.35505903375019604,0.4083068646858058,0.4837750967516482,0.5507620932003563
38,4,92.0,6,0.0,0.9,,0.08398203201572904,0.23137947373241471,0.3550590337062003,0.4095016406680255,0.5146099068806456,0.5034500777592068
38,4,93.0,6,0.0,0.9,,0.08398203191470588,0.23137947366718464,0.3550590336710037,0.407951471335365,0.5033563293067032,0.5152576805754727
38,4,94.0,6,0.0,0.9,,0.08398203183388735,0.23137947361500055,0.3550590336428465,0.3960090224034525,0.4873345866792283,0.4997325753953647
38,4,95.0,6,0.0,0.9,,0.08398203176923255,0.23137947357325334,0.3550590336203207,0.38857653602199516,0.46554247786815317,0.48746530733948196
38,4,96.0,6,0.0,0.9,,0.0839820317175087,0.23137947353985547,0.3550590336023002,0.387364798707592,0.438776696530842,0.4766653498276348
38,4,97.0,6,0.0,0.9,,0.08398203167612962,0.23137947351313723,0.35505903358788354,0.3654203821399721,0.41889932100609056,0.4537659409942476
38,4,98.0,6,0.0,0.9,,0.08398203164302638,0.23137947349176263,0.3550590335763504,0.3718384980413317,0.41995860706084864,0.45904117145721485
38,4,99.0,6,0.0,0.9,,0.08398203161654375,0.23137947347466298,0.35505903356712387,0.3780679721941612,0.44180016100446806,0.5020077642458605
38,4,100.0,6,0.0,0.9,,0.08398203159535766,0.23137947346098323,0.3550590335597425,0.3791233565671407,0.439190682019419,0.5462781827922524
39,4,21.0,6,0.25,0.0,,0.1610077718822419,0.39728325515779017,0.5598038253308959,0.6038409216187349,0.5396953377588553,0.6651511689971257
39,4,22.0,6,0.25,0.0,,0.15973857021611895,0.39454212247470755,0.5642322103548874,0.6095072093157128,0.5230741591474948,0.6050078805074771
39,4,23.0,6,0.25,0.0,,0.15547764899887365,0.38709430166244213,0.5669536927468196,0.6059304476592919,0.5557492775220958,0.5674796927511472
39,4,24.0,6,0.25,0.0,,0.15776329901340663,0.38595200811803776,0.580425683230923,0.584385447134607,0.5609318044141393,0.5564451550562763
39,4,25.0,6,0.25,0.0,,0.15724278693306926,0.3919979241532234,0.5794998488465787,0.5658962843213255,0.5581461199800299,0.5847679170345605
39,4,26.0,6,0.25,0.0,,0.15450739121225338,0.37952091826373224,0.5850162674256104,0.5855484262918333,0.5504714062483388,0.5871386917549365
39,4,27.0,6,0.25,0.0,,0.15458873905606718,0.38151591367281057,0.5703415266485217,0.5952872519794183,0.5926847710118565,0.5239371345309961
39,4,28.0,6,0.25,0.0,,0.1540889900240448,0.3892483406335016,0.585741925941396,0.6151511031580558,0.5629600418700883,0.5067325716932078
39,4,29.0,6,0.25,0.0,,0.1527342941178363,0.3848943554188262,0.5787116912630687,0.6001310160522328,0.5516933050620951,0.5183817762803209
39,4,30.0,6,0.25,0.0,,0.1493163336359677,0.38335997491193124,0.5720058944338952,0.6264885454921886,0.5528836697542701,0.49642208831900947
39,4,31.0,6,0.25,0.0,,0.15180879868432,0.3780835778874055,0.5440265025131349,0.5804997892679208,0.5310923226263287,0.4917598425234737
39,4,32.0,6,0.25,0.0,,0.15275952466366377,0.39321501198466297,0.5328316806475457,0.6096690781544802,0.5584516952244407,0.5409515484961271
39,4,33.0,6,0.25,0.0,,0.15169149641397892,0.4023432088141353,0.5254577666335896,0.6286567112372101,0.5934661806404076,0.5809791414207373
39,4,34.0,6,0.25,0.0,,0.15417481685639117,0.3949244496216803,0.5374527231549429,0.613376426857237,0.6115516087159738,0.6247833131365899
39,4,35.0,6,0.25,0.0,,0.14608990596755836,0.39250725094292327,0.5320287434636863,0.6116464830306035,0.5777097135451458,0.6065341135068493
39,4,36.0,6,0.25,0.0,,0.14607145275462502,0.3845803305910091,0.5753852491042275,0.6013258329909259,0.5503979666072263,0.5318159404828992
39,4,37.0,6,0.25,0.0,,0.14583115122957285,0.38673384896945334,0.5661487175247732,0.625920374175974,0.4820486278192956,0.5278553079489428
39,4,38.0,6,0.25,0.0,,0.1484182230778344,0.3837879577586282,0.5522397576699922,0.5751072735786372,0.5098048975568878,0.5583428556327676
39,4,39.0,6,0.25,0.0,,0.15070082239409488,0.3782407644309691,0.567958089787278,0.5619588420032937,0.5298812342306116,0.5805616058991185
39,4,40.0,6,0.25,0.0,,0.1481708135614263,0.37587658363321974,0.5545992876384734,0.552769671885285,0.5109213876959471,0.5523931172386018
39,4,41.0,6,0.25,0.0,,0.14942173752843835,0.367185405219904,0.5536259597666287,0.5870289732991473,0.505064159384921,0.5809548453477617
39,4,42.0,6,0.25,0.0,,0.1478898444517372,0.3753392409149517,0.5701552711308986,0.6052437917949692,0.4898791147659062,0.5940658415749422
39,4,43.0,6,0.25,0.0,,0.14591753712180527,0.3854490959507225,0.5541136832009526,0.6158885116379695,0.5186588154848675,0.6494535812986103
39,4,44.0,6,0.25,0.0,,0.14979624528585478,0.3921485836166535,0.5515032855888216,0.6210640138645459,0.5721837710393975,0.6179813922749539
39,4,45.0,6,0.25,0.0,,0.14889559554721893,0.39218553481649543,0.567773536903558,0.6251503109702763,0.5353115050742135,0.6087109823794348
39,4,46.0,6,0.25,0.0,,0.1485803624099305,0.3862080981106242,0.5756777289676336,0.6392651170819643,0.5510202628908432,0.5683684182857971
39,4,47.0,6,0.25,0.0,,0.14668170771533812,0.38680680073716955,0.5811017807155715,0.6329986385670352,0.5808206867943513,0.5148840959621841
39,4,48.0,6,0.25,0.0,,0.14957400472642876,0.373845011059111,0.5631507281172735,0.657344099695894,0.5869007304149465,0.5554649359388307
39,4,49.0,6,0.25,0.0,,0.15227118648327842,0.3711892630161694,0.5495631288720381,0.6307909005120946,0.586530247854525,0.5989378611884696
39,4,50.0,6,0.25,0.0,,0.15006630238683366,0.3808139126942044,0.5458845801364576,0.6396355873321997,0.6185919062693024,0.590606880759267
39,4,51.0,6,0.25,0.0,,0.1502374681706792,0.3812502240142651,0.5464631225141586,0.671860983648226,0.5808584153195774,0.5718232840986281
39,4,52.0,6,0.25,0.0,,0.1519101321677827,0.38212184278346745,0.5705395635059528,0.6281424455990319,0.5957488566137644,0.5701624137242023
39,4,53.0,6,0.25,0.0,,0.1516703481347475,0.36353803588259836,0.5696341454159721,0.6540710440736924,0.579678771921934,0.5298322550895408
39,4,54.0,6,0.25,0.0,,0.1507737019831941,0.38509832475402167,0.5522733092150154,0.6471905889277438,0.5600138037205487,0.5601491943514159
39,4,55.0,6,0.25,0.0,,0.1506351162099369,0.3771701944595546,0.5597247701997597,0.6332068896665767,0.5383731401571114,0.5487331187008894
39,4,56.0,6,0.25,0.0,,0.1491678511584255,0.3822295656712159,0.556638353949773,0.6028522459509981,0.5210565640803125,0.5684481235840055
39,4,57.0,6,0.25,0.0,,0.149903440618324,0.377935282990626,0.5527468114218897,0.5894144026960574,0.49037925541140115,0.5296388128297914
39,4,58.0,6,0.25,0.0,,0.14776037819393573,0.382498520333985,0.574715841978858,0.5964872068622616,0.49628458085388455,0.5264293258784545
39,4,59.0,6,0.25,0.0,,0.1469045715041873,0.3781848692922344,0.5688134397268299,0.587130736704322,0.49013657265045063,0.545081321479567
39,4,60.0,6,0.25,0.0,,0.14848288567454831,0.38916772392335625,0.5585094552127553,0.6322551984582552,0.496632120716999,0.5561858423371555
39,4,61.0,6,0.25,0.0,,0.1519483348277853,0.38465656927287395,0.5499760748997322,0.644903184384232,0.5191808339915958,0.517530488043092
39,4,62.0,6,0.25,0.0,,0.15702483563776387,0.3885456018872445,0.5624129004807108,0.6849245192526734,0.5246625766493528,0.5062291266214264
39,4,63.0,6,0.25,0.0,,0.16216416359234748,0.3971523193124381,0.5662211308248699,0.6364616184204663,0.5702189653796441,0.4786981208167038
39,4,64.0,6,0.25,0.0,,0.16153012515627063,0.39036851511892695,0.572398635639793,0.6073291532218962,0.5291803743248108,0.49235208851108103
39,4,65.0,6,0.25,0.0,,0.16144993713230904,0.37720147409342714,0.5562905725181866,0.5790340048701721,0.5305663966019,0.5009016737328125
39,4,66.0,6,0.25,0.0,,0.16446742447172366,0.3859770526465353,0.5651154852851363,0.5724003085247944,0.5496344213253265,0.5375834245677366
39,4,67.0,6,0.25,0.0,,0.16353648020838013,0.3802746246657655,0.554118107279968,0.5867076520961476,0.538474286498362,0.5216467319521152
39,4,68.0,6,0.25,0.0,,0.1622796344870021,0.3870014155905438,0.5694520933397078,0.576289775255715,0.5300814497910205,0.5568142781143788
39,4,69.0,6,0.25,0.0,,0.161375298687127,0.38255555525401375,0.5580570205616661,0.5496006344069818,0.5797641098017493,0.5514846191722578
39,4,70.0,6,0.25,0.0,,0.16245523405018805,0.3996037291399322,0.5684820314194741,0.5732686555267591,0.5957312563284308,0.5404969885782573
39,4,71.0,6,0.25,0.0,,0.16042762903550917,0.39740153742332185,0.559795792039911,0.5659051613062502,0.620490262107061,0.5202060873429534
39,4,72.0,6,0.25,0.0,,0.16227538229656777,0.3957011516347372,0.5668286180484665,0.6026089641429969,0.6027268905475112,0.4605514794254085
39,4,73.0,6,0.25,0.0,,0.15908601974737474,0.38220352762942317,0.5793948873290622,0.5613091209076402,0.6597367273121354,0.48716860009401497
39,4,74.0,6,0.25,0.0,,0.15606993446984951,0.3851663208757668,0.5433405459240978,0.5715323032498922,0.6428094186032524,0.4239906896793381
39,4,75.0,6,0.25,0.0,,0.1621677679175814,0.3921969068058692,0.5578933308861601,0.5878750623038578,0.6558716726535192,0.4191925517434704
39,4,76.0,6,0.25,0.0,,0.1586691046732326,0.39360364842669615,0.5694266568249102,0.5756407367796428,0.6721094012728266,0.43872519573649427
39,4,77.0,6,0.25,0.0,,0.15492009913699822,0.4038257080506177,0.5766504139164048,0.5993380281771884,0.6404207087867619,0.45843980354243447
39,4,78.0,6,0.25,0.0,,0.1563008955710211,0.398926330844297,0.5657596782242609,0.6223079841286847,0.6470951441756201,0.4923402583018127
39,4,79.0,6,0.25,0.0,,0.15430097729373732,0.38773622429991916,0.5549428202903574,0.651258731508869,0.64705728360504,0.4850642823125291
39,4,80.0,6,0.25,0.0,,0.15299393905106357,0.3794865727139593,0.5514755263282579,0.640646560282242,0.6267205469577003,0.5123903120274715
39,4,81.0,6,0.25,0.0,,0.14758278789059814,0.3721218947264872,0.5679096122861077,0.6240626550208558,0.6502936751078376,0.5042548977101147
39,4,82.0,6,0.25,0.0,,0.1522208838007897,0.3865541376563862,0.545453313781789,0.6319938163145863,0.6524907774602925,0.5547996132262975
39,4,83.0,6,0.25,0.0,,0.15623757988809586,0.3902487586470853,0.5583004475637281,0.6629442756371529,0.6330597553503862,0.5364667612155761
39,4,84.0,6,0.25,0.0,,0.15536694295745074,0.38657753648353477,0.5714410799854852,0.6169467306105523,0.6201800453694211,0.5331653200974256
39,4,85.0,6,0.25,0.0,,0.15472593197103468,0.39050592934782935,0.5584805473664024,0.6476717645819239,0.5699690785888789,0.5141134113868389
39,4,86.0,6,0.25,0.0,,0.15508958104818776,0.38555666120652476,0.5508706870844045,0.6336934679834771,0.6006861139489894,0.5351537065615147
39,4,87.0,6,0.25,0.0,,0.1556748453220087,0.3815988464016457,0.5668206599374974,0.6024482350892953,0.5761636269087459,0.5220352684703836
39,4,88.0,6,0.25,0.0,,0.15469467313828902,0.378156481297244,0.5914245745292248,0.6111732403092777,0.5699161048548809,0.528379673317466
39,4,89.0,6,0.25,0.0,,0.15256776537267056,0.37672998701109467,0.5629439063700445,0.6284911543671184,0.536624259588009,0.5427106336175931
39,4,90.0,6,0.25,0.0,,0.15322621025876654,0.3911767883565879,0.5772284354510975,0.6157086306391444,0.5387915750994581,0.5497307965430056
39,4,91.0,6,0.25,0.0,,0.14884227254838614,0.3952862781228515,0.5926038626688106,0.6640733372831635,0.5765749030486311,0.4900789466513917
39,4,92.0,6,0.25,0.0,,0.1513670597894917,0.38832794288686734,0.5755777029412579,0.6400496104996706,0.5718919760832234,0.5364610977364322
39,4,93.0,6,0.25,0.0,,0.1520014602707111,0.3882878701520272,0.5741776643501044,0.6009333245797979,0.5763954614132533,0.5338795007839199
39,4,94.0,6,0.25,0.0,,0.15096312017430358,0.37822346913111693,0.5772701139035215,0.5940971283002645,0.5118428612724303,0.5211058711711763
39,4,95.0,6,0.25,0.0,,0.15632070123480965,0.40416862565137013,0.5555271859233393,0.6242410793105309,0.5363721362338376,0.5615795916538096
39,4,96.0,6,0.25,0.0,,0.1535863291037014,0.41825457327513094,0.566339918300328,0.6283552837474087,0.5631828169682576,0.5409240041471726
39,4,97.0,6,0.25,0.0,,0.15513543496126198,0.4114889945150117,0.5762532266205709,0.6148993813904753,0.584164021744294,0.5191370976669888
39,4,98.0,6,0.25,0.0,,0.15221162232251792,0.41251555255012945,0.5603402409123711,0.5870635881398034,0.5716949520098503,0.5441372828580968
39,4,99.0,6,0.25,0.0,,0.154890969435528,0.4065244265840919,0.5581913978700016,0.5784894388227262,0.5696452982557056,0.5444178943845691
39,4,100.0,6,0.25,0.0,,0.15327670643141855,0.40583255782072786,0.5685860405780192,0.5768062908025059,0.5596756338949833,0.5349589141653865
40,4,21.0,6,0.25,0.5,,0.10431141101740098,0.27292039553573116,0.40331770658038507,0.5791393277876121,0.47216815415586105,0.5163877454827316
40,4,22.0,6,0.25,0.5,,0.10123230078647154,0.25500961139345685,0.4277802620847574,0.5710099410935513,0.466918872401349,0.5293274829390219
40,4,23.0,6,0.25,0.5,,0.1008101734707495,0.26124592906579874,0.4378801719321615,0.5785246716759221,0.4552997684150079,0.5020958142862859
40,4,24.0,6,0.25,0.5,,0.10132338549074857,0.26111425161541085,0.412558641383031,0.5988445591939214,0.4820034672865776,0.4717074706628896
40,4,25.0,6,0.25,0.5,,0.10068211076940056,0.2620345672280362,0.4254374927132778,0.5731959474922204,0.4688774959883988,0.4403762652372841
40,4,26.0,6,0.25,0.5,,0.10021450724649003,0.27049790609279317,0.44888444654948645,0.5397833680932942,0.5042263231399798,0.4323696461423926
40,4,27.0,6,0.25,0.5,,0.10598051111467857,0.2646361123217381,0.41923192495992867,0.5206879924277134,0.4836707094578919,0.4582538964614823
40,4,28.0,6,0.25,0.5,,0.10503875202728859,0.2725853072256045,0.41932110923727145,0.5092057795360703,0.46040819846442355,0.49034932686151445
40,4,29.0,6,0.25,0.5,,0.10717383419523716,0.26740826406293905,0.41778197796185135,0.5090629468192726,0.46828848422749997,0.5015546756055523
40,4,30.0,6,0.25,0.5,,0.10576163469406072,0.2769878231728292,0.4079081007016959,0.504215577923902,0.4835410409304178,0.511599413937058
40,4,31.0,6,0.25,0.5,,0.10596114141253207,0.27540170752800675,0.40643674542004227,0.5058685381760324,0.4906466345045387,0.4743544664578555
40,4,32.0,6,0.25,0.5,,0.10742063744437931,0.28712532779296535,0.41187107796696426,0.48279104914332677,0.5422959147241475,0.4655051411667678
40,4,33.0,6,0.25,0.5,,0.10483045350131966,0.28342991159647735,0.4342996255743593,0.4663330262465636,0.4987569507109349,0.5230274040038168
40,4,34.0,6,0.25,0.5,,0.1065741057662462,0.2902619412947632,0.4285148811256745,0.5009284273580489,0.47254443405479785,0.5352962692145926
40,4,35.0,6,0.25,0.5,,0.10731101420341971,0.27538387250188495,0.422185611492646,0.5060800872594458,0.5264622412367246,0.5082713524178611
40,4,36.0,6,0.25,0.5,,0.10750865300776906,0.2805052289564743,0.4036652368848196,0.47247536170188126,0.48144794339037833,0.5119452290329521
40,4,37.0,6,0.25,0.5,,0.10514238818890612,0.2871310960992201,0.40418074458204056,0.48419546715636264,0.5345375248420524,0.49851193892272716
40,4,38.0,6,0.25,0.5,,0.10319013572373743,0.2875286168304987,0.4015609992861977,0.45067194365738567,0.5320101800922108,0.5112000491840922
40,4,39.0,6,0.25,0.5,,0.09894278128572634,0.28885634954622125,0.43081083438815365,0.4723784101190935,0.5624006092881377,0.48992244366281906
40,4,40.0,6,0.25,0.5,,0.10562415287520525,0.2976987950889888,0.4265619625298006,0.48401436661278324,0.5545996037380135,0.5229964189715666
40,4,41.0,6,0.25,0.5,,0.1039294789409894,0.28544564214270773,0.4219287422521174,0.5035737925828383,0.5207215659149551,0.5127078208999216
40,4,42.0,6,0.25,0.5,,0.10617764429443392,0.29397474922796163,0.42822660210993685,0.4784523947084528,0.5837808460677039,0.49661912713050177
40,4,43.0,6,0.25,0.5,,0.108163672285672,0.2874410510480496,0.4426786744813098,0.46999586154542855,0.5767923521219698,0.5331609335701566
40,4,44.0,6,0.25,0.5,,0.10883066232840444,0.28642077500975305,0.43856915316906253,0.49000180849394653,0.6232989518140264,0.5093446089913967
40,4,45.0,6,0.25,0.5,,0.10734080732252131,0.2856840198010431,0.43852343803006627,0.516902972963696,0.5932991471108648,0.519170900268644
40,4,46.0,6,0.25,0.5,,0.11005970582551068,0.2821873091027105,0.4537166909919551,0.5022724806462497,0.5886345791191141,0.5223918626465184
40,4,47.0,6,0.25,0.5,,0.10904356725077638,0.2979061097184378,0.4564895646551819,0.4787068056467058,0.5171263261295223,0.4882145140446525
40,4,48.0,6,0.25,0.5,,0.10976765906100636,0.2928576745321918,0.44030802841395394,0.46237471400241664,0.5030204662218817,0.46352906844454045
40,4,49.0,6,0.25,0.5,,0.10983772122979633,0.28717413194719754,0.44533285701330116,0.44881831963675733,0.5032790535564788,0.4762924507212749
40,4,50.0,6,0.25,0.5,,0.11279512277557331,0.291073895028901,0.46024550744365494,0.45427890578990227,0.47657258391491925,0.4852562955689715
40,4,51.0,6,0.25,0.5,,0.11268619710111123,0.2897593533620966,0.4382248980490354,0.45388935138682573,0.5011027586836218,0.5238244954245977
40,4,52.0,6,0.25,0.5,,0.11183291685991584,0.3000699012630705,0.4388141220312174,0.4523089916857216,0.5355996651109731,0.510667830473351
40,4,53.0,6,0.25,0.5,,0.11100812243451223,0.2893497803453653,0.43685667762257063,0.4668010560437521,0.4986039940199948,0.5254014425447412
40,4,54.0,6,0.25,0.5,,0.11132848837261869,0.3013050435612844,0.4240195508456587,0.4464717750279495,0.5112758743398256,0.5200302859407275
40,4,55.0,6,0.25,0.5,,0.10794301899082068,0.2948856651922709,0.4278162958613117,0.4396480816640572,0.5346287930212743,0.4965683577048683
40,4,56.0,6,0.25,0.5,,0.10491846866345958,0.2888967029148698,0.4287848757721731,0.4880751794405599,0.4834255166714777,0.5050440530437028
40,4,57.0,6,0.25,0.5,,0.10390503679582137,0.2949565397857763,0.40564711579185814,0.49853979708222174,0.48127532286302854,0.48272801953962113
40,4,58.0,6,0.25,0.5,,0.10665012389463949,0.29161609237947184,0.41686301705827605,0.47971331412624263,0.48240617915221995,0.4900914985247037
40,4,59.0,6,0.25,0.5,,0.1115251739228422,0.29507860531955316,0.3937432464422906,0.4891520119796443,0.4919901582206088,0.4935185614409233
40,4,60.0,6,0.25,0.5,,0.1084217457843708,0.2984609037462168,0.4027701431452389,0.4962574999210747,0.4986417842929788,0.4593170998374362
40,4,61.0,6,0.25,0.5,,0.10260382499964209,0.3084768628916116,0.4016870173010118,0.5010282771795567,0.5334490565288196,0.5118409303588856
40,4,62.0,6,0.25,0.5,,0.10981746459522124,0.29472651987265974,0.3877127278131311,0.5401494181082914,0.5068323936749008,0.534500801557625
40,4,63.0,6,0.25,0.5,,0.11309833040335968,0.2846967778312488,0.3926014978657434,0.5341901154211016,0.5070214647368948,0.5276101774880756
40,4,64.0,6,0.25,0.5,,0.11204673994647654,0.2832836392145558,0.38407452951890636,0.5077876477142023,0.5497620039658819,0.5212241098238443
40,4,65.0,6,0.25,0.5,,0.11051275839013622,0.2707342212642505,0.3919119522463817,0.4857549892291237,0.5286486698274837,0.5473690297134756
40,4,66.0,6,0.25,0.5,,0.10733866376348707,0.27037250704008375,0.3976841112326519,0.513319640349667,0.5976480300222327,0.5058874435731806
40,4,67.0,6,0.25,0.5,,0.10734938459949409,0.27836909127484144,0.38486082174837455,0.4903846894434065,0.5724865801792323,0.5354824753468223
40,4,68.0,6,0.25,0.5,,0.10831264683238657,0.2859102560132937,0.3984629827901977,0.45799726793236617,0.5556460220697772,0.5406300270752086
40,4,69.0,6,0.25,0.5,,0.1131452043563165,0.2853525438015525,0.4108537635801654,0.4434211429694736,0.5460049203598994,0.5283753175799347
40,4,70.0,6,0.25,0.5,,0.11034512028916055,0.2827371862449587,0.4221947100798741,0.43816427469142855,0.5315171279202282,0.488545714276284
40,4,71.0,6,0.25,0.5,,0.1060208858532452,0.2739126514782021,0.41954881968682506,0.44403572172123906,0.510844432685301,0.4919297905448804
40,4,72.0,6,0.25,0.5,,0.10747633392886016,0.26922940697705466,0.4434576474434094,0.4279465734058654,0.5329333974084948,0.4701827559452365
40,4,73.0,6,0.25,0.5,,0.10390734491131137,0.28137935592749136,0.43073046994741676,0.45944193522682963,0.5410392197392098,0.5434072854799139
40,4,74.0,6,0.25,0.5,,0.10537268543825229,0.26444921780093267,0.42060408561148294,0.42583191636463874,0.5009319938521494,0.511216174489484
40,4,75.0,6,0.25,0.5,,0.10386636651350223,0.2659521522832805,0.4102911696883774,0.4534584479964495,0.5110180462314091,0.5374920219416561
40,4,76.0,6,0.25,0.5,,0.1036871557156908,0.27191778651549603,0.409333476092983,0.4636807349574729,0.458860750679427,0.5525699215533542
40,4,77.0,6,0.25,0.5,,0.10116335460320458,0.2693081135416452,0.40957812062020815,0.48795839158658294,0.4949669762291399,0.5768796627508317
40,4,78.0,6,0.25,0.5,,0.09453241283246079,0.27160042775119714,0.4212993779794244,0.47737906975790256,0.4971096106018889,0.547055178912607
40,4,79.0,6,0.25,0.5,,0.09538133344377084,0.27609832270798107,0.4047881076340623,0.4685494815883896,0.48745131408513076,0.545310388383141
40,4,80.0,6,0.25,0.5,,0.09396829229270917,0.2779322219826984,0.42243572443070987,0.4997978381476907,0.4743191658168956,0.5087360140730428
40,4,81.0,6,0.25,0.5,,0.09992297098740714,0.275161309919157,0.4072360531544275,0.5112974955781578,0.5019021779068293,0.4751641786139767
40,4,82.0,6,0.25,0.5,,0.10076171076529786,0.28980010307623816,0.41954747607999454,0.4830840306258934,0.4753932756629225,0.4716183250441753
40,4,83.0,6,0.25,0.5,,0.09891689420037879,0.2807166640345079,0.42804259963836955,0.48934512599916563,0.5010574931871659,0.45770817993961604
40,4,84.0,6,0.25,0.5,,0.09972653021094591,0.28968522624541143,0.40481355805149344,0.47290768272744116,0.4890598481990847,0.44970933175075034
40,4,85.0,6,0.25,0.5,,0.101957008736444,0.27752697368009815,0.40035941034699996,0.49275088325026284,0.47495788899376545,0.44849268127699826
40,4,86.0,6,0.25,0.5,,0.09818821841951794,0.27566694179984547,0.3980678934426415,0.4962881432508284,0.43944167631595266,0.45626390695369035
40,4,87.0,6,0.25,0.5,,0.09713281608066712,0.278867551909599,0.39473849751726325,0.5007280040799216,0.4722817472310042,0.47935356125023265
40,4,88.0,6,0.25,0.5,,0.09855863519133448,0.2798516829186854,0.3835007149245242,0.5445189883422554,0.48827955588038163,0.5624077514515011
40,4,89.0,6,0.25,0.5,,0.10029713641464014,0.2697143525160318,0.41221945170799473,0.5137140936284421,0.4970654812445914,0.5363162697367152
40,4,90.0,6,0.25,0.5,,0.09948445673555908,0.2780406130355139,0.42364870415577166,0.532642588753421,0.5203608317176818,0.5453718228353663
40,4,91.0,6,0.25,0.5,,0.10078533735094544,0.26502949304590784,0.40133732897470964,0.5389314740125798,0.49100120983360274,0.511986461224772
40,4,92.0,6,0.25,0.5,,0.09944123868892611,0.27330413169857926,0.3990069246870564,0.4986668973302345,0.4727898696403279,0.49974920494361735
40,4,93.0,6,0.25,0.5,,0.10165073578861258,0.2770295359964086,0.4160468285114443,0.5164862831218969,0.45256069431194124,0.4568948008247825
40,4,94.0,6,0.25,0.5,,0.09885702714428714,0.2770390567210416,0.42257864915378046,0.5414582715963301,0.44199962625941397,0.511381080349517
40,4,95.0,6,0.25,0.5,,0.10559465787767777,0.2747552974837982,0.4233619348076273,0.5203176062598983,0.44119150923062406,0.47558952987656256
40,4,96.0,6,0.25,0.5,,0.10359286199158566,0.2792040517194968,0.4450505697834263,0.4876940361245807,0.4227640657381535,0.4670453402048483
40,4,97.0,6,0.25,0.5,,0.10665739214101237,0.27086372714063334,0.46327121282215644,0.48926682999430604,0.4079282931700122,0.4958635216545546
40,4,98.0,6,0.25,0.5,,0.10798157722394963,0.2734831119746922,0.47616226277804474,0.49420641534159876,0.4223722068820008,0.4930508679185966
40,4,99.0,6,0.25,0.5,,0.10637091172662358,0.2780748551201965,0.4749946014521071,0.5033255987384877,0.4429960229422766,0.5431962958174503
40,4,100.0,6,0.25,0.5,,0.10913189647076334,0.27884291572872255,0.463423197251866,0.46980019940242934,0.5039941125498373,0.5703078390602705
41,4,21.0,6,0.25,0.9,,0.09134110034629493,0.23883279187405657,0.34225411340895423,0.40015492368054995,0.4717592593907117,0.517484629650004
41,4,22.0,6,0.25,0.9,,0.0890878931774609,0.2416966443212542,0.36543545690184054,0.37216622777829284,0.4697210347481974,0.5296274479638023
41,4,23.0,6,0.25,0.9,,0.0908317320944638,0.23694999888339977,0.38287638843979327,0.37443272588752685,0.4832628365043143,0.5170582230652669
41,4,24.0,6,0.25,0.9,,0.0881054367538701,0.24531927981311755,0.39688219692616344,0.3745040106008052,0.49008046894234525,0.533376632949856
41,4,25.0,6,0.25,0.9,,0.08577889836154734,0.24133951583432686,0.40469461547748475,0.385456502489927,0.47590625905136613,0.48153338334196594
41,4,26.0,6,0.25,0.9,,0.08077564251524572,0.24852056452022547,0.3927620052292481,0.36792171494336184,0.4879894851638027,0.46404663943275254
41,4,27.0,6,0.25,0.9,,0.07986805920367393,0.23889088154371843,0.38253607742954926,0.37878059385569374,0.49749483182845317,0.4269138145726695
41,4,28.0,6,0.25,0.9,,0.0826030568168632,0.2396481560618547,0.35851344669695023,0.4034924004417119,0.48617191478243715,0.41190080398773904
41,4,29.0,6,0.25,0.9,,0.08691123415963545,0.23365946672651677,0.36278974989173973,0.41681283461792323,0.47208608810935165,0.40764606908854645
41,4,30.0,6,0.25,0.9,,0.08578356097407766,0.22283736401689022,0.3602248567740024,0.41509963117086723,0.4916945091282365,0.3861168552708372
41,4,31.0,6,0.25,0.9,,0.08612857268512378,0.21336142729104096,0.365922000341656,0.4255185904119664,0.48611918626528566,0.42825219892365096
41,4,32.0,6,0.25,0.9,,0.08249655448041175,0.21808162092693095,0.34747315865638606,0.4231985164387906,0.46186748287524565,0.4598316609234339
41,4,33.0,6,0.25,0.9,,0.08280948189086405,0.21367069615644924,0.34000119839247667,0.41353363630182544,0.4643715506526228,0.5025931105837778
41,4,34.0,6,0.25,0.9,,0.0846862708686376,0.22560392524274472,0.3379294099667721,0.42874249792076846,0.44519337182331437,0.4605010455596725
41,4,35.0,6,0.25,0.9,,0.08935664360463134,0.24066501823971106,0.34513603924314773,0.41619121994630737,0.4580939543581204,0.4135592114387506
41,4,36.0,6,0.25,0.9,,0.09028782692586071,0.24253710794468528,0.36492189560327704,0.4371293841492177,0.4565325771129789,0.45272233819706964
41,4,37.0,6,0.25,0.9,,0.08708759844298723,0.2313145433257695,0.3717540615068556,0.4361501287704824,0.44723801821569403,0.4546969128519346
41,4,38.0,6,0.25,0.9,,0.08644751385405365,0.23287576611631705,0.36059651602148335,0.3940251824759454,0.44864825283775556,0.4784906329184585
41,4,39.0,6,0.25,0.9,,0.08277667596920416,0.23114879659524146,0.3591039280142159,0.42787016682506723,0.47709886821831154,0.5276729895952857
41,4,40.0,6,0.25,0.9,,0.08250449411311368,0.22799481620823148,0.3699149994197587,0.41112719958838806,0.48060761546487313,0.536394651302483
41,4,41.0,6,0.25,0.9,,0.0792304651979844,0.22378165122229024,0.36267452138123135,0.4513671679439156,0.458362352409296,0.476942483839098
41,4,42.0,6,0.25,0.9,,0.07941426157993883,0.225771368548634,0.35185517996204385,0.46380375393578593,0.42407594657506936,0.49985784522247734
41,4,43.0,6,0.25,0.9,,0.08218435144437133,0.2388266648030369,0.35296148836399316,0.44833642478312746,0.4013117317010736,0.4398862761779819
41,4,44.0,6,0.25,0.9,,0.08717033614623385,0.23111272876152636,0.34691031692809676,0.4144957138472348,0.43147856997146333,0.44345660693660865
41,4,45.0,6,0.25,0.9,,0.0859670465288874,0.21461608466601362,0.3584398368809182,0.44075729226467164,0.4458123206146224,0.41872723222221897
41,4,46.0,6,0.25,0.9,,0.08667814791296012,0.22172026712971057,0.3805889904172587,0.42381675563236065,0.43797107417342424,0.4356827538741309
41,4,47.0,6,0.25,0.9,,0.08714146085091665,0.22518261645830157,0.3760925243190596,0.4153698901493307,0.5039174781868556,0.4717610269215994
41,4,48.0,6,0.25,0.9,,0.0881755123410298,0.22905942829005838,0.3836369786471131,0.4677588818681423,0.5179297234876135,0.4813387675013156
41,4,49.0,6,0.25,0.9,,0.08580066837046901,0.24259436167348145,0.37662956951026416,0.4444329623466453,0.5062797313674952,0.484470844431205
41,4,50.0,6,0.25,0.9,,0.08605331762928603,0.24510161156416932,0.35317241527778254,0.44690406001448346,0.4661434087170898,0.4577305777695858
41,4,51.0,6,0.25,0.9,,0.08402596682465707,0.24677325281619433,0.35093163671967476,0.44338201954891143,0.47870664750558395,0.4261056979521503
41,4,52.0,6,0.25,0.9,,0.08262347221980493,0.25048287763122745,0.34833788409927285,0.46175339516489755,0.5222037847593496,0.46931349375522846
41,4,53.0,6,0.25,0.9,,0.08261743397341065,0.25740794972097997,0.3585701527513966,0.435127314129012,0.4976803383266592,0.48242659921763964
41,4,54.0,6,0.25,0.9,,0.08673244037799567,0.24572152586478996,0.3415956302331299,0.44336886264932057,0.5027899373889275,0.4512042997148966
41,4,55.0,6,0.25,0.9,,0.08940136126995916,0.24187856129926702,0.3360682755988557,0.48390925925178446,0.46955732529112915,0.4686782620262888
41,4,56.0,6,0.25,0.9,,0.09099332565629445,0.24037456513571542,0.3347400683161309,0.4768347736345852,0.438558607746776,0.4441017947854181
41,4,57.0,6,0.25,0.9,,0.08762035810877063,0.23748632175519907,0.3484701037761805,0.47155209732336834,0.41938242308818624,0.4768668193621813
41,4,58.0,6,0.25,0.9,,0.08811135080536603,0.24043327233396788,0.3501012684368049,0.4513358693091292,0.43358862158206934,0.45437533988161566
41,4,59.0,6,0.25,0.9,,0.08845947984995141,0.23677890027577303,0.32814955391272604,0.4309277355758573,0.4410212972155777,0.5096996352282833
41,4,60.0,6,0.25,0.9,,0.09191475199060947,0.2390671549914965,0.3250383034532329,0.42711428673514085,0.4580407847011192,0.466258922860267
41,4,61.0,6,0.25,0.9,,0.09018496522319344,0.24056711685875554,0.3374903245623324,0.4399067634553667,0.46601355015267065,0.4488893202279639
41,4,62.0,6,0.25,0.9,,0.08922034980296575,0.24493586281742927,0.3373092428368946,0.4406043336646618,0.4385185234672598,0.41995678788405905
41,4,63.0,6,0.25,0.9,,0.09346216611291011,0.23794195859163728,0.34066263162035615,0.4555809436295629,0.46816196575422825,0.4864894522576563
41,4,64.0,6,0.25,0.9,,0.09193015946707866,0.23158103513007883,0.35065427145540534,0.4394954414845829,0.4939194510785643,0.44978848808214866
41,4,65.0,6,0.25,0.9,,0.08869819509086295,0.22833411148446897,0.3396529128874996,0.44819719776445954,0.48307246577607293,0.4729828022222022
41,4,66.0,6,0.25,0.9,,0.0864129647965519,0.2414770405918499,0.3557317601196129,0.4331420801779685,0.5028727636854347,0.5020716196811638
41,4,67.0,6,0.25,0.9,,0.0891894358636272,0.2337048307975552,0.3469073898826075,0.4535364848814759,0.4851137974198189,0.5076255598723376
41,4,68.0,6,0.25,0.9,,0.08780586667330219,0.22298613976431797,0.335912891505171,0.44667367402160957,0.46032497532523065,0.530180977810516
41,4,69.0,6,0.25,0.9,,0.08701923661460324,0.22820803551892696,0.33176780945034146,0.49162844484066043,0.4087703659521157,0.518295149390346
41,4,70.0,6,0.25,0.9,,0.08527623128658474,0.23414634873778928,0.3193589173034875,0.48634298415384913,0.4162226665571486,0.5346361195122767
41,4,71.0,6,0.25,0.9,,0.08012869074165449,0.23033296000471007,0.3205982657944816,0.5075603858593434,0.4133108189944116,0.5283143093007815
41,4,72.0,6,0.25,0.9,,0.0804807789601821,0.2379676855898031,0.3121584107049361,0.5152274038510606,0.4322794515425804,0.4875032726803331
41,4,73.0,6,0.25,0.9,,0.08415819631614241,0.22959422070018531,0.3241726077851438,0.4843865875158116,0.43154151372857397,0.4633106827168286
41,4,74.0,6,0.25,0.9,,0.08470956268204807,0.24652340124233918,0.3351389743998287,0.4772606389814107,0.45566171214996454,0.4311977966416472
41,4,75.0,6,0.25,0.9,,0.08424743725728431,0.23255632548808589,0.32019982705617067,0.4485172788947248,0.4851637808907583,0.39931040984331384
41,4,76.0,6,0.25,0.9,,0.08612804517883454,0.2442952838120133,0.31435649434592505,0.4418560293413657,0.4793460349977538,0.3995993786602854
41,4,77.0,6,0.25,0.9,,0.08639991387177066,0.2441039881679834,0.32976219047725974,0.4616481758165113,0.45840506472112896,0.42810012475501596
41,4,78.0,6,0.25,0.9,,0.08023013645384203,0.22471738245376346,0.3374423117488865,0.4618247046130605,0.47335048888554515,0.46365524028162264
41,4,79.0,6,0.25,0.9,,0.07563738015871194,0.23038775443252252,0.32543635809727967,0.4331974551747426,0.46380653773513264,0.5119595456429488
41,4,80.0,6,0.25,0.9,,0.07943737028834819,0.22997941807959082,0.3215252234394701,0.4234096341999023,0.4723070539165926,0.505024137923294
41,4,81.0,6,0.25,0.9,,0.07869463863551193,0.22618942841168246,0.31907145649260815,0.41679860239969707,0.44546119157833586,0.5026773419540997
41,4,82.0,6,0.25,0.9,,0.07985012804314201,0.22069786818180206,0.32443699646389507,0.4177854299443937,0.43364833156460714,0.5119832290479084
41,4,83.0,6,0.25,0.9,,0.08104547352848238,0.22256327478120647,0.35610336752886995,0.4333995321056151,0.4255396393105146,0.5206773883896622
41,4,84.0,6,0.25,0.9,,0.08178313418542729,0.22347583120721654,0.361003110312918,0.4413194275639046,0.42207923951866466,0.4776119353857669
41,4,85.0,6,0.25,0.9,,0.07860008989595357,0.2295730177433243,0.3638002468465714,0.4322567895522842,0.45313995976542076,0.4742737380152363
41,4,86.0,6,0.25,0.9,,0.07834180830368132,0.24848304014996137,0.3739541922834333,0.40676883437588796,0.4514053791794911,0.4851592371239971
41,4,87.0,6,0.25,0.9,,0.08312657201812916,0.23457778748365885,0.3975995597835914,0.36749628332526696,0.4158193599579433,0.457099961737706
41,4,88.0,6,0.25,0.9,,0.08264355534731307,0.23420088346757334,0.40019035106621104,0.3800828394375577,0.47192350920443216,0.42981813857219686
41,4,89.0,6,0.25,0.9,,0.08281679074960072,0.2245843397848152,0.3951881742867668,0.4139748295221578,0.4835199407585489,0.4579752489069223
41,4,90.0,6,0.25,0.9,,0.08655780994205398,0.23281566043370522,0.3867341945576934,0.4004882433476095,0.4962058167125557,0.48575220327233204
41,4,91.0,6,0.25,0.9,,0.0855505495726389,0.23684809098219461,0.38235670512805925,0.3920032282784714,0.5137848386544464,0.48901302058081175
41,4,92.0,6,0.25,0.9,,0.08289601723812035,0.23791782394318392,0.37648138733137726,0.41398780563316573,0.5200925717516951,0.556670248618683
41,4,93.0,6,0.25,0.9,,0.08615531502664456,0.22824253786212956,0.36837360050335777,0.4307615052640498,0.49894485511303904,0.5034497487330762
41,4,94.0,6,0.25,0.9,,0.08824123415497329,0.23500463076651773,0.36455037305296034,0.4169354621639233,0.4828956913174881,0.5205434256568603
41,4,95.0,6,0.25,0.9,,0.0888343274954129,0.23750237995364326,0.3870360109966608,0.44126958177127323,0.5133365902300213,0.5110366742093387
41,4,96.0,6,0.25,0.9,,0.08806972300617047,0.23532861356641352,0.36033669649262734,0.4285343285445838,0.5326941486836393,0.5121789458941325
41,4,97.0,6,0.25,0.9,,0.08871481149887475,0.24422761539514556,0.3710720789334145,0.416423117684408,0.4820674925041907,0.469894512299016
41,4,98.0,6,0.25,0.9,,0.08838269816050986,0.24762773834710844,0.373633174394113,0.4138724109188009,0.4531805952657878,0.46853496300446096
41,4,99.0,6,0.25,0.9,,0.08324820918804246,0.25913116349409854,0.38292094439330204,0.42211895233158103,0.49227663566157653,0.44744148602737815
41,4,100.0,6,0.25,0.9,,0.08348554837280794,0.26409502316625294,0.3875650866378744,0.4133512264840939,0.48775211368695504,0.455664424602397
42,4,21.0,6,0.5,0.0,,0.16323680888842354,0.38840108372371274,0.5530849534663481,0.46607328746708204,0.593206206198256,0.512933486082457
42,4,22.0,6,0.5,0.0,,0.16417405415152558,0.3851957815252423,0.5706556872740998,0.4305616729396829,0.6136563501585918,0.5462788960047105
42,4,23.0,6,0.5,0.0,,0.1565935924956574,0.39239672468085857,0.5066665711738245,0.4159788966452445,0.5510123926654258,0.5271786621742558
42,4,24.0,6,0.5,0.0,,0.16120571163027977,0.3896848440813021,0.4936204542939905,0.4915546806773919,0.5185948188601179,0.49456410267785866
42,4,25.0,6,0.5,0.0,,0.1536545254918198,0.3958592996946816,0.5343981099139843,0.5105833325666553,0.5113379958378685,0.4835406495954411
42,4,26.0,6,0.5,0.0,,0.15635797971263288,0.40174284973860563,0.5344874254230232,0.5462387943678413,0.5060661906081538,0.5236868506069665
42,4,27.0,6,0.5,0.0,,0.15366255454940805,0.395672821187879,0.5298326665306733,0.5400769124094688,0.5127491266973904,0.5107004015733423
42,4,28.0,6,0.5,0.0,,0.1634918103101566,0.38812835426886405,0.513886270210734,0.533199410500511,0.4480752450842641,0.5224998294475426
42,4,29.0,6,0.5,0.0,,0.16232573262292255,0.3708383292747059,0.5466181669063083,0.5032804261063444,0.4116678113788428,0.5415025994631604
42,4,30.0,6,0.5,0.0,,0.15792169929542113,0.36197169693084,0.5589635069832802,0.5133659420919188,0.4118066981460001,0.49932652082843143
42,4,31.0,6,0.5,0.0,,0.16070186965707672,0.36793001379077434,0.5608536548643059,0.5263694243499183,0.39327097975023967,0.505542506106686
42,4,32.0,6,0.5,0.0,,0.16064147784425703,0.366769800029791,0.574644385078798,0.5058787280352007,0.4331051210184542,0.4820804010819096
42,4,33.0,6,0.5,0.0,,0.15873297709987355,0.36924844172707666,0.538419965824629,0.5219898040728628,0.45516136583447364,0.47926582465497347
42,4,34.0,6,0.5,0.0,,0.15351846027701915,0.3989360083025738,0.5429354226838013,0.5452573034978958,0.48339284463761195,0.49541039021745065
42,4,35.0,6,0.5,0.0,,0.155469883168533,0.39412729187741424,0.5022542124860979,0.540722783773632,0.4970217074530595,0.47898215213671513
42,4,36.0,6,0.5,0.0,,0.1530223222071468,0.3737950041507784,0.5200792644660431,0.5515059503247801,0.4915899833065772,0.4655914351719618
42,4,37.0,6,0.5,0.0,,0.1487532205148145,0.3671753906786545,0.516848615157659,0.5114495074321528,0.5331096702134968,0.49817323970526817
42,4,38.0,6,0.5,0.0,,0.14353991238111438,0.36922114912163,0.5310774611008584,0.5407780138684851,0.5335305594267276,0.521812338073037
42,4,39.0,6,0.5,0.0,,0.15471593203948347,0.3700268489211044,0.5632665497508459,0.5239823463367919,0.5801227745637585,0.5192351291589572
42,4,40.0,6,0.5,0.0,,0.15778683842514435,0.36561512184134526,0.5451125196379228,0.4919418915487239,0.5259549709445943,0.5028358532966191
42,4,41.0,6,0.5,0.0,,0.1583515085781218,0.38417649584566627,0.5455737748306626,0.5211808982564357,0.5435553175967625,0.5001626226506592
42,4,42.0,6,0.5,0.0,,0.15770550891674634,0.3786070728057379,0.5442467738022018,0.5337164386046503,0.5860939931155198,0.5281142880984386
42,4,43.0,6,0.5,0.0,,0.15310313877777584,0.3602629752044227,0.5324878316002578,0.5458679448265636,0.5901658259658518,0.5973839303826255
42,4,44.0,6,0.5,0.0,,0.14528096348166958,0.3758277626767088,0.5696625672315264,0.5875695250148734,0.5532458127540412,0.5887356621895717
42,4,45.0,6,0.5,0.0,,0.15783962497778134,0.40512625622725895,0.5957565660795094,0.6292650122098862,0.5371290127293761,0.5673485610952937
42,4,46.0,6,0.5,0.0,,0.15387789076154088,0.4094644556649391,0.5708862292770311,0.5910008805594746,0.5252833284785654,0.5138788488762349
42,4,47.0,6,0.5,0.0,,0.15658408299095483,0.4167524686601284,0.5610170707813793,0.5837740359556325,0.5327728446222662,0.4979892793612349
42,4,48.0,6,0.5,0.0,,0.14908935000180926,0.4064669637396996,0.5670141237309932,0.5873840961598102,0.5862182756978129,0.5309436249024697
42,4,49.0,6,0.5,0.0,,0.1498436953038695,0.41912048695560705,0.5437172056254307,0.5635004605382601,0.5526258186110617,0.5363982307683457
42,4,50.0,6,0.5,0.0,,0.1531443790574159,0.40471661814459,0.5434183620138548,0.5447409086049948,0.5627872292531524,0.49050350443920043
42,4,51.0,6,0.5,0.0,,0.15208815326908884,0.42352345958786797,0.5396919854518449,0.5511642969933073,0.5515746366307396,0.5107335144040988
42,4,52.0,6,0.5,0.0,,0.15683532132852254,0.42788979056271936,0.5342719707609046,0.5972167475435974,0.5484950426318155,0.5264979609736307
42,4,53.0,6,0.5,0.0,,0.15607921445256687,0.4277241616200058,0.5425642955552104,0.6059419765577138,0.5673020092077266,0.4612946430247894
42,4,54.0,6,0.5,0.0,,0.1631994293983417,0.42941534000019005,0.528471173326894,0.5603922912121821,0.5479952648441732,0.47079955630229514
42,4,55.0,6,0.5,0.0,,0.15822202679804212,0.43387046177367755,0.482377117924693,0.5888801360228949,0.536631111407379,0.39478482378882773
42,4,56.0,6,0.5,0.0,,0.16730756026662727,0.4367793269668404,0.4684568209208594,0.598217796575356,0.5125674063363882,0.42514991268322505
42,4,57.0,6,0.5,0.0,,0.16911923920032162,0.4119499322103183,0.4889266030826219,0.6208573623518024,0.5289985231744877,0.44928556857309454
42,4,58.0,6,0.5,0.0,,0.16170403428698057,0.396151268427699,0.5028981029764139,0.6418248618199823,0.585780027983333,0.4980359679823014
42,4,59.0,6,0.5,0.0,,0.15267476002720257,0.38850463429108995,0.5029345202641614,0.695957168538278,0.5915048631060928,0.4835022063275062
42,4,60.0,6,0.5,0.0,,0.15170965709710074,0.39112656869915413,0.5411959556873043,0.6144616101962488,0.5779408164342537,0.4829015085326807
42,4,61.0,6,0.5,0.0,,0.15075010694066548,0.3750852613526955,0.561787113345028,0.5500240141227832,0.5848899076821483,0.5098500670175188
42,4,62.0,6,0.5,0.0,,0.14956770853146814,0.3990404699949893,0.5281860138309538,0.5422470178470868,0.5537308656978578,0.5263441572162806
42,4,63.0,6,0.5,0.0,,0.1525889083572937,0.38412183248157705,0.5140554214540395,0.5563207626084347,0.556138829926615,0.537139909885026
42,4,64.0,6,0.5,0.0,,0.14583208883008444,0.3660717054408831,0.5209545831605624,0.5995905941610484,0.5231161226172063,0.5078722228017969
42,4,65.0,6,0.5,0.0,,0.15381946044383105,0.38574539632028365,0.5075679368813089,0.5904626888097907,0.509165599534283,0.517020494234754
42,4,66.0,6,0.5,0.0,,0.15779359301475332,0.37247996222616814,0.5003830897920383,0.6200673119264423,0.4974782005353047,0.5591013723644442
42,4,67.0,6,0.5,0.0,,0.16203085610269924,0.3919807606872064,0.4954649112456967,0.6041376597654017,0.4893593003591195,0.5521852182053879
42,4,68.0,6,0.5,0.0,,0.16019904066953045,0.39216673881577707,0.5163155800994916,0.6244272853662679,0.5045353214718251,0.5138673582323772
42,4,69.0,6,0.5,0.0,,0.14612901964515196,0.39888692566483425,0.5001964070951453,0.6056960376203386,0.5299710650151521,0.515364060945807
42,4,70.0,6,0.5,0.0,,0.1463106546953203,0.39431375105919714,0.5296505924674845,0.6157065779372626,0.4973751425808174,0.5471121431913266
42,4,71.0,6,0.5,0.0,,0.14135452772506327,0.390509939921758,0.5135525737250661,0.6062162197015738,0.49074703582414825,0.5637360406786316
42,4,72.0,6,0.5,0.0,,0.1297590084057108,0.35855767727816484,0.5312256277115165,0.6133790376744387,0.48591318824853785,0.5662145914048359
42,4,73.0,6,0.5,0.0,,0.1323798214414877,0.38995341772641673,0.5475087466539877,0.6309451194715899,0.4831384822509525,0.5606047420698119
42,4,74.0,6,0.5,0.0,,0.13065514856156993,0.3969151768777018,0.5119951115168528,0.6171947916101065,0.45830665996236675,0.5160726321383713
42,4,75.0,6,0.5,0.0,,0.12908828428943292,0.3796612693410928,0.5152773303544359,0.639955975082722,0.47690640421137187,0.5531812701235812
42,4,76.0,6,0.5,0.0,,0.13648334162379566,0.37881266942316305,0.5441545836679758,0.5651008988362292,0.4910148422512526,0.5432570910572954
42,4,77.0,6,0.5,0.0,,0.14264544107800875,0.3633570320595787,0.5459012246752457,0.567462792961033,0.5016266053792302,0.5329748535963805
42,4,78.0,6,0.5,0.0,,0.14557619632123506,0.3723085317343152,0.5530360232727343,0.5713089528252365,0.5186490517248018,0.5177855433710835
42,4,79.0,6,0.5,0.0,,0.15241303263843428,0.3897994099988088,0.5238580924961787,0.5868221627891489,0.5359135004813355,0.5636882687061118
42,4,80.0,6,0.5,0.0,,0.1537069497019844,0.3932065507738075,0.560287921265511,0.5857199970657065,0.5722153967113186,0.5334488617209011
42,4,81.0,6,0.5,0.0,,0.15688055576772014,0.4014958923070016,0.5949685539587095,0.563569826352259,0.5863257010919762,0.5805507961406537
42,4,82.0,6,0.5,0.0,,0.15549990168287128,0.39413432816561605,0.575476092971033,0.5995831396561105,0.6502753489999458,0.5818136396579041
42,4,83.0,6,0.5,0.0,,0.1525621032772336,0.3915784741332631,0.5764116087616702,0.5665032859146788,0.6534164219271241,0.5324153021961057
42,4,84.0,6,0.5,0.0,,0.1578430939057262,0.4028242515893126,0.5708239874935467,0.5466671732679088,0.6216675094067728,0.5412852276477155
42,4,85.0,6,0.5,0.0,,0.15807252320444648,0.4087453939212888,0.5638237961730639,0.5721669913452254,0.6227174516258194,0.5337390877461894
42,4,86.0,6,0.5,0.0,,0.16007917757963613,0.37062126039816995,0.5267824741225525,0.5288684080787538,0.5260934117854908,0.5069912701969514
42,4,87.0,6,0.5,0.0,,0.15978348680107424,0.37429111424882455,0.49167654039329206,0.5184183825340833,0.5038776629073917,0.5054503966035757
42,4,88.0,6,0.5,0.0,,0.15082358963950387,0.3723836154031837,0.5117416283378432,0.5489476435340404,0.5096678612221622,0.5027113809997804
42,4,89.0,6,0.5,0.0,,0.14953036642832077,0.40074960301412627,0.5642921290380599,0.5586539095254051,0.5197492501469658,0.485853709550947
42,4,90.0,6,0.5,0.0,,0.14570712147707676,0.41348491286022926,0.5510503939359674,0.5632929189358453,0.5082882750586483,0.5086829676407576
42,4,91.0,6,0.5,0.0,,0.1571094000192228,0.3947366832714826,0.5222648854703691,0.5677460977243831,0.5090673806403534,0.5135739306795587
42,4,92.0,6,0.5,0.0,,0.1556766193766413,0.38325476707458694,0.5239905288148893,0.5449519724108369,0.544931298154962,0.5179665383259622
42,4,93.0,6,0.5,0.0,,0.16134391683457988,0.39910915931796254,0.5581890127622351,0.5869389939452796,0.5568727166762788,0.5520673198940066
42,4,94.0,6,0.5,0.0,,0.16252194049474647,0.41041556290209724,0.5658446709585785,0.5829592890053059,0.5795594030056085,0.517272684307913
42,4,95.0,6,0.5,0.0,,0.14883402050251046,0.43800947822237024,0.5428321415557222,0.623694743266172,0.5781766400059143,0.4709738656105662
42,4,96.0,6,0.5,0.0,,0.15003195597628238,0.43770374147395036,0.5458298523372717,0.5984342927102564,0.5501750189669684,0.5339701773005446
42,4,97.0,6,0.5,0.0,,0.14471190193922057,0.40070444680691947,0.5345172716314063,0.5497029163822134,0.5505640676644888,0.5257385858998671
42,4,98.0,6,0.5,0.0,,0.1422652282292558,0.4297315953541938,0.5461468619324603,0.5583394236098966,0.5549533303225884,0.4990551018860268
42,4,99.0,6,0.5,0.0,,0.14690293767972704,0.4200817829297111,0.5541123943883469,0.5813291189234375,0.5093799308612519,0.4851590815638673
42,4,100.0,6,0.5,0.0,,0.1455447836234264,0.4078046982068278,0.5607460465123234,0.556539936834338,0.5120857733941534,0.439138390957559
43,4,21.0,6,0.5,0.5,,0.10091192676722469,0.33683482800604153,0.4292013112761014,0.5188273856334971,0.5271657896450482,0.5302604374602564
43,4,22.0,6,0.5,0.5,,0.10273307186886713,0.32174130973746007,0.4240223090252286,0.5259158724772589,0.4752162736006804,0.5235878920944491
43,4,23.0,6,0.5,0.5,,0.10157223202282617,0.3492915548288668,0.42119524460455793,0.5009100195981896,0.4781117121466985,0.5211534942893205
43,4,24.0,6,0.5,0.5,,0.1001573523137248,0.33106999625438244,0.4195021190201822,0.4945677360729217,0.5057660051291807,0.534957699240181
43,4,25.0,6,0.5,0.5,,0.09501116730909892,0.3182499733165846,0.40102793236125744,0.5129492663165804,0.47827053671313563,0.4968800171633309
43,4,26.0,6,0.5,0.5,,0.1053788462614393,0.33830580359978024,0.41111802180123347,0.5023923386828292,0.4861660306443342,0.5272197951002602
43,4,27.0,6,0.5,0.5,,0.099625234708751,0.3371828369145494,0.41968996197893543,0.5115695627944021,0.5159656750765647,0.517849692097634
43,4,28.0,6,0.5,0.5,,0.10744506937202222,0.34283263434414113,0.4626700519298555,0.5348363550722162,0.49774306079821107,0.47749477670177304
43,4,29.0,6,0.5,0.5,,0.10410926728024827,0.3049645943251439,0.4555956503322417,0.500756811466134,0.47937892828938455,0.4754376663160943
43,4,30.0,6,0.5,0.5,,0.09848281776767256,0.318251913212508,0.4959736122799967,0.5274042077495159,0.45259371947075844,0.4211514630565542
43,4,31.0,6,0.5,0.5,,0.09898998949730173,0.3264364374943439,0.4949910454227056,0.5465038822393151,0.4144207990564571,0.45420957657993927
43,4,32.0,6,0.5,0.5,,0.09725752308497282,0.3173601316539564,0.502784061006041,0.5780172575334065,0.3855276618115679,0.4244025895515889
43,4,33.0,6,0.5,0.5,,0.09578822460527689,0.3066715566170128,0.5055667370996269,0.5723231389606723,0.3621819182813392,0.3970519766431063
43,4,34.0,6,0.5,0.5,,0.10270745089719505,0.2986637127932467,0.5045552062363996,0.551827025278368,0.4347950647465992,0.4202121755704984
43,4,35.0,6,0.5,0.5,,0.10240782578762349,0.2848769283453354,0.4848428637548444,0.5470147951130819,0.4749077970967609,0.4559378350799732
43,4,36.0,6,0.5,0.5,,0.10196055235425541,0.2807273364819499,0.43031743576267417,0.5343478932799628,0.5169446737820316,0.4566685674027872
43,4,37.0,6,0.5,0.5,,0.10333486048992739,0.3144202782365006,0.46948235939151084,0.48573831878386287,0.5351756737682483,0.4815951451263176
43,4,38.0,6,0.5,0.5,,0.1103799988173316,0.2953915056447432,0.45236136243216424,0.44324326818449766,0.4780988921504938,0.51465378500066
43,4,39.0,6,0.5,0.5,,0.11638356910248435,0.316228654213975,0.45257904128781645,0.40312206362534286,0.49261996347862,0.52392644465181
43,4,40.0,6,0.5,0.5,,0.10523021447881853,0.30778722772194705,0.4515816645074372,0.36469431279944253,0.46516579054672197,0.48492958287780796
43,4,41.0,6,0.5,0.5,,0.10905010433636544,0.30107892403191694,0.4456896906348418,0.3656454606233281,0.49312624599315713,0.4819515575214367
43,4,42.0,6,0.5,0.5,,0.10608560948141735,0.29859387853605507,0.42389169312075214,0.3592907827888833,0.5151326001202359,0.5219642934079862
43,4,43.0,6,0.5,0.5,,0.10460160360772108,0.28016705645729945,0.3870159978595341,0.35957281837353744,0.4928482214253168,0.48122965469238704
43,4,44.0,6,0.5,0.5,,0.10502489320469681,0.2780727855998877,0.38518678989644317,0.40866840383751296,0.4970134538674692,0.4648238041840377
43,4,45.0,6,0.5,0.5,,0.10811810702832511,0.2742050056585828,0.4036997829289309,0.47865917223446264,0.487856060798369,0.4613346828408525
43,4,46.0,6,0.5,0.5,,0.10083852719248547,0.26986427502753074,0.43074619836768,0.4867542675527453,0.47111850788626164,0.45627772366862474
43,4,47.0,6,0.5,0.5,,0.099210486844966,0.2586337162162541,0.4567610118994418,0.43698688023959853,0.4661509496558355,0.5037625400473453
43,4,48.0,6,0.5,0.5,,0.10032869960032878,0.25555806510366025,0.47295763645858735,0.43870558617015715,0.5431087748576846,0.48543275984134693
43,4,49.0,6,0.5,0.5,,0.10072915580976542,0.2690518791903689,0.4592773276593859,0.5127563276182742,0.5509490931946516,0.45966014985659404
43,4,50.0,6,0.5,0.5,,0.10032410952365092,0.2680606702465362,0.45694447834917923,0.49896232601082424,0.5092755367239528,0.5168740470098595
43,4,51.0,6,0.5,0.5,,0.10139460432422584,0.2708792824453369,0.46802096023294526,0.5571231668210674,0.5028141679062574,0.546281320582804
43,4,52.0,6,0.5,0.5,,0.1018106462348489,0.2876290767216171,0.4880782963750073,0.5633988589882655,0.5204336147388388,0.5150332121618661
43,4,53.0,6,0.5,0.5,,0.10125291658345323,0.3073486696800262,0.5008325756945966,0.5252728933572371,0.5218743665710022,0.5063378004032836
43,4,54.0,6,0.5,0.5,,0.09620162097458909,0.3143639268515485,0.4788429282398859,0.5340565156090333,0.5614137056058114,0.5356010646960359
43,4,55.0,6,0.5,0.5,,0.10716687602629685,0.31899983053032777,0.46810446708825193,0.5062000544293077,0.5495385340738062,0.5553919350160282
43,4,56.0,6,0.5,0.5,,0.10717071598249747,0.33327554500967055,0.47475743436908535,0.5357317216239814,0.5280135613920632,0.5509574044322069
43,4,57.0,6,0.5,0.5,,0.10624855296326814,0.30658241397787606,0.45926965244419743,0.5225629843701636,0.519697740127189,0.507220139553034
43,4,58.0,6,0.5,0.5,,0.11055675272285541,0.29495750765052364,0.46259926735079604,0.4859163954888568,0.45118388688805455,0.5085141151229069
43,4,59.0,6,0.5,0.5,,0.10856096696671085,0.27782793327741584,0.43499431987586534,0.4761150235390324,0.47072706665239855,0.5242794539147956
43,4,60.0,6,0.5,0.5,,0.10488789735847873,0.27048273374629017,0.4177386513797269,0.4300904189461903,0.49853541572750587,0.49256981264138133
43,4,61.0,6,0.5,0.5,,0.10358416128690022,0.28140963982071976,0.4547050035065741,0.4736118477927339,0.47993555466993715,0.5501860473156908
43,4,62.0,6,0.5,0.5,,0.10535006254740983,0.2770886705546334,0.44217038975593026,0.4541928843442283,0.4695614969253862,0.5619063020085631
43,4,63.0,6,0.5,0.5,,0.10626489063588332,0.2942020743083304,0.43968702494447054,0.44071132361633564,0.4215051702052647,0.5406444450572316
43,4,64.0,6,0.5,0.5,,0.11523267600062972,0.31452896294516064,0.4562731463908107,0.4442552994131376,0.4362663350692889,0.546085871063225
43,4,65.0,6,0.5,0.5,,0.11664835999220857,0.32889952618634644,0.4636180813885592,0.4679004739658629,0.45426589284962604,0.4652909353192814
43,4,66.0,6,0.5,0.5,,0.10989890660315574,0.3159815879634888,0.4408979100475758,0.4914814726765625,0.4967596494274794,0.4543459750485598
43,4,67.0,6,0.5,0.5,,0.10590047149029189,0.3021067395730491,0.4633311815845535,0.5126581021298195,0.540840369643458,0.45830426474299013
43,4,68.0,6,0.5,0.5,,0.10099403351074894,0.30083576200433876,0.498777150898981,0.5156856013830241,0.5087683726649901,0.5440804989060896
43,4,69.0,6,0.5,0.5,,0.10827419542396335,0.2848069992382291,0.4997314391327018,0.5510605178996968,0.4938154235797523,0.5907452228303075
43,4,70.0,6,0.5,0.5,,0.10998196170550209,0.28718848810964864,0.4785428134437515,0.4800568985597019,0.43856809620974424,0.5692318166956143
43,4,71.0,6,0.5,0.5,,0.11333958479283616,0.28380034076662186,0.4319138823206921,0.4936373725975658,0.44028767559915594,0.5753854533564914
43,4,72.0,6,0.5,0.5,,0.11453695610142196,0.3056965425992217,0.42274586700057315,0.5255295612041759,0.4514847800254418,0.6080244771712696
43,4,73.0,6,0.5,0.5,,0.11156502266624493,0.27601467009780356,0.4647672969721099,0.5530852135108978,0.4259552486274365,0.5590506401026494
43,4,74.0,6,0.5,0.5,,0.10728279890977757,0.2813436464758324,0.44842427518073763,0.5585311111177785,0.43276681213434776,0.5849381673242879
43,4,75.0,6,0.5,0.5,,0.10529010216081494,0.26483356822928733,0.4157364430793698,0.5374493410055793,0.4585154317936748,0.568290412354558
43,4,76.0,6,0.5,0.5,,0.11318988796551696,0.24586220690493937,0.45182892174123745,0.48746623886467944,0.44032222811016597,0.5525494476044399
43,4,77.0,6,0.5,0.5,,0.10415165518030438,0.256774040328175,0.43993433361708567,0.5071897692768373,0.46007365951705614,0.5538871889698008
43,4,78.0,6,0.5,0.5,,0.10717431795818597,0.25836039572088126,0.4431510106911502,0.4942043748592667,0.4482498701596236,0.5826100695454708
43,4,79.0,6,0.5,0.5,,0.10533638296731189,0.26738901711426155,0.4256722196194597,0.5110615466011197,0.4342921011873793,0.5686863318486097
43,4,80.0,6,0.5,0.5,,0.109728963719301,0.2568649195760425,0.40035327479182603,0.4871250386614892,0.3911733534853766,0.5560419899400431
43,4,81.0,6,0.5,0.5,,0.1204659898066039,0.29047091683978266,0.4136436587266498,0.5049462778255315,0.41772378154707707,0.5606384228861818
43,4,82.0,6,0.5,0.5,,0.11562419316109818,0.29633300016430997,0.41230638000720504,0.5127347556404515,0.45632542039234,0.5734045007146976
43,4,83.0,6,0.5,0.5,,0.11737023771080876,0.28939642616347677,0.4210869448523771,0.5058091470987286,0.47171125486001075,0.5501063821912713
43,4,84.0,6,0.5,0.5,,0.12282806696582096,0.2924061489845011,0.40365446330761057,0.47378375246400184,0.40779544640834525,0.5014729185483715
43,4,85.0,6,0.5,0.5,,0.12531149238856204,0.3058100987560777,0.44493152298989697,0.49041772066842615,0.41802596348432275,0.5684519291650766
43,4,86.0,6,0.5,0.5,,0.12213651549208963,0.3141721862385011,0.4984506423715419,0.46561760404827546,0.4383367143672687,0.6042391871862146
43,4,87.0,6,0.5,0.5,,0.11431918405893919,0.3088091438810507,0.5011155294520746,0.49246814963477925,0.4554888759183301,0.5576136108841594
43,4,88.0,6,0.5,0.5,,0.11643349704447303,0.29414291036025403,0.48863044595727534,0.45683017875079956,0.46439110073466405,0.6191640417493279
43,4,89.0,6,0.5,0.5,,0.11650185776684789,0.28571499129047984,0.49123472690402215,0.45103955874826474,0.4757842335665825,0.6031641102507149
43,4,90.0,6,0.5,0.5,,0.11607961911941463,0.28040052561897033,0.46136709929120173,0.4383248152423385,0.4878981069231177,0.562531288200572
43,4,91.0,6,0.5,0.5,,0.11769267643846568,0.2742549164323981,0.4785217530375901,0.4541515075144849,0.44177291811428737,0.542410762820259
43,4,92.0,6,0.5,0.5,,0.12579619042304882,0.2752382420478521,0.49553644336196767,0.530461871110607,0.4522583117973712,0.5184909315337236
43,4,93.0,6,0.5,0.5,,0.11851282771121811,0.2780205079044756,0.4627061080122214,0.5296643603591777,0.4990285131074983,0.5308157392486228
43,4,94.0,6,0.5,0.5,,0.11820338895106548,0.28818390612743483,0.44329558145537823,0.5093536918085892,0.5002333804464122,0.5037358464565702
43,4,95.0,6,0.5,0.5,,0.11010328924014497,0.279341063309662,0.47106733633643527,0.5097005517679511,0.5627183105152609,0.47829428723520434
43,4,96.0,6,0.5,0.5,,0.11057895721240911,0.283359037676101,0.47401259740638907,0.5026265080678936,0.5872568068975218,0.4516845064171747
43,4,97.0,6,0.5,0.5,,0.109990356925007,0.2746225556559631,0.4435681593879129,0.4962003744257233,0.5947166295678139,0.4106389110798626
43,4,98.0,6,0.5,0.5,,0.10792511118817841,0.27794813379613376,0.44327924592041257,0.5441636196157102,0.6297271821875716,0.45820108662961745
43,4,99.0,6,0.5,0.5,,0.11032291246900827,0.2961402066852362,0.46268609245266185,0.5137626869003027,0.6163865706117047,0.43079032736120143
43,4,100.0,6,0.5,0.5,,0.10456009910084416,0.276714920057829,0.4350769842590335,0.5285925559035178,0.5800475372860073,0.4357052128559851
44,4,21.0,6,0.5,0.9,,0.10138916734786378,0.24903952031753035,0.4039614014033811,0.502033994938977,0.41009091986096846,0.43991146952785815
44,4,22.0,6,0.5,0.9,,0.10388288980410218,0.2645763117352919,0.4088469344576035,0.46129482075167394,0.3731081171095484,0.43192917562228655
44,4,23.0,6,0.5,0.9,,0.11530559615175791,0.26412962875776863,0.4008847599187442,0.4584953760814767,0.40529388059659954,0.47456489652334294
44,4,24.0,6,0.5,0.9,,0.10665951108844292,0.2650770992846514,0.40901028885828367,0.4579284334554424,0.401488347519669,0.5196345308977282
44,4,25.0,6,0.5,0.9,,0.10018012158473019,0.24403638262937277,0.44301158463914014,0.4763662621113688,0.3913654930185094,0.5314367876251953
44,4,26.0,6,0.5,0.9,,0.09170596581061162,0.2711096147730973,0.42763526566911764,0.5037145907866717,0.3952801528675413,0.5314832953218626
44,4,27.0,6,0.5,0.9,,0.08611549523762244,0.2789561622342245,0.4159805652442804,0.4762257954849775,0.4032647050043061,0.5134420293702981
44,4,28.0,6,0.5,0.9,,0.07993084108436467,0.27634661235947167,0.4050159055328802,0.52865365474036,0.4065308721113417,0.566477477534405
44,4,29.0,6,0.5,0.9,,0.082248981204524,0.277036452289575,0.39951456187352635,0.5359178340156008,0.4418905789303785,0.5396554153175177
44,4,30.0,6,0.5,0.9,,0.08460153868487656,0.2771835686272378,0.37841951975098576,0.5293344906834273,0.4583432551921458,0.5333290898334464
44,4,31.0,6,0.5,0.9,,0.07938560695301286,0.27282585026397177,0.37423353123094183,0.5053592229882009,0.4907071654847341,0.5134260886974106
44,4,32.0,6,0.5,0.9,,0.07895319095428774,0.27162344428141966,0.4016902110324826,0.5356006024229412,0.5221914071571476,0.4950237009748995
44,4,33.0,6,0.5,0.9,,0.08237554236384784,0.2743071465007206,0.4131189744634919,0.46472696821007176,0.5111863995485798,0.5013103977528945
44,4,34.0,6,0.5,0.9,,0.08392971961295974,0.26865327847222814,0.40030527056917115,0.4537379326290095,0.5070556044467656,0.5253977599296853
44,4,35.0,6,0.5,0.9,,0.09213209641793921,0.23213880320097263,0.3592256622531552,0.44593728750433437,0.46699346241695866,0.48495104856518045
44,4,36.0,6,0.5,0.9,,0.10111074359868275,0.21501862823641785,0.3665530023934595,0.48921598721916854,0.5021212470618751,0.46012332678500983
44,4,37.0,6,0.5,0.9,,0.09852749421166493,0.19454751323803016,0.3487753626957311,0.4717240316761996,0.4457390049301938,0.5103879215984144
44,4,38.0,6,0.5,0.9,,0.09194856658118938,0.19143541205134965,0.3610815294457827,0.5000251634524654,0.4558745572526135,0.4883103372787315
44,4,39.0,6,0.5,0.9,,0.09251226644496971,0.2111036613305571,0.3447337663404332,0.48304962792752254,0.473867538618664,0.5211843069073672
44,4,40.0,6,0.5,0.9,,0.08936681521875738,0.23236392106195472,0.382818508193763,0.47986932226409384,0.4783628476373762,0.5169474455258937
44,4,41.0,6,0.5,0.9,,0.08444331671056002,0.23042230000003547,0.3856302102617701,0.5100013813489409,0.5534213262607788,0.5253067301129303
44,4,42.0,6,0.5,0.9,,0.08838263084900598,0.2427847441580102,0.366188291435363,0.5323450272580207,0.515445451425552,0.4823023530741254
44,4,43.0,6,0.5,0.9,,0.08975683876466627,0.24607151613576644,0.3600700936291098,0.5177156023890868,0.4558296577380321,0.4757154386441978
44,4,44.0,6,0.5,0.9,,0.08917951417059057,0.2483108975724461,0.3853143125094783,0.4745039838309652,0.476301931384008,0.46109895739246987
44,4,45.0,6,0.5,0.9,,0.0912674942570078,0.2436722471577609,0.4176241810468834,0.48690917883036944,0.4872933704901817,0.5178849015686071
44,4,46.0,6,0.5,0.9,,0.08901122668622286,0.23304452516560598,0.3896490481454046,0.47358479884265714,0.45245855175801636,0.5537016480253316
44,4,47.0,6,0.5,0.9,,0.08047871711769845,0.2291991853899095,0.417127166823937,0.47028224386228834,0.45863128813286347,0.5363026396116239
44,4,48.0,6,0.5,0.9,,0.08323558586345385,0.2264682476443495,0.41740738468068883,0.4598260924897236,0.4617102196658801,0.5690421116892992
44,4,49.0,6,0.5,0.9,,0.0750629501125259,0.22213268626747262,0.3968622310069572,0.449259471219118,0.44714551394006624,0.5638356304715935
44,4,50.0,6,0.5,0.9,,0.08014116829710971,0.2163201912805514,0.3858914883434883,0.421945652201722,0.4500424201187371,0.6067944472513587
44,4,51.0,6,0.5,0.9,,0.08197954611348549,0.22527072005947124,0.39974098432782934,0.4793080750262762,0.40586174413191456,0.5854355578010869
44,4,52.0,6,0.5,0.9,,0.08612674424434999,0.22655261343236646,0.4311798310404253,0.481859874523528,0.48734805938526876,0.5295441133395009
44,4,53.0,6,0.5,0.9,,0.094479234613193,0.23461874075539524,0.4373854340620683,0.48107800542033685,0.4846743054293764,0.5763812048539052
44,4,54.0,6,0.5,0.9,,0.09481323129186338,0.24314058674511435,0.4563096879751061,0.4745400567853971,0.46837251051480183,0.5112427647514244
44,4,55.0,6,0.5,0.9,,0.09345622282117427,0.2583597047722684,0.4191585923827998,0.4673712784992997,0.444639289489032,0.5373817739219185
44,4,56.0,6,0.5,0.9,,0.09132714747990356,0.27379402839066824,0.3853120126239241,0.4979608371821902,0.4276251106273106,0.5313491348476859
44,4,57.0,6,0.5,0.9,,0.0947043778455588,0.2668750954609377,0.37705633318901627,0.49153805751630586,0.3997200839423737,0.48507930787814885
44,4,58.0,6,0.5,0.9,,0.09555516501924402,0.2643638832520587,0.3646608200783621,0.5163308650873862,0.4131031986279356,0.4552968224319037
44,4,59.0,6,0.5,0.9,,0.10075418187153065,0.27476023674598943,0.37782439354775843,0.5409984540274779,0.4294676417685692,0.42791261831344707
44,4,60.0,6,0.5,0.9,,0.09477851684809738,0.25418887392734335,0.3826974827931457,0.4994373636475056,0.49982427219957576,0.45524127241864065
44,4,61.0,6,0.5,0.9,,0.08501984694220466,0.24095732907750894,0.3899456631854116,0.4654720657091807,0.4967438053141304,0.44433153467671127
44,4,62.0,6,0.5,0.9,,0.08872749968347032,0.2522794814366076,0.4001587676182311,0.45607214910806404,0.5041646960377238,0.422294184884462
44,4,63.0,6,0.5,0.9,,0.08717137530414658,0.2493900308264399,0.4223148050096956,0.461042760019249,0.5616898980230667,0.4378353479075696
44,4,64.0,6,0.5,0.9,,0.08701123684012606,0.2762457734115224,0.46495113459459414,0.46832614429183295,0.5717163837416404,0.4302682783260557
44,4,65.0,6,0.5,0.9,,0.08411087547083138,0.27001540178590133,0.46131163790413005,0.4647763035378268,0.5473180451113311,0.48574708485511414
44,4,66.0,6,0.5,0.9,,0.07840686794127658,0.24820025234632856,0.4543435814728015,0.4740213679230155,0.544738917767638,0.4480018340787984
44,4,67.0,6,0.5,0.9,,0.07954120341950202,0.26341848502121745,0.4291587298310026,0.4798665056133764,0.5274224633234215,0.5075626605606444
44,4,68.0,6,0.5,0.9,,0.08233633188833316,0.25947350182469464,0.46074160701989736,0.45322850605838394,0.5270851888398741,0.4572318824817459
44,4,69.0,6,0.5,0.9,,0.07983282164832221,0.25220983288543114,0.4169164858668376,0.47404169685515535,0.520330830813958,0.5302905313896555
44,4,70.0,6,0.5,0.9,,0.08647141028446957,0.26914436930638236,0.4352483332798009,0.4686983241712127,0.5479394692817918,0.48456395496620763
44,4,71.0,6,0.5,0.9,,0.0878519320877899,0.2700697226858975,0.4190442055328276,0.45900369165576205,0.5561444173055597,0.48931749030800137
44,4,72.0,6,0.5,0.9,,0.09364660021348314,0.2586873426166789,0.40928887644340123,0.4541963906188532,0.5556870209433334,0.4911511220336264
44,4,73.0,6,0.5,0.9,,0.09582757868511863,0.2866931009395556,0.38634482040773593,0.4502121215618436,0.5466289369259949,0.4513264495869668
44,4,74.0,6,0.5,0.9,,0.09591487878159728,0.3165077133261139,0.406059789738221,0.4380931154379161,0.5138266060070305,0.4205643704098252
44,4,75.0,6,0.5,0.9,,0.09677306254614947,0.3191355317579081,0.39178273978795103,0.3753878021315832,0.4697354365911418,0.4708741129015335
44,4,76.0,6,0.5,0.9,,0.0954590409472785,0.3325986487002385,0.37968122720216047,0.4352142757799832,0.4914341689103538,0.4675436028283377
44,4,77.0,6,0.5,0.9,,0.08908982664021421,0.2760193118989567,0.3891564257483446,0.48230979027122023,0.444353297168458,0.5170481627057913
44,4,78.0,6,0.5,0.9,,0.09237701169222921,0.28356446345934727,0.40594423537991897,0.4645331359113527,0.46119233872164234,0.5456060901318622
44,4,79.0,6,0.5,0.9,,0.09210671417493622,0.2766608192369022,0.3804890514875225,0.43532056310842665,0.44530864051847485,0.5655025939607004
44,4,80.0,6,0.5,0.9,,0.09093265293672172,0.26837102356814896,0.3967164047580648,0.4605121505568269,0.4456395747260756,0.5100852409563682
44,4,81.0,6,0.5,0.9,,0.08540041996952866,0.2682596039731879,0.4024375886320183,0.4295941170590522,0.42436240171404627,0.5204817432442712
44,4,82.0,6,0.5,0.9,,0.08194847678789582,0.264782801299751,0.4229015646521118,0.41222597608894185,0.44921012597331983,0.5664499905514371
44,4,83.0,6,0.5,0.9,,0.08272007436599876,0.26630337697231166,0.44356388402686775,0.4237695598958803,0.45483423219147057,0.5867095138028136
44,4,84.0,6,0.5,0.9,,0.08188387797712511,0.25803487946647297,0.4054172799457133,0.43603579906082945,0.4719097799160098,0.5793933284435473
44,4,85.0,6,0.5,0.9,,0.08039048181760876,0.24997701001845943,0.4140470464619198,0.41147172736696547,0.49591211372006033,0.5687218233689285
44,4,86.0,6,0.5,0.9,,0.07908302061362504,0.22605477851745248,0.40666656202709195,0.46954051250919226,0.4919053877224674,0.5620821741190786
44,4,87.0,6,0.5,0.9,,0.08487365095124952,0.23378180704782786,0.4221559123373071,0.43276072374590696,0.5235742902250381,0.5496657392952629
44,4,88.0,6,0.5,0.9,,0.0835961261512942,0.223938611986333,0.37541915050810687,0.4489683593921967,0.5394329216450443,0.5701427832233976
44,4,89.0,6,0.5,0.9,,0.07741149692903788,0.22323516459559042,0.3897428353977758,0.4106248642461182,0.5448941799604052,0.5762312283699528
44,4,90.0,6,0.5,0.9,,0.0771329500528862,0.21703483534901138,0.3851722848343918,0.40041377258598826,0.5407268863622334,0.5410399558969731
44,4,91.0,6,0.5,0.9,,0.07332696593339874,0.2346334109714737,0.38721729940704985,0.4045183449050998,0.5265321472037015,0.5104697480386134
44,4,92.0,6,0.5,0.9,,0.07894831060460852,0.23974652780215258,0.3900884211921768,0.40787390617968056,0.5770480199190873,0.5430788360178394
44,4,93.0,6,0.5,0.9,,0.08575816092269416,0.22801779517874446,0.3803207139643862,0.4276686781421482,0.5923554389693589,0.5409809436606402
44,4,94.0,6,0.5,0.9,,0.07761583463454554,0.23739087031136127,0.3750486334600433,0.4520514711115161,0.5485493443950892,0.512784754928512
44,4,95.0,6,0.5,0.9,,0.09043665719123106,0.23216587940076355,0.37563859817123085,0.4430713807821773,0.4851985185923871,0.48132723091774166
44,4,96.0,6,0.5,0.9,,0.09113408352207723,0.23148956150368732,0.40980553439039075,0.41678621136916594,0.5316999303952948,0.46143283670801105
44,4,97.0,6,0.5,0.9,,0.09624381478052746,0.25782407010282715,0.427169257924063,0.4555703830013438,0.5391040410145441,0.4632544065199847
44,4,98.0,6,0.5,0.9,,0.10477175199980762,0.25776095456336945,0.42869020966436444,0.4757702082646865,0.5475446393886176,0.4374895901135426
44,4,99.0,6,0.5,0.9,,0.09937431851063488,0.24170720158900966,0.43524852285855403,0.473076223336746,0.5186371817622694,0.47596362747381776
44,4,100.0,6,0.5,0.9,,0.09975496408519582,0.25860626496061956,0.4485752872064387,0.5113903643564504,0.4737835264693014,0.4869885379428832
