RunId,iteration,Step,cognitive_capacity,signal_noise,task_complexity,rng,1,3,5,8,12,18
0,0,1.0,2,0.0,0.0,,0.39346934028736663,0.6554488187313012,0.666758737112242,0.7718270140629255,0.7547996127007126,0.45421611056182354
0,0,2.0,2,0.0,0.0,,0.39346934028736663,0.6533745495208001,0.5865549026757495,0.5491462913912917,0.373932789416825,0.7401443220918604
0,0,3.0,2,0.0,0.0,,0.39346934028736663,0.6149727843678539,0.6182066109282363,0.6281552193824715,0.39348434205719907,0.4235900634286981
0,0,4.0,2,0.0,0.0,,0.39346934028736663,0.6136000783499093,0.49400867682152916,0.6535935532817019,0.43039207586998884,0.6778281894119933
0,0,5.0,2,0.0,0.0,,0.39346934028736663,0.6395736255160405,0.6243845957193238,0.46114837266785197,0.3724305440583166,0.5717406464365251
0,0,6.0,2,0.0,0.0,,0.39346934028736663,0.6422863716223233,0.6035031594339653,0.6849577528695272,0.6744237673451263,0.5244972571649162
0,0,7.0,2,0.0,0.0,,0.39346934028736663,0.6232658480059783,0.5243974887975021,0.5573043344226282,0.8174551536987048,0.5763879644177103
0,0,8.0,2,0.0,0.0,,0.39346934028736663,0.6232762254857003,0.6973551443651982,0.6846918070156229,0.715057860012055,0.6172677549080072
0,0,9.0,2,0.0,0.0,,0.39346934028736663,0.617845052610934,0.6407055253501105,0.5066129614352215,0.5471895577976431,0.5398237736000204
0,0,10.0,2,0.0,0.0,,0.39346934028736663,0.6376529578240517,0.641561886108495,0.6280260017062786,0.7045926144289768,0.5340221084949479
0,0,11.0,2,0.0,0.0,,0.39346934028736663,0.5905166455124224,0.6461342593378689,0.7038594519961237,0.5846100707195065,0.5019441097227249
0,0,12.0,2,0.0,0.0,,0.39346934028736663,0.5853639684192768,0.6093036000746423,0.7159835501964303,0.7528180386000904,0.6867694365047325
0,0,13.0,2,0.0,0.0,,0.39346934028736663,0.6193780686831061,0.7452189560458858,0.6816351048476298,0.52625071512452,0.5278906636753753
0,0,14.0,2,0.0,0.0,,0.39346934028736663,0.6046122940457478,0.6567343461651923,0.5609115042235084,0.6110760639900118,0.4883725828161258
0,0,15.0,2,0.0,0.0,,0.39346934028736663,0.5942475999374792,0.7090436033171847,0.7602740586168335,0.6096324259516221,0.5190860047909508
0,0,16.0,2,0.0,0.0,,0.39346934028736663,0.6301679079823405,0.6514721938421377,0.5936102851625789,0.4090099345883128,0.41651434859263003
0,0,17.0,2,0.0,0.0,,0.39346934028736663,0.6218320850871202,0.5341214781071442,0.4158351882858728,0.4578470539002623,0.6102821031536898
0,0,18.0,2,0.0,0.0,,0.39346934028736663,0.6333997764813816,0.6029002520700567,0.6573326517811311,0.4460133674218742,0.491938458986178
0,0,19.0,2,0.0,0.0,,0.39346934028736663,0.5940159760660502,0.5226666462771112,0.42431353859066945,0.6448849442408651,0.4474032340757521
0,0,20.0,2,0.0,0.0,,0.39346934028736663,0.6225233564629955,0.578301516557765,0.6685095349370312,0.9309110760713327,0.5592329012462955
0,0,21.0,2,0.0,0.0,,0.39346934028736663,0.6082648981640227,0.6481274393737182,0.6417657451961033,0.5675204359956167,0.8827453752118393
0,0,22.0,2,0.0,0.0,,0.39346934028736663,0.65307775755104,0.7304803434028857,0.5371551821931762,0.411272951455503,0.7516560088003587
0,0,23.0,2,0.0,0.0,,0.39346934028736663,0.5830417757433194,0.7299643174235553,0.6960082047657843,0.4978775220381739,0.7866334719784214
0,0,24.0,2,0.0,0.0,,0.39346934028736663,0.6022676795414201,0.5940426243897314,0.48322937530664045,0.45334862736383813,0.6209902782725226
0,0,25.0,2,0.0,0.0,,0.39346934028736663,0.6444555574067505,0.6358626087043345,0.5931258274740471,0.5179567775719587,0.49821428391701017
0,0,26.0,2,0.0,0.0,,0.39346934028736663,0.6548421265902808,0.5688934561845755,0.3980131591227309,0.7043052762616421,0.38247336647312946
0,0,27.0,2,0.0,0.0,,0.39346934028736663,0.6315206319008482,0.5776301065025746,0.562363755287568,0.6517582426706572,0.5251043196961416
0,0,28.0,2,0.0,0.0,,0.39346934028736663,0.5776088680714069,0.6096606623410006,0.689777403340135,0.4927405917890697,0.6195882269605345
0,0,29.0,2,0.0,0.0,,0.39346934028736663,0.6041470093920749,0.6311707828758103,0.5173033297071962,0.656754717686487,0.6065953117829348
0,0,30.0,2,0.0,0.0,,0.39346934028736663,0.6356012817858271,0.476452168026408,0.5943575016789275,0.6738586092181343,0.5421213775025284
0,0,31.0,2,0.0,0.0,,0.39346934028736663,0.6109793819256588,0.6520848888967045,0.581106277423711,0.5103921172070398,0.5876952405829916
0,0,32.0,2,0.0,0.0,,0.39346934028736663,0.6200235137398286,0.663048235449273,0.5635322126774007,0.575427501645464,0.664375395809739
0,0,33.0,2,0.0,0.0,,0.39346934028736663,0.6797934474582227,0.6956561437791053,0.817786712369168,0.4735959307888299,0.6131631265138264
0,0,34.0,2,0.0,0.0,,0.39346934028736663,0.6723643091364806,0.6315026672551423,0.5422303869207503,0.509160346373225,0.262114623443519
0,0,35.0,2,0.0,0.0,,0.39346934028736663,0.5808869214397754,0.629813124568954,0.41743762984268373,0.6723642977344098,0.44191863779459134
0,0,36.0,2,0.0,0.0,,0.39346934028736663,0.6663180461725513,0.6042328670642633,0.7009233429536048,0.4558028892898623,0.33480595271558183
0,0,37.0,2,0.0,0.0,,0.39346934028736663,0.654478743061125,0.5839929032249893,0.747810825803526,0.5141530223666261,0.5132499161786326
0,0,38.0,2,0.0,0.0,,0.39346934028736663,0.6161236777603291,0.7000373569891383,0.5472502209454798,0.6043323661046405,0.45679018447287145
0,0,39.0,2,0.0,0.0,,0.39346934028736663,0.6555971958372135,0.5542413643322177,0.4476657034515445,0.14839876000359656,0.480585469637965
0,0,40.0,2,0.0,0.0,,0.39346934028736663,0.6333761145798014,0.581165113604184,0.5258606809912059,0.5488416921366712,0.7231718623254375
0,0,41.0,2,0.0,0.0,,0.39346934028736663,0.6055853292180371,0.7015128766633857,0.7092920474338985,0.48579874841402904,0.5555238379429254
0,0,42.0,2,0.0,0.0,,0.39346934028736663,0.633343899751206,0.4601788282431511,0.36561345755037894,0.5607618896145318,0.5804554332338723
0,0,43.0,2,0.0,0.0,,0.39346934028736663,0.6005330081399561,0.5988540494603438,0.7330594574417527,0.5229978366976734,0.43573470290511535
0,0,44.0,2,0.0,0.0,,0.39346934028736663,0.6148808526556058,0.6082113349207189,0.6272215322546719,0.7572318897519769,0.38609936973551273
0,0,45.0,2,0.0,0.0,,0.39346934028736663,0.619903724794735,0.6003394301478899,0.39738790404040913,0.5037365211965217,0.7160892071758955
0,0,46.0,2,0.0,0.0,,0.39346934028736663,0.5975843502325923,0.6784113328336858,0.5754429880345531,0.6572884253066527,0.3704247926094465
0,0,47.0,2,0.0,0.0,,0.39346934028736663,0.6268320345392058,0.6660871762496888,0.6326493524361144,0.713681943590956,0.436409058102174
0,0,48.0,2,0.0,0.0,,0.39346934028736663,0.6234643778084041,0.6092949746072555,0.7464448976908149,0.5003440027933047,0.5796495575600027
0,0,49.0,2,0.0,0.0,,0.39346934028736663,0.6261112514296014,0.6713607369668463,0.6994000799465235,0.6042405367638339,0.6881842220546666
0,0,50.0,2,0.0,0.0,,0.39346934028736663,0.6322339302863578,0.6453531992540313,0.5857346578295748,0.6258962892247262,0.6483030191615813
0,0,51.0,2,0.0,0.0,,0.39346934028736663,0.6323213698939174,0.5394132900299156,0.5808619242568426,0.4270602775660163,0.6118234705572673
0,0,52.0,2,0.0,0.0,,0.39346934028736663,0.6492292116644784,0.5614124032171451,0.6478542918775637,0.7495715561453107,0.37327672967078146
0,0,53.0,2,0.0,0.0,,0.39346934028736663,0.6762097928850472,0.5794613307084286,0.6628453830288014,0.622979315831315,0.5788100797707407
0,0,54.0,2,0.0,0.0,,0.39346934028736663,0.6419762609320183,0.6624628639636677,0.4948585595030174,0.29736326576595773,0.7813316503848263
0,0,55.0,2,0.0,0.0,,0.39346934028736663,0.613964942502786,0.6602484329166626,0.7765331786190991,0.52644012550638,0.49622444439336333
0,0,56.0,2,0.0,0.0,,0.39346934028736663,0.6468100358690655,0.5232949925676194,0.6082939988861715,0.5081175174908084,0.6
0,0,57.0,2,0.0,0.0,,0.39346934028736663,0.6099093978454346,0.5586878046708156,0.6188799343488615,0.5706262260944133,0.5645188023583151
0,0,58.0,2,0.0,0.0,,0.39346934028736663,0.6112013619998241,0.6718308108307623,0.5470921220407827,0.6215442117555242,0.6261539247309693
0,0,59.0,2,0.0,0.0,,0.39346934028736663,0.6230840853244174,0.6645311253012964,0.5005508311293196,0.6458550676889552,0.40582624148108576
0,0,60.0,2,0.0,0.0,,0.39346934028736663,0.6346548908482723,0.5381470856547171,0.6039368565690958,0.8579826857117846,0.3942154014040583
0,0,61.0,2,0.0,0.0,,0.39346934028736663,0.5828815762048383,0.7368504321317606,0.6251522422972022,0.3696489814156311,0.6238146725226954
0,0,62.0,2,0.0,0.0,,0.39346934028736663,0.6470415564014143,0.7236052161803039,0.5617350847429456,0.5091559351450353,0.37375703317840486
0,0,63.0,2,0.0,0.0,,0.39346934028736663,0.5979014935502216,0.6491867451401017,0.6137754028049065,0.6877215621424749,0.42765259303657704
0,0,64.0,2,0.0,0.0,,0.39346934028736663,0.6056247311017848,0.5616975034165934,0.7975651196636624,0.6796591252385846,0.33334633905998007
0,0,65.0,2,0.0,0.0,,0.39346934028736663,0.6762047047571393,0.6374561632636292,0.4340780259368864,0.26252466148907405,0.7253799167921668
0,0,66.0,2,0.0,0.0,,0.39346934028736663,0.6451220909626318,0.5950379387179152,0.7632893293976499,0.5275672411194832,0.5580428703284086
0,0,67.0,2,0.0,0.0,,0.39346934028736663,0.6249352582198259,0.5622183130788734,0.6836724589615994,0.5483704898706956,0.474873795519137
0,0,68.0,2,0.0,0.0,,0.39346934028736663,0.6501106526033573,0.7070024498144483,0.6511174534433458,0.5393739972951954,0.6064424961785438
0,0,69.0,2,0.0,0.0,,0.39346934028736663,0.6937928809154487,0.6381687236082761,0.7132196697129498,0.5683634605811426,0.522457274859305
0,0,70.0,2,0.0,0.0,,0.39346934028736663,0.5982765834686627,0.6256474981678343,0.6122863031510689,0.3951955873918744,0.6408536295617131
0,0,71.0,2,0.0,0.0,,0.39346934028736663,0.6480455161526582,0.5055053160363892,0.6524962622278937,0.6354954167217038,0.37166475452330605
0,0,72.0,2,0.0,0.0,,0.39346934028736663,0.6558611829753651,0.6895042325170948,0.6811347142262458,0.7833039992553953,0.637576301531432
0,0,73.0,2,0.0,0.0,,0.39346934028736663,0.6661945650865515,0.5287088812239588,0.6850034813199593,0.5390873253105987,0.5524884507172156
0,0,74.0,2,0.0,0.0,,0.39346934028736663,0.6279441924114623,0.5315458383455673,0.4990500715158494,0.48310076795240187,0.36361848658761736
0,0,75.0,2,0.0,0.0,,0.39346934028736663,0.6371578979717606,0.6392366099394529,0.6632626984288482,0.4458014611922773,0.4710361630850601
0,0,76.0,2,0.0,0.0,,0.39346934028736663,0.6341976267456944,0.5893207017386816,0.666793325777614,0.6290402833405615,0.45962630046368924
0,0,77.0,2,0.0,0.0,,0.39346934028736663,0.6349453424816084,0.6360815955355522,0.6134953043942287,0.31467034431048063,0.27422703438934937
0,0,78.0,2,0.0,0.0,,0.39346934028736663,0.6301763484960387,0.5421590978256388,0.5031085869667085,0.5798999214631415,0.7733196154062035
0,0,79.0,2,0.0,0.0,,0.39346934028736663,0.5757697136306277,0.6147500344544772,0.5864511189114927,0.4957984783264367,0.5484144128282387
0,0,80.0,2,0.0,0.0,,0.39346934028736663,0.6178116883214421,0.6593448930841193,0.7529525797503501,0.5545462361505683,0.4781391550241684
0,0,81.0,2,0.0,0.0,,0.39346934028736663,0.6090235352561578,0.6392233843825723,0.6741609077486636,0.4190319779192432,0.6978509503044503
0,0,82.0,2,0.0,0.0,,0.39346934028736663,0.6260728858929816,0.5767383214495221,0.5029481793436683,0.5839265931419757,0.4839629286680389
0,0,83.0,2,0.0,0.0,,0.39346934028736663,0.6301477371280149,0.5722124467751406,0.7254570209218878,0.3866465011030194,0.4610932686903573
0,0,84.0,2,0.0,0.0,,0.39346934028736663,0.6520414218475101,0.6815002355111146,0.5120502907795147,0.3282192658629034,0.5945952987062805
0,0,85.0,2,0.0,0.0,,0.39346934028736663,0.6443970309014526,0.5561032733654603,0.5156532678136501,0.5696845102404555,0.509028212230695
0,0,86.0,2,0.0,0.0,,0.39346934028736663,0.5998803529272803,0.6704218769790381,0.733903256496271,0.5225761134415594,0.5849815165080152
0,0,87.0,2,0.0,0.0,,0.39346934028736663,0.6104539301500496,0.5684224952472392,0.6205157916156522,0.4174612219352868,0.5073529829969775
0,0,88.0,2,0.0,0.0,,0.39346934028736663,0.6007999752574849,0.6843200631076558,0.463409614414153,0.6407721190738341,0.5661908333547145
0,0,89.0,2,0.0,0.0,,0.39346934028736663,0.6472874665618958,0.726080674321474,0.7103721618242,0.5555546251221448,0.5650721455092481
0,0,90.0,2,0.0,0.0,,0.39346934028736663,0.6438966846592213,0.6147011160204998,0.6075773042030436,0.5949913989106701,0.5962736822819231
0,0,91.0,2,0.0,0.0,,0.39346934028736663,0.6283802022047679,0.7151981363160748,0.692867300459618,0.6774768919202456,0.5482068986237174
0,0,92.0,2,0.0,0.0,,0.39346934028736663,0.6287587773121377,0.679060492313794,0.44957890327070843,0.4998785830750371,0.36628258803156555
0,0,93.0,2,0.0,0.0,,0.39346934028736663,0.6543779216817611,0.6385638682298872,0.5917171917869901,0.5550434576624476,0.8220207020089587
0,0,94.0,2,0.0,0.0,,0.39346934028736663,0.6226736099029532,0.7369426959738302,0.7643372220553901,0.30509790940352155,0.35057517057520066
0,0,95.0,2,0.0,0.0,,0.39346934028736663,0.6196254883939624,0.6175725880477296,0.621734498669986,0.5281874612059616,0.5646974755172837
0,0,96.0,2,0.0,0.0,,0.39346934028736663,0.6282695877557953,0.6888960326284252,0.5966954303238314,0.506183927322561,0.5123749296396266
0,0,97.0,2,0.0,0.0,,0.39346934028736663,0.6341628163706138,0.599108333624992,0.6107512561553328,0.49873976218720406,0.5963019868287075
0,0,98.0,2,0.0,0.0,,0.39346934028736663,0.6098568075237687,0.6338624463108485,0.5574339041994761,0.5544673891737829,0.3344106284680205
0,0,99.0,2,0.0,0.0,,0.39346934028736663,0.6220500781583496,0.6497238331292621,0.6789470663657595,0.6017050154695583,0.5178720675904422
0,0,100.0,2,0.0,0.0,,0.39346934028736663,0.6184159687103131,0.7231987148588956,0.7071796440670488,0.576914944547041,0.7431695715871633
1,0,1.0,4,0.0,0.0,,0.2211992169285951,0.5276334472589853,0.6450181685183971,0.6162004947195887,0.7862219939660278,0.4069662263762833
1,0,2.0,4,0.0,0.0,,0.2211992169285951,0.5276334472589853,0.6692401386825776,0.6408562746485827,0.4143779833234795,0.6126738109620232
1,0,3.0,4,0.0,0.0,,0.2211992169285951,0.5276334472589853,0.6190769556771553,0.5224239446670789,0.4813769710048635,0.5742976771132293
1,0,4.0,4,0.0,0.0,,0.2211992169285951,0.5276334472589853,0.6398744819863027,0.6974615155573957,0.799667854475995,0.49645719316831105
1,0,5.0,4,0.0,0.0,,0.2211992169285951,0.5276334472589853,0.6395025591048366,0.6509825722478385,0.393050593853209,0.7125570825655122
1,0,6.0,4,0.0,0.0,,0.2211992169285951,0.5276334472589853,0.5935140627713665,0.6613616986294408,0.6375668299936098,0.8050524305902957
1,0,7.0,4,0.0,0.0,,0.2211992169285951,0.5276334472589853,0.6179480771564376,0.6844644929094164,0.4704660054834826,0.3381119537941999
1,0,8.0,4,0.0,0.0,,0.2211992169285951,0.5276334472589853,0.6598642297511869,0.5928548388118824,0.6863238542466885,0.643783074814017
1,0,9.0,4,0.0,0.0,,0.2211992169285951,0.5276334472589853,0.5980611338361258,0.5581647209569602,0.574609381073402,0.5
1,0,10.0,4,0.0,0.0,,0.2211992169285951,0.5276334472589853,0.6707079209641279,0.6101828777742188,0.4734925685212679,0.47364560583281
1,0,11.0,4,0.0,0.0,,0.2211992169285951,0.5276334472589853,0.647467921521707,0.7069475067838935,0.4840893168536313,0.8468023084182981
1,0,12.0,4,0.0,0.0,,0.2211992169285951,0.5276334472589853,0.678682400170145,0.6338286297321052,0.6615898823786917,0.33427215918758674
1,0,13.0,4,0.0,0.0,,0.2211992169285951,0.5276334472589853,0.6217746009553126,0.4396590155065441,0.6674931788626355,0.5581600723716631
1,0,14.0,4,0.0,0.0,,0.2211992169285951,0.5276334472589853,0.628821224781242,0.8055126361602628,0.4286722169579626,0.5143804196637085
1,0,15.0,4,0.0,0.0,,0.2211992169285951,0.5276334472589853,0.6348169159016381,0.6013840997294974,0.5864576731019382,0.5362270736594762
1,0,16.0,4,0.0,0.0,,0.2211992169285951,0.5276334472589853,0.6959968193495032,0.7746504292769065,0.34218605315368966,0.6960809237262513
1,0,17.0,4,0.0,0.0,,0.2211992169285951,0.5276334472589853,0.5928391414401656,0.4507824016943992,0.500072946328441,0.27064180752200195
1,0,18.0,4,0.0,0.0,,0.2211992169285951,0.5276334472589853,0.588750377813944,0.5693000808166515,0.6421710797740454,0.46607404351722276
1,0,19.0,4,0.0,0.0,,0.2211992169285951,0.5276334472589853,0.6007203808734858,0.6077469694117205,0.6529999372606076,0.7270412918356286
1,0,20.0,4,0.0,0.0,,0.2211992169285951,0.5276334472589853,0.6014713273843377,0.6061955529876462,0.5142903165311854,0.6283395067986546
1,0,21.0,4,0.0,0.0,,0.2211992169285951,0.5276334472589853,0.6195672222724025,0.6198589853319191,0.7033305649100378,0.6651012073010508
1,0,22.0,4,0.0,0.0,,0.2211992169285951,0.5276334472589853,0.6583091006489223,0.6006953177182786,0.51487261146837,0.8857770172700127
1,0,23.0,4,0.0,0.0,,0.2211992169285951,0.5276334472589853,0.6738839220309771,0.5051579580446572,0.4599606882612831,0.5933513349908645
1,0,24.0,4,0.0,0.0,,0.2211992169285951,0.5276334472589853,0.6248945266208711,0.5943432285340033,0.48475383755825574,0.7429204788634547
1,0,25.0,4,0.0,0.0,,0.2211992169285951,0.5276334472589853,0.6084734782577497,0.5129456520091137,0.43347086202502905,0.4655940324996748
1,0,26.0,4,0.0,0.0,,0.2211992169285951,0.5276334472589853,0.6084742379384162,0.6127031336903669,0.4599933192992595,0.432049482189635
1,0,27.0,4,0.0,0.0,,0.2211992169285951,0.5276334472589853,0.6184283358343972,0.4401396238907811,0.8214189000577552,0.5559186746579152
1,0,28.0,4,0.0,0.0,,0.2211992169285951,0.5276334472589853,0.6144261172128653,0.516916972768126,0.6447424272428269,0.41581968068929853
1,0,29.0,4,0.0,0.0,,0.2211992169285951,0.5276334472589853,0.6665278587622231,0.6979274256977561,0.5449982951589514,0.7068798991805504
1,0,30.0,4,0.0,0.0,,0.2211992169285951,0.5276334472589853,0.6547625359662447,0.7036159594164558,0.6819776953500037,0.7153725407900426
1,0,31.0,4,0.0,0.0,,0.2211992169285951,0.5276334472589853,0.6189517948317066,0.592399154011373,0.5346918041415716,0.3304351955946206
1,0,32.0,4,0.0,0.0,,0.2211992169285951,0.5276334472589853,0.6247405487319165,0.7187166678773611,0.5312455190140255,0.5989196119468557
1,0,33.0,4,0.0,0.0,,0.2211992169285951,0.5276334472589853,0.6235426936311478,0.5730158319630141,0.5567182377958166,0.4386702626871196
1,0,34.0,4,0.0,0.0,,0.2211992169285951,0.5276334472589853,0.6155780424006922,0.6159760276936249,0.5870509499589728,0.5316437259153629
1,0,35.0,4,0.0,0.0,,0.2211992169285951,0.5276334472589853,0.626225188256882,0.7510799382158286,0.5432311587363587,0.5466534960836323
1,0,36.0,4,0.0,0.0,,0.2211992169285951,0.5276334472589853,0.6514839696589372,0.532485384668744,0.6217379579519257,0.7052424380114226
1,0,37.0,4,0.0,0.0,,0.2211992169285951,0.5276334472589853,0.6322710424413558,0.7777001971206816,0.6334293735898973,0.5264174012744796
1,0,38.0,4,0.0,0.0,,0.2211992169285951,0.5276334472589853,0.6022226871182286,0.541602808438064,0.5783856358924822,0.28757501918855255
1,0,39.0,4,0.0,0.0,,0.2211992169285951,0.5276334472589853,0.633736485078595,0.5973447301134479,0.38384881054903247,0.4175250506822391
1,0,40.0,4,0.0,0.0,,0.2211992169285951,0.5276334472589853,0.6588125875281833,0.5772753155030836,0.5905937863595178,0.6100576504775239
1,0,41.0,4,0.0,0.0,,0.2211992169285951,0.5276334472589853,0.6111198200713748,0.5981992878204635,0.7424288230939728,0.626186516687542
1,0,42.0,4,0.0,0.0,,0.2211992169285951,0.5276334472589853,0.6350250250853741,0.506484391354449,0.6578995056542232,0.4475299888443983
1,0,43.0,4,0.0,0.0,,0.2211992169285951,0.5276334472589853,0.6636703435019112,0.5611571063647093,0.48746322839617917,0.5211132092223645
1,0,44.0,4,0.0,0.0,,0.2211992169285951,0.5276334472589853,0.6008033213118006,0.5703100786274978,0.5138135323528418,0.5651785294355239
1,0,45.0,4,0.0,0.0,,0.2211992169285951,0.5276334472589853,0.6025286662464164,0.7120013832399306,0.5994035176546915,0.44512325926151386
1,0,46.0,4,0.0,0.0,,0.2211992169285951,0.5276334472589853,0.6351373504068318,0.5750240073061619,0.5107874083258162,0.5346735278297474
1,0,47.0,4,0.0,0.0,,0.2211992169285951,0.5276334472589853,0.6323848462437578,0.5706786350571342,0.383883606253381,0.632591589683382
1,0,48.0,4,0.0,0.0,,0.2211992169285951,0.5276334472589853,0.6445635561808256,0.6784694149750429,0.7553813199245906,0.6471178690667637
1,0,49.0,4,0.0,0.0,,0.2211992169285951,0.5276334472589853,0.5690788710349081,0.5598572970215134,0.4751705876075321,0.8118134631129182
1,0,50.0,4,0.0,0.0,,0.2211992169285951,0.5276334472589853,0.6164409819632412,0.6096290861873201,0.5288691858430125,0.42853386717991027
1,0,51.0,4,0.0,0.0,,0.2211992169285951,0.5276334472589853,0.6260008913174351,0.5561210337197593,0.6963916530607335,0.5552889560653609
1,0,52.0,4,0.0,0.0,,0.2211992169285951,0.5276334472589853,0.6994279551400415,0.7341087222510161,0.6989643338122197,0.6496411547241377
1,0,53.0,4,0.0,0.0,,0.2211992169285951,0.5276334472589853,0.6699742730776455,0.4729760206968339,0.420832959716628,0.7042324121351956
1,0,54.0,4,0.0,0.0,,0.2211992169285951,0.5276334472589853,0.6303786029861288,0.6027550852352315,0.8335770517549463,0.7674221687619919
1,0,55.0,4,0.0,0.0,,0.2211992169285951,0.5276334472589853,0.6598716094957784,0.5797094774775732,0.6715369488001166,0.632459638579233
1,0,56.0,4,0.0,0.0,,0.2211992169285951,0.5276334472589853,0.6667133109478589,0.7233262224788666,0.4837112376962386,0.5246655849901734
1,0,57.0,4,0.0,0.0,,0.2211992169285951,0.5276334472589853,0.6506237018888534,0.7519706318804736,0.6404684254829043,0.44644818668283126
1,0,58.0,4,0.0,0.0,,0.2211992169285951,0.5276334472589853,0.6224764284858904,0.7233699186370626,0.5053797724021531,0.508489829431543
1,0,59.0,4,0.0,0.0,,0.2211992169285951,0.5276334472589853,0.6224790933809798,0.670058634172109,0.5779834224020718,0.5362009611832532
1,0,60.0,4,0.0,0.0,,0.2211992169285951,0.5276334472589853,0.584165289126483,0.5758838261449509,0.6792031310931426,0.5272874686750273
1,0,61.0,4,0.0,0.0,,0.2211992169285951,0.5276334472589853,0.6169450768678015,0.6332563235512725,0.6575203068222233,0.621177797967768
1,0,62.0,4,0.0,0.0,,0.2211992169285951,0.5276334472589853,0.640508340602043,0.41134130045188966,0.5819948025192105,0.5997364936204823
1,0,63.0,4,0.0,0.0,,0.2211992169285951,0.5276334472589853,0.6358092372948889,0.6230459934600362,0.34165251553514675,0.7375087153144861
1,0,64.0,4,0.0,0.0,,0.2211992169285951,0.5276334472589853,0.6580646165705482,0.5074318645117286,0.69620110699676,0.41280120296424894
1,0,65.0,4,0.0,0.0,,0.2211992169285951,0.5276334472589853,0.6035279148410084,0.5289569974898071,0.38511638192903475,0.32852570988361784
1,0,66.0,4,0.0,0.0,,0.2211992169285951,0.5276334472589853,0.6171508911336613,0.7190228140171646,0.521526654750952,0.6938003850525347
1,0,67.0,4,0.0,0.0,,0.2211992169285951,0.5276334472589853,0.6612440030324588,0.5660619768686559,0.6120941694434547,0.3723796847368585
1,0,68.0,4,0.0,0.0,,0.2211992169285951,0.5276334472589853,0.6405683978061661,0.6251348433602599,0.7659808580893317,0.6395717362720946
1,0,69.0,4,0.0,0.0,,0.2211992169285951,0.5276334472589853,0.640580116486109,0.7166335987485449,0.7327767264470785,0.6002194947220529
1,0,70.0,4,0.0,0.0,,0.2211992169285951,0.5276334472589853,0.6415830775161767,0.4327532650476127,0.40148993792063725,0.3199983285711524
1,0,71.0,4,0.0,0.0,,0.2211992169285951,0.5276334472589853,0.6512455662245596,0.5743697616039232,0.441266754208815,0.6758337664102
1,0,72.0,4,0.0,0.0,,0.2211992169285951,0.5276334472589853,0.610242145801799,0.5181759139311221,0.6939768174889194,0.621370145840212
1,0,73.0,4,0.0,0.0,,0.2211992169285951,0.5276334472589853,0.5939518489465818,0.5825239234209334,0.7174197115300996,0.6233915237920002
1,0,74.0,4,0.0,0.0,,0.2211992169285951,0.5276334472589853,0.6101408676105894,0.5688307279740724,0.6929174135016806,0.48154472574676105
1,0,75.0,4,0.0,0.0,,0.2211992169285951,0.5276334472589853,0.6288040120302447,0.6734956581426302,0.4228041169697976,0.3522046190721354
1,0,76.0,4,0.0,0.0,,0.2211992169285951,0.5276334472589853,0.6048205759576806,0.5277640790547243,0.7428477215078864,0.4437447816573748
1,0,77.0,4,0.0,0.0,,0.2211992169285951,0.5276334472589853,0.6054988924161723,0.6525595628399786,0.6898262154415539,0.7237304593435676
1,0,78.0,4,0.0,0.0,,0.2211992169285951,0.5276334472589853,0.6615946776810212,0.6531963074905547,0.5354792209767307,0.6449707827029829
1,0,79.0,4,0.0,0.0,,0.2211992169285951,0.5276334472589853,0.6150191312812605,0.5977679596298102,0.5697776043309611,0.6135935024019246
1,0,80.0,4,0.0,0.0,,0.2211992169285951,0.5276334472589853,0.637748043571733,0.6297186973698776,0.5062643607638827,0.5792602873685352
1,0,81.0,4,0.0,0.0,,0.2211992169285951,0.5276334472589853,0.6509780330428975,0.7149665276730849,0.7097442291874033,0.8863730321887626
1,0,82.0,4,0.0,0.0,,0.2211992169285951,0.5276334472589853,0.637482031612258,0.643935546612929,0.5815215354771587,0.6367382956476956
1,0,83.0,4,0.0,0.0,,0.2211992169285951,0.5276334472589853,0.6179703762851737,0.616759112209871,0.5787320801750029,0.40106720619991354
1,0,84.0,4,0.0,0.0,,0.2211992169285951,0.5276334472589853,0.6198439896368766,0.669556600001516,0.676286731347418,0.40884760235280826
1,0,85.0,4,0.0,0.0,,0.2211992169285951,0.5276334472589853,0.6385203022412554,0.606248153161582,0.4886356738951152,0.6226490662855662
1,0,86.0,4,0.0,0.0,,0.2211992169285951,0.5276334472589853,0.639165919129951,0.6876615268680595,0.6642985728111613,0.5801864460094917
1,0,87.0,4,0.0,0.0,,0.2211992169285951,0.5276334472589853,0.6411657196795746,0.7043834073673707,0.5737800728620743,0.680731813897676
1,0,88.0,4,0.0,0.0,,0.2211992169285951,0.5276334472589853,0.6343373487211517,0.5229395172117736,0.5833531634077709,0.46463812281699973
1,0,89.0,4,0.0,0.0,,0.2211992169285951,0.5276334472589853,0.6339385228550557,0.6164730777724883,0.5939784753604748,0.6636665064249698
1,0,90.0,4,0.0,0.0,,0.2211992169285951,0.5276334472589853,0.635467416371895,0.6373719217895747,0.5711980185443333,0.4862018323612761
1,0,91.0,4,0.0,0.0,,0.2211992169285951,0.5276334472589853,0.6722303924647066,0.6994017976551079,0.5561696349196044,0.30931656327735413
1,0,92.0,4,0.0,0.0,,0.2211992169285951,0.5276334472589853,0.5904595600302496,0.7145236865873754,0.540268621424022,0.5079405127580185
1,0,93.0,4,0.0,0.0,,0.2211992169285951,0.5276334472589853,0.6590496817781054,0.7800715006336427,0.47585490276224707,0.38828900823521095
1,0,94.0,4,0.0,0.0,,0.2211992169285951,0.5276334472589853,0.6266931618612249,0.6361634642446206,0.5895964924060912,0.6526591721350666
1,0,95.0,4,0.0,0.0,,0.2211992169285951,0.5276334472589853,0.6047511747733364,0.5443673831697471,0.36224708469296274,0.48991433015022723
1,0,96.0,4,0.0,0.0,,0.2211992169285951,0.5276334472589853,0.6041592307105141,0.6908787286435368,0.6945218303521734,0.5467252801723964
1,0,97.0,4,0.0,0.0,,0.2211992169285951,0.5276334472589853,0.6430961205658472,0.442410340161875,0.3838595856183978,0.5227620570914068
1,0,98.0,4,0.0,0.0,,0.2211992169285951,0.5276334472589853,0.6114577035283077,0.6373510311027786,0.4294365892721001,0.41060787388145065
1,0,99.0,4,0.0,0.0,,0.2211992169285951,0.5276334472589853,0.6649499136367871,0.6165759904585111,0.5968284265097333,0.629401376709172
1,0,100.0,4,0.0,0.0,,0.2211992169285951,0.5276334472589853,0.6049700124240758,0.6077404091738694,0.48360703726761195,0.643461924323241
2,0,1.0,6,0.0,0.0,,0.1535182751093859,0.39346934028736663,0.5654017914929217,0.5518248745608105,0.688283798473307,0.3680211273240296
2,0,2.0,6,0.0,0.0,,0.1535182751093859,0.39346934028736663,0.5654017914929217,0.60069877365359,0.555763963069553,0.6935692805733525
2,0,3.0,6,0.0,0.0,,0.1535182751093859,0.39346934028736663,0.5654017914929217,0.6269162296029697,0.6130590411215948,0.758964951652392
2,0,4.0,6,0.0,0.0,,0.1535182751093859,0.39346934028736663,0.5654017914929217,0.6988369583312428,0.5032428039636262,0.5810126437139027
2,0,5.0,6,0.0,0.0,,0.1535182751093859,0.39346934028736663,0.5654017914929217,0.6668606580558464,0.45191985340063034,0.4141851977067904
2,0,6.0,6,0.0,0.0,,0.1535182751093859,0.39346934028736663,0.5654017914929217,0.6152266671964721,0.5873095637678712,0.5627033159374576
2,0,7.0,6,0.0,0.0,,0.1535182751093859,0.39346934028736663,0.5654017914929217,0.675466886731118,0.677776073029532,0.6127210611769229
2,0,8.0,6,0.0,0.0,,0.1535182751093859,0.39346934028736663,0.5654017914929217,0.6326860014545814,0.26556412266358126,0.6602710927941123
2,0,9.0,6,0.0,0.0,,0.1535182751093859,0.39346934028736663,0.5654017914929217,0.6314543516513393,0.6899646443633948,0.5156882152027569
2,0,10.0,6,0.0,0.0,,0.1535182751093859,0.39346934028736663,0.5654017914929217,0.591550054842435,0.5585635527800334,0.5118232423602844
2,0,11.0,6,0.0,0.0,,0.1535182751093859,0.39346934028736663,0.5654017914929217,0.6077241768758912,0.6593916939282367,0.5792526591765659
2,0,12.0,6,0.0,0.0,,0.1535182751093859,0.39346934028736663,0.5654017914929217,0.6292776489350269,0.6772150406223485,0.6010508589590419
2,0,13.0,6,0.0,0.0,,0.1535182751093859,0.39346934028736663,0.5654017914929217,0.7380240288114268,0.47999249809981376,0.5904933163480461
2,0,14.0,6,0.0,0.0,,0.1535182751093859,0.39346934028736663,0.5654017914929217,0.6816678114264618,0.5812808244117024,0.6788255982590441
2,0,15.0,6,0.0,0.0,,0.1535182751093859,0.39346934028736663,0.5654017914929217,0.6522516103067034,0.5684235746873827,0.4789032313818235
2,0,16.0,6,0.0,0.0,,0.1535182751093859,0.39346934028736663,0.5654017914929217,0.6217662113327778,0.5667855769871487,0.7011056920974843
2,0,17.0,6,0.0,0.0,,0.1535182751093859,0.39346934028736663,0.5654017914929217,0.5634659422371509,0.49745136162679027,0.6482992077921249
2,0,18.0,6,0.0,0.0,,0.1535182751093859,0.39346934028736663,0.5654017914929217,0.6626489877582431,0.7504630318349312,0.8661124930784272
2,0,19.0,6,0.0,0.0,,0.1535182751093859,0.39346934028736663,0.5654017914929217,0.6249897007216294,0.6865643830883593,0.4344759884553702
2,0,20.0,6,0.0,0.0,,0.1535182751093859,0.39346934028736663,0.5654017914929217,0.6868788654477653,0.629651733447626,0.6664063897280543
2,0,21.0,6,0.0,0.0,,0.1535182751093859,0.39346934028736663,0.5654017914929217,0.7183961812973949,0.4242071015173556,0.5369130782102657
2,0,22.0,6,0.0,0.0,,0.1535182751093859,0.39346934028736663,0.5654017914929217,0.6319422968331183,0.5455903240495875,0.596868748940066
2,0,23.0,6,0.0,0.0,,0.1535182751093859,0.39346934028736663,0.5654017914929217,0.6674654009709476,0.7749200503139212,0.5116446949488183
2,0,24.0,6,0.0,0.0,,0.1535182751093859,0.39346934028736663,0.5654017914929217,0.7384009867146274,0.5793249421375203,0.6993428324194323
2,0,25.0,6,0.0,0.0,,0.1535182751093859,0.39346934028736663,0.5654017914929217,0.6117088902347363,0.48443927225706274,0.28082123238036755
2,0,26.0,6,0.0,0.0,,0.1535182751093859,0.39346934028736663,0.5654017914929217,0.6352228627653952,0.3998559649569272,0.5558828708155235
2,0,27.0,6,0.0,0.0,,0.1535182751093859,0.39346934028736663,0.5654017914929217,0.6317095077671921,0.6415003435131303,0.6287164728947415
2,0,28.0,6,0.0,0.0,,0.1535182751093859,0.39346934028736663,0.5654017914929217,0.5588119161820303,0.44815494669008,0.6259591428557669
2,0,29.0,6,0.0,0.0,,0.1535182751093859,0.39346934028736663,0.5654017914929217,0.5898774182900517,0.44160378412194773,0.7551837069022774
2,0,30.0,6,0.0,0.0,,0.1535182751093859,0.39346934028736663,0.5654017914929217,0.6054983991737519,0.4745142201584026,0.382175392912712
2,0,31.0,6,0.0,0.0,,0.1535182751093859,0.39346934028736663,0.5654017914929217,0.47934968399906924,0.7242092747935378,0.660925572556876
2,0,32.0,6,0.0,0.0,,0.1535182751093859,0.39346934028736663,0.5654017914929217,0.6767843968234487,0.5751213096605854,0.5321653214444699
2,0,33.0,6,0.0,0.0,,0.1535182751093859,0.39346934028736663,0.5654017914929217,0.6312872071883755,0.5819943331848593,0.47733349493567195
2,0,34.0,6,0.0,0.0,,0.1535182751093859,0.39346934028736663,0.5654017914929217,0.5951355468967029,0.5133596892504232,0.7893361500898796
2,0,35.0,6,0.0,0.0,,0.1535182751093859,0.39346934028736663,0.5654017914929217,0.6656681397370933,0.5874439177647648,0.5676921460407158
2,0,36.0,6,0.0,0.0,,0.1535182751093859,0.39346934028736663,0.5654017914929217,0.6039099176814509,0.773305513995675,0.6595579999802504
2,0,37.0,6,0.0,0.0,,0.1535182751093859,0.39346934028736663,0.5654017914929217,0.636342580093076,0.6219977271285663,0.6444593155608113
2,0,38.0,6,0.0,0.0,,0.1535182751093859,0.39346934028736663,0.5654017914929217,0.5898814318098349,0.65157884836695,0.4532706532804145
2,0,39.0,6,0.0,0.0,,0.1535182751093859,0.39346934028736663,0.5654017914929217,0.641780338103609,0.6725279465770909,0.4163951308809387
2,0,40.0,6,0.0,0.0,,0.1535182751093859,0.39346934028736663,0.5654017914929217,0.6695231834517089,0.7171459815024498,0.704139290550658
2,0,41.0,6,0.0,0.0,,0.1535182751093859,0.39346934028736663,0.5654017914929217,0.6977333821971908,0.5660561491809812,0.3198143905643338
2,0,42.0,6,0.0,0.0,,0.1535182751093859,0.39346934028736663,0.5654017914929217,0.5045524559005918,0.47381161898405144,0.48517931973478384
2,0,43.0,6,0.0,0.0,,0.1535182751093859,0.39346934028736663,0.5654017914929217,0.7452119521835148,0.5186855064008016,0.5502453219911724
2,0,44.0,6,0.0,0.0,,0.1535182751093859,0.39346934028736663,0.5654017914929217,0.6178292021651658,0.7171554123754517,0.38900890374630814
2,0,45.0,6,0.0,0.0,,0.1535182751093859,0.39346934028736663,0.5654017914929217,0.6750663637856638,0.5512077229224823,0.5547478123422707
2,0,46.0,6,0.0,0.0,,0.1535182751093859,0.39346934028736663,0.5654017914929217,0.6209478427078075,0.5241518368530906,0.5516337058498199
2,0,47.0,6,0.0,0.0,,0.1535182751093859,0.39346934028736663,0.5654017914929217,0.5692620643573896,0.7081688083480149,0.6495835767551612
2,0,48.0,6,0.0,0.0,,0.1535182751093859,0.39346934028736663,0.5654017914929217,0.6460720293756073,0.6450168184838823,0.6241986436782708
2,0,49.0,6,0.0,0.0,,0.1535182751093859,0.39346934028736663,0.5654017914929217,0.5586205983164316,0.5631192423584916,0.7327723991338464
2,0,50.0,6,0.0,0.0,,0.1535182751093859,0.39346934028736663,0.5654017914929217,0.624208652511328,0.6423630585147901,0.545842690807847
2,0,51.0,6,0.0,0.0,,0.1535182751093859,0.39346934028736663,0.5654017914929217,0.748234331690661,0.76084533657534,0.3588278245778157
2,0,52.0,6,0.0,0.0,,0.1535182751093859,0.39346934028736663,0.5654017914929217,0.6548837617989989,0.7222377056088016,0.4497591125677062
2,0,53.0,6,0.0,0.0,,0.1535182751093859,0.39346934028736663,0.5654017914929217,0.6075955224632112,0.4788345110249878,0.41614392889757096
2,0,54.0,6,0.0,0.0,,0.1535182751093859,0.39346934028736663,0.5654017914929217,0.5901695968507952,0.49115179522006996,0.698855287296585
2,0,55.0,6,0.0,0.0,,0.1535182751093859,0.39346934028736663,0.5654017914929217,0.5876486481340779,0.38725949284260874,0.6223968993333624
2,0,56.0,6,0.0,0.0,,0.1535182751093859,0.39346934028736663,0.5654017914929217,0.7154314634055159,0.6026772828602451,0.5571473562085512
2,0,57.0,6,0.0,0.0,,0.1535182751093859,0.39346934028736663,0.5654017914929217,0.6829998705451292,0.8267152763418629,0.5400987597888047
2,0,58.0,6,0.0,0.0,,0.1535182751093859,0.39346934028736663,0.5654017914929217,0.6793274192751866,0.5581484249993822,0.5461890394991686
2,0,59.0,6,0.0,0.0,,0.1535182751093859,0.39346934028736663,0.5654017914929217,0.6619341437755316,0.5076140013510158,0.5683102067230232
2,0,60.0,6,0.0,0.0,,0.1535182751093859,0.39346934028736663,0.5654017914929217,0.5799066124963093,0.4640238906998816,0.4274868724423687
2,0,61.0,6,0.0,0.0,,0.1535182751093859,0.39346934028736663,0.5654017914929217,0.60028558635928,0.45589116208423885,0.5577690774304002
2,0,62.0,6,0.0,0.0,,0.1535182751093859,0.39346934028736663,0.5654017914929217,0.6080247207073657,0.6501620561647179,0.5433786609711823
2,0,63.0,6,0.0,0.0,,0.1535182751093859,0.39346934028736663,0.5654017914929217,0.6963641835440566,0.4433656961878591,0.629975385738888
2,0,64.0,6,0.0,0.0,,0.1535182751093859,0.39346934028736663,0.5654017914929217,0.6878890314534354,0.8106460838125612,0.49674844014803365
2,0,65.0,6,0.0,0.0,,0.1535182751093859,0.39346934028736663,0.5654017914929217,0.7113314468596135,0.4964819780712304,0.40282203833247426
2,0,66.0,6,0.0,0.0,,0.1535182751093859,0.39346934028736663,0.5654017914929217,0.5649782009580868,0.5736196088131454,0.5086968864363746
2,0,67.0,6,0.0,0.0,,0.1535182751093859,0.39346934028736663,0.5654017914929217,0.6534638921316829,0.6621485214548947,0.4858914837347328
2,0,68.0,6,0.0,0.0,,0.1535182751093859,0.39346934028736663,0.5654017914929217,0.5654369287675244,0.39238094476392443,0.4575286710528931
2,0,69.0,6,0.0,0.0,,0.1535182751093859,0.39346934028736663,0.5654017914929217,0.6070029689163208,0.6464210487981423,0.6778202321498756
2,0,70.0,6,0.0,0.0,,0.1535182751093859,0.39346934028736663,0.5654017914929217,0.6657142826044053,0.6097849328725752,0.5296160607929388
2,0,71.0,6,0.0,0.0,,0.1535182751093859,0.39346934028736663,0.5654017914929217,0.6572431438170394,0.7583665631844396,0.49369069552804457
2,0,72.0,6,0.0,0.0,,0.1535182751093859,0.39346934028736663,0.5654017914929217,0.6575714833995268,0.5039062896973359,0.34416687328876006
2,0,73.0,6,0.0,0.0,,0.1535182751093859,0.39346934028736663,0.5654017914929217,0.7078089364579538,0.5860277627186741,0.7
2,0,74.0,6,0.0,0.0,,0.1535182751093859,0.39346934028736663,0.5654017914929217,0.6298216069647162,0.46616371516759136,0.5192579874867997
2,0,75.0,6,0.0,0.0,,0.1535182751093859,0.39346934028736663,0.5654017914929217,0.6942009111859908,0.6012744088398196,0.6377797028216589
2,0,76.0,6,0.0,0.0,,0.1535182751093859,0.39346934028736663,0.5654017914929217,0.6544062453846672,0.6303750042247539,0.4641636678182867
2,0,77.0,6,0.0,0.0,,0.1535182751093859,0.39346934028736663,0.5654017914929217,0.575124402450209,0.5579125468042607,0.5703989509297656
2,0,78.0,6,0.0,0.0,,0.1535182751093859,0.39346934028736663,0.5654017914929217,0.6721381332456338,0.700430183784438,0.566481481153873
2,0,79.0,6,0.0,0.0,,0.1535182751093859,0.39346934028736663,0.5654017914929217,0.5984398881182532,0.5785193619989921,0.6369260817869444
2,0,80.0,6,0.0,0.0,,0.1535182751093859,0.39346934028736663,0.5654017914929217,0.595444431641013,0.5538948748603264,0.3862414180682373
2,0,81.0,6,0.0,0.0,,0.1535182751093859,0.39346934028736663,0.5654017914929217,0.6423762939836025,0.6688393322118406,0.5867226846206499
2,0,82.0,6,0.0,0.0,,0.1535182751093859,0.39346934028736663,0.5654017914929217,0.6116892716678969,0.5779100182525444,0.4144650013044048
2,0,83.0,6,0.0,0.0,,0.1535182751093859,0.39346934028736663,0.5654017914929217,0.5828305528925928,0.4523130842418651,0.513926417378188
2,0,84.0,6,0.0,0.0,,0.1535182751093859,0.39346934028736663,0.5654017914929217,0.6062147713490502,0.47464068483037336,0.7063546048798586
2,0,85.0,6,0.0,0.0,,0.1535182751093859,0.39346934028736663,0.5654017914929217,0.5410602452117075,0.5821582789069165,0.7471988692190277
2,0,86.0,6,0.0,0.0,,0.1535182751093859,0.39346934028736663,0.5654017914929217,0.6206978662094345,0.5630552642033356,0.631480938457892
2,0,87.0,6,0.0,0.0,,0.1535182751093859,0.39346934028736663,0.5654017914929217,0.6826283909009468,0.4000548112934556,0.44028994270864497
2,0,88.0,6,0.0,0.0,,0.1535182751093859,0.39346934028736663,0.5654017914929217,0.6202233664714152,0.46184278127820855,0.40512645039693923
2,0,89.0,6,0.0,0.0,,0.1535182751093859,0.39346934028736663,0.5654017914929217,0.6673538001332026,0.46940693101160863,0.5641308565985859
2,0,90.0,6,0.0,0.0,,0.1535182751093859,0.39346934028736663,0.5654017914929217,0.7059856736911796,0.4709817524939647,0.522549992185841
2,0,91.0,6,0.0,0.0,,0.1535182751093859,0.39346934028736663,0.5654017914929217,0.6611666913379728,0.5498623161695713,0.6279585577101419
2,0,92.0,6,0.0,0.0,,0.1535182751093859,0.39346934028736663,0.5654017914929217,0.6381198513520301,0.6528189109374269,0.3635985340315819
2,0,93.0,6,0.0,0.0,,0.1535182751093859,0.39346934028736663,0.5654017914929217,0.5798672664512109,0.558708389668508,0.3345851272250839
2,0,94.0,6,0.0,0.0,,0.1535182751093859,0.39346934028736663,0.5654017914929217,0.6833826486836786,0.7467497847850183,0.5702158044962728
2,0,95.0,6,0.0,0.0,,0.1535182751093859,0.39346934028736663,0.5654017914929217,0.5687229673604708,0.31773270281064814,0.5529207541780685
2,0,96.0,6,0.0,0.0,,0.1535182751093859,0.39346934028736663,0.5654017914929217,0.5855039177092813,0.4810575855601765,0.6358855223484854
2,0,97.0,6,0.0,0.0,,0.1535182751093859,0.39346934028736663,0.5654017914929217,0.6218037942871449,0.7632005314536701,0.7183593820403337
2,0,98.0,6,0.0,0.0,,0.1535182751093859,0.39346934028736663,0.5654017914929217,0.6244687036191913,0.43115403573071165,0.5791831329006143
2,0,99.0,6,0.0,0.0,,0.1535182751093859,0.39346934028736663,0.5654017914929217,0.7108590931910486,0.5198278107708226,0.2446934371185312
2,0,100.0,6,0.0,0.0,,0.1535182751093859,0.39346934028736663,0.5654017914929217,0.5945473887462001,0.6650446778828882,0.4504499678482722
3,0,1.0,8,0.0,0.0,,0.11750309741540454,0.31271072120902776,0.4647385714810097,0.6321205588285576,0.5770064122369372,0.39786718128700355
3,0,2.0,8,0.0,0.0,,0.11750309741540454,0.31271072120902776,0.4647385714810097,0.6321205588285576,0.5947941751247046,0.268155477851291
3,0,3.0,8,0.0,0.0,,0.11750309741540454,0.31271072120902776,0.4647385714810097,0.6321205588285576,0.5718488164418533,0.5796725852166593
3,0,4.0,8,0.0,0.0,,0.11750309741540454,0.31271072120902776,0.4647385714810097,0.6321205588285576,0.5291282610443491,0.6596119141259094
3,0,5.0,8,0.0,0.0,,0.11750309741540454,0.31271072120902776,0.4647385714810097,0.6321205588285576,0.7303621410051648,0.6611672939631277
3,0,6.0,8,0.0,0.0,,0.11750309741540454,0.31271072120902776,0.4647385714810097,0.6321205588285576,0.5132577444978736,0.6401473369532644
3,0,7.0,8,0.0,0.0,,0.11750309741540454,0.31271072120902776,0.4647385714810097,0.6321205588285576,0.6820118436956814,0.5461707497147422
3,0,8.0,8,0.0,0.0,,0.11750309741540454,0.31271072120902776,0.4647385714810097,0.6321205588285576,0.6116537485839859,0.474794195021447
3,0,9.0,8,0.0,0.0,,0.11750309741540454,0.31271072120902776,0.4647385714810097,0.6321205588285576,0.6345927746272647,0.44110377431343323
3,0,10.0,8,0.0,0.0,,0.11750309741540454,0.31271072120902776,0.4647385714810097,0.6321205588285576,0.5081964630650624,0.38179822431096716
3,0,11.0,8,0.0,0.0,,0.11750309741540454,0.31271072120902776,0.4647385714810097,0.6321205588285576,0.5652845657347546,0.5179227431872125
3,0,12.0,8,0.0,0.0,,0.11750309741540454,0.31271072120902776,0.4647385714810097,0.6321205588285576,0.8078717762137305,0.5630991118122797
3,0,13.0,8,0.0,0.0,,0.11750309741540454,0.31271072120902776,0.4647385714810097,0.6321205588285576,0.566964956696724,0.7450873790566883
3,0,14.0,8,0.0,0.0,,0.11750309741540454,0.31271072120902776,0.4647385714810097,0.6321205588285576,0.6957147912815695,0.4910094884547555
3,0,15.0,8,0.0,0.0,,0.11750309741540454,0.31271072120902776,0.4647385714810097,0.6321205588285576,0.29831497208730084,0.44525126755056466
3,0,16.0,8,0.0,0.0,,0.11750309741540454,0.31271072120902776,0.4647385714810097,0.6321205588285576,0.7456165034071454,0.4357913740751574
3,0,17.0,8,0.0,0.0,,0.11750309741540454,0.31271072120902776,0.4647385714810097,0.6321205588285576,0.6934334563622203,0.7152278718779501
3,0,18.0,8,0.0,0.0,,0.11750309741540454,0.31271072120902776,0.4647385714810097,0.6321205588285576,0.549659630059651,0.28143604100605113
3,0,19.0,8,0.0,0.0,,0.11750309741540454,0.31271072120902776,0.4647385714810097,0.6321205588285576,0.622992711318674,0.6313190649434828
3,0,20.0,8,0.0,0.0,,0.11750309741540454,0.31271072120902776,0.4647385714810097,0.6321205588285576,0.5091511650717857,0.6381904313194158
3,0,21.0,8,0.0,0.0,,0.11750309741540454,0.31271072120902776,0.4647385714810097,0.6321205588285576,0.6846472204574039,0.5708035504870551
3,0,22.0,8,0.0,0.0,,0.11750309741540454,0.31271072120902776,0.4647385714810097,0.6321205588285576,0.6426201125845726,0.7012166355604957
3,0,23.0,8,0.0,0.0,,0.11750309741540454,0.31271072120902776,0.4647385714810097,0.6321205588285576,0.7046383624240573,0.5235943879345039
3,0,24.0,8,0.0,0.0,,0.11750309741540454,0.31271072120902776,0.4647385714810097,0.6321205588285576,0.5683372149711526,0.24360454921791685
3,0,25.0,8,0.0,0.0,,0.11750309741540454,0.31271072120902776,0.4647385714810097,0.6321205588285576,0.5635836328523693,0.7121425333299082
3,0,26.0,8,0.0,0.0,,0.11750309741540454,0.31271072120902776,0.4647385714810097,0.6321205588285576,0.6565751710594749,0.4289029670920959
3,0,27.0,8,0.0,0.0,,0.11750309741540454,0.31271072120902776,0.4647385714810097,0.6321205588285576,0.6762239916741923,0.5
3,0,28.0,8,0.0,0.0,,0.11750309741540454,0.31271072120902776,0.4647385714810097,0.6321205588285576,0.7102703226608348,0.6296749756003557
3,0,29.0,8,0.0,0.0,,0.11750309741540454,0.31271072120902776,0.4647385714810097,0.6321205588285576,0.7131431204344852,0.41185834076786626
3,0,30.0,8,0.0,0.0,,0.11750309741540454,0.31271072120902776,0.4647385714810097,0.6321205588285576,0.5678339918924338,0.34794122101222763
3,0,31.0,8,0.0,0.0,,0.11750309741540454,0.31271072120902776,0.4647385714810097,0.6321205588285576,0.4960844147993809,0.6191628388000205
3,0,32.0,8,0.0,0.0,,0.11750309741540454,0.31271072120902776,0.4647385714810097,0.6321205588285576,0.7701940656217359,0.5562766125894332
3,0,33.0,8,0.0,0.0,,0.11750309741540454,0.31271072120902776,0.4647385714810097,0.6321205588285576,0.6567741170332511,0.6979438597940396
3,0,34.0,8,0.0,0.0,,0.11750309741540454,0.31271072120902776,0.4647385714810097,0.6321205588285576,0.6262498267268765,0.29553829797699327
3,0,35.0,8,0.0,0.0,,0.11750309741540454,0.31271072120902776,0.4647385714810097,0.6321205588285576,0.6542276908130175,0.5927293523756207
3,0,36.0,8,0.0,0.0,,0.11750309741540454,0.31271072120902776,0.4647385714810097,0.6321205588285576,0.6120467013059556,0.49136531938432465
3,0,37.0,8,0.0,0.0,,0.11750309741540454,0.31271072120902776,0.4647385714810097,0.6321205588285576,0.6538740522896236,0.6741916187073244
3,0,38.0,8,0.0,0.0,,0.11750309741540454,0.31271072120902776,0.4647385714810097,0.6321205588285576,0.42394082040546577,0.6787888286202378
3,0,39.0,8,0.0,0.0,,0.11750309741540454,0.31271072120902776,0.4647385714810097,0.6321205588285576,0.6676543939582371,0.5060022113125542
3,0,40.0,8,0.0,0.0,,0.11750309741540454,0.31271072120902776,0.4647385714810097,0.6321205588285576,0.6175225262877397,0.3201286602676424
3,0,41.0,8,0.0,0.0,,0.11750309741540454,0.31271072120902776,0.4647385714810097,0.6321205588285576,0.6094640093057244,0.46352359093777507
3,0,42.0,8,0.0,0.0,,0.11750309741540454,0.31271072120902776,0.4647385714810097,0.6321205588285576,0.6126868986224246,0.6402374998484043
3,0,43.0,8,0.0,0.0,,0.11750309741540454,0.31271072120902776,0.4647385714810097,0.6321205588285576,0.7059603489649955,0.43424612522345807
3,0,44.0,8,0.0,0.0,,0.11750309741540454,0.31271072120902776,0.4647385714810097,0.6321205588285576,0.5927723463706734,0.44728739223304237
3,0,45.0,8,0.0,0.0,,0.11750309741540454,0.31271072120902776,0.4647385714810097,0.6321205588285576,0.7046987913625216,0.409104560477347
3,0,46.0,8,0.0,0.0,,0.11750309741540454,0.31271072120902776,0.4647385714810097,0.6321205588285576,0.6459644174943453,0.6531146002236223
3,0,47.0,8,0.0,0.0,,0.11750309741540454,0.31271072120902776,0.4647385714810097,0.6321205588285576,0.602311826814068,0.5944481701358703
3,0,48.0,8,0.0,0.0,,0.11750309741540454,0.31271072120902776,0.4647385714810097,0.6321205588285576,0.5720712151242179,0.67696484096776
3,0,49.0,8,0.0,0.0,,0.11750309741540454,0.31271072120902776,0.4647385714810097,0.6321205588285576,0.7369941355970775,0.4740742620248078
3,0,50.0,8,0.0,0.0,,0.11750309741540454,0.31271072120902776,0.4647385714810097,0.6321205588285576,0.5143109353538182,0.4237843158169243
3,0,51.0,8,0.0,0.0,,0.11750309741540454,0.31271072120902776,0.4647385714810097,0.6321205588285576,0.6874705770479003,0.4453711514961216
3,0,52.0,8,0.0,0.0,,0.11750309741540454,0.31271072120902776,0.4647385714810097,0.6321205588285576,0.5479382251593885,0.4416748311786526
3,0,53.0,8,0.0,0.0,,0.11750309741540454,0.31271072120902776,0.4647385714810097,0.6321205588285576,0.6286313468309715,0.5452884258816324
3,0,54.0,8,0.0,0.0,,0.11750309741540454,0.31271072120902776,0.4647385714810097,0.6321205588285576,0.5677379817269681,0.4312585691528822
3,0,55.0,8,0.0,0.0,,0.11750309741540454,0.31271072120902776,0.4647385714810097,0.6321205588285576,0.5310774361386412,0.4446760016573309
3,0,56.0,8,0.0,0.0,,0.11750309741540454,0.31271072120902776,0.4647385714810097,0.6321205588285576,0.5710662512356155,0.45473766877285016
3,0,57.0,8,0.0,0.0,,0.11750309741540454,0.31271072120902776,0.4647385714810097,0.6321205588285576,0.5480219417481832,0.721700116432214
3,0,58.0,8,0.0,0.0,,0.11750309741540454,0.31271072120902776,0.4647385714810097,0.6321205588285576,0.7502675201835913,0.6003657059882611
3,0,59.0,8,0.0,0.0,,0.11750309741540454,0.31271072120902776,0.4647385714810097,0.6321205588285576,0.6495734894253392,0.6274654974177687
3,0,60.0,8,0.0,0.0,,0.11750309741540454,0.31271072120902776,0.4647385714810097,0.6321205588285576,0.6174298402980518,0.5231305633705543
3,0,61.0,8,0.0,0.0,,0.11750309741540454,0.31271072120902776,0.4647385714810097,0.6321205588285576,0.6517567710221062,0.8013808908012882
3,0,62.0,8,0.0,0.0,,0.11750309741540454,0.31271072120902776,0.4647385714810097,0.6321205588285576,0.4770549234104319,0.44282830547996
3,0,63.0,8,0.0,0.0,,0.11750309741540454,0.31271072120902776,0.4647385714810097,0.6321205588285576,0.5794724371376947,0.732038125717611
3,0,64.0,8,0.0,0.0,,0.11750309741540454,0.31271072120902776,0.4647385714810097,0.6321205588285576,0.6435633476262368,0.48183519175212297
3,0,65.0,8,0.0,0.0,,0.11750309741540454,0.31271072120902776,0.4647385714810097,0.6321205588285576,0.504190997891657,0.6533969235895928
3,0,66.0,8,0.0,0.0,,0.11750309741540454,0.31271072120902776,0.4647385714810097,0.6321205588285576,0.6135445279834522,0.4189569960721767
3,0,67.0,8,0.0,0.0,,0.11750309741540454,0.31271072120902776,0.4647385714810097,0.6321205588285576,0.6580052398819071,0.821614659846716
3,0,68.0,8,0.0,0.0,,0.11750309741540454,0.31271072120902776,0.4647385714810097,0.6321205588285576,0.5539553229085497,0.7123999480893093
3,0,69.0,8,0.0,0.0,,0.11750309741540454,0.31271072120902776,0.4647385714810097,0.6321205588285576,0.6144380391044943,0.6107006097306218
3,0,70.0,8,0.0,0.0,,0.11750309741540454,0.31271072120902776,0.4647385714810097,0.6321205588285576,0.42246713887872084,0.544888267604344
3,0,71.0,8,0.0,0.0,,0.11750309741540454,0.31271072120902776,0.4647385714810097,0.6321205588285576,0.6580470020148057,0.5546108852266409
3,0,72.0,8,0.0,0.0,,0.11750309741540454,0.31271072120902776,0.4647385714810097,0.6321205588285576,0.7164928483475098,0.4407046459429845
3,0,73.0,8,0.0,0.0,,0.11750309741540454,0.31271072120902776,0.4647385714810097,0.6321205588285576,0.5970214475277267,0.4313181580002123
3,0,74.0,8,0.0,0.0,,0.11750309741540454,0.31271072120902776,0.4647385714810097,0.6321205588285576,0.7841766165160872,0.3430851261509654
3,0,75.0,8,0.0,0.0,,0.11750309741540454,0.31271072120902776,0.4647385714810097,0.6321205588285576,0.4685050905139212,0.7017633568210455
3,0,76.0,8,0.0,0.0,,0.11750309741540454,0.31271072120902776,0.4647385714810097,0.6321205588285576,0.5731605284863843,0.8300536101992657
3,0,77.0,8,0.0,0.0,,0.11750309741540454,0.31271072120902776,0.4647385714810097,0.6321205588285576,0.6412503690960112,0.7470980427781366
3,0,78.0,8,0.0,0.0,,0.11750309741540454,0.31271072120902776,0.4647385714810097,0.6321205588285576,0.5619817711896347,0.5051643538902528
3,0,79.0,8,0.0,0.0,,0.11750309741540454,0.31271072120902776,0.4647385714810097,0.6321205588285576,0.5809974326121286,0.6794135122853573
3,0,80.0,8,0.0,0.0,,0.11750309741540454,0.31271072120902776,0.4647385714810097,0.6321205588285576,0.7172781383692263,0.6772715105892501
3,0,81.0,8,0.0,0.0,,0.11750309741540454,0.31271072120902776,0.4647385714810097,0.6321205588285576,0.5760150409375108,0.4675562753931353
3,0,82.0,8,0.0,0.0,,0.11750309741540454,0.31271072120902776,0.4647385714810097,0.6321205588285576,0.6538740407123711,0.6152011982278158
3,0,83.0,8,0.0,0.0,,0.11750309741540454,0.31271072120902776,0.4647385714810097,0.6321205588285576,0.5828279321026374,0.7142998628190524
3,0,84.0,8,0.0,0.0,,0.11750309741540454,0.31271072120902776,0.4647385714810097,0.6321205588285576,0.5495672721165844,0.6919524351264574
3,0,85.0,8,0.0,0.0,,0.11750309741540454,0.31271072120902776,0.4647385714810097,0.6321205588285576,0.8114657598769922,0.5505449839421004
3,0,86.0,8,0.0,0.0,,0.11750309741540454,0.31271072120902776,0.4647385714810097,0.6321205588285576,0.48016780870772935,0.6828520883126575
3,0,87.0,8,0.0,0.0,,0.11750309741540454,0.31271072120902776,0.4647385714810097,0.6321205588285576,0.6861872450838967,0.7581420446934803
3,0,88.0,8,0.0,0.0,,0.11750309741540454,0.31271072120902776,0.4647385714810097,0.6321205588285576,0.5133990334685182,0.6315627700584944
3,0,89.0,8,0.0,0.0,,0.11750309741540454,0.31271072120902776,0.4647385714810097,0.6321205588285576,0.6260581486178036,0.6368210268480987
3,0,90.0,8,0.0,0.0,,0.11750309741540454,0.31271072120902776,0.4647385714810097,0.6321205588285576,0.5315077218692853,0.5854893413618136
3,0,91.0,8,0.0,0.0,,0.11750309741540454,0.31271072120902776,0.4647385714810097,0.6321205588285576,0.6448073286280742,0.6830420115302468
3,0,92.0,8,0.0,0.0,,0.11750309741540454,0.31271072120902776,0.4647385714810097,0.6321205588285576,0.5729124524661733,0.7037262082762857
3,0,93.0,8,0.0,0.0,,0.11750309741540454,0.31271072120902776,0.4647385714810097,0.6321205588285576,0.7074480055540823,0.5161230081836552
3,0,94.0,8,0.0,0.0,,0.11750309741540454,0.31271072120902776,0.4647385714810097,0.6321205588285576,0.6612954286861186,0.4721064050493009
3,0,95.0,8,0.0,0.0,,0.11750309741540454,0.31271072120902776,0.4647385714810097,0.6321205588285576,0.6425596162032612,0.4619370491406819
3,0,96.0,8,0.0,0.0,,0.11750309741540454,0.31271072120902776,0.4647385714810097,0.6321205588285576,0.6027664240437887,0.6667179513288188
3,0,97.0,8,0.0,0.0,,0.11750309741540454,0.31271072120902776,0.4647385714810097,0.6321205588285576,0.523296594573283,0.8424905662592451
3,0,98.0,8,0.0,0.0,,0.11750309741540454,0.31271072120902776,0.4647385714810097,0.6321205588285576,0.5395831885086864,0.23344191177369691
3,0,99.0,8,0.0,0.0,,0.11750309741540454,0.31271072120902776,0.4647385714810097,0.6321205588285576,0.6864786431975122,0.652745928133704
3,0,100.0,8,0.0,0.0,,0.11750309741540454,0.31271072120902776,0.4647385714810097,0.6321205588285576,0.7044499722319797,0.431804251210847
4,0,1.0,10,0.0,0.0,,0.09516258196404048,0.2591817793182821,0.39346934028736663,0.5506710358827785,0.7204181548891417,0.5580082037735563
4,0,2.0,10,0.0,0.0,,0.09516258196404048,0.2591817793182821,0.39346934028736663,0.5506710358827785,0.6026152702482499,0.8186512784200219
4,0,3.0,10,0.0,0.0,,0.09516258196404048,0.2591817793182821,0.39346934028736663,0.5506710358827785,0.6898570515437854,0.4266237381650659
4,0,4.0,10,0.0,0.0,,0.09516258196404048,0.2591817793182821,0.39346934028736663,0.5506710358827785,0.6457695094097863,0.7005275900141493
4,0,5.0,10,0.0,0.0,,0.09516258196404048,0.2591817793182821,0.39346934028736663,0.5506710358827785,0.49214361481939106,0.5949900037462789
4,0,6.0,10,0.0,0.0,,0.09516258196404048,0.2591817793182821,0.39346934028736663,0.5506710358827785,0.6500039688781368,0.5074206388091456
4,0,7.0,10,0.0,0.0,,0.09516258196404048,0.2591817793182821,0.39346934028736663,0.5506710358827785,0.5774480569607816,0.43308562552209623
4,0,8.0,10,0.0,0.0,,0.09516258196404048,0.2591817793182821,0.39346934028736663,0.5506710358827785,0.5689432567501955,0.4355659729202169
4,0,9.0,10,0.0,0.0,,0.09516258196404048,0.2591817793182821,0.39346934028736663,0.5506710358827785,0.5971020894076393,0.4783516829878346
4,0,10.0,10,0.0,0.0,,0.09516258196404048,0.2591817793182821,0.39346934028736663,0.5506710358827785,0.7083993015713559,0.4239881570591965
4,0,11.0,10,0.0,0.0,,0.09516258196404048,0.2591817793182821,0.39346934028736663,0.5506710358827785,0.6649323158136312,0.6007237019083684
4,0,12.0,10,0.0,0.0,,0.09516258196404048,0.2591817793182821,0.39346934028736663,0.5506710358827785,0.630118583977001,0.5941965086139381
4,0,13.0,10,0.0,0.0,,0.09516258196404048,0.2591817793182821,0.39346934028736663,0.5506710358827785,0.6561525300322648,0.7165403390208539
4,0,14.0,10,0.0,0.0,,0.09516258196404048,0.2591817793182821,0.39346934028736663,0.5506710358827785,0.6774415721132161,0.6306687826531491
4,0,15.0,10,0.0,0.0,,0.09516258196404048,0.2591817793182821,0.39346934028736663,0.5506710358827785,0.6393928110863625,0.5354847770818247
4,0,16.0,10,0.0,0.0,,0.09516258196404048,0.2591817793182821,0.39346934028736663,0.5506710358827785,0.6017814729665764,0.5637356937816642
4,0,17.0,10,0.0,0.0,,0.09516258196404048,0.2591817793182821,0.39346934028736663,0.5506710358827785,0.6578508015795774,0.7116237178627631
4,0,18.0,10,0.0,0.0,,0.09516258196404048,0.2591817793182821,0.39346934028736663,0.5506710358827785,0.7013442660318014,0.5573708366106296
4,0,19.0,10,0.0,0.0,,0.09516258196404048,0.2591817793182821,0.39346934028736663,0.5506710358827785,0.6980987624090979,0.5526974942811911
4,0,20.0,10,0.0,0.0,,0.09516258196404048,0.2591817793182821,0.39346934028736663,0.5506710358827785,0.6115393276772185,0.6972508268045476
4,0,21.0,10,0.0,0.0,,0.09516258196404048,0.2591817793182821,0.39346934028736663,0.5506710358827785,0.7088999661353916,0.6016123127726642
4,0,22.0,10,0.0,0.0,,0.09516258196404048,0.2591817793182821,0.39346934028736663,0.5506710358827785,0.5919685311185301,0.6647385227087561
4,0,23.0,10,0.0,0.0,,0.09516258196404048,0.2591817793182821,0.39346934028736663,0.5506710358827785,0.5839774287217383,0.8357089054792611
4,0,24.0,10,0.0,0.0,,0.09516258196404048,0.2591817793182821,0.39346934028736663,0.5506710358827785,0.6677171153441565,0.7193293239687627
4,0,25.0,10,0.0,0.0,,0.09516258196404048,0.2591817793182821,0.39346934028736663,0.5506710358827785,0.6334195272533548,0.4106548073734513
4,0,26.0,10,0.0,0.0,,0.09516258196404048,0.2591817793182821,0.39346934028736663,0.5506710358827785,0.6702847981751668,0.3591016626008464
4,0,27.0,10,0.0,0.0,,0.09516258196404048,0.2591817793182821,0.39346934028736663,0.5506710358827785,0.5684495918141658,0.5687254601633986
4,0,28.0,10,0.0,0.0,,0.09516258196404048,0.2591817793182821,0.39346934028736663,0.5506710358827785,0.5601232287472033,0.6458362148336017
4,0,29.0,10,0.0,0.0,,0.09516258196404048,0.2591817793182821,0.39346934028736663,0.5506710358827785,0.642247985846334,0.48984640066782975
4,0,30.0,10,0.0,0.0,,0.09516258196404048,0.2591817793182821,0.39346934028736663,0.5506710358827785,0.6290583384913345,0.6120850133077275
4,0,31.0,10,0.0,0.0,,0.09516258196404048,0.2591817793182821,0.39346934028736663,0.5506710358827785,0.6717928092209878,0.6370993097416505
4,0,32.0,10,0.0,0.0,,0.09516258196404048,0.2591817793182821,0.39346934028736663,0.5506710358827785,0.5753888620596205,0.6523296649502203
4,0,33.0,10,0.0,0.0,,0.09516258196404048,0.2591817793182821,0.39346934028736663,0.5506710358827785,0.5874659936986836,0.5155487076068941
4,0,34.0,10,0.0,0.0,,0.09516258196404048,0.2591817793182821,0.39346934028736663,0.5506710358827785,0.6438867489692262,0.6014342700386651
4,0,35.0,10,0.0,0.0,,0.09516258196404048,0.2591817793182821,0.39346934028736663,0.5506710358827785,0.6161512655425363,0.6674469721907178
4,0,36.0,10,0.0,0.0,,0.09516258196404048,0.2591817793182821,0.39346934028736663,0.5506710358827785,0.6257107998598238,0.47088771307860033
4,0,37.0,10,0.0,0.0,,0.09516258196404048,0.2591817793182821,0.39346934028736663,0.5506710358827785,0.6498300924488294,0.5871386110165848
4,0,38.0,10,0.0,0.0,,0.09516258196404048,0.2591817793182821,0.39346934028736663,0.5506710358827785,0.7004874290197897,0.31657484924495216
4,0,39.0,10,0.0,0.0,,0.09516258196404048,0.2591817793182821,0.39346934028736663,0.5506710358827785,0.6261111967976525,0.3769023055428541
4,0,40.0,10,0.0,0.0,,0.09516258196404048,0.2591817793182821,0.39346934028736663,0.5506710358827785,0.651552768447524,0.6120601588026744
4,0,41.0,10,0.0,0.0,,0.09516258196404048,0.2591817793182821,0.39346934028736663,0.5506710358827785,0.5848281977987998,0.44779678614722734
4,0,42.0,10,0.0,0.0,,0.09516258196404048,0.2591817793182821,0.39346934028736663,0.5506710358827785,0.6158559715849781,0.492030620408049
4,0,43.0,10,0.0,0.0,,0.09516258196404048,0.2591817793182821,0.39346934028736663,0.5506710358827785,0.5148761566549676,0.555790657073886
4,0,44.0,10,0.0,0.0,,0.09516258196404048,0.2591817793182821,0.39346934028736663,0.5506710358827785,0.5994715363926809,0.4952180841485985
4,0,45.0,10,0.0,0.0,,0.09516258196404048,0.2591817793182821,0.39346934028736663,0.5506710358827785,0.5607937159753373,0.6307602176518192
4,0,46.0,10,0.0,0.0,,0.09516258196404048,0.2591817793182821,0.39346934028736663,0.5506710358827785,0.7331315786618582,0.5640837277957205
4,0,47.0,10,0.0,0.0,,0.09516258196404048,0.2591817793182821,0.39346934028736663,0.5506710358827785,0.6550972808884474,0.1492103978061988
4,0,48.0,10,0.0,0.0,,0.09516258196404048,0.2591817793182821,0.39346934028736663,0.5506710358827785,0.6414075051482787,0.5930337707880867
4,0,49.0,10,0.0,0.0,,0.09516258196404048,0.2591817793182821,0.39346934028736663,0.5506710358827785,0.579394842772716,0.7183726556190454
4,0,50.0,10,0.0,0.0,,0.09516258196404048,0.2591817793182821,0.39346934028736663,0.5506710358827785,0.6310522247515336,0.689293694740614
4,0,51.0,10,0.0,0.0,,0.09516258196404048,0.2591817793182821,0.39346934028736663,0.5506710358827785,0.6547241313363505,0.6916986377778463
4,0,52.0,10,0.0,0.0,,0.09516258196404048,0.2591817793182821,0.39346934028736663,0.5506710358827785,0.6944951641397572,0.6122891639425696
4,0,53.0,10,0.0,0.0,,0.09516258196404048,0.2591817793182821,0.39346934028736663,0.5506710358827785,0.6155983841389612,0.5800704496084043
4,0,54.0,10,0.0,0.0,,0.09516258196404048,0.2591817793182821,0.39346934028736663,0.5506710358827785,0.5976292265467413,0.7817596129243762
4,0,55.0,10,0.0,0.0,,0.09516258196404048,0.2591817793182821,0.39346934028736663,0.5506710358827785,0.6627567509953713,0.5167592382289597
4,0,56.0,10,0.0,0.0,,0.09516258196404048,0.2591817793182821,0.39346934028736663,0.5506710358827785,0.6565885598859982,0.6549298264918862
4,0,57.0,10,0.0,0.0,,0.09516258196404048,0.2591817793182821,0.39346934028736663,0.5506710358827785,0.5655852409725599,0.5054381880964338
4,0,58.0,10,0.0,0.0,,0.09516258196404048,0.2591817793182821,0.39346934028736663,0.5506710358827785,0.6561625371968317,0.3896298296069454
4,0,59.0,10,0.0,0.0,,0.09516258196404048,0.2591817793182821,0.39346934028736663,0.5506710358827785,0.5855125605473372,0.5440704538630534
4,0,60.0,10,0.0,0.0,,0.09516258196404048,0.2591817793182821,0.39346934028736663,0.5506710358827785,0.7267905056624313,0.4949240530519715
4,0,61.0,10,0.0,0.0,,0.09516258196404048,0.2591817793182821,0.39346934028736663,0.5506710358827785,0.5658483524612586,0.5711906305800527
4,0,62.0,10,0.0,0.0,,0.09516258196404048,0.2591817793182821,0.39346934028736663,0.5506710358827785,0.6680378429409417,0.5489094285438502
4,0,63.0,10,0.0,0.0,,0.09516258196404048,0.2591817793182821,0.39346934028736663,0.5506710358827785,0.6519061960228056,0.6082905545616463
4,0,64.0,10,0.0,0.0,,0.09516258196404048,0.2591817793182821,0.39346934028736663,0.5506710358827785,0.6830987951967522,0.5555954716697828
4,0,65.0,10,0.0,0.0,,0.09516258196404048,0.2591817793182821,0.39346934028736663,0.5506710358827785,0.6735221733859913,0.5200108274237178
4,0,66.0,10,0.0,0.0,,0.09516258196404048,0.2591817793182821,0.39346934028736663,0.5506710358827785,0.6401857983631732,0.3917998930899031
4,0,67.0,10,0.0,0.0,,0.09516258196404048,0.2591817793182821,0.39346934028736663,0.5506710358827785,0.5404870667951029,0.4141911693948469
4,0,68.0,10,0.0,0.0,,0.09516258196404048,0.2591817793182821,0.39346934028736663,0.5506710358827785,0.6308564229782176,0.5492713739848989
4,0,69.0,10,0.0,0.0,,0.09516258196404048,0.2591817793182821,0.39346934028736663,0.5506710358827785,0.6071637554535017,0.7661938006902934
4,0,70.0,10,0.0,0.0,,0.09516258196404048,0.2591817793182821,0.39346934028736663,0.5506710358827785,0.6388059003055004,0.6825045247897679
4,0,71.0,10,0.0,0.0,,0.09516258196404048,0.2591817793182821,0.39346934028736663,0.5506710358827785,0.5887470211216813,0.6495584712997686
4,0,72.0,10,0.0,0.0,,0.09516258196404048,0.2591817793182821,0.39346934028736663,0.5506710358827785,0.6219779300432009,0.6695977669459318
4,0,73.0,10,0.0,0.0,,0.09516258196404048,0.2591817793182821,0.39346934028736663,0.5506710358827785,0.6121876521382246,0.5893706071043068
4,0,74.0,10,0.0,0.0,,0.09516258196404048,0.2591817793182821,0.39346934028736663,0.5506710358827785,0.6045235486988513,0.5708276771005509
4,0,75.0,10,0.0,0.0,,0.09516258196404048,0.2591817793182821,0.39346934028736663,0.5506710358827785,0.6574330678805056,0.5015381196825739
4,0,76.0,10,0.0,0.0,,0.09516258196404048,0.2591817793182821,0.39346934028736663,0.5506710358827785,0.7157997152003046,0.6014759733466184
4,0,77.0,10,0.0,0.0,,0.09516258196404048,0.2591817793182821,0.39346934028736663,0.5506710358827785,0.5677678061924545,0.6728175278173121
4,0,78.0,10,0.0,0.0,,0.09516258196404048,0.2591817793182821,0.39346934028736663,0.5506710358827785,0.7074764708164956,0.6245753992895873
4,0,79.0,10,0.0,0.0,,0.09516258196404048,0.2591817793182821,0.39346934028736663,0.5506710358827785,0.5814581016957334,0.8445839899438734
4,0,80.0,10,0.0,0.0,,0.09516258196404048,0.2591817793182821,0.39346934028736663,0.5506710358827785,0.6048484620091532,0.6765074146449072
4,0,81.0,10,0.0,0.0,,0.09516258196404048,0.2591817793182821,0.39346934028736663,0.5506710358827785,0.6213862999401986,0.35135254593715953
4,0,82.0,10,0.0,0.0,,0.09516258196404048,0.2591817793182821,0.39346934028736663,0.5506710358827785,0.7489686079319288,0.6811050263605015
4,0,83.0,10,0.0,0.0,,0.09516258196404048,0.2591817793182821,0.39346934028736663,0.5506710358827785,0.5754751366998468,0.6772127204524324
4,0,84.0,10,0.0,0.0,,0.09516258196404048,0.2591817793182821,0.39346934028736663,0.5506710358827785,0.6658797243015215,0.5846109626156919
4,0,85.0,10,0.0,0.0,,0.09516258196404048,0.2591817793182821,0.39346934028736663,0.5506710358827785,0.6547426635365758,0.6488226441481657
4,0,86.0,10,0.0,0.0,,0.09516258196404048,0.2591817793182821,0.39346934028736663,0.5506710358827785,0.4982369035951305,0.8396062451523573
4,0,87.0,10,0.0,0.0,,0.09516258196404048,0.2591817793182821,0.39346934028736663,0.5506710358827785,0.6746692406522726,0.618497470171687
4,0,88.0,10,0.0,0.0,,0.09516258196404048,0.2591817793182821,0.39346934028736663,0.5506710358827785,0.620591678570141,0.5143085160321252
4,0,89.0,10,0.0,0.0,,0.09516258196404048,0.2591817793182821,0.39346934028736663,0.5506710358827785,0.6664512378943017,0.38625385819869085
4,0,90.0,10,0.0,0.0,,0.09516258196404048,0.2591817793182821,0.39346934028736663,0.5506710358827785,0.6483929692201758,0.694883904953706
4,0,91.0,10,0.0,0.0,,0.09516258196404048,0.2591817793182821,0.39346934028736663,0.5506710358827785,0.5883605791601979,0.5946808247739627
4,0,92.0,10,0.0,0.0,,0.09516258196404048,0.2591817793182821,0.39346934028736663,0.5506710358827785,0.6037786749575957,0.6732577184118264
4,0,93.0,10,0.0,0.0,,0.09516258196404048,0.2591817793182821,0.39346934028736663,0.5506710358827785,0.6749327607338532,0.5674498209117571
4,0,94.0,10,0.0,0.0,,0.09516258196404048,0.2591817793182821,0.39346934028736663,0.5506710358827785,0.6384538923571498,0.5946720950363231
4,0,95.0,10,0.0,0.0,,0.09516258196404048,0.2591817793182821,0.39346934028736663,0.5506710358827785,0.6536926829305095,0.5864719999083862
4,0,96.0,10,0.0,0.0,,0.09516258196404048,0.2591817793182821,0.39346934028736663,0.5506710358827785,0.6391057774535692,0.6590124625425255
4,0,97.0,10,0.0,0.0,,0.09516258196404048,0.2591817793182821,0.39346934028736663,0.5506710358827785,0.7090580669521398,0.7838388880133949
4,0,98.0,10,0.0,0.0,,0.09516258196404048,0.2591817793182821,0.39346934028736663,0.5506710358827785,0.6181354478383633,0.5137613536221387
4,0,99.0,10,0.0,0.0,,0.09516258196404048,0.2591817793182821,0.39346934028736663,0.5506710358827785,0.634057712195953,0.7898808673051361
4,0,100.0,10,0.0,0.0,,0.09516258196404048,0.2591817793182821,0.39346934028736663,0.5506710358827785,0.60328929465261,0.32163251806339355
5,0,1.0,12,0.0,0.0,,0.07995558537067671,0.2211992169285951,0.34075936979955623,0.4865828809674079,0.6321205588285576,0.6043347637538881
5,0,2.0,12,0.0,0.0,,0.07995558537067671,0.2211992169285951,0.34075936979955623,0.4865828809674079,0.6321205588285576,0.6027534642012238
5,0,3.0,12,0.0,0.0,,0.07995558537067671,0.2211992169285951,0.34075936979955623,0.4865828809674079,0.6321205588285576,0.6271302939655238
5,0,4.0,12,0.0,0.0,,0.07995558537067671,0.2211992169285951,0.34075936979955623,0.4865828809674079,0.6321205588285576,0.6198719157712465
5,0,5.0,12,0.0,0.0,,0.07995558537067671,0.2211992169285951,0.34075936979955623,0.4865828809674079,0.6321205588285576,0.8651947016448741
5,0,6.0,12,0.0,0.0,,0.07995558537067671,0.2211992169285951,0.34075936979955623,0.4865828809674079,0.6321205588285576,0.42878021030221536
5,0,7.0,12,0.0,0.0,,0.07995558537067671,0.2211992169285951,0.34075936979955623,0.4865828809674079,0.6321205588285576,0.7573071007804117
5,0,8.0,12,0.0,0.0,,0.07995558537067671,0.2211992169285951,0.34075936979955623,0.4865828809674079,0.6321205588285576,0.7686974767062845
5,0,9.0,12,0.0,0.0,,0.07995558537067671,0.2211992169285951,0.34075936979955623,0.4865828809674079,0.6321205588285576,0.43816344195297996
5,0,10.0,12,0.0,0.0,,0.07995558537067671,0.2211992169285951,0.34075936979955623,0.4865828809674079,0.6321205588285576,0.6593263993212993
5,0,11.0,12,0.0,0.0,,0.07995558537067671,0.2211992169285951,0.34075936979955623,0.4865828809674079,0.6321205588285576,0.5489285150166268
5,0,12.0,12,0.0,0.0,,0.07995558537067671,0.2211992169285951,0.34075936979955623,0.4865828809674079,0.6321205588285576,0.6694432659392135
5,0,13.0,12,0.0,0.0,,0.07995558537067671,0.2211992169285951,0.34075936979955623,0.4865828809674079,0.6321205588285576,0.7384969933379313
5,0,14.0,12,0.0,0.0,,0.07995558537067671,0.2211992169285951,0.34075936979955623,0.4865828809674079,0.6321205588285576,0.8340069063731292
5,0,15.0,12,0.0,0.0,,0.07995558537067671,0.2211992169285951,0.34075936979955623,0.4865828809674079,0.6321205588285576,0.9198722390017396
5,0,16.0,12,0.0,0.0,,0.07995558537067671,0.2211992169285951,0.34075936979955623,0.4865828809674079,0.6321205588285576,0.5310422181500755
5,0,17.0,12,0.0,0.0,,0.07995558537067671,0.2211992169285951,0.34075936979955623,0.4865828809674079,0.6321205588285576,0.689483357421451
5,0,18.0,12,0.0,0.0,,0.07995558537067671,0.2211992169285951,0.34075936979955623,0.4865828809674079,0.6321205588285576,0.4640322672585004
5,0,19.0,12,0.0,0.0,,0.07995558537067671,0.2211992169285951,0.34075936979955623,0.4865828809674079,0.6321205588285576,0.5550690576454169
5,0,20.0,12,0.0,0.0,,0.07995558537067671,0.2211992169285951,0.34075936979955623,0.4865828809674079,0.6321205588285576,0.5902337536396322
5,0,21.0,12,0.0,0.0,,0.07995558537067671,0.2211992169285951,0.34075936979955623,0.4865828809674079,0.6321205588285576,0.600829817874824
5,0,22.0,12,0.0,0.0,,0.07995558537067671,0.2211992169285951,0.34075936979955623,0.4865828809674079,0.6321205588285576,0.47593831468357556
5,0,23.0,12,0.0,0.0,,0.07995558537067671,0.2211992169285951,0.34075936979955623,0.4865828809674079,0.6321205588285576,0.4669493274969231
5,0,24.0,12,0.0,0.0,,0.07995558537067671,0.2211992169285951,0.34075936979955623,0.4865828809674079,0.6321205588285576,0.6000355329617243
5,0,25.0,12,0.0,0.0,,0.07995558537067671,0.2211992169285951,0.34075936979955623,0.4865828809674079,0.6321205588285576,0.6182985105842069
5,0,26.0,12,0.0,0.0,,0.07995558537067671,0.2211992169285951,0.34075936979955623,0.4865828809674079,0.6321205588285576,0.566953897708367
5,0,27.0,12,0.0,0.0,,0.07995558537067671,0.2211992169285951,0.34075936979955623,0.4865828809674079,0.6321205588285576,0.8048337625997986
5,0,28.0,12,0.0,0.0,,0.07995558537067671,0.2211992169285951,0.34075936979955623,0.4865828809674079,0.6321205588285576,0.645932374641568
5,0,29.0,12,0.0,0.0,,0.07995558537067671,0.2211992169285951,0.34075936979955623,0.4865828809674079,0.6321205588285576,0.7575176834906054
5,0,30.0,12,0.0,0.0,,0.07995558537067671,0.2211992169285951,0.34075936979955623,0.4865828809674079,0.6321205588285576,0.44933429769616645
5,0,31.0,12,0.0,0.0,,0.07995558537067671,0.2211992169285951,0.34075936979955623,0.4865828809674079,0.6321205588285576,0.5689417447535443
5,0,32.0,12,0.0,0.0,,0.07995558537067671,0.2211992169285951,0.34075936979955623,0.4865828809674079,0.6321205588285576,0.49762852934341983
5,0,33.0,12,0.0,0.0,,0.07995558537067671,0.2211992169285951,0.34075936979955623,0.4865828809674079,0.6321205588285576,0.710724071472057
5,0,34.0,12,0.0,0.0,,0.07995558537067671,0.2211992169285951,0.34075936979955623,0.4865828809674079,0.6321205588285576,0.7638589625578859
5,0,35.0,12,0.0,0.0,,0.07995558537067671,0.2211992169285951,0.34075936979955623,0.4865828809674079,0.6321205588285576,0.739658174079391
5,0,36.0,12,0.0,0.0,,0.07995558537067671,0.2211992169285951,0.34075936979955623,0.4865828809674079,0.6321205588285576,0.5609979609956397
5,0,37.0,12,0.0,0.0,,0.07995558537067671,0.2211992169285951,0.34075936979955623,0.4865828809674079,0.6321205588285576,0.636163407715032
5,0,38.0,12,0.0,0.0,,0.07995558537067671,0.2211992169285951,0.34075936979955623,0.4865828809674079,0.6321205588285576,0.6734252692763363
5,0,39.0,12,0.0,0.0,,0.07995558537067671,0.2211992169285951,0.34075936979955623,0.4865828809674079,0.6321205588285576,0.46555064221783365
5,0,40.0,12,0.0,0.0,,0.07995558537067671,0.2211992169285951,0.34075936979955623,0.4865828809674079,0.6321205588285576,0.5680248187015188
5,0,41.0,12,0.0,0.0,,0.07995558537067671,0.2211992169285951,0.34075936979955623,0.4865828809674079,0.6321205588285576,0.6774027049272926
5,0,42.0,12,0.0,0.0,,0.07995558537067671,0.2211992169285951,0.34075936979955623,0.4865828809674079,0.6321205588285576,0.7242472561133828
5,0,43.0,12,0.0,0.0,,0.07995558537067671,0.2211992169285951,0.34075936979955623,0.4865828809674079,0.6321205588285576,0.683439304809295
5,0,44.0,12,0.0,0.0,,0.07995558537067671,0.2211992169285951,0.34075936979955623,0.4865828809674079,0.6321205588285576,0.7656885427117482
5,0,45.0,12,0.0,0.0,,0.07995558537067671,0.2211992169285951,0.34075936979955623,0.4865828809674079,0.6321205588285576,0.6794845425335099
5,0,46.0,12,0.0,0.0,,0.07995558537067671,0.2211992169285951,0.34075936979955623,0.4865828809674079,0.6321205588285576,0.7581278602105149
5,0,47.0,12,0.0,0.0,,0.07995558537067671,0.2211992169285951,0.34075936979955623,0.4865828809674079,0.6321205588285576,0.7116008902256991
5,0,48.0,12,0.0,0.0,,0.07995558537067671,0.2211992169285951,0.34075936979955623,0.4865828809674079,0.6321205588285576,0.7760574395724128
5,0,49.0,12,0.0,0.0,,0.07995558537067671,0.2211992169285951,0.34075936979955623,0.4865828809674079,0.6321205588285576,0.521005560735047
5,0,50.0,12,0.0,0.0,,0.07995558537067671,0.2211992169285951,0.34075936979955623,0.4865828809674079,0.6321205588285576,0.648547402307184
5,0,51.0,12,0.0,0.0,,0.07995558537067671,0.2211992169285951,0.34075936979955623,0.4865828809674079,0.6321205588285576,0.4255652573719286
5,0,52.0,12,0.0,0.0,,0.07995558537067671,0.2211992169285951,0.34075936979955623,0.4865828809674079,0.6321205588285576,0.80151449150796
5,0,53.0,12,0.0,0.0,,0.07995558537067671,0.2211992169285951,0.34075936979955623,0.4865828809674079,0.6321205588285576,0.535714802937164
5,0,54.0,12,0.0,0.0,,0.07995558537067671,0.2211992169285951,0.34075936979955623,0.4865828809674079,0.6321205588285576,0.782562213821348
5,0,55.0,12,0.0,0.0,,0.07995558537067671,0.2211992169285951,0.34075936979955623,0.4865828809674079,0.6321205588285576,0.7337292176038508
5,0,56.0,12,0.0,0.0,,0.07995558537067671,0.2211992169285951,0.34075936979955623,0.4865828809674079,0.6321205588285576,0.5830052725564896
5,0,57.0,12,0.0,0.0,,0.07995558537067671,0.2211992169285951,0.34075936979955623,0.4865828809674079,0.6321205588285576,0.5898293364774779
5,0,58.0,12,0.0,0.0,,0.07995558537067671,0.2211992169285951,0.34075936979955623,0.4865828809674079,0.6321205588285576,0.4594104822919894
5,0,59.0,12,0.0,0.0,,0.07995558537067671,0.2211992169285951,0.34075936979955623,0.4865828809674079,0.6321205588285576,0.5768621893075512
5,0,60.0,12,0.0,0.0,,0.07995558537067671,0.2211992169285951,0.34075936979955623,0.4865828809674079,0.6321205588285576,0.640813496354055
5,0,61.0,12,0.0,0.0,,0.07995558537067671,0.2211992169285951,0.34075936979955623,0.4865828809674079,0.6321205588285576,0.5676063911435458
5,0,62.0,12,0.0,0.0,,0.07995558537067671,0.2211992169285951,0.34075936979955623,0.4865828809674079,0.6321205588285576,0.4943684555577347
5,0,63.0,12,0.0,0.0,,0.07995558537067671,0.2211992169285951,0.34075936979955623,0.4865828809674079,0.6321205588285576,0.6754376703584375
5,0,64.0,12,0.0,0.0,,0.07995558537067671,0.2211992169285951,0.34075936979955623,0.4865828809674079,0.6321205588285576,0.5887553887806629
5,0,65.0,12,0.0,0.0,,0.07995558537067671,0.2211992169285951,0.34075936979955623,0.4865828809674079,0.6321205588285576,0.5658543829393123
5,0,66.0,12,0.0,0.0,,0.07995558537067671,0.2211992169285951,0.34075936979955623,0.4865828809674079,0.6321205588285576,0.6104290219552352
5,0,67.0,12,0.0,0.0,,0.07995558537067671,0.2211992169285951,0.34075936979955623,0.4865828809674079,0.6321205588285576,0.557369954932055
5,0,68.0,12,0.0,0.0,,0.07995558537067671,0.2211992169285951,0.34075936979955623,0.4865828809674079,0.6321205588285576,0.7240595230940966
5,0,69.0,12,0.0,0.0,,0.07995558537067671,0.2211992169285951,0.34075936979955623,0.4865828809674079,0.6321205588285576,0.6156841885566143
5,0,70.0,12,0.0,0.0,,0.07995558537067671,0.2211992169285951,0.34075936979955623,0.4865828809674079,0.6321205588285576,0.4899903526899513
5,0,71.0,12,0.0,0.0,,0.07995558537067671,0.2211992169285951,0.34075936979955623,0.4865828809674079,0.6321205588285576,0.8195925544120103
5,0,72.0,12,0.0,0.0,,0.07995558537067671,0.2211992169285951,0.34075936979955623,0.4865828809674079,0.6321205588285576,0.6991875956758022
5,0,73.0,12,0.0,0.0,,0.07995558537067671,0.2211992169285951,0.34075936979955623,0.4865828809674079,0.6321205588285576,0.759892608291745
5,0,74.0,12,0.0,0.0,,0.07995558537067671,0.2211992169285951,0.34075936979955623,0.4865828809674079,0.6321205588285576,0.7562536632130795
5,0,75.0,12,0.0,0.0,,0.07995558537067671,0.2211992169285951,0.34075936979955623,0.4865828809674079,0.6321205588285576,0.5772389360855502
5,0,76.0,12,0.0,0.0,,0.07995558537067671,0.2211992169285951,0.34075936979955623,0.4865828809674079,0.6321205588285576,0.5902328874824487
5,0,77.0,12,0.0,0.0,,0.07995558537067671,0.2211992169285951,0.34075936979955623,0.4865828809674079,0.6321205588285576,0.3188337387397332
5,0,78.0,12,0.0,0.0,,0.07995558537067671,0.2211992169285951,0.34075936979955623,0.4865828809674079,0.6321205588285576,0.6626475954884795
5,0,79.0,12,0.0,0.0,,0.07995558537067671,0.2211992169285951,0.34075936979955623,0.4865828809674079,0.6321205588285576,0.550898030486612
5,0,80.0,12,0.0,0.0,,0.07995558537067671,0.2211992169285951,0.34075936979955623,0.4865828809674079,0.6321205588285576,0.7018497449116561
5,0,81.0,12,0.0,0.0,,0.07995558537067671,0.2211992169285951,0.34075936979955623,0.4865828809674079,0.6321205588285576,0.4586347164078002
5,0,82.0,12,0.0,0.0,,0.07995558537067671,0.2211992169285951,0.34075936979955623,0.4865828809674079,0.6321205588285576,0.6242049695984047
5,0,83.0,12,0.0,0.0,,0.07995558537067671,0.2211992169285951,0.34075936979955623,0.4865828809674079,0.6321205588285576,0.4119431692849941
5,0,84.0,12,0.0,0.0,,0.07995558537067671,0.2211992169285951,0.34075936979955623,0.4865828809674079,0.6321205588285576,0.68394307072064
5,0,85.0,12,0.0,0.0,,0.07995558537067671,0.2211992169285951,0.34075936979955623,0.4865828809674079,0.6321205588285576,0.5794539266180422
5,0,86.0,12,0.0,0.0,,0.07995558537067671,0.2211992169285951,0.34075936979955623,0.4865828809674079,0.6321205588285576,0.5144578219654448
5,0,87.0,12,0.0,0.0,,0.07995558537067671,0.2211992169285951,0.34075936979955623,0.4865828809674079,0.6321205588285576,0.6846558687897126
5,0,88.0,12,0.0,0.0,,0.07995558537067671,0.2211992169285951,0.34075936979955623,0.4865828809674079,0.6321205588285576,0.666869242715254
5,0,89.0,12,0.0,0.0,,0.07995558537067671,0.2211992169285951,0.34075936979955623,0.4865828809674079,0.6321205588285576,0.5998749731186117
5,0,90.0,12,0.0,0.0,,0.07995558537067671,0.2211992169285951,0.34075936979955623,0.4865828809674079,0.6321205588285576,0.47528832163862733
5,0,91.0,12,0.0,0.0,,0.07995558537067671,0.2211992169285951,0.34075936979955623,0.4865828809674079,0.6321205588285576,0.6090634966059408
5,0,92.0,12,0.0,0.0,,0.07995558537067671,0.2211992169285951,0.34075936979955623,0.4865828809674079,0.6321205588285576,0.5526389943532573
5,0,93.0,12,0.0,0.0,,0.07995558537067671,0.2211992169285951,0.34075936979955623,0.4865828809674079,0.6321205588285576,0.8410248230541288
5,0,94.0,12,0.0,0.0,,0.07995558537067671,0.2211992169285951,0.34075936979955623,0.4865828809674079,0.6321205588285576,0.7025820191338191
5,0,95.0,12,0.0,0.0,,0.07995558537067671,0.2211992169285951,0.34075936979955623,0.4865828809674079,0.6321205588285576,0.636803395416301
5,0,96.0,12,0.0,0.0,,0.07995558537067671,0.2211992169285951,0.34075936979955623,0.4865828809674079,0.6321205588285576,0.7558343289381241
5,0,97.0,12,0.0,0.0,,0.07995558537067671,0.2211992169285951,0.34075936979955623,0.4865828809674079,0.6321205588285576,0.4625559224222238
5,0,98.0,12,0.0,0.0,,0.07995558537067671,0.2211992169285951,0.34075936979955623,0.4865828809674079,0.6321205588285576,0.6546459461157796
5,0,99.0,12,0.0,0.0,,0.07995558537067671,0.2211992169285951,0.34075936979955623,0.4865828809674079,0.6321205588285576,0.6802212817007758
5,0,100.0,12,0.0,0.0,,0.07995558537067671,0.2211992169285951,0.34075936979955623,0.4865828809674079,0.6321205588285576,0.7083254590603502
6,0,1.0,14,0.0,0.0,,0.06893722029597726,0.19288225299461068,0.30032746262486965,0.43528187799224066,0.57562715432305,0.6218184981880824
6,0,2.0,14,0.0,0.0,,0.06893722029597726,0.19288225299461068,0.30032746262486965,0.43528187799224066,0.57562715432305,0.5423940912888827
6,0,3.0,14,0.0,0.0,,0.06893722029597726,0.19288225299461068,0.30032746262486965,0.43528187799224066,0.57562715432305,0.5218248882903201
6,0,4.0,14,0.0,0.0,,0.06893722029597726,0.19288225299461068,0.30032746262486965,0.43528187799224066,0.57562715432305,0.6373738975202901
6,0,5.0,14,0.0,0.0,,0.06893722029597726,0.19288225299461068,0.30032746262486965,0.43528187799224066,0.57562715432305,0.48859185268182176
6,0,6.0,14,0.0,0.0,,0.06893722029597726,0.19288225299461068,0.30032746262486965,0.43528187799224066,0.57562715432305,0.534864006321661
6,0,7.0,14,0.0,0.0,,0.06893722029597726,0.19288225299461068,0.30032746262486965,0.43528187799224066,0.57562715432305,0.6689496214793522
6,0,8.0,14,0.0,0.0,,0.06893722029597726,0.19288225299461068,0.30032746262486965,0.43528187799224066,0.57562715432305,0.5941597304435148
6,0,9.0,14,0.0,0.0,,0.06893722029597726,0.19288225299461068,0.30032746262486965,0.43528187799224066,0.57562715432305,0.6850455395397134
6,0,10.0,14,0.0,0.0,,0.06893722029597726,0.19288225299461068,0.30032746262486965,0.43528187799224066,0.57562715432305,0.5676138037489195
6,0,11.0,14,0.0,0.0,,0.06893722029597726,0.19288225299461068,0.30032746262486965,0.43528187799224066,0.57562715432305,0.695223776955306
6,0,12.0,14,0.0,0.0,,0.06893722029597726,0.19288225299461068,0.30032746262486965,0.43528187799224066,0.57562715432305,0.7026797635878023
6,0,13.0,14,0.0,0.0,,0.06893722029597726,0.19288225299461068,0.30032746262486965,0.43528187799224066,0.57562715432305,0.6465849255942298
6,0,14.0,14,0.0,0.0,,0.06893722029597726,0.19288225299461068,0.30032746262486965,0.43528187799224066,0.57562715432305,0.711794745347097
6,0,15.0,14,0.0,0.0,,0.06893722029597726,0.19288225299461068,0.30032746262486965,0.43528187799224066,0.57562715432305,0.512187105656258
6,0,16.0,14,0.0,0.0,,0.06893722029597726,0.19288225299461068,0.30032746262486965,0.43528187799224066,0.57562715432305,0.6088294890932404
6,0,17.0,14,0.0,0.0,,0.06893722029597726,0.19288225299461068,0.30032746262486965,0.43528187799224066,0.57562715432305,0.5322818452223943
6,0,18.0,14,0.0,0.0,,0.06893722029597726,0.19288225299461068,0.30032746262486965,0.43528187799224066,0.57562715432305,0.6939579106907301
6,0,19.0,14,0.0,0.0,,0.06893722029597726,0.19288225299461068,0.30032746262486965,0.43528187799224066,0.57562715432305,0.5547922365177954
6,0,20.0,14,0.0,0.0,,0.06893722029597726,0.19288225299461068,0.30032746262486965,0.43528187799224066,0.57562715432305,0.6273316197373981
6,0,21.0,14,0.0,0.0,,0.06893722029597726,0.19288225299461068,0.30032746262486965,0.43528187799224066,0.57562715432305,0.5006509814061322
6,0,22.0,14,0.0,0.0,,0.06893722029597726,0.19288225299461068,0.30032746262486965,0.43528187799224066,0.57562715432305,0.45741839873508167
6,0,23.0,14,0.0,0.0,,0.06893722029597726,0.19288225299461068,0.30032746262486965,0.43528187799224066,0.57562715432305,0.6244485456287967
6,0,24.0,14,0.0,0.0,,0.06893722029597726,0.19288225299461068,0.30032746262486965,0.43528187799224066,0.57562715432305,0.6752354822359491
6,0,25.0,14,0.0,0.0,,0.06893722029597726,0.19288225299461068,0.30032746262486965,0.43528187799224066,0.57562715432305,0.6645565667849288
6,0,26.0,14,0.0,0.0,,0.06893722029597726,0.19288225299461068,0.30032746262486965,0.43528187799224066,0.57562715432305,0.5042335193315166
6,0,27.0,14,0.0,0.0,,0.06893722029597726,0.19288225299461068,0.30032746262486965,0.43528187799224066,0.57562715432305,0.6413026741216052
6,0,28.0,14,0.0,0.0,,0.06893722029597726,0.19288225299461068,0.30032746262486965,0.43528187799224066,0.57562715432305,0.6362732844021262
6,0,29.0,14,0.0,0.0,,0.06893722029597726,0.19288225299461068,0.30032746262486965,0.43528187799224066,0.57562715432305,0.6536791367146685
6,0,30.0,14,0.0,0.0,,0.06893722029597726,0.19288225299461068,0.30032746262486965,0.43528187799224066,0.57562715432305,0.7176776444927759
6,0,31.0,14,0.0,0.0,,0.06893722029597726,0.19288225299461068,0.30032746262486965,0.43528187799224066,0.57562715432305,0.5750450496948629
6,0,32.0,14,0.0,0.0,,0.06893722029597726,0.19288225299461068,0.30032746262486965,0.43528187799224066,0.57562715432305,0.5320990083301766
6,0,33.0,14,0.0,0.0,,0.06893722029597726,0.19288225299461068,0.30032746262486965,0.43528187799224066,0.57562715432305,0.6139293567369439
6,0,34.0,14,0.0,0.0,,0.06893722029597726,0.19288225299461068,0.30032746262486965,0.43528187799224066,0.57562715432305,0.5817513158030856
6,0,35.0,14,0.0,0.0,,0.06893722029597726,0.19288225299461068,0.30032746262486965,0.43528187799224066,0.57562715432305,0.6988416581081948
6,0,36.0,14,0.0,0.0,,0.06893722029597726,0.19288225299461068,0.30032746262486965,0.43528187799224066,0.57562715432305,0.6112027240070457
6,0,37.0,14,0.0,0.0,,0.06893722029597726,0.19288225299461068,0.30032746262486965,0.43528187799224066,0.57562715432305,0.5465643882929261
6,0,38.0,14,0.0,0.0,,0.06893722029597726,0.19288225299461068,0.30032746262486965,0.43528187799224066,0.57562715432305,0.5146594162648777
6,0,39.0,14,0.0,0.0,,0.06893722029597726,0.19288225299461068,0.30032746262486965,0.43528187799224066,0.57562715432305,0.5120296585262076
6,0,40.0,14,0.0,0.0,,0.06893722029597726,0.19288225299461068,0.30032746262486965,0.43528187799224066,0.57562715432305,0.7486478329809441
6,0,41.0,14,0.0,0.0,,0.06893722029597726,0.19288225299461068,0.30032746262486965,0.43528187799224066,0.57562715432305,0.7049323521664537
6,0,42.0,14,0.0,0.0,,0.06893722029597726,0.19288225299461068,0.30032746262486965,0.43528187799224066,0.57562715432305,0.603462947874203
6,0,43.0,14,0.0,0.0,,0.06893722029597726,0.19288225299461068,0.30032746262486965,0.43528187799224066,0.57562715432305,0.5581480647525685
6,0,44.0,14,0.0,0.0,,0.06893722029597726,0.19288225299461068,0.30032746262486965,0.43528187799224066,0.57562715432305,0.5714634109655462
6,0,45.0,14,0.0,0.0,,0.06893722029597726,0.19288225299461068,0.30032746262486965,0.43528187799224066,0.57562715432305,0.5446398215401611
6,0,46.0,14,0.0,0.0,,0.06893722029597726,0.19288225299461068,0.30032746262486965,0.43528187799224066,0.57562715432305,0.6169718997968282
6,0,47.0,14,0.0,0.0,,0.06893722029597726,0.19288225299461068,0.30032746262486965,0.43528187799224066,0.57562715432305,0.4195581416918396
6,0,48.0,14,0.0,0.0,,0.06893722029597726,0.19288225299461068,0.30032746262486965,0.43528187799224066,0.57562715432305,0.6110475282928494
6,0,49.0,14,0.0,0.0,,0.06893722029597726,0.19288225299461068,0.30032746262486965,0.43528187799224066,0.57562715432305,0.4191135333502901
6,0,50.0,14,0.0,0.0,,0.06893722029597726,0.19288225299461068,0.30032746262486965,0.43528187799224066,0.57562715432305,0.73318091203608
6,0,51.0,14,0.0,0.0,,0.06893722029597726,0.19288225299461068,0.30032746262486965,0.43528187799224066,0.57562715432305,0.7275633278671864
6,0,52.0,14,0.0,0.0,,0.06893722029597726,0.19288225299461068,0.30032746262486965,0.43528187799224066,0.57562715432305,0.6775183730205427
6,0,53.0,14,0.0,0.0,,0.06893722029597726,0.19288225299461068,0.30032746262486965,0.43528187799224066,0.57562715432305,0.7137434490382478
6,0,54.0,14,0.0,0.0,,0.06893722029597726,0.19288225299461068,0.30032746262486965,0.43528187799224066,0.57562715432305,0.6173633573958034
6,0,55.0,14,0.0,0.0,,0.06893722029597726,0.19288225299461068,0.30032746262486965,0.43528187799224066,0.57562715432305,0.5986709391857629
6,0,56.0,14,0.0,0.0,,0.06893722029597726,0.19288225299461068,0.30032746262486965,0.43528187799224066,0.57562715432305,0.6207157284202982
6,0,57.0,14,0.0,0.0,,0.06893722029597726,0.19288225299461068,0.30032746262486965,0.43528187799224066,0.57562715432305,0.7252922957181889
6,0,58.0,14,0.0,0.0,,0.06893722029597726,0.19288225299461068,0.30032746262486965,0.43528187799224066,0.57562715432305,0.7021683639120315
6,0,59.0,14,0.0,0.0,,0.06893722029597726,0.19288225299461068,0.30032746262486965,0.43528187799224066,0.57562715432305,0.6410438090643215
6,0,60.0,14,0.0,0.0,,0.06893722029597726,0.19288225299461068,0.30032746262486965,0.43528187799224066,0.57562715432305,0.7534074958098518
6,0,61.0,14,0.0,0.0,,0.06893722029597726,0.19288225299461068,0.30032746262486965,0.43528187799224066,0.57562715432305,0.45141866040080625
6,0,62.0,14,0.0,0.0,,0.06893722029597726,0.19288225299461068,0.30032746262486965,0.43528187799224066,0.57562715432305,0.6535342186843642
6,0,63.0,14,0.0,0.0,,0.06893722029597726,0.19288225299461068,0.30032746262486965,0.43528187799224066,0.57562715432305,0.573431014325374
6,0,64.0,14,0.0,0.0,,0.06893722029597726,0.19288225299461068,0.30032746262486965,0.43528187799224066,0.57562715432305,0.5183482051061863
6,0,65.0,14,0.0,0.0,,0.06893722029597726,0.19288225299461068,0.30032746262486965,0.43528187799224066,0.57562715432305,0.6025734367125242
6,0,66.0,14,0.0,0.0,,0.06893722029597726,0.19288225299461068,0.30032746262486965,0.43528187799224066,0.57562715432305,0.6217905205364411
6,0,67.0,14,0.0,0.0,,0.06893722029597726,0.19288225299461068,0.30032746262486965,0.43528187799224066,0.57562715432305,0.5884322278091527
6,0,68.0,14,0.0,0.0,,0.06893722029597726,0.19288225299461068,0.30032746262486965,0.43528187799224066,0.57562715432305,0.6299542238941324
6,0,69.0,14,0.0,0.0,,0.06893722029597726,0.19288225299461068,0.30032746262486965,0.43528187799224066,0.57562715432305,0.7107749712953574
6,0,70.0,14,0.0,0.0,,0.06893722029597726,0.19288225299461068,0.30032746262486965,0.43528187799224066,0.57562715432305,0.6798323664567899
6,0,71.0,14,0.0,0.0,,0.06893722029597726,0.19288225299461068,0.30032746262486965,0.43528187799224066,0.57562715432305,0.6512743165018089
6,0,72.0,14,0.0,0.0,,0.06893722029597726,0.19288225299461068,0.30032746262486965,0.43528187799224066,0.57562715432305,0.5766824550820973
6,0,73.0,14,0.0,0.0,,0.06893722029597726,0.19288225299461068,0.30032746262486965,0.43528187799224066,0.57562715432305,0.6803760043509869
6,0,74.0,14,0.0,0.0,,0.06893722029597726,0.19288225299461068,0.30032746262486965,0.43528187799224066,0.57562715432305,0.6663324364130405
6,0,75.0,14,0.0,0.0,,0.06893722029597726,0.19288225299461068,0.30032746262486965,0.43528187799224066,0.57562715432305,0.6704096971132334
6,0,76.0,14,0.0,0.0,,0.06893722029597726,0.19288225299461068,0.30032746262486965,0.43528187799224066,0.57562715432305,0.49984747834618143
6,0,77.0,14,0.0,0.0,,0.06893722029597726,0.19288225299461068,0.30032746262486965,0.43528187799224066,0.57562715432305,0.6709563829561792
6,0,78.0,14,0.0,0.0,,0.06893722029597726,0.19288225299461068,0.30032746262486965,0.43528187799224066,0.57562715432305,0.5731187630240964
6,0,79.0,14,0.0,0.0,,0.06893722029597726,0.19288225299461068,0.30032746262486965,0.43528187799224066,0.57562715432305,0.7440774254982727
6,0,80.0,14,0.0,0.0,,0.06893722029597726,0.19288225299461068,0.30032746262486965,0.43528187799224066,0.57562715432305,0.5361439273723624
6,0,81.0,14,0.0,0.0,,0.06893722029597726,0.19288225299461068,0.30032746262486965,0.43528187799224066,0.57562715432305,0.6183790686118538
6,0,82.0,14,0.0,0.0,,0.06893722029597726,0.19288225299461068,0.30032746262486965,0.43528187799224066,0.57562715432305,0.589752659054465
6,0,83.0,14,0.0,0.0,,0.06893722029597726,0.19288225299461068,0.30032746262486965,0.43528187799224066,0.57562715432305,0.5964053494785008
6,0,84.0,14,0.0,0.0,,0.06893722029597726,0.19288225299461068,0.30032746262486965,0.43528187799224066,0.57562715432305,0.8313407356335896
6,0,85.0,14,0.0,0.0,,0.06893722029597726,0.19288225299461068,0.30032746262486965,0.43528187799224066,0.57562715432305,0.6531390842696316
6,0,86.0,14,0.0,0.0,,0.06893722029597726,0.19288225299461068,0.30032746262486965,0.43528187799224066,0.57562715432305,0.6079160621198313
6,0,87.0,14,0.0,0.0,,0.06893722029597726,0.19288225299461068,0.30032746262486965,0.43528187799224066,0.57562715432305,0.42163170952846585
6,0,88.0,14,0.0,0.0,,0.06893722029597726,0.19288225299461068,0.30032746262486965,0.43528187799224066,0.57562715432305,0.5933149465221026
6,0,89.0,14,0.0,0.0,,0.06893722029597726,0.19288225299461068,0.30032746262486965,0.43528187799224066,0.57562715432305,0.6262533878270888
6,0,90.0,14,0.0,0.0,,0.06893722029597726,0.19288225299461068,0.30032746262486965,0.43528187799224066,0.57562715432305,0.666178100039913
6,0,91.0,14,0.0,0.0,,0.06893722029597726,0.19288225299461068,0.30032746262486965,0.43528187799224066,0.57562715432305,0.6957041465361915
6,0,92.0,14,0.0,0.0,,0.06893722029597726,0.19288225299461068,0.30032746262486965,0.43528187799224066,0.57562715432305,0.6300123736511386
6,0,93.0,14,0.0,0.0,,0.06893722029597726,0.19288225299461068,0.30032746262486965,0.43528187799224066,0.57562715432305,0.5743089910971341
6,0,94.0,14,0.0,0.0,,0.06893722029597726,0.19288225299461068,0.30032746262486965,0.43528187799224066,0.57562715432305,0.6298030973046634
6,0,95.0,14,0.0,0.0,,0.06893722029597726,0.19288225299461068,0.30032746262486965,0.43528187799224066,0.57562715432305,0.5788375813564794
6,0,96.0,14,0.0,0.0,,0.06893722029597726,0.19288225299461068,0.30032746262486965,0.43528187799224066,0.57562715432305,0.7149658817508082
6,0,97.0,14,0.0,0.0,,0.06893722029597726,0.19288225299461068,0.30032746262486965,0.43528187799224066,0.57562715432305,0.6375055229418788
6,0,98.0,14,0.0,0.0,,0.06893722029597726,0.19288225299461068,0.30032746262486965,0.43528187799224066,0.57562715432305,0.6327124874625266
6,0,99.0,14,0.0,0.0,,0.06893722029597726,0.19288225299461068,0.30032746262486965,0.43528187799224066,0.57562715432305,0.7168570921190982
6,0,100.0,14,0.0,0.0,,0.06893722029597726,0.19288225299461068,0.30032746262486965,0.43528187799224066,0.57562715432305,0.4196723064985335
7,1,1.0,2,0.0,0.0,,0.39346934028736663,0.6295153698328722,0.6512173912203834,0.7355695125127466,0.47174813751330913,0.6768042908073577
7,1,2.0,2,0.0,0.0,,0.39346934028736663,0.6371930317465335,0.6960832496549478,0.7852049995639474,0.49834695892066394,0.6591484484940768
7,1,3.0,2,0.0,0.0,,0.39346934028736663,0.6920443590100107,0.6476448999364676,0.6242678713213498,0.7072122897196124,0.4852598950068561
7,1,4.0,2,0.0,0.0,,0.39346934028736663,0.6545088422126121,0.43376210521794806,0.5928900712519182,0.40494910162597647,0.4658381578328662
7,1,5.0,2,0.0,0.0,,0.39346934028736663,0.5870062746368508,0.6940047348119414,0.6199513321020117,0.285137898596561,0.4210843193899977
7,1,6.0,2,0.0,0.0,,0.39346934028736663,0.6345296168102944,0.6120083344945477,0.4666406043772455,0.656352239889985,0.8086514338590268
7,1,7.0,2,0.0,0.0,,0.39346934028736663,0.6229987021722193,0.5472375535422112,0.6055677099620875,0.5931500303804487,0.6945552495172793
7,1,8.0,2,0.0,0.0,,0.39346934028736663,0.6431848656820419,0.5799301342987591,0.4223304354588079,0.464312408387216,0.522674019961636
7,1,9.0,2,0.0,0.0,,0.39346934028736663,0.6485995181076027,0.5543214031810676,0.48961649484295594,0.25770214472928255,0.4500852512026407
7,1,10.0,2,0.0,0.0,,0.39346934028736663,0.627492602928651,0.663838300366745,0.3775529012763553,0.4909514169805377,0.39078024772908904
7,1,11.0,2,0.0,0.0,,0.39346934028736663,0.6524487998910685,0.52891772688292,0.5025851014334417,0.32141943953990626,0.5099175339744121
7,1,12.0,2,0.0,0.0,,0.39346934028736663,0.6049556745142171,0.5840083037886019,0.5429676142752063,0.8216520068806427,0.39050356824856214
7,1,13.0,2,0.0,0.0,,0.39346934028736663,0.5977421780303497,0.5815871335267231,0.5015102549187793,0.7089007455250094,0.6374291520903153
7,1,14.0,2,0.0,0.0,,0.39346934028736663,0.6420556000531141,0.6176824364614836,0.6319731366212725,0.47871400347179227,0.6421061393178181
7,1,15.0,2,0.0,0.0,,0.39346934028736663,0.6191860620812374,0.6128741879953854,0.5734100177910839,0.41610074813078174,0.5854680354494951
7,1,16.0,2,0.0,0.0,,0.39346934028736663,0.6867282151642815,0.7321297390213527,0.5513577717870876,0.5680729089915876,0.6116103410582087
7,1,17.0,2,0.0,0.0,,0.39346934028736663,0.6600458160993226,0.6426526947552896,0.6603709213337152,0.46717616112855626,0.7342122299313645
7,1,18.0,2,0.0,0.0,,0.39346934028736663,0.6343335113902981,0.5559650897754879,0.6482398693920851,0.3966256112083312,0.4093392139576508
7,1,19.0,2,0.0,0.0,,0.39346934028736663,0.638373878773727,0.6770720131773483,0.4761431803033315,0.6370339303117828,0.5662311277900746
7,1,20.0,2,0.0,0.0,,0.39346934028736663,0.6147576389692484,0.7145178481435769,0.7808997661049131,0.517412978711506,0.7462794472701197
7,1,21.0,2,0.0,0.0,,0.39346934028736663,0.6097160455823355,0.6662950196330267,0.5597114605857794,0.2791416318330128,0.47399600208217035
7,1,22.0,2,0.0,0.0,,0.39346934028736663,0.6502884975612074,0.6567783864396076,0.7011485236009689,0.5567761991316789,0.5410753369416959
7,1,23.0,2,0.0,0.0,,0.39346934028736663,0.6489865715176698,0.6676325428998864,0.3992537533776781,0.563689043963553,0.5782593692733047
7,1,24.0,2,0.0,0.0,,0.39346934028736663,0.6784873405871863,0.6390503174416223,0.2558554345282805,0.48044196839833575,0.6825257175531698
7,1,25.0,2,0.0,0.0,,0.39346934028736663,0.63539849516882,0.7571269506071605,0.74123712955809,0.508761088509291,0.6955547576404245
7,1,26.0,2,0.0,0.0,,0.39346934028736663,0.6262479061559303,0.5990197064318474,0.7935777603641153,0.5845808941936744,0.543725193248265
7,1,27.0,2,0.0,0.0,,0.39346934028736663,0.6111226166610397,0.5835012034824217,0.52567163984233,0.7440207826875775,0.5776127278393659
7,1,28.0,2,0.0,0.0,,0.39346934028736663,0.6387127240288234,0.7317382248883378,0.3972802556489456,0.5962391771335589,0.47722577845938485
7,1,29.0,2,0.0,0.0,,0.39346934028736663,0.6729354591118826,0.6652602133124021,0.7662576872251596,0.7140847721696245,0.6683848916607691
7,1,30.0,2,0.0,0.0,,0.39346934028736663,0.6278157321765466,0.5970769726289964,0.27901323849947773,0.45703535540802714,0.5065682752939666
7,1,31.0,2,0.0,0.0,,0.39346934028736663,0.6283090445846253,0.6409478090858817,0.6402550715601226,0.8336368582581495,0.5337345998080876
7,1,32.0,2,0.0,0.0,,0.39346934028736663,0.6501164088244689,0.5908912268886392,0.728104847970687,0.6502757365159582,0.6474332129957916
7,1,33.0,2,0.0,0.0,,0.39346934028736663,0.6077008608889831,0.5756808987975913,0.5792489452627146,0.4966926617672918,0.7209984185211367
7,1,34.0,2,0.0,0.0,,0.39346934028736663,0.6262830995545834,0.6330492042334066,0.7106102342366067,0.7169335574680277,0.3541731697319245
7,1,35.0,2,0.0,0.0,,0.39346934028736663,0.6350035887399644,0.6751357062191994,0.802815028220737,0.6362695369885869,0.44339569864952255
7,1,36.0,2,0.0,0.0,,0.39346934028736663,0.6363843349466798,0.6673912340979387,0.7503048877921719,0.6460074224539478,0.7903319199510264
7,1,37.0,2,0.0,0.0,,0.39346934028736663,0.6190131668542487,0.7053162946903846,0.5361431387130368,0.5006436614045401,0.5998308392427217
7,1,38.0,2,0.0,0.0,,0.39346934028736663,0.6401694981390633,0.5704597632413059,0.5697279981487402,0.500461310919537,0.6503419573445457
7,1,39.0,2,0.0,0.0,,0.39346934028736663,0.6149863528499012,0.6922751684056954,0.6738537631474222,0.6084285246889695,0.49255479761655707
7,1,40.0,2,0.0,0.0,,0.39346934028736663,0.6442825290380669,0.7064156644814898,0.5474352838438087,0.7174722289175783,0.7788579474998849
7,1,41.0,2,0.0,0.0,,0.39346934028736663,0.6431535509442963,0.7210247226272827,0.3761257943192413,0.7147869598255969,0.6697852746990708
7,1,42.0,2,0.0,0.0,,0.39346934028736663,0.6580549269865046,0.6529741080242404,0.4848749920936302,0.35336323238426004,0.6044358206109196
7,1,43.0,2,0.0,0.0,,0.39346934028736663,0.6586477993880921,0.5345823926181562,0.5648515724715183,0.534228801466969,0.8277666528714768
7,1,44.0,2,0.0,0.0,,0.39346934028736663,0.6290320303216616,0.5472378073460078,0.7676473059184176,0.4639218289320074,0.644948752984408
7,1,45.0,2,0.0,0.0,,0.39346934028736663,0.6410052463095975,0.683627018834899,0.4511741574030805,0.7425520818096275,0.7162635284993009
7,1,46.0,2,0.0,0.0,,0.39346934028736663,0.6675997025344221,0.5761285960097444,0.5596334069632023,0.6213177920908955,0.6762225218704102
7,1,47.0,2,0.0,0.0,,0.39346934028736663,0.625191961124108,0.6559962480116983,0.6541186067417429,0.7758738421088914,0.7762642244049813
7,1,48.0,2,0.0,0.0,,0.39346934028736663,0.678386896736668,0.6996377653051988,0.5406925144021134,0.641224924819431,0.705481596718093
7,1,49.0,2,0.0,0.0,,0.39346934028736663,0.6178515095333353,0.5823170557587515,0.5368739122738411,0.3863409115481446,0.5575859596318773
7,1,50.0,2,0.0,0.0,,0.39346934028736663,0.5874228007068006,0.574647295691763,0.6692338423181454,0.48368626536420256,0.6046372513020851
7,1,51.0,2,0.0,0.0,,0.39346934028736663,0.6116459963645221,0.6702054382836128,0.47263090558691917,0.5141618834694097,0.6553534673971634
7,1,52.0,2,0.0,0.0,,0.39346934028736663,0.6758391916261488,0.6261257924067116,0.6299453017137054,0.4577289302929074,0.5298150544678266
7,1,53.0,2,0.0,0.0,,0.39346934028736663,0.5905954350549723,0.5700792934022442,0.6398883945178013,0.484873185632644,0.5899976308405598
7,1,54.0,2,0.0,0.0,,0.39346934028736663,0.5838029392369684,0.46404588449057416,0.6956032591395246,0.3040022574238133,0.48154008716154806
7,1,55.0,2,0.0,0.0,,0.39346934028736663,0.6235436887435221,0.5783115266004393,0.6607142608842598,0.6573489402202515,0.6135902531230933
7,1,56.0,2,0.0,0.0,,0.39346934028736663,0.6197038088576909,0.5722304452199921,0.6178295157780902,0.4528021141657721,0.5655586960803418
7,1,57.0,2,0.0,0.0,,0.39346934028736663,0.6455788825537158,0.6272654225449388,0.7557360638963164,0.7114378879806222,0.46949362661556504
7,1,58.0,2,0.0,0.0,,0.39346934028736663,0.6195752453709139,0.7599851141666534,0.5441743652399206,0.5540298143741406,0.29644333410630513
7,1,59.0,2,0.0,0.0,,0.39346934028736663,0.6161172415133287,0.521714530654718,0.5521038058634608,0.5982118975428653,0.4621017202028061
7,1,60.0,2,0.0,0.0,,0.39346934028736663,0.6501810519785355,0.5758359010574878,0.5469403656568987,0.3955415740559947,0.4438373086148382
7,1,61.0,2,0.0,0.0,,0.39346934028736663,0.6704521383416553,0.5378876960384991,0.5725486170212595,0.43837492343996887,0.7608586759942577
7,1,62.0,2,0.0,0.0,,0.39346934028736663,0.6537500341579356,0.6926756019472069,0.6593251585786498,0.36498760803629715,0.49538332173064115
7,1,63.0,2,0.0,0.0,,0.39346934028736663,0.664343519971597,0.6464404835294195,0.5830806808170725,0.5766287008639474,0.31125868592072015
7,1,64.0,2,0.0,0.0,,0.39346934028736663,0.634639329566827,0.6447781193637375,0.7510294919058457,0.5563639480733517,0.5991751356316461
7,1,65.0,2,0.0,0.0,,0.39346934028736663,0.6063387719781475,0.6683430162569618,0.4712938615068903,0.784131167323706,0.4371627449758061
7,1,66.0,2,0.0,0.0,,0.39346934028736663,0.6372157627428267,0.5345234808836546,0.6353200545783189,0.8434402296031124,0.577170070212288
7,1,67.0,2,0.0,0.0,,0.39346934028736663,0.614235099696199,0.6748020267585506,0.6487473671732549,0.5563304320984555,0.5301416987577179
7,1,68.0,2,0.0,0.0,,0.39346934028736663,0.5819062180965682,0.5802331921509285,0.43389813542880473,0.6822454415747711,0.6753588004312799
7,1,69.0,2,0.0,0.0,,0.39346934028736663,0.6127558201564844,0.5860986440898496,0.5854334202016225,0.6756509351923983,0.41503435541716216
7,1,70.0,2,0.0,0.0,,0.39346934028736663,0.6071988119351719,0.7201901619807959,0.5676522431159449,0.5765903531524431,0.55958678184501
7,1,71.0,2,0.0,0.0,,0.39346934028736663,0.664553964090583,0.47692822125222545,0.5831235708868527,0.6810003687584809,0.5307903407056381
7,1,72.0,2,0.0,0.0,,0.39346934028736663,0.6566481603312746,0.5115120279933785,0.5700180265482645,0.7467496083384937,0.518996648782664
7,1,73.0,2,0.0,0.0,,0.39346934028736663,0.6489470364335005,0.6081573359829063,0.647050359649879,0.47144200590806723,0.6693588230856973
7,1,74.0,2,0.0,0.0,,0.39346934028736663,0.6173243963811524,0.6688740866522522,0.5051553046658059,0.7716076508617596,0.36468600188913713
7,1,75.0,2,0.0,0.0,,0.39346934028736663,0.6161493899942118,0.5713177154055983,0.5980072629819009,0.5971098748460736,0.6502308044047556
7,1,76.0,2,0.0,0.0,,0.39346934028736663,0.6035128052854086,0.6033169558594407,0.6521813635225764,0.3863933443104094,0.48215965480938794
7,1,77.0,2,0.0,0.0,,0.39346934028736663,0.6799921166610383,0.530724283085714,0.5450589127811868,0.4170082710479874,0.5564728149947783
7,1,78.0,2,0.0,0.0,,0.39346934028736663,0.6452519162873854,0.5955670562552119,0.5478880812780041,0.5754596294224313,0.6344674646919466
7,1,79.0,2,0.0,0.0,,0.39346934028736663,0.586684750301918,0.7253388517775272,0.5817277913628024,0.5115159899258188,0.7093845980837974
7,1,80.0,2,0.0,0.0,,0.39346934028736663,0.6337583847464664,0.5392816753871486,0.5534125174551824,0.5619033883411138,0.4039379409437386
7,1,81.0,2,0.0,0.0,,0.39346934028736663,0.6316087122781089,0.6794441406201607,0.5158893217499048,0.6957344216931421,0.4984031431336615
7,1,82.0,2,0.0,0.0,,0.39346934028736663,0.6231930258220396,0.5116988401593326,0.4599570545412763,0.8920433374865724,0.6469540665438671
7,1,83.0,2,0.0,0.0,,0.39346934028736663,0.6010811009399333,0.7483247049834858,0.6572543406633254,0.6717581799191155,0.6521987541145942
7,1,84.0,2,0.0,0.0,,0.39346934028736663,0.6081051573174139,0.4537707712341379,0.8199570374556895,0.6953127028144455,0.5944084004549665
7,1,85.0,2,0.0,0.0,,0.39346934028736663,0.6344790142403715,0.5769587255819648,0.6110490302863745,0.3052661553637669,0.6386620173274946
7,1,86.0,2,0.0,0.0,,0.39346934028736663,0.6363755170483048,0.6635484890316421,0.6408476317224091,0.5521378939698508,0.5296221400372938
7,1,87.0,2,0.0,0.0,,0.39346934028736663,0.6571555948673711,0.6307707629800283,0.7920890425005693,0.8299164728424084,0.5322171326247042
7,1,88.0,2,0.0,0.0,,0.39346934028736663,0.6419493289624778,0.6772674435002392,0.44907213660887485,0.5586993517482208,0.6254992366821206
7,1,89.0,2,0.0,0.0,,0.39346934028736663,0.6381348530232177,0.5602132122065886,0.5621954274827672,0.7629903428615952,0.5794855403963788
7,1,90.0,2,0.0,0.0,,0.39346934028736663,0.6152511707845146,0.6789108416120001,0.5029858827756007,0.5547020243362155,0.6003309440911847
7,1,91.0,2,0.0,0.0,,0.39346934028736663,0.6014765413673129,0.510023682200754,0.4420941057675843,0.5886171060627261,0.8860171416466637
7,1,92.0,2,0.0,0.0,,0.39346934028736663,0.5995847433492626,0.695698421303738,0.5282720915515127,0.6897349844022747,0.7813175288577551
7,1,93.0,2,0.0,0.0,,0.39346934028736663,0.6525821683690101,0.608828378568828,0.5472505419866279,0.9080670902332463,0.5276087581460646
7,1,94.0,2,0.0,0.0,,0.39346934028736663,0.6388318057167083,0.6683915119427933,0.796469600408292,0.4514462696313378,0.5335916339342764
7,1,95.0,2,0.0,0.0,,0.39346934028736663,0.6576162390269096,0.5073975177583666,0.6682369864950191,0.27813284288252094,0.5769959822319499
7,1,96.0,2,0.0,0.0,,0.39346934028736663,0.6309932803826327,0.6384135997445167,0.7593651221488249,0.5455485899373083,0.3521913360441357
7,1,97.0,2,0.0,0.0,,0.39346934028736663,0.6576531850860884,0.6246959492179895,0.5863732564336261,0.5451397202915594,0.7982382590941305
7,1,98.0,2,0.0,0.0,,0.39346934028736663,0.6359340379200467,0.6098345393336111,0.4723324935210683,0.41670532579371466,0.5
7,1,99.0,2,0.0,0.0,,0.39346934028736663,0.6890358592809002,0.5602663959364493,0.46996512473653584,0.504974119377535,0.6431701943052286
7,1,100.0,2,0.0,0.0,,0.39346934028736663,0.6359839440555695,0.7091549362102997,0.6363380342256467,0.425341420509152,0.7301196943510243
8,1,1.0,4,0.0,0.0,,0.2211992169285951,0.5276334472589853,0.607827082483552,0.7156416276626703,0.5314526229641687,0.6797170822944636
8,1,2.0,4,0.0,0.0,,0.2211992169285951,0.5276334472589853,0.6611866899054767,0.5478483169268374,0.6173291227411629,0.5349143513091312
8,1,3.0,4,0.0,0.0,,0.2211992169285951,0.5276334472589853,0.6556505550347801,0.67438071656556,0.8028234192564895,0.6223262991593029
8,1,4.0,4,0.0,0.0,,0.2211992169285951,0.5276334472589853,0.6656932833857361,0.7301110360770522,0.47654799414606963,0.5703048987925431
8,1,5.0,4,0.0,0.0,,0.2211992169285951,0.5276334472589853,0.6128887522132247,0.44524099017822333,0.7113340531543584,0.4853010797872776
8,1,6.0,4,0.0,0.0,,0.2211992169285951,0.5276334472589853,0.6126450460981472,0.6492519366089562,0.3025909924851169,0.5546387249735696
8,1,7.0,4,0.0,0.0,,0.2211992169285951,0.5276334472589853,0.6033017202146921,0.7732302452838605,0.42221792711324124,0.4086483707944681
8,1,8.0,4,0.0,0.0,,0.2211992169285951,0.5276334472589853,0.6552512185246211,0.5142135382754094,0.6010505791634642,0.3962984472412796
8,1,9.0,4,0.0,0.0,,0.2211992169285951,0.5276334472589853,0.6649205114215979,0.7066357881106081,0.4027041864168329,0.6410460784446446
8,1,10.0,4,0.0,0.0,,0.2211992169285951,0.5276334472589853,0.6617883370328765,0.7118537788034348,0.4752647672364211,0.6174093330597488
8,1,11.0,4,0.0,0.0,,0.2211992169285951,0.5276334472589853,0.6488669643785846,0.6128286411452374,0.748363529891971,0.6749779641218511
8,1,12.0,4,0.0,0.0,,0.2211992169285951,0.5276334472589853,0.6592003870676003,0.6142050554099713,0.5369567340089313,0.5773816226539489
8,1,13.0,4,0.0,0.0,,0.2211992169285951,0.5276334472589853,0.6368007481186735,0.6858073305986624,0.4759203675540067,0.5608015421012624
8,1,14.0,4,0.0,0.0,,0.2211992169285951,0.5276334472589853,0.653552901527725,0.5294205409097403,0.7492464426593117,0.5605704363032457
8,1,15.0,4,0.0,0.0,,0.2211992169285951,0.5276334472589853,0.6142820809481411,0.4870106406200304,0.6641391652530672,0.6076466447893054
8,1,16.0,4,0.0,0.0,,0.2211992169285951,0.5276334472589853,0.5963950912106706,0.6967977996669215,0.5846029564111223,0.6
8,1,17.0,4,0.0,0.0,,0.2211992169285951,0.5276334472589853,0.6636744526516796,0.5536341523626197,0.6639684000045027,0.5273614503402777
8,1,18.0,4,0.0,0.0,,0.2211992169285951,0.5276334472589853,0.6503332491538381,0.7713139800582167,0.5193097991667335,0.4593085369483113
8,1,19.0,4,0.0,0.0,,0.2211992169285951,0.5276334472589853,0.6341609731866817,0.5666787698426021,0.3309529130559671,0.3368931779751693
8,1,20.0,4,0.0,0.0,,0.2211992169285951,0.5276334472589853,0.6098047840778053,0.5755788159834825,0.4396324832032296,0.46759242887087826
8,1,21.0,4,0.0,0.0,,0.2211992169285951,0.5276334472589853,0.6358224105781878,0.46408955954397035,0.3731018763857725,0.6823694554854622
8,1,22.0,4,0.0,0.0,,0.2211992169285951,0.5276334472589853,0.6122221954968154,0.7149053976405422,0.4826917109445869,0.4724705235302931
8,1,23.0,4,0.0,0.0,,0.2211992169285951,0.5276334472589853,0.6483113767331545,0.6454278429365776,0.38277255039691294,0.5873066210113345
8,1,24.0,4,0.0,0.0,,0.2211992169285951,0.5276334472589853,0.6441435447396534,0.5594845959416724,0.7250601893564482,0.4020944344869489
8,1,25.0,4,0.0,0.0,,0.2211992169285951,0.5276334472589853,0.6093036901865402,0.6487709283123568,0.5951042087004218,0.44451714563694217
8,1,26.0,4,0.0,0.0,,0.2211992169285951,0.5276334472589853,0.6462453226872696,0.537724692407859,0.5249728909436128,0.6312414028128339
8,1,27.0,4,0.0,0.0,,0.2211992169285951,0.5276334472589853,0.6526901037542016,0.7270829378254262,0.6289065001486575,0.7388175444168708
8,1,28.0,4,0.0,0.0,,0.2211992169285951,0.5276334472589853,0.6081040278625294,0.45145524382058716,0.6844965026186428,0.33690299594673556
8,1,29.0,4,0.0,0.0,,0.2211992169285951,0.5276334472589853,0.6377488489491787,0.7059146903517963,0.5966925015878861,0.8032195066529872
8,1,30.0,4,0.0,0.0,,0.2211992169285951,0.5276334472589853,0.6191021736078053,0.6488120194037998,0.5070680281881427,0.8777046288496102
8,1,31.0,4,0.0,0.0,,0.2211992169285951,0.5276334472589853,0.6269029810092652,0.6313106644572518,0.3639086145397948,0.5399096114892263
8,1,32.0,4,0.0,0.0,,0.2211992169285951,0.5276334472589853,0.6102853431549544,0.7030273355116877,0.41662740324558545,0.5804729090894106
8,1,33.0,4,0.0,0.0,,0.2211992169285951,0.5276334472589853,0.6171513253346566,0.6357076699759387,0.5614671511792154,0.29288464810217574
8,1,34.0,4,0.0,0.0,,0.2211992169285951,0.5276334472589853,0.6208254209917972,0.6526735863405453,0.6256814730210885,0.5790904835999748
8,1,35.0,4,0.0,0.0,,0.2211992169285951,0.5276334472589853,0.6335778974148372,0.585695802114518,0.5724039911413134,0.5379739483189903
8,1,36.0,4,0.0,0.0,,0.2211992169285951,0.5276334472589853,0.6425920432109888,0.5915455130683211,0.5430939617639476,0.40755446195246775
8,1,37.0,4,0.0,0.0,,0.2211992169285951,0.5276334472589853,0.6262891512802193,0.6184700992637394,0.5264395084008947,0.7338820707348185
8,1,38.0,4,0.0,0.0,,0.2211992169285951,0.5276334472589853,0.5625939548313234,0.735079117695666,0.5590262684331593,0.276998392484288
8,1,39.0,4,0.0,0.0,,0.2211992169285951,0.5276334472589853,0.6525722400716247,0.549965295917894,0.5702947376977828,0.2584223973897117
8,1,40.0,4,0.0,0.0,,0.2211992169285951,0.5276334472589853,0.6628817648579505,0.6362431361783972,0.5032114892421365,0.7034817845855855
8,1,41.0,4,0.0,0.0,,0.2211992169285951,0.5276334472589853,0.6467895948765803,0.6683288044240369,0.7625507068006552,0.696399741289408
8,1,42.0,4,0.0,0.0,,0.2211992169285951,0.5276334472589853,0.6391231030039168,0.6223221865820525,0.6617213872952215,0.44300776739233083
8,1,43.0,4,0.0,0.0,,0.2211992169285951,0.5276334472589853,0.6178195521801829,0.5410185823162762,0.5682538695612276,0.4692423921470307
8,1,44.0,4,0.0,0.0,,0.2211992169285951,0.5276334472589853,0.6485532104946576,0.7107783624261352,0.6916361772364433,0.27367986960181306
8,1,45.0,4,0.0,0.0,,0.2211992169285951,0.5276334472589853,0.6448599955796138,0.5725224459461367,0.538951294892346,0.6335421243939573
8,1,46.0,4,0.0,0.0,,0.2211992169285951,0.5276334472589853,0.5723677285847962,0.6271020716742286,0.5834352985209839,0.45398995892862104
8,1,47.0,4,0.0,0.0,,0.2211992169285951,0.5276334472589853,0.6235941450674405,0.5270133774586987,0.7389434104024647,0.8
8,1,48.0,4,0.0,0.0,,0.2211992169285951,0.5276334472589853,0.6197895650994424,0.7628022697115842,0.45924225267002106,0.6506843085361987
8,1,49.0,4,0.0,0.0,,0.2211992169285951,0.5276334472589853,0.622383156071892,0.6987705737511737,0.4804913574939298,0.47541878129775705
8,1,50.0,4,0.0,0.0,,0.2211992169285951,0.5276334472589853,0.6382157605569303,0.5612319134632832,0.584261856598807,0.6823259868430172
8,1,51.0,4,0.0,0.0,,0.2211992169285951,0.5276334472589853,0.5784369989174658,0.4861703808701362,0.49607580746683383,0.6322136830053278
8,1,52.0,4,0.0,0.0,,0.2211992169285951,0.5276334472589853,0.601275657329351,0.5680014997623833,0.5451586400178572,0.2745685494066705
8,1,53.0,4,0.0,0.0,,0.2211992169285951,0.5276334472589853,0.6479672387689105,0.5839719130858161,0.5650078538401362,0.7258144137846455
8,1,54.0,4,0.0,0.0,,0.2211992169285951,0.5276334472589853,0.61121425014119,0.6906267279040055,0.5082328689534591,0.49742259128605415
8,1,55.0,4,0.0,0.0,,0.2211992169285951,0.5276334472589853,0.6747051331573923,0.6146139765660437,0.37124938221448933,0.46735245941797254
8,1,56.0,4,0.0,0.0,,0.2211992169285951,0.5276334472589853,0.5858282810989077,0.6334127754019502,0.7319073067559249,0.543699706369239
8,1,57.0,4,0.0,0.0,,0.2211992169285951,0.5276334472589853,0.6128317290331888,0.4223633033831112,0.6754589549998832,0.5761436121116701
8,1,58.0,4,0.0,0.0,,0.2211992169285951,0.5276334472589853,0.6365921207254699,0.5460242957903869,0.5498532146819165,0.5318180213355326
8,1,59.0,4,0.0,0.0,,0.2211992169285951,0.5276334472589853,0.6213942162374405,0.564880113421703,0.5624097481332362,0.6985988266224341
8,1,60.0,4,0.0,0.0,,0.2211992169285951,0.5276334472589853,0.6489105035158844,0.39189390112746886,0.7374314984659707,0.5365352136290998
8,1,61.0,4,0.0,0.0,,0.2211992169285951,0.5276334472589853,0.6457223118866071,0.6314743250034842,0.6240111028257875,0.6410928147824346
8,1,62.0,4,0.0,0.0,,0.2211992169285951,0.5276334472589853,0.6257537028434654,0.5574170892488749,0.5393557617676421,0.6598855706028139
8,1,63.0,4,0.0,0.0,,0.2211992169285951,0.5276334472589853,0.5731315007519132,0.6228000616569718,0.5074310961502803,0.7558298952640456
8,1,64.0,4,0.0,0.0,,0.2211992169285951,0.5276334472589853,0.6197131775348728,0.6594299717697027,0.6202448115928475,0.5290706412491535
8,1,65.0,4,0.0,0.0,,0.2211992169285951,0.5276334472589853,0.6771660980520424,0.49628059182631484,0.6430624761339948,0.6169006805125283
8,1,66.0,4,0.0,0.0,,0.2211992169285951,0.5276334472589853,0.6208426590125335,0.5773563460495992,0.5814593576479307,0.7084605913751327
8,1,67.0,4,0.0,0.0,,0.2211992169285951,0.5276334472589853,0.6553658552092407,0.6399797224671729,0.595148938632102,0.5870282597556021
8,1,68.0,4,0.0,0.0,,0.2211992169285951,0.5276334472589853,0.6530897230180363,0.5565078537384054,0.6067296865848325,0.4695485761629124
8,1,69.0,4,0.0,0.0,,0.2211992169285951,0.5276334472589853,0.6487452967351919,0.5155660385576956,0.48946931102738594,0.7244700899669357
8,1,70.0,4,0.0,0.0,,0.2211992169285951,0.5276334472589853,0.68227375755156,0.4980282857843255,0.4109660653923637,0.7857195624078136
8,1,71.0,4,0.0,0.0,,0.2211992169285951,0.5276334472589853,0.6540265210032061,0.6131453607010089,0.5369812842870434,0.43102118216956525
8,1,72.0,4,0.0,0.0,,0.2211992169285951,0.5276334472589853,0.5907305858024328,0.5760521047490477,0.6287110563514633,0.7841123013692755
8,1,73.0,4,0.0,0.0,,0.2211992169285951,0.5276334472589853,0.6356686883851571,0.5614688896466858,0.5148508272708154,0.39153394528426516
8,1,74.0,4,0.0,0.0,,0.2211992169285951,0.5276334472589853,0.6268815348716559,0.5574697344940336,0.45183958256420753,0.6648201022769922
8,1,75.0,4,0.0,0.0,,0.2211992169285951,0.5276334472589853,0.6508460081022036,0.6495664585475792,0.6802340799619072,0.7055457061757713
8,1,76.0,4,0.0,0.0,,0.2211992169285951,0.5276334472589853,0.6143897532995227,0.6865619264104104,0.48653508180365107,0.5557553533366703
8,1,77.0,4,0.0,0.0,,0.2211992169285951,0.5276334472589853,0.6948457662499574,0.7250777445240626,0.38667247577230385,0.5655428714086549
8,1,78.0,4,0.0,0.0,,0.2211992169285951,0.5276334472589853,0.5937284064088949,0.6711985489868505,0.5854839758598415,0.5277158394696606
8,1,79.0,4,0.0,0.0,,0.2211992169285951,0.5276334472589853,0.619035902957026,0.6438625887183494,0.6392362929241706,0.5501255596455081
8,1,80.0,4,0.0,0.0,,0.2211992169285951,0.5276334472589853,0.6352714546866698,0.6447839983128192,0.5162311450769085,0.7075392975987265
8,1,81.0,4,0.0,0.0,,0.2211992169285951,0.5276334472589853,0.6304726302107404,0.5853519231496692,0.5896189546266258,0.6994271527006444
8,1,82.0,4,0.0,0.0,,0.2211992169285951,0.5276334472589853,0.6228249132742146,0.4685687076486217,0.3551748155906684,0.6387969275617118
8,1,83.0,4,0.0,0.0,,0.2211992169285951,0.5276334472589853,0.6586962843671558,0.7748620526942164,0.6828734291365295,0.48805250012249674
8,1,84.0,4,0.0,0.0,,0.2211992169285951,0.5276334472589853,0.6633468543897395,0.5964349295166029,0.5905389698633716,0.7661804977973027
8,1,85.0,4,0.0,0.0,,0.2211992169285951,0.5276334472589853,0.6822602099424178,0.6880612997702957,0.6399416106562248,0.40883336453943375
8,1,86.0,4,0.0,0.0,,0.2211992169285951,0.5276334472589853,0.6390386311150317,0.6213849097886419,0.6794725776236513,0.6076571703197431
8,1,87.0,4,0.0,0.0,,0.2211992169285951,0.5276334472589853,0.6114754079580376,0.46323906877091464,0.31086873737354365,0.8965060419979214
8,1,88.0,4,0.0,0.0,,0.2211992169285951,0.5276334472589853,0.5974263661620055,0.6636094033226032,0.748807480888187,0.7723447987807875
8,1,89.0,4,0.0,0.0,,0.2211992169285951,0.5276334472589853,0.6659452859619365,0.6115994887204488,0.3888448076270016,0.5964424026053938
8,1,90.0,4,0.0,0.0,,0.2211992169285951,0.5276334472589853,0.6752387747483175,0.6322149529151007,0.6186071310512009,0.6523466531024379
8,1,91.0,4,0.0,0.0,,0.2211992169285951,0.5276334472589853,0.6504215866523432,0.6123323086186427,0.5093642604391542,0.2902064043230142
8,1,92.0,4,0.0,0.0,,0.2211992169285951,0.5276334472589853,0.6106149810889827,0.6684078345929242,0.6170495317970197,0.427495736684258
8,1,93.0,4,0.0,0.0,,0.2211992169285951,0.5276334472589853,0.6245271440777012,0.4501912227346896,0.5879999495472072,0.3947827099171771
8,1,94.0,4,0.0,0.0,,0.2211992169285951,0.5276334472589853,0.602872681965662,0.7720525821872957,0.676323144423901,0.45513250152167667
8,1,95.0,4,0.0,0.0,,0.2211992169285951,0.5276334472589853,0.6404838950384328,0.5186406943798458,0.32778097065894113,0.7327434063589189
8,1,96.0,4,0.0,0.0,,0.2211992169285951,0.5276334472589853,0.620315183222723,0.6326506052504772,0.4651481689156448,0.5513558182809242
8,1,97.0,4,0.0,0.0,,0.2211992169285951,0.5276334472589853,0.6532505415150114,0.7534155563156033,0.8608118584244758,0.5937488804059907
8,1,98.0,4,0.0,0.0,,0.2211992169285951,0.5276334472589853,0.6420804807059753,0.690907105432799,0.8330705621520271,0.4841708250632353
8,1,99.0,4,0.0,0.0,,0.2211992169285951,0.5276334472589853,0.6541549596391201,0.6735903670333607,0.5516396074758037,0.42993453484704947
8,1,100.0,4,0.0,0.0,,0.2211992169285951,0.5276334472589853,0.6281843323158366,0.5358270908169211,0.4693538432698173,0.7358655752802988
9,1,1.0,6,0.0,0.0,,0.1535182751093859,0.39346934028736663,0.5654017914929217,0.6347954519418577,0.34475166759122944,0.5593762472470137
9,1,2.0,6,0.0,0.0,,0.1535182751093859,0.39346934028736663,0.5654017914929217,0.5822307489720627,0.5834328952945806,0.42946451326097995
9,1,3.0,6,0.0,0.0,,0.1535182751093859,0.39346934028736663,0.5654017914929217,0.650054341427177,0.7393557195600836,0.5642469970928203
9,1,4.0,6,0.0,0.0,,0.1535182751093859,0.39346934028736663,0.5654017914929217,0.6416448372991299,0.6482488900412542,0.686158293256353
9,1,5.0,6,0.0,0.0,,0.1535182751093859,0.39346934028736663,0.5654017914929217,0.6489944541334546,0.3637151605641876,0.33220426758784566
9,1,6.0,6,0.0,0.0,,0.1535182751093859,0.39346934028736663,0.5654017914929217,0.6330493366790215,0.6035497750008723,0.4490124723554845
9,1,7.0,6,0.0,0.0,,0.1535182751093859,0.39346934028736663,0.5654017914929217,0.5885815948429768,0.6221380034236405,0.6512586743889296
9,1,8.0,6,0.0,0.0,,0.1535182751093859,0.39346934028736663,0.5654017914929217,0.5337159767791828,0.6462086209525509,0.43900493871593477
9,1,9.0,6,0.0,0.0,,0.1535182751093859,0.39346934028736663,0.5654017914929217,0.5837798794364437,0.530482516547748,0.42021456517352485
9,1,10.0,6,0.0,0.0,,0.1535182751093859,0.39346934028736663,0.5654017914929217,0.6611804026494703,0.6008197559934025,0.6187463193622706
9,1,11.0,6,0.0,0.0,,0.1535182751093859,0.39346934028736663,0.5654017914929217,0.6838433567969081,0.688718723782826,0.6137634649364196
9,1,12.0,6,0.0,0.0,,0.1535182751093859,0.39346934028736663,0.5654017914929217,0.5610244558156977,0.34488040465604974,0.513412780771287
9,1,13.0,6,0.0,0.0,,0.1535182751093859,0.39346934028736663,0.5654017914929217,0.6690164609627688,0.6458218501287993,0.6039083089779262
9,1,14.0,6,0.0,0.0,,0.1535182751093859,0.39346934028736663,0.5654017914929217,0.559530009677865,0.5693134766165582,0.7199829655283179
9,1,15.0,6,0.0,0.0,,0.1535182751093859,0.39346934028736663,0.5654017914929217,0.6834342738577608,0.7142638166576643,0.5969377439747656
9,1,16.0,6,0.0,0.0,,0.1535182751093859,0.39346934028736663,0.5654017914929217,0.7428101807263819,0.7615312039967219,0.6749194949252133
9,1,17.0,6,0.0,0.0,,0.1535182751093859,0.39346934028736663,0.5654017914929217,0.5833598973190132,0.5251375818966378,0.6533866204217044
9,1,18.0,6,0.0,0.0,,0.1535182751093859,0.39346934028736663,0.5654017914929217,0.5451332927691601,0.49474846304607956,0.4590064929888927
9,1,19.0,6,0.0,0.0,,0.1535182751093859,0.39346934028736663,0.5654017914929217,0.5961900851279046,0.5821160816178681,0.7527623884890853
9,1,20.0,6,0.0,0.0,,0.1535182751093859,0.39346934028736663,0.5654017914929217,0.552069081135878,0.5845453937764951,0.5523419449305039
9,1,21.0,6,0.0,0.0,,0.1535182751093859,0.39346934028736663,0.5654017914929217,0.6689759089764002,0.46753801830667624,0.4489298482860879
9,1,22.0,6,0.0,0.0,,0.1535182751093859,0.39346934028736663,0.5654017914929217,0.5490938765561489,0.7306275445128753,0.5707477248414161
9,1,23.0,6,0.0,0.0,,0.1535182751093859,0.39346934028736663,0.5654017914929217,0.6064580626007988,0.5218930297006863,0.5168219464850148
9,1,24.0,6,0.0,0.0,,0.1535182751093859,0.39346934028736663,0.5654017914929217,0.6074787231251829,0.5220868820743282,0.43911992062939387
9,1,25.0,6,0.0,0.0,,0.1535182751093859,0.39346934028736663,0.5654017914929217,0.5704062483193304,0.6332021660556306,0.6584877437405803
9,1,26.0,6,0.0,0.0,,0.1535182751093859,0.39346934028736663,0.5654017914929217,0.6789649870879773,0.5192367574991886,0.42857422514877497
9,1,27.0,6,0.0,0.0,,0.1535182751093859,0.39346934028736663,0.5654017914929217,0.6106841013991005,0.6910291397538599,0.40434910585729
9,1,28.0,6,0.0,0.0,,0.1535182751093859,0.39346934028736663,0.5654017914929217,0.6465579863610703,0.5391498813764831,0.6509071902034932
9,1,29.0,6,0.0,0.0,,0.1535182751093859,0.39346934028736663,0.5654017914929217,0.7213757505039886,0.47264742758616407,0.460235796276563
9,1,30.0,6,0.0,0.0,,0.1535182751093859,0.39346934028736663,0.5654017914929217,0.5401539439087103,0.6494006184106087,0.5568033831740891
9,1,31.0,6,0.0,0.0,,0.1535182751093859,0.39346934028736663,0.5654017914929217,0.7421735758001005,0.8788814166514554,0.7686382624293764
9,1,32.0,6,0.0,0.0,,0.1535182751093859,0.39346934028736663,0.5654017914929217,0.7031208555348033,0.7306402099865874,0.6902484326651278
9,1,33.0,6,0.0,0.0,,0.1535182751093859,0.39346934028736663,0.5654017914929217,0.6692620572948927,0.566292194639669,0.47662262581512704
9,1,34.0,6,0.0,0.0,,0.1535182751093859,0.39346934028736663,0.5654017914929217,0.6942454283646678,0.5378133086840963,0.34011330422307423
9,1,35.0,6,0.0,0.0,,0.1535182751093859,0.39346934028736663,0.5654017914929217,0.5593109934686469,0.44753289017813636,0.3476985863912633
9,1,36.0,6,0.0,0.0,,0.1535182751093859,0.39346934028736663,0.5654017914929217,0.6566387085864138,0.6515931566450004,0.5680663646498612
9,1,37.0,6,0.0,0.0,,0.1535182751093859,0.39346934028736663,0.5654017914929217,0.6436754169026774,0.7606084461691627,0.7716984224014791
9,1,38.0,6,0.0,0.0,,0.1535182751093859,0.39346934028736663,0.5654017914929217,0.6619662693452815,0.6397726612273436,0.2276168215052515
9,1,39.0,6,0.0,0.0,,0.1535182751093859,0.39346934028736663,0.5654017914929217,0.5987019351753833,0.7134315764597245,0.8920800122838564
9,1,40.0,6,0.0,0.0,,0.1535182751093859,0.39346934028736663,0.5654017914929217,0.7336279964271479,0.632006484669212,0.5998137272441413
9,1,41.0,6,0.0,0.0,,0.1535182751093859,0.39346934028736663,0.5654017914929217,0.6280932789803803,0.7449136416590784,0.42366464581682833
9,1,42.0,6,0.0,0.0,,0.1535182751093859,0.39346934028736663,0.5654017914929217,0.7459505918740565,0.5762435612814824,0.6386241176388683
9,1,43.0,6,0.0,0.0,,0.1535182751093859,0.39346934028736663,0.5654017914929217,0.5970186974699365,0.7700411771380491,0.6142987063907857
9,1,44.0,6,0.0,0.0,,0.1535182751093859,0.39346934028736663,0.5654017914929217,0.7074316674122265,0.49141067384678916,0.5128235360165344
9,1,45.0,6,0.0,0.0,,0.1535182751093859,0.39346934028736663,0.5654017914929217,0.7047408875746639,0.44891634875628394,0.5845460005933443
9,1,46.0,6,0.0,0.0,,0.1535182751093859,0.39346934028736663,0.5654017914929217,0.6712590468604774,0.6567077306511034,0.7537273854084103
9,1,47.0,6,0.0,0.0,,0.1535182751093859,0.39346934028736663,0.5654017914929217,0.6029027002114298,0.7458830914146549,0.5880562437988661
9,1,48.0,6,0.0,0.0,,0.1535182751093859,0.39346934028736663,0.5654017914929217,0.6520496535614078,0.4226815952600929,0.46422089049575155
9,1,49.0,6,0.0,0.0,,0.1535182751093859,0.39346934028736663,0.5654017914929217,0.7081485215197336,0.5525453648318461,0.5808500596312023
9,1,50.0,6,0.0,0.0,,0.1535182751093859,0.39346934028736663,0.5654017914929217,0.7307182908283538,0.5816421998836698,0.7258683781445591
9,1,51.0,6,0.0,0.0,,0.1535182751093859,0.39346934028736663,0.5654017914929217,0.6395627866157116,0.6036328142310701,0.5406461491549915
9,1,52.0,6,0.0,0.0,,0.1535182751093859,0.39346934028736663,0.5654017914929217,0.6308020643083211,0.8048732464794336,0.7172649497273863
9,1,53.0,6,0.0,0.0,,0.1535182751093859,0.39346934028736663,0.5654017914929217,0.7007300158204053,0.554875835210382,0.6228760549373067
9,1,54.0,6,0.0,0.0,,0.1535182751093859,0.39346934028736663,0.5654017914929217,0.5891532696064734,0.54262855722756,0.5987261634007272
9,1,55.0,6,0.0,0.0,,0.1535182751093859,0.39346934028736663,0.5654017914929217,0.6665022412514724,0.5523350398993142,0.41693029823919064
9,1,56.0,6,0.0,0.0,,0.1535182751093859,0.39346934028736663,0.5654017914929217,0.5604012970049244,0.5131289257964102,0.5403908872990035
9,1,57.0,6,0.0,0.0,,0.1535182751093859,0.39346934028736663,0.5654017914929217,0.6532394084262595,0.7305910072911368,0.7181760575987614
9,1,58.0,6,0.0,0.0,,0.1535182751093859,0.39346934028736663,0.5654017914929217,0.6443700395019052,0.7370334375429201,0.441591901254416
9,1,59.0,6,0.0,0.0,,0.1535182751093859,0.39346934028736663,0.5654017914929217,0.5948493003208627,0.7138770344719375,0.3386311274914408
9,1,60.0,6,0.0,0.0,,0.1535182751093859,0.39346934028736663,0.5654017914929217,0.571482383945212,0.6636789132713677,0.7140876967481307
9,1,61.0,6,0.0,0.0,,0.1535182751093859,0.39346934028736663,0.5654017914929217,0.6411093113587326,0.5199884885332892,0.47848346452893803
9,1,62.0,6,0.0,0.0,,0.1535182751093859,0.39346934028736663,0.5654017914929217,0.6198823676174348,0.5150201566196088,0.6141486340839176
9,1,63.0,6,0.0,0.0,,0.1535182751093859,0.39346934028736663,0.5654017914929217,0.6406125082849777,0.5055334007228123,0.7581920253968852
9,1,64.0,6,0.0,0.0,,0.1535182751093859,0.39346934028736663,0.5654017914929217,0.5960894931850268,0.5564082439407002,0.4009617047708245
9,1,65.0,6,0.0,0.0,,0.1535182751093859,0.39346934028736663,0.5654017914929217,0.6448384306556737,0.7106523799570674,0.8
9,1,66.0,6,0.0,0.0,,0.1535182751093859,0.39346934028736663,0.5654017914929217,0.6871863358968432,0.605271393575017,0.5784628732334506
9,1,67.0,6,0.0,0.0,,0.1535182751093859,0.39346934028736663,0.5654017914929217,0.7036178990951316,0.2868915242128045,0.4141665578799957
9,1,68.0,6,0.0,0.0,,0.1535182751093859,0.39346934028736663,0.5654017914929217,0.667973102115783,0.5860129504530761,0.5029629173324308
9,1,69.0,6,0.0,0.0,,0.1535182751093859,0.39346934028736663,0.5654017914929217,0.6524506351639247,0.45638424879287526,0.7273709832197731
9,1,70.0,6,0.0,0.0,,0.1535182751093859,0.39346934028736663,0.5654017914929217,0.5475419742636219,0.5907726682672636,0.3948625784232985
9,1,71.0,6,0.0,0.0,,0.1535182751093859,0.39346934028736663,0.5654017914929217,0.6529979189299023,0.6458041045584364,0.6387367248252493
9,1,72.0,6,0.0,0.0,,0.1535182751093859,0.39346934028736663,0.5654017914929217,0.6570881237121394,0.5538522132616682,0.6990309304923261
9,1,73.0,6,0.0,0.0,,0.1535182751093859,0.39346934028736663,0.5654017914929217,0.6349579322790146,0.6509297499816183,0.5735643743868044
9,1,74.0,6,0.0,0.0,,0.1535182751093859,0.39346934028736663,0.5654017914929217,0.6661185034304065,0.6142096840590924,0.5049810241138997
9,1,75.0,6,0.0,0.0,,0.1535182751093859,0.39346934028736663,0.5654017914929217,0.6039195589786015,0.3835826385178934,0.582772956263116
9,1,76.0,6,0.0,0.0,,0.1535182751093859,0.39346934028736663,0.5654017914929217,0.5373430061115783,0.5871547741263241,0.5774907315229132
9,1,77.0,6,0.0,0.0,,0.1535182751093859,0.39346934028736663,0.5654017914929217,0.6684536336636733,0.5371460525697,0.44877841236119387
9,1,78.0,6,0.0,0.0,,0.1535182751093859,0.39346934028736663,0.5654017914929217,0.5452559938592991,0.6231922994971049,0.5091277298903311
9,1,79.0,6,0.0,0.0,,0.1535182751093859,0.39346934028736663,0.5654017914929217,0.6106964014347309,0.6324153329604316,0.5949142842615479
9,1,80.0,6,0.0,0.0,,0.1535182751093859,0.39346934028736663,0.5654017914929217,0.5719786915930618,0.4324144642398092,0.748875799345271
9,1,81.0,6,0.0,0.0,,0.1535182751093859,0.39346934028736663,0.5654017914929217,0.5606910969635944,0.544550004592015,0.734661067790052
9,1,82.0,6,0.0,0.0,,0.1535182751093859,0.39346934028736663,0.5654017914929217,0.6427570405361238,0.6081299078830279,0.4562608443383921
9,1,83.0,6,0.0,0.0,,0.1535182751093859,0.39346934028736663,0.5654017914929217,0.5484363392654139,0.45807390702490836,0.6527570269222003
9,1,84.0,6,0.0,0.0,,0.1535182751093859,0.39346934028736663,0.5654017914929217,0.5872368189232462,0.533205153140272,0.5723569867916025
9,1,85.0,6,0.0,0.0,,0.1535182751093859,0.39346934028736663,0.5654017914929217,0.616842860836656,0.6311204264376978,0.5267558059855968
9,1,86.0,6,0.0,0.0,,0.1535182751093859,0.39346934028736663,0.5654017914929217,0.6001393124184726,0.39884198560787276,0.4869534385261874
9,1,87.0,6,0.0,0.0,,0.1535182751093859,0.39346934028736663,0.5654017914929217,0.6385540805826745,0.6631441873193943,0.5486611714352783
9,1,88.0,6,0.0,0.0,,0.1535182751093859,0.39346934028736663,0.5654017914929217,0.6315935079829732,0.8078288613766735,0.36178091137077684
9,1,89.0,6,0.0,0.0,,0.1535182751093859,0.39346934028736663,0.5654017914929217,0.6884222266443939,0.599871130421084,0.41946853018442026
9,1,90.0,6,0.0,0.0,,0.1535182751093859,0.39346934028736663,0.5654017914929217,0.6202635002858193,0.7402969652011038,0.2746639504050726
9,1,91.0,6,0.0,0.0,,0.1535182751093859,0.39346934028736663,0.5654017914929217,0.6086150825640577,0.6981641444250015,0.29255056921198463
9,1,92.0,6,0.0,0.0,,0.1535182751093859,0.39346934028736663,0.5654017914929217,0.7149216993768008,0.5965079293937857,0.6606570860760114
9,1,93.0,6,0.0,0.0,,0.1535182751093859,0.39346934028736663,0.5654017914929217,0.6434306985966693,0.7389574095492784,0.5502398186230417
9,1,94.0,6,0.0,0.0,,0.1535182751093859,0.39346934028736663,0.5654017914929217,0.7103000058326436,0.647038418937639,0.5332369889718475
9,1,95.0,6,0.0,0.0,,0.1535182751093859,0.39346934028736663,0.5654017914929217,0.6227969059012732,0.866003461826393,0.45836558135246036
9,1,96.0,6,0.0,0.0,,0.1535182751093859,0.39346934028736663,0.5654017914929217,0.5962272661337293,0.5632779288220872,0.6178754866211791
9,1,97.0,6,0.0,0.0,,0.1535182751093859,0.39346934028736663,0.5654017914929217,0.6534550430450432,0.4848819633666098,0.36851191623457225
9,1,98.0,6,0.0,0.0,,0.1535182751093859,0.39346934028736663,0.5654017914929217,0.5790405393488085,0.5068368732181507,0.5445189868490565
9,1,99.0,6,0.0,0.0,,0.1535182751093859,0.39346934028736663,0.5654017914929217,0.5822648043267094,0.6417919702331966,0.6417295031078915
9,1,100.0,6,0.0,0.0,,0.1535182751093859,0.39346934028736663,0.5654017914929217,0.5244942202549271,0.5561055033365597,0.3852659143177303
10,1,1.0,8,0.0,0.0,,0.11750309741540454,0.31271072120902776,0.4647385714810097,0.6321205588285576,0.6116875619247256,0.3854911842672465
10,1,2.0,8,0.0,0.0,,0.11750309741540454,0.31271072120902776,0.4647385714810097,0.6321205588285576,0.6032634068368192,0.46845179405685683
10,1,3.0,8,0.0,0.0,,0.11750309741540454,0.31271072120902776,0.4647385714810097,0.6321205588285576,0.7701994892035643,0.644532084799143
10,1,4.0,8,0.0,0.0,,0.11750309741540454,0.31271072120902776,0.4647385714810097,0.6321205588285576,0.6627572743176552,0.7656240392447814
10,1,5.0,8,0.0,0.0,,0.11750309741540454,0.31271072120902776,0.4647385714810097,0.6321205588285576,0.6073308428766471,0.5885405219652953
10,1,6.0,8,0.0,0.0,,0.11750309741540454,0.31271072120902776,0.4647385714810097,0.6321205588285576,0.6906656043086069,0.5526331912298643
10,1,7.0,8,0.0,0.0,,0.11750309741540454,0.31271072120902776,0.4647385714810097,0.6321205588285576,0.5594605079215794,0.2835258139982864
10,1,8.0,8,0.0,0.0,,0.11750309741540454,0.31271072120902776,0.4647385714810097,0.6321205588285576,0.5846690827456786,0.6930788419071726
10,1,9.0,8,0.0,0.0,,0.11750309741540454,0.31271072120902776,0.4647385714810097,0.6321205588285576,0.6845211774095744,0.44666233657165916
10,1,10.0,8,0.0,0.0,,0.11750309741540454,0.31271072120902776,0.4647385714810097,0.6321205588285576,0.6816876835684451,0.43802975801408905
10,1,11.0,8,0.0,0.0,,0.11750309741540454,0.31271072120902776,0.4647385714810097,0.6321205588285576,0.7516047180745347,0.7007080046999987
10,1,12.0,8,0.0,0.0,,0.11750309741540454,0.31271072120902776,0.4647385714810097,0.6321205588285576,0.5517492256828691,0.5356509625748893
10,1,13.0,8,0.0,0.0,,0.11750309741540454,0.31271072120902776,0.4647385714810097,0.6321205588285576,0.6694562161529596,0.39653749193199644
10,1,14.0,8,0.0,0.0,,0.11750309741540454,0.31271072120902776,0.4647385714810097,0.6321205588285576,0.6635110478258524,0.6005979013825586
10,1,15.0,8,0.0,0.0,,0.11750309741540454,0.31271072120902776,0.4647385714810097,0.6321205588285576,0.6930658486211352,0.3671487641072835
10,1,16.0,8,0.0,0.0,,0.11750309741540454,0.31271072120902776,0.4647385714810097,0.6321205588285576,0.6515034458488501,0.2553501530084403
10,1,17.0,8,0.0,0.0,,0.11750309741540454,0.31271072120902776,0.4647385714810097,0.6321205588285576,0.6223894995105501,0.6131087269203145
10,1,18.0,8,0.0,0.0,,0.11750309741540454,0.31271072120902776,0.4647385714810097,0.6321205588285576,0.5627828084001811,0.5262092302802384
10,1,19.0,8,0.0,0.0,,0.11750309741540454,0.31271072120902776,0.4647385714810097,0.6321205588285576,0.4440130069187645,0.721982116262733
10,1,20.0,8,0.0,0.0,,0.11750309741540454,0.31271072120902776,0.4647385714810097,0.6321205588285576,0.43152158304963245,0.5573983126600386
10,1,21.0,8,0.0,0.0,,0.11750309741540454,0.31271072120902776,0.4647385714810097,0.6321205588285576,0.5243218031259657,0.7197425136041341
10,1,22.0,8,0.0,0.0,,0.11750309741540454,0.31271072120902776,0.4647385714810097,0.6321205588285576,0.7709932216991261,0.6594895788514595
10,1,23.0,8,0.0,0.0,,0.11750309741540454,0.31271072120902776,0.4647385714810097,0.6321205588285576,0.8005496021365524,0.44047715861531495
10,1,24.0,8,0.0,0.0,,0.11750309741540454,0.31271072120902776,0.4647385714810097,0.6321205588285576,0.6019443683095946,0.4709967216274273
10,1,25.0,8,0.0,0.0,,0.11750309741540454,0.31271072120902776,0.4647385714810097,0.6321205588285576,0.5510201152456922,0.5702525165362162
10,1,26.0,8,0.0,0.0,,0.11750309741540454,0.31271072120902776,0.4647385714810097,0.6321205588285576,0.6861852989973336,0.6548307650857466
10,1,27.0,8,0.0,0.0,,0.11750309741540454,0.31271072120902776,0.4647385714810097,0.6321205588285576,0.4921381551052718,0.37790625109645587
10,1,28.0,8,0.0,0.0,,0.11750309741540454,0.31271072120902776,0.4647385714810097,0.6321205588285576,0.5753671622452442,0.8659522637623125
10,1,29.0,8,0.0,0.0,,0.11750309741540454,0.31271072120902776,0.4647385714810097,0.6321205588285576,0.5466906975045778,0.7156833980647693
10,1,30.0,8,0.0,0.0,,0.11750309741540454,0.31271072120902776,0.4647385714810097,0.6321205588285576,0.6664083198294735,0.4666828092778677
10,1,31.0,8,0.0,0.0,,0.11750309741540454,0.31271072120902776,0.4647385714810097,0.6321205588285576,0.6151631585576427,0.3815007418748889
10,1,32.0,8,0.0,0.0,,0.11750309741540454,0.31271072120902776,0.4647385714810097,0.6321205588285576,0.6936748411393137,0.45621466054867543
10,1,33.0,8,0.0,0.0,,0.11750309741540454,0.31271072120902776,0.4647385714810097,0.6321205588285576,0.6687150690988736,0.5829258943815733
10,1,34.0,8,0.0,0.0,,0.11750309741540454,0.31271072120902776,0.4647385714810097,0.6321205588285576,0.42875862543381266,0.48960097270571695
10,1,35.0,8,0.0,0.0,,0.11750309741540454,0.31271072120902776,0.4647385714810097,0.6321205588285576,0.4995246541183511,0.5218319525924757
10,1,36.0,8,0.0,0.0,,0.11750309741540454,0.31271072120902776,0.4647385714810097,0.6321205588285576,0.6797419909499723,0.6861466449634683
10,1,37.0,8,0.0,0.0,,0.11750309741540454,0.31271072120902776,0.4647385714810097,0.6321205588285576,0.581649385758773,0.6061860332808023
10,1,38.0,8,0.0,0.0,,0.11750309741540454,0.31271072120902776,0.4647385714810097,0.6321205588285576,0.6286445944285148,0.41734203447859014
10,1,39.0,8,0.0,0.0,,0.11750309741540454,0.31271072120902776,0.4647385714810097,0.6321205588285576,0.7180708229104604,0.4759984706875969
10,1,40.0,8,0.0,0.0,,0.11750309741540454,0.31271072120902776,0.4647385714810097,0.6321205588285576,0.6486535754813672,0.894933097909807
10,1,41.0,8,0.0,0.0,,0.11750309741540454,0.31271072120902776,0.4647385714810097,0.6321205588285576,0.4963399178959892,0.4904352182360966
10,1,42.0,8,0.0,0.0,,0.11750309741540454,0.31271072120902776,0.4647385714810097,0.6321205588285576,0.5779539564504953,0.49949047336388064
10,1,43.0,8,0.0,0.0,,0.11750309741540454,0.31271072120902776,0.4647385714810097,0.6321205588285576,0.6685418328558754,0.6365205318256988
10,1,44.0,8,0.0,0.0,,0.11750309741540454,0.31271072120902776,0.4647385714810097,0.6321205588285576,0.5823509335209491,0.7018242139867479
10,1,45.0,8,0.0,0.0,,0.11750309741540454,0.31271072120902776,0.4647385714810097,0.6321205588285576,0.6628966566431088,0.7713836633603409
10,1,46.0,8,0.0,0.0,,0.11750309741540454,0.31271072120902776,0.4647385714810097,0.6321205588285576,0.5373535999196658,0.7860685851221483
10,1,47.0,8,0.0,0.0,,0.11750309741540454,0.31271072120902776,0.4647385714810097,0.6321205588285576,0.6695822071928156,0.39685364397331363
10,1,48.0,8,0.0,0.0,,0.11750309741540454,0.31271072120902776,0.4647385714810097,0.6321205588285576,0.7305246526681282,0.7358552579724709
10,1,49.0,8,0.0,0.0,,0.11750309741540454,0.31271072120902776,0.4647385714810097,0.6321205588285576,0.6406011659252894,0.4584964973397835
10,1,50.0,8,0.0,0.0,,0.11750309741540454,0.31271072120902776,0.4647385714810097,0.6321205588285576,0.5435596314813811,0.42672502844778093
10,1,51.0,8,0.0,0.0,,0.11750309741540454,0.31271072120902776,0.4647385714810097,0.6321205588285576,0.7191273503030865,0.8378258901006358
10,1,52.0,8,0.0,0.0,,0.11750309741540454,0.31271072120902776,0.4647385714810097,0.6321205588285576,0.6284765227272,0.6028834617405547
10,1,53.0,8,0.0,0.0,,0.11750309741540454,0.31271072120902776,0.4647385714810097,0.6321205588285576,0.6157135445525103,0.47171788879095844
10,1,54.0,8,0.0,0.0,,0.11750309741540454,0.31271072120902776,0.4647385714810097,0.6321205588285576,0.5031760305056446,0.5569348779055237
10,1,55.0,8,0.0,0.0,,0.11750309741540454,0.31271072120902776,0.4647385714810097,0.6321205588285576,0.6275063899594797,0.6805395829510033
10,1,56.0,8,0.0,0.0,,0.11750309741540454,0.31271072120902776,0.4647385714810097,0.6321205588285576,0.6100422160051546,0.7400446879603336
10,1,57.0,8,0.0,0.0,,0.11750309741540454,0.31271072120902776,0.4647385714810097,0.6321205588285576,0.7092012610820079,0.46255492148319266
10,1,58.0,8,0.0,0.0,,0.11750309741540454,0.31271072120902776,0.4647385714810097,0.6321205588285576,0.667014174783797,0.6283321150364664
10,1,59.0,8,0.0,0.0,,0.11750309741540454,0.31271072120902776,0.4647385714810097,0.6321205588285576,0.6854060483985867,0.538419669950873
10,1,60.0,8,0.0,0.0,,0.11750309741540454,0.31271072120902776,0.4647385714810097,0.6321205588285576,0.6396770544220182,0.4718666527132352
10,1,61.0,8,0.0,0.0,,0.11750309741540454,0.31271072120902776,0.4647385714810097,0.6321205588285576,0.6516407892862007,0.7073802956336902
10,1,62.0,8,0.0,0.0,,0.11750309741540454,0.31271072120902776,0.4647385714810097,0.6321205588285576,0.6604225804152645,0.6593695422566436
10,1,63.0,8,0.0,0.0,,0.11750309741540454,0.31271072120902776,0.4647385714810097,0.6321205588285576,0.532764096612807,0.5334299924698043
10,1,64.0,8,0.0,0.0,,0.11750309741540454,0.31271072120902776,0.4647385714810097,0.6321205588285576,0.6760348440413397,0.7024317542107326
10,1,65.0,8,0.0,0.0,,0.11750309741540454,0.31271072120902776,0.4647385714810097,0.6321205588285576,0.5833899689169642,0.520098104653914
10,1,66.0,8,0.0,0.0,,0.11750309741540454,0.31271072120902776,0.4647385714810097,0.6321205588285576,0.5561522194728716,0.30266463610339733
10,1,67.0,8,0.0,0.0,,0.11750309741540454,0.31271072120902776,0.4647385714810097,0.6321205588285576,0.42674345719485685,0.5100600270810722
10,1,68.0,8,0.0,0.0,,0.11750309741540454,0.31271072120902776,0.4647385714810097,0.6321205588285576,0.6101289323216255,0.7084632597154317
10,1,69.0,8,0.0,0.0,,0.11750309741540454,0.31271072120902776,0.4647385714810097,0.6321205588285576,0.5825435031844814,0.4921751807981053
10,1,70.0,8,0.0,0.0,,0.11750309741540454,0.31271072120902776,0.4647385714810097,0.6321205588285576,0.6174845360186917,0.24047190891033016
10,1,71.0,8,0.0,0.0,,0.11750309741540454,0.31271072120902776,0.4647385714810097,0.6321205588285576,0.446989939550135,0.582530318290748
10,1,72.0,8,0.0,0.0,,0.11750309741540454,0.31271072120902776,0.4647385714810097,0.6321205588285576,0.6651151062500443,0.8155919324581818
10,1,73.0,8,0.0,0.0,,0.11750309741540454,0.31271072120902776,0.4647385714810097,0.6321205588285576,0.6101101483452938,0.6959694888269417
10,1,74.0,8,0.0,0.0,,0.11750309741540454,0.31271072120902776,0.4647385714810097,0.6321205588285576,0.7709075930309611,0.5172289955392056
10,1,75.0,8,0.0,0.0,,0.11750309741540454,0.31271072120902776,0.4647385714810097,0.6321205588285576,0.597618601786373,0.5026387813839929
10,1,76.0,8,0.0,0.0,,0.11750309741540454,0.31271072120902776,0.4647385714810097,0.6321205588285576,0.6189815510474115,0.528376379174746
10,1,77.0,8,0.0,0.0,,0.11750309741540454,0.31271072120902776,0.4647385714810097,0.6321205588285576,0.66632475058571,0.5379419170858991
10,1,78.0,8,0.0,0.0,,0.11750309741540454,0.31271072120902776,0.4647385714810097,0.6321205588285576,0.7893436053587214,0.44426269800920676
10,1,79.0,8,0.0,0.0,,0.11750309741540454,0.31271072120902776,0.4647385714810097,0.6321205588285576,0.6319100379131641,0.5170235283295541
10,1,80.0,8,0.0,0.0,,0.11750309741540454,0.31271072120902776,0.4647385714810097,0.6321205588285576,0.6698708768563907,0.47283966325913795
10,1,81.0,8,0.0,0.0,,0.11750309741540454,0.31271072120902776,0.4647385714810097,0.6321205588285576,0.5555318717493012,0.6868305755835725
10,1,82.0,8,0.0,0.0,,0.11750309741540454,0.31271072120902776,0.4647385714810097,0.6321205588285576,0.6214799339000207,0.6984701216368132
10,1,83.0,8,0.0,0.0,,0.11750309741540454,0.31271072120902776,0.4647385714810097,0.6321205588285576,0.5469246146342296,0.6100623869571573
10,1,84.0,8,0.0,0.0,,0.11750309741540454,0.31271072120902776,0.4647385714810097,0.6321205588285576,0.5865492791762439,0.38524594100223
10,1,85.0,8,0.0,0.0,,0.11750309741540454,0.31271072120902776,0.4647385714810097,0.6321205588285576,0.654901237230629,0.7087635322754722
10,1,86.0,8,0.0,0.0,,0.11750309741540454,0.31271072120902776,0.4647385714810097,0.6321205588285576,0.5686973264857096,0.8609879737618042
10,1,87.0,8,0.0,0.0,,0.11750309741540454,0.31271072120902776,0.4647385714810097,0.6321205588285576,0.6488569522300621,0.5895804586743508
10,1,88.0,8,0.0,0.0,,0.11750309741540454,0.31271072120902776,0.4647385714810097,0.6321205588285576,0.6809663004612962,0.509313704661184
10,1,89.0,8,0.0,0.0,,0.11750309741540454,0.31271072120902776,0.4647385714810097,0.6321205588285576,0.6401933026469196,0.7649763505306124
10,1,90.0,8,0.0,0.0,,0.11750309741540454,0.31271072120902776,0.4647385714810097,0.6321205588285576,0.7457789689874916,0.6162541229656335
10,1,91.0,8,0.0,0.0,,0.11750309741540454,0.31271072120902776,0.4647385714810097,0.6321205588285576,0.7118189615956105,0.723326088810148
10,1,92.0,8,0.0,0.0,,0.11750309741540454,0.31271072120902776,0.4647385714810097,0.6321205588285576,0.5808534385897883,0.5160717895293687
10,1,93.0,8,0.0,0.0,,0.11750309741540454,0.31271072120902776,0.4647385714810097,0.6321205588285576,0.5686691919472964,0.650844337319796
10,1,94.0,8,0.0,0.0,,0.11750309741540454,0.31271072120902776,0.4647385714810097,0.6321205588285576,0.7038373879684308,0.5718793616378328
10,1,95.0,8,0.0,0.0,,0.11750309741540454,0.31271072120902776,0.4647385714810097,0.6321205588285576,0.6576337434933526,0.5181971077917849
10,1,96.0,8,0.0,0.0,,0.11750309741540454,0.31271072120902776,0.4647385714810097,0.6321205588285576,0.494689742812551,0.5332488971309238
10,1,97.0,8,0.0,0.0,,0.11750309741540454,0.31271072120902776,0.4647385714810097,0.6321205588285576,0.5984482597126217,0.5205326473960605
10,1,98.0,8,0.0,0.0,,0.11750309741540454,0.31271072120902776,0.4647385714810097,0.6321205588285576,0.5554159091687582,0.6426165297950671
10,1,99.0,8,0.0,0.0,,0.11750309741540454,0.31271072120902776,0.4647385714810097,0.6321205588285576,0.47124848332869745,0.417279281955926
10,1,100.0,8,0.0,0.0,,0.11750309741540454,0.31271072120902776,0.4647385714810097,0.6321205588285576,0.5507269594273663,0.5690214169749624
11,1,1.0,10,0.0,0.0,,0.09516258196404048,0.2591817793182821,0.39346934028736663,0.5506710358827785,0.5896596998075196,0.5063609951756629
11,1,2.0,10,0.0,0.0,,0.09516258196404048,0.2591817793182821,0.39346934028736663,0.5506710358827785,0.6886692737263514,0.7387164770877315
11,1,3.0,10,0.0,0.0,,0.09516258196404048,0.2591817793182821,0.39346934028736663,0.5506710358827785,0.6132519169737319,0.717669738861446
11,1,4.0,10,0.0,0.0,,0.09516258196404048,0.2591817793182821,0.39346934028736663,0.5506710358827785,0.6137681323725019,0.32774201161406785
11,1,5.0,10,0.0,0.0,,0.09516258196404048,0.2591817793182821,0.39346934028736663,0.5506710358827785,0.6753238169595004,0.6125521461978845
11,1,6.0,10,0.0,0.0,,0.09516258196404048,0.2591817793182821,0.39346934028736663,0.5506710358827785,0.6811019290850988,0.5763816283440379
11,1,7.0,10,0.0,0.0,,0.09516258196404048,0.2591817793182821,0.39346934028736663,0.5506710358827785,0.6196622685261408,0.5622398553125282
11,1,8.0,10,0.0,0.0,,0.09516258196404048,0.2591817793182821,0.39346934028736663,0.5506710358827785,0.6266539713034855,0.7162555871352771
11,1,9.0,10,0.0,0.0,,0.09516258196404048,0.2591817793182821,0.39346934028736663,0.5506710358827785,0.5686374875263427,0.39055152865535614
11,1,10.0,10,0.0,0.0,,0.09516258196404048,0.2591817793182821,0.39346934028736663,0.5506710358827785,0.6293945838317608,0.7264084300897277
11,1,11.0,10,0.0,0.0,,0.09516258196404048,0.2591817793182821,0.39346934028736663,0.5506710358827785,0.5705883666080693,0.4574216612124625
11,1,12.0,10,0.0,0.0,,0.09516258196404048,0.2591817793182821,0.39346934028736663,0.5506710358827785,0.6079912073616217,0.7542776425972331
11,1,13.0,10,0.0,0.0,,0.09516258196404048,0.2591817793182821,0.39346934028736663,0.5506710358827785,0.5778891832009828,0.6980466009277803
11,1,14.0,10,0.0,0.0,,0.09516258196404048,0.2591817793182821,0.39346934028736663,0.5506710358827785,0.5639930168536397,0.5082058020921665
11,1,15.0,10,0.0,0.0,,0.09516258196404048,0.2591817793182821,0.39346934028736663,0.5506710358827785,0.6451758471855775,0.7675828128787183
11,1,16.0,10,0.0,0.0,,0.09516258196404048,0.2591817793182821,0.39346934028736663,0.5506710358827785,0.671532618210784,0.6249790068960211
11,1,17.0,10,0.0,0.0,,0.09516258196404048,0.2591817793182821,0.39346934028736663,0.5506710358827785,0.5927310358926248,0.373054976140468
11,1,18.0,10,0.0,0.0,,0.09516258196404048,0.2591817793182821,0.39346934028736663,0.5506710358827785,0.6348739622270345,0.5099318000434313
11,1,19.0,10,0.0,0.0,,0.09516258196404048,0.2591817793182821,0.39346934028736663,0.5506710358827785,0.6520107128059037,0.554210005265993
11,1,20.0,10,0.0,0.0,,0.09516258196404048,0.2591817793182821,0.39346934028736663,0.5506710358827785,0.5998943077991422,0.6472291318666932
11,1,21.0,10,0.0,0.0,,0.09516258196404048,0.2591817793182821,0.39346934028736663,0.5506710358827785,0.6757853819460514,0.8269990391229027
11,1,22.0,10,0.0,0.0,,0.09516258196404048,0.2591817793182821,0.39346934028736663,0.5506710358827785,0.679181664146881,0.3722487934590551
11,1,23.0,10,0.0,0.0,,0.09516258196404048,0.2591817793182821,0.39346934028736663,0.5506710358827785,0.687828964562625,0.42811285641782726
11,1,24.0,10,0.0,0.0,,0.09516258196404048,0.2591817793182821,0.39346934028736663,0.5506710358827785,0.6339093158450144,0.738642078470279
11,1,25.0,10,0.0,0.0,,0.09516258196404048,0.2591817793182821,0.39346934028736663,0.5506710358827785,0.6719954537706234,0.5839702058655192
11,1,26.0,10,0.0,0.0,,0.09516258196404048,0.2591817793182821,0.39346934028736663,0.5506710358827785,0.6177310103484335,0.36213346675189506
11,1,27.0,10,0.0,0.0,,0.09516258196404048,0.2591817793182821,0.39346934028736663,0.5506710358827785,0.5658354231088591,0.7163051913748176
11,1,28.0,10,0.0,0.0,,0.09516258196404048,0.2591817793182821,0.39346934028736663,0.5506710358827785,0.5811138537717966,0.486218789663751
11,1,29.0,10,0.0,0.0,,0.09516258196404048,0.2591817793182821,0.39346934028736663,0.5506710358827785,0.5952355033529172,0.6962987569021408
11,1,30.0,10,0.0,0.0,,0.09516258196404048,0.2591817793182821,0.39346934028736663,0.5506710358827785,0.6460935899530209,0.5497625634759326
11,1,31.0,10,0.0,0.0,,0.09516258196404048,0.2591817793182821,0.39346934028736663,0.5506710358827785,0.6760478641962585,0.6432469071028777
11,1,32.0,10,0.0,0.0,,0.09516258196404048,0.2591817793182821,0.39346934028736663,0.5506710358827785,0.6265082750981243,0.49403902329854665
11,1,33.0,10,0.0,0.0,,0.09516258196404048,0.2591817793182821,0.39346934028736663,0.5506710358827785,0.6855521886394709,0.4787797958205126
11,1,34.0,10,0.0,0.0,,0.09516258196404048,0.2591817793182821,0.39346934028736663,0.5506710358827785,0.6982565168300676,0.6553492046690274
11,1,35.0,10,0.0,0.0,,0.09516258196404048,0.2591817793182821,0.39346934028736663,0.5506710358827785,0.7229210121432548,0.48283624495999333
11,1,36.0,10,0.0,0.0,,0.09516258196404048,0.2591817793182821,0.39346934028736663,0.5506710358827785,0.654496776938313,0.49539860704611594
11,1,37.0,10,0.0,0.0,,0.09516258196404048,0.2591817793182821,0.39346934028736663,0.5506710358827785,0.6783670577350043,0.5679278030068374
11,1,38.0,10,0.0,0.0,,0.09516258196404048,0.2591817793182821,0.39346934028736663,0.5506710358827785,0.6760326099100066,0.40389012668810187
11,1,39.0,10,0.0,0.0,,0.09516258196404048,0.2591817793182821,0.39346934028736663,0.5506710358827785,0.5840795678723695,0.5313664121019281
11,1,40.0,10,0.0,0.0,,0.09516258196404048,0.2591817793182821,0.39346934028736663,0.5506710358827785,0.6964493928670177,0.6703751812071103
11,1,41.0,10,0.0,0.0,,0.09516258196404048,0.2591817793182821,0.39346934028736663,0.5506710358827785,0.6329487538552512,0.5982228549016597
11,1,42.0,10,0.0,0.0,,0.09516258196404048,0.2591817793182821,0.39346934028736663,0.5506710358827785,0.5569618323500651,0.5894916271610295
11,1,43.0,10,0.0,0.0,,0.09516258196404048,0.2591817793182821,0.39346934028736663,0.5506710358827785,0.5872314543005018,0.4549805147973456
11,1,44.0,10,0.0,0.0,,0.09516258196404048,0.2591817793182821,0.39346934028736663,0.5506710358827785,0.6432210050038789,0.5640842484189401
11,1,45.0,10,0.0,0.0,,0.09516258196404048,0.2591817793182821,0.39346934028736663,0.5506710358827785,0.667663242083447,0.6294572189857035
11,1,46.0,10,0.0,0.0,,0.09516258196404048,0.2591817793182821,0.39346934028736663,0.5506710358827785,0.5906121117525109,0.5517803943467983
11,1,47.0,10,0.0,0.0,,0.09516258196404048,0.2591817793182821,0.39346934028736663,0.5506710358827785,0.664682524625443,0.7376304978533235
11,1,48.0,10,0.0,0.0,,0.09516258196404048,0.2591817793182821,0.39346934028736663,0.5506710358827785,0.533720099725385,0.6139316367555147
11,1,49.0,10,0.0,0.0,,0.09516258196404048,0.2591817793182821,0.39346934028736663,0.5506710358827785,0.6545461081319357,0.5702389212481932
11,1,50.0,10,0.0,0.0,,0.09516258196404048,0.2591817793182821,0.39346934028736663,0.5506710358827785,0.6209814568014552,0.8139646117965613
11,1,51.0,10,0.0,0.0,,0.09516258196404048,0.2591817793182821,0.39346934028736663,0.5506710358827785,0.6847234295062871,0.6746198171764808
11,1,52.0,10,0.0,0.0,,0.09516258196404048,0.2591817793182821,0.39346934028736663,0.5506710358827785,0.6261366315326878,0.7713234179936739
11,1,53.0,10,0.0,0.0,,0.09516258196404048,0.2591817793182821,0.39346934028736663,0.5506710358827785,0.627422455782966,0.6839041597820246
11,1,54.0,10,0.0,0.0,,0.09516258196404048,0.2591817793182821,0.39346934028736663,0.5506710358827785,0.652359140816133,0.6406816660979235
11,1,55.0,10,0.0,0.0,,0.09516258196404048,0.2591817793182821,0.39346934028736663,0.5506710358827785,0.5902575136911693,0.6314798752349564
11,1,56.0,10,0.0,0.0,,0.09516258196404048,0.2591817793182821,0.39346934028736663,0.5506710358827785,0.686362896949008,0.45706343618516587
11,1,57.0,10,0.0,0.0,,0.09516258196404048,0.2591817793182821,0.39346934028736663,0.5506710358827785,0.5905758873193897,0.40970642049814654
11,1,58.0,10,0.0,0.0,,0.09516258196404048,0.2591817793182821,0.39346934028736663,0.5506710358827785,0.5779061066026303,0.6363253023535448
11,1,59.0,10,0.0,0.0,,0.09516258196404048,0.2591817793182821,0.39346934028736663,0.5506710358827785,0.6473249329957008,0.8097582542970679
11,1,60.0,10,0.0,0.0,,0.09516258196404048,0.2591817793182821,0.39346934028736663,0.5506710358827785,0.6001894232189371,0.4309462094052951
11,1,61.0,10,0.0,0.0,,0.09516258196404048,0.2591817793182821,0.39346934028736663,0.5506710358827785,0.6162431548038267,0.5355835496584038
11,1,62.0,10,0.0,0.0,,0.09516258196404048,0.2591817793182821,0.39346934028736663,0.5506710358827785,0.6261891008540524,0.515093513473868
11,1,63.0,10,0.0,0.0,,0.09516258196404048,0.2591817793182821,0.39346934028736663,0.5506710358827785,0.5682416219351816,0.3377758185398499
11,1,64.0,10,0.0,0.0,,0.09516258196404048,0.2591817793182821,0.39346934028736663,0.5506710358827785,0.5163365454851979,0.4764747285083318
11,1,65.0,10,0.0,0.0,,0.09516258196404048,0.2591817793182821,0.39346934028736663,0.5506710358827785,0.6705687879657564,0.5657061706715394
11,1,66.0,10,0.0,0.0,,0.09516258196404048,0.2591817793182821,0.39346934028736663,0.5506710358827785,0.6456182142238301,0.6550313719312598
11,1,67.0,10,0.0,0.0,,0.09516258196404048,0.2591817793182821,0.39346934028736663,0.5506710358827785,0.643702875365933,0.592007568071754
11,1,68.0,10,0.0,0.0,,0.09516258196404048,0.2591817793182821,0.39346934028736663,0.5506710358827785,0.6107591482093995,0.6750395796798185
11,1,69.0,10,0.0,0.0,,0.09516258196404048,0.2591817793182821,0.39346934028736663,0.5506710358827785,0.6853584606784662,0.7109419439631575
11,1,70.0,10,0.0,0.0,,0.09516258196404048,0.2591817793182821,0.39346934028736663,0.5506710358827785,0.6362981091130917,0.5252929811646101
11,1,71.0,10,0.0,0.0,,0.09516258196404048,0.2591817793182821,0.39346934028736663,0.5506710358827785,0.6783648849043209,0.44265482203893347
11,1,72.0,10,0.0,0.0,,0.09516258196404048,0.2591817793182821,0.39346934028736663,0.5506710358827785,0.5349892292352392,0.49687261130931065
11,1,73.0,10,0.0,0.0,,0.09516258196404048,0.2591817793182821,0.39346934028736663,0.5506710358827785,0.6998724640980473,0.5449017419030202
11,1,74.0,10,0.0,0.0,,0.09516258196404048,0.2591817793182821,0.39346934028736663,0.5506710358827785,0.6020738330096728,0.4784403836503139
11,1,75.0,10,0.0,0.0,,0.09516258196404048,0.2591817793182821,0.39346934028736663,0.5506710358827785,0.5854945198310517,0.7168385482352742
11,1,76.0,10,0.0,0.0,,0.09516258196404048,0.2591817793182821,0.39346934028736663,0.5506710358827785,0.6045268422501028,0.26516613059589333
11,1,77.0,10,0.0,0.0,,0.09516258196404048,0.2591817793182821,0.39346934028736663,0.5506710358827785,0.5039793118138247,0.4347414790612829
11,1,78.0,10,0.0,0.0,,0.09516258196404048,0.2591817793182821,0.39346934028736663,0.5506710358827785,0.6814650910271441,0.6494935800860738
11,1,79.0,10,0.0,0.0,,0.09516258196404048,0.2591817793182821,0.39346934028736663,0.5506710358827785,0.5602723221526825,0.49321091423111635
11,1,80.0,10,0.0,0.0,,0.09516258196404048,0.2591817793182821,0.39346934028736663,0.5506710358827785,0.630928159116272,0.7522584636755154
11,1,81.0,10,0.0,0.0,,0.09516258196404048,0.2591817793182821,0.39346934028736663,0.5506710358827785,0.6464613986723737,0.5866405471125905
11,1,82.0,10,0.0,0.0,,0.09516258196404048,0.2591817793182821,0.39346934028736663,0.5506710358827785,0.7776570352066766,0.5135101994848368
11,1,83.0,10,0.0,0.0,,0.09516258196404048,0.2591817793182821,0.39346934028736663,0.5506710358827785,0.6921631679937419,0.6626594110618863
11,1,84.0,10,0.0,0.0,,0.09516258196404048,0.2591817793182821,0.39346934028736663,0.5506710358827785,0.6741690298026215,0.6831655976595428
11,1,85.0,10,0.0,0.0,,0.09516258196404048,0.2591817793182821,0.39346934028736663,0.5506710358827785,0.5520250590710115,0.5041772585194018
11,1,86.0,10,0.0,0.0,,0.09516258196404048,0.2591817793182821,0.39346934028736663,0.5506710358827785,0.6002205979107743,0.6688438592028964
11,1,87.0,10,0.0,0.0,,0.09516258196404048,0.2591817793182821,0.39346934028736663,0.5506710358827785,0.6466746082332087,0.6223797202415079
11,1,88.0,10,0.0,0.0,,0.09516258196404048,0.2591817793182821,0.39346934028736663,0.5506710358827785,0.6045324745129731,0.6995813803283182
11,1,89.0,10,0.0,0.0,,0.09516258196404048,0.2591817793182821,0.39346934028736663,0.5506710358827785,0.6809999745736401,0.5694724743852512
11,1,90.0,10,0.0,0.0,,0.09516258196404048,0.2591817793182821,0.39346934028736663,0.5506710358827785,0.666496733755601,0.4872210267121363
11,1,91.0,10,0.0,0.0,,0.09516258196404048,0.2591817793182821,0.39346934028736663,0.5506710358827785,0.6337153055960029,0.45026391931954385
11,1,92.0,10,0.0,0.0,,0.09516258196404048,0.2591817793182821,0.39346934028736663,0.5506710358827785,0.576038986514223,0.6310487356534541
11,1,93.0,10,0.0,0.0,,0.09516258196404048,0.2591817793182821,0.39346934028736663,0.5506710358827785,0.6249849953595289,0.47569978414885894
11,1,94.0,10,0.0,0.0,,0.09516258196404048,0.2591817793182821,0.39346934028736663,0.5506710358827785,0.6240159847631287,0.741376429590664
11,1,95.0,10,0.0,0.0,,0.09516258196404048,0.2591817793182821,0.39346934028736663,0.5506710358827785,0.6403027648936053,0.5633974460533685
11,1,96.0,10,0.0,0.0,,0.09516258196404048,0.2591817793182821,0.39346934028736663,0.5506710358827785,0.6427119797542791,0.7112782416250201
11,1,97.0,10,0.0,0.0,,0.09516258196404048,0.2591817793182821,0.39346934028736663,0.5506710358827785,0.6268526120429997,0.6582680286986831
11,1,98.0,10,0.0,0.0,,0.09516258196404048,0.2591817793182821,0.39346934028736663,0.5506710358827785,0.619851944917264,0.5597909847349168
11,1,99.0,10,0.0,0.0,,0.09516258196404048,0.2591817793182821,0.39346934028736663,0.5506710358827785,0.6906631172848209,0.5944864857439925
11,1,100.0,10,0.0,0.0,,0.09516258196404048,0.2591817793182821,0.39346934028736663,0.5506710358827785,0.5569557853985365,0.6134598480152088
12,1,1.0,12,0.0,0.0,,0.07995558537067671,0.2211992169285951,0.34075936979955623,0.4865828809674079,0.6321205588285576,0.6361255517698748
12,1,2.0,12,0.0,0.0,,0.07995558537067671,0.2211992169285951,0.34075936979955623,0.4865828809674079,0.6321205588285576,0.6442242243820756
12,1,3.0,12,0.0,0.0,,0.07995558537067671,0.2211992169285951,0.34075936979955623,0.4865828809674079,0.6321205588285576,0.6716185518503232
12,1,4.0,12,0.0,0.0,,0.07995558537067671,0.2211992169285951,0.34075936979955623,0.4865828809674079,0.6321205588285576,0.4644774468881023
12,1,5.0,12,0.0,0.0,,0.07995558537067671,0.2211992169285951,0.34075936979955623,0.4865828809674079,0.6321205588285576,0.5147115558700377
12,1,6.0,12,0.0,0.0,,0.07995558537067671,0.2211992169285951,0.34075936979955623,0.4865828809674079,0.6321205588285576,0.7425551789904448
12,1,7.0,12,0.0,0.0,,0.07995558537067671,0.2211992169285951,0.34075936979955623,0.4865828809674079,0.6321205588285576,0.5573063558761013
12,1,8.0,12,0.0,0.0,,0.07995558537067671,0.2211992169285951,0.34075936979955623,0.4865828809674079,0.6321205588285576,0.5010103971775138
12,1,9.0,12,0.0,0.0,,0.07995558537067671,0.2211992169285951,0.34075936979955623,0.4865828809674079,0.6321205588285576,0.4160736863906946
12,1,10.0,12,0.0,0.0,,0.07995558537067671,0.2211992169285951,0.34075936979955623,0.4865828809674079,0.6321205588285576,0.5803365160243862
12,1,11.0,12,0.0,0.0,,0.07995558537067671,0.2211992169285951,0.34075936979955623,0.4865828809674079,0.6321205588285576,0.6322618030974304
12,1,12.0,12,0.0,0.0,,0.07995558537067671,0.2211992169285951,0.34075936979955623,0.4865828809674079,0.6321205588285576,0.5748579773224969
12,1,13.0,12,0.0,0.0,,0.07995558537067671,0.2211992169285951,0.34075936979955623,0.4865828809674079,0.6321205588285576,0.612248860046851
12,1,14.0,12,0.0,0.0,,0.07995558537067671,0.2211992169285951,0.34075936979955623,0.4865828809674079,0.6321205588285576,0.635370461350137
12,1,15.0,12,0.0,0.0,,0.07995558537067671,0.2211992169285951,0.34075936979955623,0.4865828809674079,0.6321205588285576,0.6510387243197018
12,1,16.0,12,0.0,0.0,,0.07995558537067671,0.2211992169285951,0.34075936979955623,0.4865828809674079,0.6321205588285576,0.635488581705358
12,1,17.0,12,0.0,0.0,,0.07995558537067671,0.2211992169285951,0.34075936979955623,0.4865828809674079,0.6321205588285576,0.6469450791052312
12,1,18.0,12,0.0,0.0,,0.07995558537067671,0.2211992169285951,0.34075936979955623,0.4865828809674079,0.6321205588285576,0.5657924202286208
12,1,19.0,12,0.0,0.0,,0.07995558537067671,0.2211992169285951,0.34075936979955623,0.4865828809674079,0.6321205588285576,0.5283528089339937
12,1,20.0,12,0.0,0.0,,0.07995558537067671,0.2211992169285951,0.34075936979955623,0.4865828809674079,0.6321205588285576,0.5772786312163155
12,1,21.0,12,0.0,0.0,,0.07995558537067671,0.2211992169285951,0.34075936979955623,0.4865828809674079,0.6321205588285576,0.6169547949027029
12,1,22.0,12,0.0,0.0,,0.07995558537067671,0.2211992169285951,0.34075936979955623,0.4865828809674079,0.6321205588285576,0.5810137405575962
12,1,23.0,12,0.0,0.0,,0.07995558537067671,0.2211992169285951,0.34075936979955623,0.4865828809674079,0.6321205588285576,0.6899640986879156
12,1,24.0,12,0.0,0.0,,0.07995558537067671,0.2211992169285951,0.34075936979955623,0.4865828809674079,0.6321205588285576,0.7510892300288181
12,1,25.0,12,0.0,0.0,,0.07995558537067671,0.2211992169285951,0.34075936979955623,0.4865828809674079,0.6321205588285576,0.6501242023588903
12,1,26.0,12,0.0,0.0,,0.07995558537067671,0.2211992169285951,0.34075936979955623,0.4865828809674079,0.6321205588285576,0.5145852416238361
12,1,27.0,12,0.0,0.0,,0.07995558537067671,0.2211992169285951,0.34075936979955623,0.4865828809674079,0.6321205588285576,0.5681285189982822
12,1,28.0,12,0.0,0.0,,0.07995558537067671,0.2211992169285951,0.34075936979955623,0.4865828809674079,0.6321205588285576,0.4854365828455832
12,1,29.0,12,0.0,0.0,,0.07995558537067671,0.2211992169285951,0.34075936979955623,0.4865828809674079,0.6321205588285576,0.4555941491738583
12,1,30.0,12,0.0,0.0,,0.07995558537067671,0.2211992169285951,0.34075936979955623,0.4865828809674079,0.6321205588285576,0.7408237869851912
12,1,31.0,12,0.0,0.0,,0.07995558537067671,0.2211992169285951,0.34075936979955623,0.4865828809674079,0.6321205588285576,0.5395088107257109
12,1,32.0,12,0.0,0.0,,0.07995558537067671,0.2211992169285951,0.34075936979955623,0.4865828809674079,0.6321205588285576,0.4716940786569023
12,1,33.0,12,0.0,0.0,,0.07995558537067671,0.2211992169285951,0.34075936979955623,0.4865828809674079,0.6321205588285576,0.4736596697524392
12,1,34.0,12,0.0,0.0,,0.07995558537067671,0.2211992169285951,0.34075936979955623,0.4865828809674079,0.6321205588285576,0.7125171100170979
12,1,35.0,12,0.0,0.0,,0.07995558537067671,0.2211992169285951,0.34075936979955623,0.4865828809674079,0.6321205588285576,0.6836839316415457
12,1,36.0,12,0.0,0.0,,0.07995558537067671,0.2211992169285951,0.34075936979955623,0.4865828809674079,0.6321205588285576,0.8597334658294253
12,1,37.0,12,0.0,0.0,,0.07995558537067671,0.2211992169285951,0.34075936979955623,0.4865828809674079,0.6321205588285576,0.626565163182504
12,1,38.0,12,0.0,0.0,,0.07995558537067671,0.2211992169285951,0.34075936979955623,0.4865828809674079,0.6321205588285576,0.42337816134919065
12,1,39.0,12,0.0,0.0,,0.07995558537067671,0.2211992169285951,0.34075936979955623,0.4865828809674079,0.6321205588285576,0.487134410035555
12,1,40.0,12,0.0,0.0,,0.07995558537067671,0.2211992169285951,0.34075936979955623,0.4865828809674079,0.6321205588285576,0.7715208210274515
12,1,41.0,12,0.0,0.0,,0.07995558537067671,0.2211992169285951,0.34075936979955623,0.4865828809674079,0.6321205588285576,0.6744633684414438
12,1,42.0,12,0.0,0.0,,0.07995558537067671,0.2211992169285951,0.34075936979955623,0.4865828809674079,0.6321205588285576,0.6870522384859357
12,1,43.0,12,0.0,0.0,,0.07995558537067671,0.2211992169285951,0.34075936979955623,0.4865828809674079,0.6321205588285576,0.5814660186630185
12,1,44.0,12,0.0,0.0,,0.07995558537067671,0.2211992169285951,0.34075936979955623,0.4865828809674079,0.6321205588285576,0.5847900045540391
12,1,45.0,12,0.0,0.0,,0.07995558537067671,0.2211992169285951,0.34075936979955623,0.4865828809674079,0.6321205588285576,0.5796142337172159
12,1,46.0,12,0.0,0.0,,0.07995558537067671,0.2211992169285951,0.34075936979955623,0.4865828809674079,0.6321205588285576,0.6616308173465437
12,1,47.0,12,0.0,0.0,,0.07995558537067671,0.2211992169285951,0.34075936979955623,0.4865828809674079,0.6321205588285576,0.754422824657172
12,1,48.0,12,0.0,0.0,,0.07995558537067671,0.2211992169285951,0.34075936979955623,0.4865828809674079,0.6321205588285576,0.5248012662234733
12,1,49.0,12,0.0,0.0,,0.07995558537067671,0.2211992169285951,0.34075936979955623,0.4865828809674079,0.6321205588285576,0.6344974860901885
12,1,50.0,12,0.0,0.0,,0.07995558537067671,0.2211992169285951,0.34075936979955623,0.4865828809674079,0.6321205588285576,0.545123169955866
12,1,51.0,12,0.0,0.0,,0.07995558537067671,0.2211992169285951,0.34075936979955623,0.4865828809674079,0.6321205588285576,0.6814523727885209
12,1,52.0,12,0.0,0.0,,0.07995558537067671,0.2211992169285951,0.34075936979955623,0.4865828809674079,0.6321205588285576,0.6515337507098935
12,1,53.0,12,0.0,0.0,,0.07995558537067671,0.2211992169285951,0.34075936979955623,0.4865828809674079,0.6321205588285576,0.7877442124953671
12,1,54.0,12,0.0,0.0,,0.07995558537067671,0.2211992169285951,0.34075936979955623,0.4865828809674079,0.6321205588285576,0.7226656377637243
12,1,55.0,12,0.0,0.0,,0.07995558537067671,0.2211992169285951,0.34075936979955623,0.4865828809674079,0.6321205588285576,0.6472506005162665
12,1,56.0,12,0.0,0.0,,0.07995558537067671,0.2211992169285951,0.34075936979955623,0.4865828809674079,0.6321205588285576,0.5200991322054557
12,1,57.0,12,0.0,0.0,,0.07995558537067671,0.2211992169285951,0.34075936979955623,0.4865828809674079,0.6321205588285576,0.4478090059701151
12,1,58.0,12,0.0,0.0,,0.07995558537067671,0.2211992169285951,0.34075936979955623,0.4865828809674079,0.6321205588285576,0.6982383402428438
12,1,59.0,12,0.0,0.0,,0.07995558537067671,0.2211992169285951,0.34075936979955623,0.4865828809674079,0.6321205588285576,0.6628741312982004
12,1,60.0,12,0.0,0.0,,0.07995558537067671,0.2211992169285951,0.34075936979955623,0.4865828809674079,0.6321205588285576,0.5686710464925081
12,1,61.0,12,0.0,0.0,,0.07995558537067671,0.2211992169285951,0.34075936979955623,0.4865828809674079,0.6321205588285576,0.6265693078359932
12,1,62.0,12,0.0,0.0,,0.07995558537067671,0.2211992169285951,0.34075936979955623,0.4865828809674079,0.6321205588285576,0.5633524834246124
12,1,63.0,12,0.0,0.0,,0.07995558537067671,0.2211992169285951,0.34075936979955623,0.4865828809674079,0.6321205588285576,0.48308690789319153
12,1,64.0,12,0.0,0.0,,0.07995558537067671,0.2211992169285951,0.34075936979955623,0.4865828809674079,0.6321205588285576,0.4965081277807074
12,1,65.0,12,0.0,0.0,,0.07995558537067671,0.2211992169285951,0.34075936979955623,0.4865828809674079,0.6321205588285576,0.5347861542290284
12,1,66.0,12,0.0,0.0,,0.07995558537067671,0.2211992169285951,0.34075936979955623,0.4865828809674079,0.6321205588285576,0.5498315581790498
12,1,67.0,12,0.0,0.0,,0.07995558537067671,0.2211992169285951,0.34075936979955623,0.4865828809674079,0.6321205588285576,0.5985197294403644
12,1,68.0,12,0.0,0.0,,0.07995558537067671,0.2211992169285951,0.34075936979955623,0.4865828809674079,0.6321205588285576,0.4803974690543787
12,1,69.0,12,0.0,0.0,,0.07995558537067671,0.2211992169285951,0.34075936979955623,0.4865828809674079,0.6321205588285576,0.7249075035464638
12,1,70.0,12,0.0,0.0,,0.07995558537067671,0.2211992169285951,0.34075936979955623,0.4865828809674079,0.6321205588285576,0.5641962955138832
12,1,71.0,12,0.0,0.0,,0.07995558537067671,0.2211992169285951,0.34075936979955623,0.4865828809674079,0.6321205588285576,0.5178645679715275
12,1,72.0,12,0.0,0.0,,0.07995558537067671,0.2211992169285951,0.34075936979955623,0.4865828809674079,0.6321205588285576,0.49004332824412955
12,1,73.0,12,0.0,0.0,,0.07995558537067671,0.2211992169285951,0.34075936979955623,0.4865828809674079,0.6321205588285576,0.38602202404540986
12,1,74.0,12,0.0,0.0,,0.07995558537067671,0.2211992169285951,0.34075936979955623,0.4865828809674079,0.6321205588285576,0.561412836444901
12,1,75.0,12,0.0,0.0,,0.07995558537067671,0.2211992169285951,0.34075936979955623,0.4865828809674079,0.6321205588285576,0.6997208468640814
12,1,76.0,12,0.0,0.0,,0.07995558537067671,0.2211992169285951,0.34075936979955623,0.4865828809674079,0.6321205588285576,0.5339326134533857
12,1,77.0,12,0.0,0.0,,0.07995558537067671,0.2211992169285951,0.34075936979955623,0.4865828809674079,0.6321205588285576,0.42147691356729877
12,1,78.0,12,0.0,0.0,,0.07995558537067671,0.2211992169285951,0.34075936979955623,0.4865828809674079,0.6321205588285576,0.4644387059378654
12,1,79.0,12,0.0,0.0,,0.07995558537067671,0.2211992169285951,0.34075936979955623,0.4865828809674079,0.6321205588285576,0.7085599431295095
12,1,80.0,12,0.0,0.0,,0.07995558537067671,0.2211992169285951,0.34075936979955623,0.4865828809674079,0.6321205588285576,0.6430837593981944
12,1,81.0,12,0.0,0.0,,0.07995558537067671,0.2211992169285951,0.34075936979955623,0.4865828809674079,0.6321205588285576,0.6068761211881298
12,1,82.0,12,0.0,0.0,,0.07995558537067671,0.2211992169285951,0.34075936979955623,0.4865828809674079,0.6321205588285576,0.38524750252998763
12,1,83.0,12,0.0,0.0,,0.07995558537067671,0.2211992169285951,0.34075936979955623,0.4865828809674079,0.6321205588285576,0.5307788478716151
12,1,84.0,12,0.0,0.0,,0.07995558537067671,0.2211992169285951,0.34075936979955623,0.4865828809674079,0.6321205588285576,0.4935763390754313
12,1,85.0,12,0.0,0.0,,0.07995558537067671,0.2211992169285951,0.34075936979955623,0.4865828809674079,0.6321205588285576,0.6191116639408203
12,1,86.0,12,0.0,0.0,,0.07995558537067671,0.2211992169285951,0.34075936979955623,0.4865828809674079,0.6321205588285576,0.6568056803739519
12,1,87.0,12,0.0,0.0,,0.07995558537067671,0.2211992169285951,0.34075936979955623,0.4865828809674079,0.6321205588285576,0.6387994399957335
12,1,88.0,12,0.0,0.0,,0.07995558537067671,0.2211992169285951,0.34075936979955623,0.4865828809674079,0.6321205588285576,0.3455271745094913
12,1,89.0,12,0.0,0.0,,0.07995558537067671,0.2211992169285951,0.34075936979955623,0.4865828809674079,0.6321205588285576,0.48516235639910954
12,1,90.0,12,0.0,0.0,,0.07995558537067671,0.2211992169285951,0.34075936979955623,0.4865828809674079,0.6321205588285576,0.4291034740746838
12,1,91.0,12,0.0,0.0,,0.07995558537067671,0.2211992169285951,0.34075936979955623,0.4865828809674079,0.6321205588285576,0.5816540219623886
12,1,92.0,12,0.0,0.0,,0.07995558537067671,0.2211992169285951,0.34075936979955623,0.4865828809674079,0.6321205588285576,0.7919098801579938
12,1,93.0,12,0.0,0.0,,0.07995558537067671,0.2211992169285951,0.34075936979955623,0.4865828809674079,0.6321205588285576,0.6513993859504589
12,1,94.0,12,0.0,0.0,,0.07995558537067671,0.2211992169285951,0.34075936979955623,0.4865828809674079,0.6321205588285576,0.5870063043823455
12,1,95.0,12,0.0,0.0,,0.07995558537067671,0.2211992169285951,0.34075936979955623,0.4865828809674079,0.6321205588285576,0.6392330815476542
12,1,96.0,12,0.0,0.0,,0.07995558537067671,0.2211992169285951,0.34075936979955623,0.4865828809674079,0.6321205588285576,0.7880734174862554
12,1,97.0,12,0.0,0.0,,0.07995558537067671,0.2211992169285951,0.34075936979955623,0.4865828809674079,0.6321205588285576,0.6278198460416697
12,1,98.0,12,0.0,0.0,,0.07995558537067671,0.2211992169285951,0.34075936979955623,0.4865828809674079,0.6321205588285576,0.5281034362003578
12,1,99.0,12,0.0,0.0,,0.07995558537067671,0.2211992169285951,0.34075936979955623,0.4865828809674079,0.6321205588285576,0.6908682424252722
12,1,100.0,12,0.0,0.0,,0.07995558537067671,0.2211992169285951,0.34075936979955623,0.4865828809674079,0.6321205588285576,0.6110182878689471
13,1,1.0,14,0.0,0.0,,0.06893722029597726,0.19288225299461068,0.30032746262486965,0.43528187799224066,0.57562715432305,0.5126239854247565
13,1,2.0,14,0.0,0.0,,0.06893722029597726,0.19288225299461068,0.30032746262486965,0.43528187799224066,0.57562715432305,0.7830269139639425
13,1,3.0,14,0.0,0.0,,0.06893722029597726,0.19288225299461068,0.30032746262486965,0.43528187799224066,0.57562715432305,0.64126016229635
13,1,4.0,14,0.0,0.0,,0.06893722029597726,0.19288225299461068,0.30032746262486965,0.43528187799224066,0.57562715432305,0.6079110235256439
13,1,5.0,14,0.0,0.0,,0.06893722029597726,0.19288225299461068,0.30032746262486965,0.43528187799224066,0.57562715432305,0.5477629385483852
13,1,6.0,14,0.0,0.0,,0.06893722029597726,0.19288225299461068,0.30032746262486965,0.43528187799224066,0.57562715432305,0.6381257755284098
13,1,7.0,14,0.0,0.0,,0.06893722029597726,0.19288225299461068,0.30032746262486965,0.43528187799224066,0.57562715432305,0.7083816895123657
13,1,8.0,14,0.0,0.0,,0.06893722029597726,0.19288225299461068,0.30032746262486965,0.43528187799224066,0.57562715432305,0.5316271393080285
13,1,9.0,14,0.0,0.0,,0.06893722029597726,0.19288225299461068,0.30032746262486965,0.43528187799224066,0.57562715432305,0.820618248224711
13,1,10.0,14,0.0,0.0,,0.06893722029597726,0.19288225299461068,0.30032746262486965,0.43528187799224066,0.57562715432305,0.6151008195327063
13,1,11.0,14,0.0,0.0,,0.06893722029597726,0.19288225299461068,0.30032746262486965,0.43528187799224066,0.57562715432305,0.5589052104309845
13,1,12.0,14,0.0,0.0,,0.06893722029597726,0.19288225299461068,0.30032746262486965,0.43528187799224066,0.57562715432305,0.7053658547924148
13,1,13.0,14,0.0,0.0,,0.06893722029597726,0.19288225299461068,0.30032746262486965,0.43528187799224066,0.57562715432305,0.7551900405204284
13,1,14.0,14,0.0,0.0,,0.06893722029597726,0.19288225299461068,0.30032746262486965,0.43528187799224066,0.57562715432305,0.506730049049278
13,1,15.0,14,0.0,0.0,,0.06893722029597726,0.19288225299461068,0.30032746262486965,0.43528187799224066,0.57562715432305,0.5593246200847277
13,1,16.0,14,0.0,0.0,,0.06893722029597726,0.19288225299461068,0.30032746262486965,0.43528187799224066,0.57562715432305,0.7340317685190468
13,1,17.0,14,0.0,0.0,,0.06893722029597726,0.19288225299461068,0.30032746262486965,0.43528187799224066,0.57562715432305,0.5443612468120247
13,1,18.0,14,0.0,0.0,,0.06893722029597726,0.19288225299461068,0.30032746262486965,0.43528187799224066,0.57562715432305,0.5201465133540208
13,1,19.0,14,0.0,0.0,,0.06893722029597726,0.19288225299461068,0.30032746262486965,0.43528187799224066,0.57562715432305,0.6389859479478691
13,1,20.0,14,0.0,0.0,,0.06893722029597726,0.19288225299461068,0.30032746262486965,0.43528187799224066,0.57562715432305,0.6122435132106391
13,1,21.0,14,0.0,0.0,,0.06893722029597726,0.19288225299461068,0.30032746262486965,0.43528187799224066,0.57562715432305,0.6893943927745443
13,1,22.0,14,0.0,0.0,,0.06893722029597726,0.19288225299461068,0.30032746262486965,0.43528187799224066,0.57562715432305,0.4720394725070376
13,1,23.0,14,0.0,0.0,,0.06893722029597726,0.19288225299461068,0.30032746262486965,0.43528187799224066,0.57562715432305,0.7690452105812224
13,1,24.0,14,0.0,0.0,,0.06893722029597726,0.19288225299461068,0.30032746262486965,0.43528187799224066,0.57562715432305,0.6853775148487738
13,1,25.0,14,0.0,0.0,,0.06893722029597726,0.19288225299461068,0.30032746262486965,0.43528187799224066,0.57562715432305,0.4395458710111063
13,1,26.0,14,0.0,0.0,,0.06893722029597726,0.19288225299461068,0.30032746262486965,0.43528187799224066,0.57562715432305,0.6214748494227633
13,1,27.0,14,0.0,0.0,,0.06893722029597726,0.19288225299461068,0.30032746262486965,0.43528187799224066,0.57562715432305,0.5856476006907758
13,1,28.0,14,0.0,0.0,,0.06893722029597726,0.19288225299461068,0.30032746262486965,0.43528187799224066,0.57562715432305,0.6145854601536695
13,1,29.0,14,0.0,0.0,,0.06893722029597726,0.19288225299461068,0.30032746262486965,0.43528187799224066,0.57562715432305,0.728504782875817
13,1,30.0,14,0.0,0.0,,0.06893722029597726,0.19288225299461068,0.30032746262486965,0.43528187799224066,0.57562715432305,0.557908279186633
13,1,31.0,14,0.0,0.0,,0.06893722029597726,0.19288225299461068,0.30032746262486965,0.43528187799224066,0.57562715432305,0.7494574183990024
13,1,32.0,14,0.0,0.0,,0.06893722029597726,0.19288225299461068,0.30032746262486965,0.43528187799224066,0.57562715432305,0.5673360178810154
13,1,33.0,14,0.0,0.0,,0.06893722029597726,0.19288225299461068,0.30032746262486965,0.43528187799224066,0.57562715432305,0.6551130005873099
13,1,34.0,14,0.0,0.0,,0.06893722029597726,0.19288225299461068,0.30032746262486965,0.43528187799224066,0.57562715432305,0.713351966921776
13,1,35.0,14,0.0,0.0,,0.06893722029597726,0.19288225299461068,0.30032746262486965,0.43528187799224066,0.57562715432305,0.6217682454224418
13,1,36.0,14,0.0,0.0,,0.06893722029597726,0.19288225299461068,0.30032746262486965,0.43528187799224066,0.57562715432305,0.5287703316597808
13,1,37.0,14,0.0,0.0,,0.06893722029597726,0.19288225299461068,0.30032746262486965,0.43528187799224066,0.57562715432305,0.7234767328873721
13,1,38.0,14,0.0,0.0,,0.06893722029597726,0.19288225299461068,0.30032746262486965,0.43528187799224066,0.57562715432305,0.6890730701895952
13,1,39.0,14,0.0,0.0,,0.06893722029597726,0.19288225299461068,0.30032746262486965,0.43528187799224066,0.57562715432305,0.7153005629666673
13,1,40.0,14,0.0,0.0,,0.06893722029597726,0.19288225299461068,0.30032746262486965,0.43528187799224066,0.57562715432305,0.626562413909827
13,1,41.0,14,0.0,0.0,,0.06893722029597726,0.19288225299461068,0.30032746262486965,0.43528187799224066,0.57562715432305,0.5613536652608055
13,1,42.0,14,0.0,0.0,,0.06893722029597726,0.19288225299461068,0.30032746262486965,0.43528187799224066,0.57562715432305,0.6907665812309681
13,1,43.0,14,0.0,0.0,,0.06893722029597726,0.19288225299461068,0.30032746262486965,0.43528187799224066,0.57562715432305,0.7748359456533378
13,1,44.0,14,0.0,0.0,,0.06893722029597726,0.19288225299461068,0.30032746262486965,0.43528187799224066,0.57562715432305,0.6183395966020399
13,1,45.0,14,0.0,0.0,,0.06893722029597726,0.19288225299461068,0.30032746262486965,0.43528187799224066,0.57562715432305,0.5248014964135337
13,1,46.0,14,0.0,0.0,,0.06893722029597726,0.19288225299461068,0.30032746262486965,0.43528187799224066,0.57562715432305,0.6736557709918622
13,1,47.0,14,0.0,0.0,,0.06893722029597726,0.19288225299461068,0.30032746262486965,0.43528187799224066,0.57562715432305,0.7225131664978983
13,1,48.0,14,0.0,0.0,,0.06893722029597726,0.19288225299461068,0.30032746262486965,0.43528187799224066,0.57562715432305,0.6032577322149436
13,1,49.0,14,0.0,0.0,,0.06893722029597726,0.19288225299461068,0.30032746262486965,0.43528187799224066,0.57562715432305,0.5183108293044223
13,1,50.0,14,0.0,0.0,,0.06893722029597726,0.19288225299461068,0.30032746262486965,0.43528187799224066,0.57562715432305,0.5251363568823424
13,1,51.0,14,0.0,0.0,,0.06893722029597726,0.19288225299461068,0.30032746262486965,0.43528187799224066,0.57562715432305,0.5556543143598826
13,1,52.0,14,0.0,0.0,,0.06893722029597726,0.19288225299461068,0.30032746262486965,0.43528187799224066,0.57562715432305,0.5437577448885661
13,1,53.0,14,0.0,0.0,,0.06893722029597726,0.19288225299461068,0.30032746262486965,0.43528187799224066,0.57562715432305,0.526046552406023
13,1,54.0,14,0.0,0.0,,0.06893722029597726,0.19288225299461068,0.30032746262486965,0.43528187799224066,0.57562715432305,0.5871050435865381
13,1,55.0,14,0.0,0.0,,0.06893722029597726,0.19288225299461068,0.30032746262486965,0.43528187799224066,0.57562715432305,0.6592657268956039
13,1,56.0,14,0.0,0.0,,0.06893722029597726,0.19288225299461068,0.30032746262486965,0.43528187799224066,0.57562715432305,0.7426216299549473
13,1,57.0,14,0.0,0.0,,0.06893722029597726,0.19288225299461068,0.30032746262486965,0.43528187799224066,0.57562715432305,0.7006688815323894
13,1,58.0,14,0.0,0.0,,0.06893722029597726,0.19288225299461068,0.30032746262486965,0.43528187799224066,0.57562715432305,0.7275019605670197
13,1,59.0,14,0.0,0.0,,0.06893722029597726,0.19288225299461068,0.30032746262486965,0.43528187799224066,0.57562715432305,0.6510395424017039
13,1,60.0,14,0.0,0.0,,0.06893722029597726,0.19288225299461068,0.30032746262486965,0.43528187799224066,0.57562715432305,0.5822860807166167
13,1,61.0,14,0.0,0.0,,0.06893722029597726,0.19288225299461068,0.30032746262486965,0.43528187799224066,0.57562715432305,0.6667451360730738
13,1,62.0,14,0.0,0.0,,0.06893722029597726,0.19288225299461068,0.30032746262486965,0.43528187799224066,0.57562715432305,0.45452856410849096
13,1,63.0,14,0.0,0.0,,0.06893722029597726,0.19288225299461068,0.30032746262486965,0.43528187799224066,0.57562715432305,0.4713112448607328
13,1,64.0,14,0.0,0.0,,0.06893722029597726,0.19288225299461068,0.30032746262486965,0.43528187799224066,0.57562715432305,0.777950505562043
13,1,65.0,14,0.0,0.0,,0.06893722029597726,0.19288225299461068,0.30032746262486965,0.43528187799224066,0.57562715432305,0.63633018171199
13,1,66.0,14,0.0,0.0,,0.06893722029597726,0.19288225299461068,0.30032746262486965,0.43528187799224066,0.57562715432305,0.45604338683009715
13,1,67.0,14,0.0,0.0,,0.06893722029597726,0.19288225299461068,0.30032746262486965,0.43528187799224066,0.57562715432305,0.4057147153563686
13,1,68.0,14,0.0,0.0,,0.06893722029597726,0.19288225299461068,0.30032746262486965,0.43528187799224066,0.57562715432305,0.5586214819992034
13,1,69.0,14,0.0,0.0,,0.06893722029597726,0.19288225299461068,0.30032746262486965,0.43528187799224066,0.57562715432305,0.6889073291723913
13,1,70.0,14,0.0,0.0,,0.06893722029597726,0.19288225299461068,0.30032746262486965,0.43528187799224066,0.57562715432305,0.6468995469890957
13,1,71.0,14,0.0,0.0,,0.06893722029597726,0.19288225299461068,0.30032746262486965,0.43528187799224066,0.57562715432305,0.6753459362193691
13,1,72.0,14,0.0,0.0,,0.06893722029597726,0.19288225299461068,0.30032746262486965,0.43528187799224066,0.57562715432305,0.6052483521994777
13,1,73.0,14,0.0,0.0,,0.06893722029597726,0.19288225299461068,0.30032746262486965,0.43528187799224066,0.57562715432305,0.5483396322504657
13,1,74.0,14,0.0,0.0,,0.06893722029597726,0.19288225299461068,0.30032746262486965,0.43528187799224066,0.57562715432305,0.629030548171859
13,1,75.0,14,0.0,0.0,,0.06893722029597726,0.19288225299461068,0.30032746262486965,0.43528187799224066,0.57562715432305,0.5466105215125239
13,1,76.0,14,0.0,0.0,,0.06893722029597726,0.19288225299461068,0.30032746262486965,0.43528187799224066,0.57562715432305,0.519973820541505
13,1,77.0,14,0.0,0.0,,0.06893722029597726,0.19288225299461068,0.30032746262486965,0.43528187799224066,0.57562715432305,0.6639087370589121
13,1,78.0,14,0.0,0.0,,0.06893722029597726,0.19288225299461068,0.30032746262486965,0.43528187799224066,0.57562715432305,0.5454826238368308
13,1,79.0,14,0.0,0.0,,0.06893722029597726,0.19288225299461068,0.30032746262486965,0.43528187799224066,0.57562715432305,0.7236000766863888
13,1,80.0,14,0.0,0.0,,0.06893722029597726,0.19288225299461068,0.30032746262486965,0.43528187799224066,0.57562715432305,0.6584998189939973
13,1,81.0,14,0.0,0.0,,0.06893722029597726,0.19288225299461068,0.30032746262486965,0.43528187799224066,0.57562715432305,0.7084448402854562
13,1,82.0,14,0.0,0.0,,0.06893722029597726,0.19288225299461068,0.30032746262486965,0.43528187799224066,0.57562715432305,0.5514664645813467
13,1,83.0,14,0.0,0.0,,0.06893722029597726,0.19288225299461068,0.30032746262486965,0.43528187799224066,0.57562715432305,0.7450043519693367
13,1,84.0,14,0.0,0.0,,0.06893722029597726,0.19288225299461068,0.30032746262486965,0.43528187799224066,0.57562715432305,0.7220123338400335
13,1,85.0,14,0.0,0.0,,0.06893722029597726,0.19288225299461068,0.30032746262486965,0.43528187799224066,0.57562715432305,0.485140214809089
13,1,86.0,14,0.0,0.0,,0.06893722029597726,0.19288225299461068,0.30032746262486965,0.43528187799224066,0.57562715432305,0.5859402492878701
13,1,87.0,14,0.0,0.0,,0.06893722029597726,0.19288225299461068,0.30032746262486965,0.43528187799224066,0.57562715432305,0.5852564168316199
13,1,88.0,14,0.0,0.0,,0.06893722029597726,0.19288225299461068,0.30032746262486965,0.43528187799224066,0.57562715432305,0.45420909902757145
13,1,89.0,14,0.0,0.0,,0.06893722029597726,0.19288225299461068,0.30032746262486965,0.43528187799224066,0.57562715432305,0.7482660815088925
13,1,90.0,14,0.0,0.0,,0.06893722029597726,0.19288225299461068,0.30032746262486965,0.43528187799224066,0.57562715432305,0.375145926354727
13,1,91.0,14,0.0,0.0,,0.06893722029597726,0.19288225299461068,0.30032746262486965,0.43528187799224066,0.57562715432305,0.5615194316063046
13,1,92.0,14,0.0,0.0,,0.06893722029597726,0.19288225299461068,0.30032746262486965,0.43528187799224066,0.57562715432305,0.4653965895904836
13,1,93.0,14,0.0,0.0,,0.06893722029597726,0.19288225299461068,0.30032746262486965,0.43528187799224066,0.57562715432305,0.7067928897696266
13,1,94.0,14,0.0,0.0,,0.06893722029597726,0.19288225299461068,0.30032746262486965,0.43528187799224066,0.57562715432305,0.5863637606800804
13,1,95.0,14,0.0,0.0,,0.06893722029597726,0.19288225299461068,0.30032746262486965,0.43528187799224066,0.57562715432305,0.7624761431146624
13,1,96.0,14,0.0,0.0,,0.06893722029597726,0.19288225299461068,0.30032746262486965,0.43528187799224066,0.57562715432305,0.5912932931347279
13,1,97.0,14,0.0,0.0,,0.06893722029597726,0.19288225299461068,0.30032746262486965,0.43528187799224066,0.57562715432305,0.5197225860491028
13,1,98.0,14,0.0,0.0,,0.06893722029597726,0.19288225299461068,0.30032746262486965,0.43528187799224066,0.57562715432305,0.7172992795730726
13,1,99.0,14,0.0,0.0,,0.06893722029597726,0.19288225299461068,0.30032746262486965,0.43528187799224066,0.57562715432305,0.5797011856566343
13,1,100.0,14,0.0,0.0,,0.06893722029597726,0.19288225299461068,0.30032746262486965,0.43528187799224066,0.57562715432305,0.5523222206952768
14,2,1.0,2,0.0,0.0,,0.39346934028736663,0.6546050903098273,0.5431432479329371,0.5951936761084161,0.35541180341632916,0.6528077319617493
14,2,2.0,2,0.0,0.0,,0.39346934028736663,0.6378984463116698,0.593630107679595,0.5777278418726883,0.7046548397976568,0.40623779382227837
14,2,3.0,2,0.0,0.0,,0.39346934028736663,0.6590522073772188,0.6967988305533518,0.8711242354036666,0.22149864939096112,0.4505558766240599
14,2,4.0,2,0.0,0.0,,0.39346934028736663,0.6658992699591154,0.5450548851061916,0.5837992091696796,0.7011276275775153,0.869421010683585
14,2,5.0,2,0.0,0.0,,0.39346934028736663,0.6097697234414541,0.5770748451910904,0.6489747232135257,0.37852396542150035,0.6523128280040373
14,2,6.0,2,0.0,0.0,,0.39346934028736663,0.6544108117389265,0.7398617621682286,0.465153459794586,0.4465204595999648,0.667021997387299
14,2,7.0,2,0.0,0.0,,0.39346934028736663,0.6374784527430615,0.4562590276630517,0.6170551553466085,0.5263399327110058,0.5559225697034877
14,2,8.0,2,0.0,0.0,,0.39346934028736663,0.6058778606550583,0.6614553223178664,0.7804830781079724,0.564218072957005,0.4310103264411948
14,2,9.0,2,0.0,0.0,,0.39346934028736663,0.6275459383311768,0.53451961593614,0.4758548778606924,0.4701716860710487,0.6297062194781969
14,2,10.0,2,0.0,0.0,,0.39346934028736663,0.6299677532562682,0.5681485523221171,0.4374198468548148,0.5581404763551819,0.6246468954358759
14,2,11.0,2,0.0,0.0,,0.39346934028736663,0.5904372081741288,0.6786420691964186,0.8588592984000727,0.695652481116879,0.6378359390048665
14,2,12.0,2,0.0,0.0,,0.39346934028736663,0.6214256875739583,0.7730937613099248,0.6249544756114485,0.5478406141934311,0.22393722473117292
14,2,13.0,2,0.0,0.0,,0.39346934028736663,0.6158141614366142,0.5014632143155983,0.660714801387247,0.30017706355440327,0.32880766495249963
14,2,14.0,2,0.0,0.0,,0.39346934028736663,0.6287832578188053,0.6479201817490943,0.7115094431841992,0.7071334084463162,0.5559615762768327
14,2,15.0,2,0.0,0.0,,0.39346934028736663,0.5626898549997887,0.6853670736622666,0.8658896306875385,0.6857026854714432,0.36175310194354504
14,2,16.0,2,0.0,0.0,,0.39346934028736663,0.6338470075464477,0.739463245241855,0.5761620189398441,0.6040356280823242,0.5786897519530229
14,2,17.0,2,0.0,0.0,,0.39346934028736663,0.6003653205135778,0.7024054299083299,0.45958325717770376,0.5888973417176289,0.47792507048426386
14,2,18.0,2,0.0,0.0,,0.39346934028736663,0.6296310289686142,0.6342305302161717,0.5470255153326611,0.5443030343767215,0.6185298342222174
14,2,19.0,2,0.0,0.0,,0.39346934028736663,0.6055028438991182,0.6938862194826119,0.5900750876943804,0.6264205136087975,0.4067798991993527
14,2,20.0,2,0.0,0.0,,0.39346934028736663,0.5980619565653266,0.6700751312569782,0.46580299752917853,0.3192798534957336,0.818920556934936
14,2,21.0,2,0.0,0.0,,0.39346934028736663,0.6155085390669586,0.6138618429570081,0.6571076111409696,0.5514678003669717,0.5526775288183803
14,2,22.0,2,0.0,0.0,,0.39346934028736663,0.5927308709649153,0.61408131246132,0.4746029668196218,0.6370580888363142,0.5482578761799376
14,2,23.0,2,0.0,0.0,,0.39346934028736663,0.6411444659797585,0.7453532741236556,0.540748176534778,0.38980989427723856,0.7709001537096194
14,2,24.0,2,0.0,0.0,,0.39346934028736663,0.6324130901484459,0.50059919577568,0.6689452120260522,0.3629336902073209,0.5836275579957537
14,2,25.0,2,0.0,0.0,,0.39346934028736663,0.6162107877563953,0.6354208940928777,0.75023118487768,0.4929715098377085,0.4948381819463378
14,2,26.0,2,0.0,0.0,,0.39346934028736663,0.6585409603962382,0.5742572603927688,0.5945201803649139,0.45670974727404745,0.44735736136628496
14,2,27.0,2,0.0,0.0,,0.39346934028736663,0.6354201640525547,0.5572780149726307,0.3839557358822135,0.5337938269106624,0.384585443870394
14,2,28.0,2,0.0,0.0,,0.39346934028736663,0.5874024968216585,0.5968005369256184,0.6203701165717047,0.5669419647714852,0.45546887499592226
14,2,29.0,2,0.0,0.0,,0.39346934028736663,0.6282914472869899,0.7277318746827819,0.4581504859769362,0.5177515253761816,0.4662991337054274
14,2,30.0,2,0.0,0.0,,0.39346934028736663,0.6344698508153902,0.6782114067013338,0.5193177823463346,0.7366825777249063,0.202372814618709
14,2,31.0,2,0.0,0.0,,0.39346934028736663,0.621802873998424,0.4923131279966098,0.5468210433679699,0.6719703490760907,0.4416614084678098
14,2,32.0,2,0.0,0.0,,0.39346934028736663,0.6116765011848034,0.5525704536020439,0.714969561793466,0.535456882290744,0.556283533320894
14,2,33.0,2,0.0,0.0,,0.39346934028736663,0.5725637363695953,0.6146679251251553,0.5146470148254826,0.657047077781224,0.7951248618431143
14,2,34.0,2,0.0,0.0,,0.39346934028736663,0.6300429507721433,0.6389530002184941,0.7109012839682756,0.6325367591736738,0.3969795077790571
14,2,35.0,2,0.0,0.0,,0.39346934028736663,0.6269592806409282,0.5988036501449459,0.5745121941217108,0.6451719932386493,0.40716579393381525
14,2,36.0,2,0.0,0.0,,0.39346934028736663,0.6232868996396659,0.7641193205499005,0.6693563730368,0.5629017524428394,0.653516740515794
14,2,37.0,2,0.0,0.0,,0.39346934028736663,0.5983864826585836,0.6049908151682719,0.5874340603393202,0.3231136588830864,0.40845410529760545
14,2,38.0,2,0.0,0.0,,0.39346934028736663,0.6268431560601068,0.45271172141494187,0.6714084831640573,0.620932376365894,0.5658192518600097
14,2,39.0,2,0.0,0.0,,0.39346934028736663,0.635808599131981,0.6053434459677056,0.651361437813566,0.7110860444090411,0.6269217026042102
14,2,40.0,2,0.0,0.0,,0.39346934028736663,0.6479836660194146,0.5709848893393384,0.5869829635768187,0.30771761073893217,0.4566798851913303
14,2,41.0,2,0.0,0.0,,0.39346934028736663,0.6071832053574047,0.5486825201749409,0.5104803921092778,0.6282459727641909,0.5731465912118121
14,2,42.0,2,0.0,0.0,,0.39346934028736663,0.593114582166872,0.5535122786625268,0.5637022460187897,0.6642316519042982,0.8557540381928774
14,2,43.0,2,0.0,0.0,,0.39346934028736663,0.6266895591702423,0.5874604180731202,0.31273416645403446,0.670476174802009,0.33714539344453376
14,2,44.0,2,0.0,0.0,,0.39346934028736663,0.6506505877696511,0.6988755289414621,0.6490916567260561,0.4757902107155706,0.6509025210023227
14,2,45.0,2,0.0,0.0,,0.39346934028736663,0.5741570211411241,0.5616208761056208,0.5719490111994923,0.5806648545497951,0.6754057650192397
14,2,46.0,2,0.0,0.0,,0.39346934028736663,0.6573623672033262,0.6223014702148959,0.37300220252828675,0.5272336177809417,0.4355599520958199
14,2,47.0,2,0.0,0.0,,0.39346934028736663,0.6694550228694682,0.6269896326491925,0.5160027762481258,0.33082159559556806,0.6087857191155113
14,2,48.0,2,0.0,0.0,,0.39346934028736663,0.6271937472667652,0.6992873750835567,0.5210060151513888,0.7684868455885276,0.39286768497482216
14,2,49.0,2,0.0,0.0,,0.39346934028736663,0.6160632101896167,0.5265257394319918,0.5047846817928265,0.5257681023502372,0.6148923071734034
14,2,50.0,2,0.0,0.0,,0.39346934028736663,0.6790743265122478,0.7112943662540494,0.47131387149091164,0.6307147301901621,0.5651143304974752
14,2,51.0,2,0.0,0.0,,0.39346934028736663,0.6220868936095579,0.7142900232760673,0.6916783398551662,0.7934861178014936,0.6870684239788013
14,2,52.0,2,0.0,0.0,,0.39346934028736663,0.6368415094497327,0.6053137521498122,0.802304253657328,0.46988795610262024,0.614815613862794
14,2,53.0,2,0.0,0.0,,0.39346934028736663,0.6041037548090731,0.6553911754906416,0.6003417018952033,0.6720180064132799,0.6367509395090966
14,2,54.0,2,0.0,0.0,,0.39346934028736663,0.6905769685522916,0.6590283216194812,0.8615966391732621,0.6160730362012833,0.4961556021071588
14,2,55.0,2,0.0,0.0,,0.39346934028736663,0.6169515880763118,0.5547627938836182,0.5077393820171552,0.6449083333870089,0.44023962109575654
14,2,56.0,2,0.0,0.0,,0.39346934028736663,0.6067481997744738,0.5847588452111137,0.3606380836243731,0.6635170736433234,0.7953090904073689
14,2,57.0,2,0.0,0.0,,0.39346934028736663,0.6173097020409564,0.5691777122289354,0.6267360728888778,0.6619692237048895,0.6855048474695697
14,2,58.0,2,0.0,0.0,,0.39346934028736663,0.5979111998741578,0.6301565873044038,0.6479620475655177,0.40716086063291995,0.5757172287259884
14,2,59.0,2,0.0,0.0,,0.39346934028736663,0.6425964193708361,0.5942149292233684,0.6338814010001178,0.41289828599276907,0.6255740236301881
14,2,60.0,2,0.0,0.0,,0.39346934028736663,0.5811548715199288,0.7380092559386439,0.6229625675271973,0.49042665142633285,0.6316927249634869
14,2,61.0,2,0.0,0.0,,0.39346934028736663,0.626461826264949,0.6428466162843481,0.4948275909946277,0.5374038636837637,0.6289333822108957
14,2,62.0,2,0.0,0.0,,0.39346934028736663,0.614547952754488,0.6804655886799693,0.38427255135784344,0.5974550726867294,0.4296684331202033
14,2,63.0,2,0.0,0.0,,0.39346934028736663,0.616974284759382,0.6088529337827615,0.4104364008614293,0.5013499682614919,0.5035659559064329
14,2,64.0,2,0.0,0.0,,0.39346934028736663,0.6640216762351407,0.5712938068260704,0.9306136455506696,0.7096138699551837,0.4318788825260844
14,2,65.0,2,0.0,0.0,,0.39346934028736663,0.5949819758950723,0.6242177495266859,0.5312866334103097,0.46597571967620743,0.76617695101914
14,2,66.0,2,0.0,0.0,,0.39346934028736663,0.6388184369762306,0.56766840934806,0.7369821767934084,0.5206216124103855,0.35621872689548617
14,2,67.0,2,0.0,0.0,,0.39346934028736663,0.5755988972251964,0.5505875903891477,0.523280166386311,0.6361474424840324,0.7441489927562389
14,2,68.0,2,0.0,0.0,,0.39346934028736663,0.6536808188929915,0.693925340282244,0.45235923088950936,0.7782421108940191,0.4211898493234861
14,2,69.0,2,0.0,0.0,,0.39346934028736663,0.6107847101004797,0.5756154065815576,0.6004963565857377,0.5356563141282268,0.37124924041035107
14,2,70.0,2,0.0,0.0,,0.39346934028736663,0.6200864806371649,0.6697824717372273,0.6866785128626102,0.5801555881181675,0.3873357045483806
14,2,71.0,2,0.0,0.0,,0.39346934028736663,0.6594312639557222,0.7842214335119871,0.6790179133517564,0.5398331139966757,0.5279213598742467
14,2,72.0,2,0.0,0.0,,0.39346934028736663,0.6344594579662767,0.6224775747252713,0.6029013051925941,0.5205956273535899,0.5172475556212448
14,2,73.0,2,0.0,0.0,,0.39346934028736663,0.6213239612222888,0.4227332852780819,0.5192768358273783,0.625736785461174,0.7480012424010883
14,2,74.0,2,0.0,0.0,,0.39346934028736663,0.6359728817861686,0.7413007393467279,0.7542854431805375,0.5853641417131985,0.7204270270704344
14,2,75.0,2,0.0,0.0,,0.39346934028736663,0.6295535254703192,0.6203279770398813,0.6510206034405522,0.38441496684981985,0.5133093780784861
14,2,76.0,2,0.0,0.0,,0.39346934028736663,0.6178608862479751,0.663116362479617,0.4655126109378445,0.265033803800388,0.5223596799707598
14,2,77.0,2,0.0,0.0,,0.39346934028736663,0.6426294942862645,0.6659657372531858,0.6320677878373063,0.581421519780793,0.3647998632620419
14,2,78.0,2,0.0,0.0,,0.39346934028736663,0.6349014203540977,0.6048213402957142,0.5284708746603244,0.4761040649744056,0.6483755833246203
14,2,79.0,2,0.0,0.0,,0.39346934028736663,0.6247188090483002,0.646016071952827,0.5502184901006013,0.75052708145481,0.6930545501571522
14,2,80.0,2,0.0,0.0,,0.39346934028736663,0.6207307392917184,0.6192108713681177,0.4341769669062142,0.4399005607743497,0.5022418850305465
14,2,81.0,2,0.0,0.0,,0.39346934028736663,0.5991746283110572,0.6013740158104558,0.6740017350371563,0.8422468536848522,0.6448283486744345
14,2,82.0,2,0.0,0.0,,0.39346934028736663,0.6407373687444233,0.5570416889798995,0.8468786068264235,0.6094839105611236,0.45874186585179955
14,2,83.0,2,0.0,0.0,,0.39346934028736663,0.6474200399834176,0.5729602745374673,0.684557446176498,0.7284594812759708,0.4991637229629097
14,2,84.0,2,0.0,0.0,,0.39346934028736663,0.604184940930696,0.6091085971948883,0.5139434932478603,0.7140757694307145,0.6262458144813274
14,2,85.0,2,0.0,0.0,,0.39346934028736663,0.6419015573651612,0.5959644345813084,0.5059336347552055,0.5213003379894021,0.6187617188900785
14,2,86.0,2,0.0,0.0,,0.39346934028736663,0.6533879420597294,0.6203275487730493,0.7035055631493317,0.4262871124773045,0.2136628558564762
14,2,87.0,2,0.0,0.0,,0.39346934028736663,0.6169232582595547,0.7161079386254526,0.5768946634196723,0.46625761780282904,0.5491681391848273
14,2,88.0,2,0.0,0.0,,0.39346934028736663,0.626175919251399,0.6559374270464773,0.7529728605883221,0.43373907749296386,0.5416108399815879
14,2,89.0,2,0.0,0.0,,0.39346934028736663,0.5782804180319882,0.5899148294327032,0.7004793689766189,0.7153129673896628,0.6267328282972819
14,2,90.0,2,0.0,0.0,,0.39346934028736663,0.5952309303308876,0.7081040175034341,0.6011014286251589,0.4695748161521937,0.691887146339975
14,2,91.0,2,0.0,0.0,,0.39346934028736663,0.6375930768825506,0.5636932769217933,0.5593246240597315,0.6502435013300746,0.5511261633149527
14,2,92.0,2,0.0,0.0,,0.39346934028736663,0.6487047013361905,0.5694991549906858,0.5387095755710074,0.4359614620855844,0.8267095425833612
14,2,93.0,2,0.0,0.0,,0.39346934028736663,0.6332131071857382,0.5157682799853134,0.6694920123901364,0.6425865226350915,0.40241346442019343
14,2,94.0,2,0.0,0.0,,0.39346934028736663,0.6381564003878571,0.56221537472577,0.637849799148728,0.3902773011822524,0.4952393818995711
14,2,95.0,2,0.0,0.0,,0.39346934028736663,0.6482250767967666,0.8585095638993702,0.7192497445008523,0.4821005515188257,0.44638113916620037
14,2,96.0,2,0.0,0.0,,0.39346934028736663,0.6061857285412092,0.5546506992702196,0.6112389850856285,0.4434045695447259,0.329387680174441
14,2,97.0,2,0.0,0.0,,0.39346934028736663,0.6456482323262944,0.5759278980088576,0.6421348665368932,0.536621351587456,0.6394584696895154
14,2,98.0,2,0.0,0.0,,0.39346934028736663,0.6180098239227878,0.7292307747029176,0.5246095665461227,0.5963439948756573,0.27376443036846937
14,2,99.0,2,0.0,0.0,,0.39346934028736663,0.5983904994373914,0.6282207272880276,0.4187448593180797,0.7498561747605648,0.3469019154759515
14,2,100.0,2,0.0,0.0,,0.39346934028736663,0.6535390088414937,0.6013584878386656,0.6088241501752416,0.4705441645241197,0.2869671292075319
15,2,1.0,4,0.0,0.0,,0.2211992169285951,0.5276334472589853,0.6215034049309447,0.5991313707916888,0.5339801796773688,0.32480629212190615
15,2,2.0,4,0.0,0.0,,0.2211992169285951,0.5276334472589853,0.6244109541404232,0.6357074785577891,0.5750733982543905,0.4429696048703365
15,2,3.0,4,0.0,0.0,,0.2211992169285951,0.5276334472589853,0.6273224190475637,0.6659793003893929,0.682015766532668,0.3450397151924577
15,2,4.0,4,0.0,0.0,,0.2211992169285951,0.5276334472589853,0.5897182607784723,0.674410416729626,0.5188664060101086,0.6888792146293856
15,2,5.0,4,0.0,0.0,,0.2211992169285951,0.5276334472589853,0.602384232633729,0.5065644168408266,0.5799163590977259,0.4554006723472314
15,2,6.0,4,0.0,0.0,,0.2211992169285951,0.5276334472589853,0.6541642764450264,0.7466721285390869,0.7730182853597959,0.6735718446485823
15,2,7.0,4,0.0,0.0,,0.2211992169285951,0.5276334472589853,0.6237662315054899,0.5821153370784935,0.674378049230776,0.6788616484669932
15,2,8.0,4,0.0,0.0,,0.2211992169285951,0.5276334472589853,0.616298785189065,0.8029810532285258,0.29905151480931974,0.5330650480580081
15,2,9.0,4,0.0,0.0,,0.2211992169285951,0.5276334472589853,0.6022565348883159,0.6649175200436632,0.5946190679173529,0.5545424106022793
15,2,10.0,4,0.0,0.0,,0.2211992169285951,0.5276334472589853,0.5995089341046633,0.5936778958114961,0.6381055337273855,0.7691269687702634
15,2,11.0,4,0.0,0.0,,0.2211992169285951,0.5276334472589853,0.6420798860279453,0.537991164412132,0.713409212230425,0.6666944829317966
15,2,12.0,4,0.0,0.0,,0.2211992169285951,0.5276334472589853,0.6460017758701714,0.7081453793652043,0.5156001248583864,0.7668437600718261
15,2,13.0,4,0.0,0.0,,0.2211992169285951,0.5276334472589853,0.6514180471539623,0.47106466361945937,0.7225644444699194,0.5328824073387064
15,2,14.0,4,0.0,0.0,,0.2211992169285951,0.5276334472589853,0.6707929735775864,0.6338601824653887,0.7503522666363639,0.49650001723994175
15,2,15.0,4,0.0,0.0,,0.2211992169285951,0.5276334472589853,0.6229279257257414,0.613821810341306,0.6526718854641282,0.3692558627687295
15,2,16.0,4,0.0,0.0,,0.2211992169285951,0.5276334472589853,0.6131467630192666,0.6186864812013586,0.5207859673332565,0.47385705967744285
15,2,17.0,4,0.0,0.0,,0.2211992169285951,0.5276334472589853,0.5961627200301629,0.5995735846502671,0.6907338063745154,0.7485954830128643
15,2,18.0,4,0.0,0.0,,0.2211992169285951,0.5276334472589853,0.6008872083121688,0.5062188546804969,0.47654334303957624,0.5399484888978238
15,2,19.0,4,0.0,0.0,,0.2211992169285951,0.5276334472589853,0.6906353989863082,0.6095976680107348,0.6824890219574755,0.5298260455611093
15,2,20.0,4,0.0,0.0,,0.2211992169285951,0.5276334472589853,0.6781232185997548,0.6464863296897251,0.5652683824828773,0.5830951233330758
15,2,21.0,4,0.0,0.0,,0.2211992169285951,0.5276334472589853,0.6111873060431628,0.6694718829328398,0.6046300389132261,0.5911307110033126
15,2,22.0,4,0.0,0.0,,0.2211992169285951,0.5276334472589853,0.6387900791425529,0.5029803871672047,0.6645708027333723,0.869842452214694
15,2,23.0,4,0.0,0.0,,0.2211992169285951,0.5276334472589853,0.6841272732561283,0.5859233629607814,0.5530693389140843,0.5166913340295485
15,2,24.0,4,0.0,0.0,,0.2211992169285951,0.5276334472589853,0.6239604692489965,0.6346794252245916,0.4214447309954096,0.35394051393640147
15,2,25.0,4,0.0,0.0,,0.2211992169285951,0.5276334472589853,0.6126551964392413,0.5657719040514614,0.6804491462290991,0.5355645300635774
15,2,26.0,4,0.0,0.0,,0.2211992169285951,0.5276334472589853,0.5870775748811965,0.704157190019263,0.609895015195086,0.4712180323063939
15,2,27.0,4,0.0,0.0,,0.2211992169285951,0.5276334472589853,0.6164107699809699,0.740815368819368,0.8741796185600068,0.3909279443437631
15,2,28.0,4,0.0,0.0,,0.2211992169285951,0.5276334472589853,0.6266942418137019,0.5733982291136178,0.548690626296316,0.4770716412781891
15,2,29.0,4,0.0,0.0,,0.2211992169285951,0.5276334472589853,0.6328584211858443,0.6334868153152275,0.2878561603256535,0.5819875731535938
15,2,30.0,4,0.0,0.0,,0.2211992169285951,0.5276334472589853,0.6199436556244086,0.6926989174993775,0.4846699692519332,0.6444486510756036
15,2,31.0,4,0.0,0.0,,0.2211992169285951,0.5276334472589853,0.6407351315685778,0.58437941488042,0.5891535381195222,0.5636859993766457
15,2,32.0,4,0.0,0.0,,0.2211992169285951,0.5276334472589853,0.5977043657250043,0.7448900678053592,0.7704199773327689,0.37800645904681807
15,2,33.0,4,0.0,0.0,,0.2211992169285951,0.5276334472589853,0.6251036286799959,0.6745510881822231,0.55919038792809,0.5953235491892531
15,2,34.0,4,0.0,0.0,,0.2211992169285951,0.5276334472589853,0.6790825250134495,0.48083458174787336,0.5038621182003095,0.34976089062682064
15,2,35.0,4,0.0,0.0,,0.2211992169285951,0.5276334472589853,0.6637337209847123,0.6082931462991091,0.566442755261633,0.33142723565526866
15,2,36.0,4,0.0,0.0,,0.2211992169285951,0.5276334472589853,0.6236986175084145,0.49336236298461983,0.4472588601804561,0.7496628351384222
15,2,37.0,4,0.0,0.0,,0.2211992169285951,0.5276334472589853,0.6389878730242881,0.7096981734472638,0.31930154884981865,0.4816895997507413
15,2,38.0,4,0.0,0.0,,0.2211992169285951,0.5276334472589853,0.6131617622775509,0.6045361609681944,0.6375847445429446,0.6710199180981972
15,2,39.0,4,0.0,0.0,,0.2211992169285951,0.5276334472589853,0.6130588200328688,0.5083155772244486,0.564272770131517,0.7457607889913318
15,2,40.0,4,0.0,0.0,,0.2211992169285951,0.5276334472589853,0.6539778865665457,0.3857740177034574,0.7092886920796441,0.7492844070543019
15,2,41.0,4,0.0,0.0,,0.2211992169285951,0.5276334472589853,0.6306274603132863,0.5973343965937676,0.5668002315001333,0.6453735259272005
15,2,42.0,4,0.0,0.0,,0.2211992169285951,0.5276334472589853,0.6265717967178055,0.4262816322304479,0.24223075211076833,0.405057167713598
15,2,43.0,4,0.0,0.0,,0.2211992169285951,0.5276334472589853,0.6050660052899988,0.46501858249786,0.5759670900731476,0.5670647118260442
15,2,44.0,4,0.0,0.0,,0.2211992169285951,0.5276334472589853,0.5956492437010092,0.6338380932702459,0.535497520690823,0.4243209403251276
15,2,45.0,4,0.0,0.0,,0.2211992169285951,0.5276334472589853,0.6849322392240087,0.5884349989040801,0.5111663547002797,0.5455102828856979
15,2,46.0,4,0.0,0.0,,0.2211992169285951,0.5276334472589853,0.6414340819676888,0.624118775511162,0.5095408100029358,0.6976278899322299
15,2,47.0,4,0.0,0.0,,0.2211992169285951,0.5276334472589853,0.6436021352129747,0.6939534212824462,0.6113914069422571,0.5452206033230658
15,2,48.0,4,0.0,0.0,,0.2211992169285951,0.5276334472589853,0.6213716163404072,0.7233410682471123,0.5629389334351329,0.5710881884188971
15,2,49.0,4,0.0,0.0,,0.2211992169285951,0.5276334472589853,0.6472144595567999,0.600395812709485,0.46927195822331375,0.5071345903812114
15,2,50.0,4,0.0,0.0,,0.2211992169285951,0.5276334472589853,0.5935344505513886,0.595331590607643,0.7022051159212168,0.6049012404809624
15,2,51.0,4,0.0,0.0,,0.2211992169285951,0.5276334472589853,0.6637698393180808,0.5107988498282218,0.6816934222901467,0.4939464276240672
15,2,52.0,4,0.0,0.0,,0.2211992169285951,0.5276334472589853,0.6712795873704868,0.6172649650950962,0.4673283454781984,0.48064104370980865
15,2,53.0,4,0.0,0.0,,0.2211992169285951,0.5276334472589853,0.6132386267426777,0.6066580045128995,0.5490897168153082,0.48802881569363976
15,2,54.0,4,0.0,0.0,,0.2211992169285951,0.5276334472589853,0.630728781694194,0.7466433074746172,0.6464654376076381,0.8630162811262085
15,2,55.0,4,0.0,0.0,,0.2211992169285951,0.5276334472589853,0.604850723463931,0.532696540216375,0.5497317293560872,0.31440235172694797
15,2,56.0,4,0.0,0.0,,0.2211992169285951,0.5276334472589853,0.6184318214030562,0.7632875785093203,0.6154009667732041,0.5347669853377033
15,2,57.0,4,0.0,0.0,,0.2211992169285951,0.5276334472589853,0.6173813647934796,0.5289048633046354,0.6428408052820493,0.5004773935647855
15,2,58.0,4,0.0,0.0,,0.2211992169285951,0.5276334472589853,0.6617293632826389,0.5898162637790592,0.640713975448675,0.5415875652849544
15,2,59.0,4,0.0,0.0,,0.2211992169285951,0.5276334472589853,0.6143415293854009,0.6323775404420469,0.5632927409393544,0.7230745868328533
15,2,60.0,4,0.0,0.0,,0.2211992169285951,0.5276334472589853,0.5849623132642179,0.6694884706687669,0.7056922927792499,0.47885603210325334
15,2,61.0,4,0.0,0.0,,0.2211992169285951,0.5276334472589853,0.6445206272648649,0.5343298058613286,0.5528951647885488,0.2556147692000202
15,2,62.0,4,0.0,0.0,,0.2211992169285951,0.5276334472589853,0.6088039075864178,0.6352941753988859,0.5269531153206259,0.5267246921671412
15,2,63.0,4,0.0,0.0,,0.2211992169285951,0.5276334472589853,0.6400550698593078,0.42791219759667287,0.29676712657980925,0.7040380263080015
15,2,64.0,4,0.0,0.0,,0.2211992169285951,0.5276334472589853,0.6212341661851251,0.4971259660126366,0.569311265003512,0.5403568919636866
15,2,65.0,4,0.0,0.0,,0.2211992169285951,0.5276334472589853,0.606756307164899,0.5735726080811223,0.8086515399981188,0.44125186168160047
15,2,66.0,4,0.0,0.0,,0.2211992169285951,0.5276334472589853,0.6286341017165678,0.733916512697258,0.5735733139724424,0.6679479422288759
15,2,67.0,4,0.0,0.0,,0.2211992169285951,0.5276334472589853,0.5899937254147826,0.6138625611368675,0.5356957754758102,0.46328485285389
15,2,68.0,4,0.0,0.0,,0.2211992169285951,0.5276334472589853,0.6493609572468076,0.6694550846782176,0.6281900481953111,0.7866549968450343
15,2,69.0,4,0.0,0.0,,0.2211992169285951,0.5276334472589853,0.6498212675976467,0.5765773596181465,0.5334902534887366,0.5588481670164612
15,2,70.0,4,0.0,0.0,,0.2211992169285951,0.5276334472589853,0.642732949236396,0.803927793792693,0.6878552882648137,0.42581641838925643
15,2,71.0,4,0.0,0.0,,0.2211992169285951,0.5276334472589853,0.6444867986405224,0.5817648876650188,0.8102513609372959,0.49103216362781454
15,2,72.0,4,0.0,0.0,,0.2211992169285951,0.5276334472589853,0.6477789998646463,0.7537355562304837,0.8384478102146575,0.7813015028526986
15,2,73.0,4,0.0,0.0,,0.2211992169285951,0.5276334472589853,0.5879552749037581,0.5786323218276305,0.5607956939512594,0.4185172932660077
15,2,74.0,4,0.0,0.0,,0.2211992169285951,0.5276334472589853,0.6420083221778035,0.6503656586670997,0.7353223878181099,0.7820958579412269
15,2,75.0,4,0.0,0.0,,0.2211992169285951,0.5276334472589853,0.6437919040077105,0.6585930412694749,0.6100062125585335,0.4557962504705115
15,2,76.0,4,0.0,0.0,,0.2211992169285951,0.5276334472589853,0.626852807363957,0.5964695106408439,0.39510141357358003,0.3531300644851469
15,2,77.0,4,0.0,0.0,,0.2211992169285951,0.5276334472589853,0.619662562442855,0.4588823811145143,0.669470977098789,0.8602805138432832
15,2,78.0,4,0.0,0.0,,0.2211992169285951,0.5276334472589853,0.6297477327988447,0.5804638233387298,0.5119026966821774,0.3059432081995058
15,2,79.0,4,0.0,0.0,,0.2211992169285951,0.5276334472589853,0.6101317623187368,0.48591437249305713,0.5432502572595928,0.5491684376762689
15,2,80.0,4,0.0,0.0,,0.2211992169285951,0.5276334472589853,0.6542731843933266,0.5863798408116074,0.6367337804802663,0.4612930889709852
15,2,81.0,4,0.0,0.0,,0.2211992169285951,0.5276334472589853,0.6124321457127149,0.615379120173064,0.4509316776698292,0.4368442356062287
15,2,82.0,4,0.0,0.0,,0.2211992169285951,0.5276334472589853,0.636995065246366,0.6963379317179001,0.7270389151199429,0.4349180388920403
15,2,83.0,4,0.0,0.0,,0.2211992169285951,0.5276334472589853,0.6447254344549835,0.7333959534683595,0.5883584522701008,0.5335947006953857
15,2,84.0,4,0.0,0.0,,0.2211992169285951,0.5276334472589853,0.5949371083427428,0.5197186874081325,0.4037721732480958,0.5267663983334927
15,2,85.0,4,0.0,0.0,,0.2211992169285951,0.5276334472589853,0.6796512337253782,0.7551546185149169,0.42882608825907126,0.6574892502774884
15,2,86.0,4,0.0,0.0,,0.2211992169285951,0.5276334472589853,0.6548204663320614,0.5543064239555942,0.7262609454518001,0.5101467998902014
15,2,87.0,4,0.0,0.0,,0.2211992169285951,0.5276334472589853,0.6490374666621586,0.6706464528903191,0.38007144587528835,0.500710819837954
15,2,88.0,4,0.0,0.0,,0.2211992169285951,0.5276334472589853,0.6543876046817179,0.6374173730287525,0.4594951648327242,0.5179368445837418
15,2,89.0,4,0.0,0.0,,0.2211992169285951,0.5276334472589853,0.6726688147905511,0.5679365117041273,0.7128381596293695,0.5373348040652848
15,2,90.0,4,0.0,0.0,,0.2211992169285951,0.5276334472589853,0.6204041357838196,0.6320087441680897,0.4071195314619359,0.8785273796105514
15,2,91.0,4,0.0,0.0,,0.2211992169285951,0.5276334472589853,0.6428116552241783,0.7075362696461153,0.8153046869316908,0.5417452236055246
15,2,92.0,4,0.0,0.0,,0.2211992169285951,0.5276334472589853,0.6220667297587978,0.6593624128979412,0.4889711440044867,0.21004951664491722
15,2,93.0,4,0.0,0.0,,0.2211992169285951,0.5276334472589853,0.631648685336337,0.6241320784386195,0.6038871970768434,0.3119553784778049
15,2,94.0,4,0.0,0.0,,0.2211992169285951,0.5276334472589853,0.5988379688285882,0.5832028405409607,0.517150942482018,0.6439572421651459
15,2,95.0,4,0.0,0.0,,0.2211992169285951,0.5276334472589853,0.6283873198188727,0.64151044272375,0.44128394027551787,0.515180579475991
15,2,96.0,4,0.0,0.0,,0.2211992169285951,0.5276334472589853,0.6463875724103547,0.6432224299254139,0.3212836904553546,0.21562406583431165
15,2,97.0,4,0.0,0.0,,0.2211992169285951,0.5276334472589853,0.6010318433926871,0.7712045078824004,0.6893683754748465,0.6658580762612006
15,2,98.0,4,0.0,0.0,,0.2211992169285951,0.5276334472589853,0.5708421357129312,0.5629816339448036,0.7018047075230995,0.35176375720475855
15,2,99.0,4,0.0,0.0,,0.2211992169285951,0.5276334472589853,0.6209351870339139,0.7160998272364519,0.4939044453531035,0.6278993873826975
15,2,100.0,4,0.0,0.0,,0.2211992169285951,0.5276334472589853,0.6424251616024902,0.7092976352032154,0.6933678752460237,0.39620926435599
16,2,1.0,6,0.0,0.0,,0.1535182751093859,0.39346934028736663,0.5654017914929217,0.6933148019468947,0.5268031805574307,0.7150211013285845
16,2,2.0,6,0.0,0.0,,0.1535182751093859,0.39346934028736663,0.5654017914929217,0.6746809815943555,0.6118318238696168,0.6855332521614927
16,2,3.0,6,0.0,0.0,,0.1535182751093859,0.39346934028736663,0.5654017914929217,0.6939319295579509,0.5717929986116583,0.581111756812465
16,2,4.0,6,0.0,0.0,,0.1535182751093859,0.39346934028736663,0.5654017914929217,0.6433171072132873,0.681193434031297,0.5842120287004555
16,2,5.0,6,0.0,0.0,,0.1535182751093859,0.39346934028736663,0.5654017914929217,0.5697867206884987,0.5988065956697094,0.8524962239801294
16,2,6.0,6,0.0,0.0,,0.1535182751093859,0.39346934028736663,0.5654017914929217,0.6546208458392777,0.6655561083973571,0.7564645271385528
16,2,7.0,6,0.0,0.0,,0.1535182751093859,0.39346934028736663,0.5654017914929217,0.631963581534561,0.46709081318384393,0.5291324214431026
16,2,8.0,6,0.0,0.0,,0.1535182751093859,0.39346934028736663,0.5654017914929217,0.6206250479208195,0.5426529687328243,0.5916910385233038
16,2,9.0,6,0.0,0.0,,0.1535182751093859,0.39346934028736663,0.5654017914929217,0.6251865377957364,0.7572096290445727,0.626197842166498
16,2,10.0,6,0.0,0.0,,0.1535182751093859,0.39346934028736663,0.5654017914929217,0.6515797291065388,0.6446586970896652,0.6852320674488717
16,2,11.0,6,0.0,0.0,,0.1535182751093859,0.39346934028736663,0.5654017914929217,0.6117731313077128,0.4949701498553126,0.5804606525610625
16,2,12.0,6,0.0,0.0,,0.1535182751093859,0.39346934028736663,0.5654017914929217,0.6190213761463702,0.4698303252203625,0.4080209293071825
16,2,13.0,6,0.0,0.0,,0.1535182751093859,0.39346934028736663,0.5654017914929217,0.6048815674296311,0.7423854288490224,0.7232789841449978
16,2,14.0,6,0.0,0.0,,0.1535182751093859,0.39346934028736663,0.5654017914929217,0.6905668228560289,0.6050943998612432,0.3689189145506925
16,2,15.0,6,0.0,0.0,,0.1535182751093859,0.39346934028736663,0.5654017914929217,0.6216996231482275,0.6699391557068393,0.6882300691635732
16,2,16.0,6,0.0,0.0,,0.1535182751093859,0.39346934028736663,0.5654017914929217,0.684412867829699,0.49539318724350545,0.5969071726770617
16,2,17.0,6,0.0,0.0,,0.1535182751093859,0.39346934028736663,0.5654017914929217,0.5524284688925656,0.7469108203104377,0.4890275683113835
16,2,18.0,6,0.0,0.0,,0.1535182751093859,0.39346934028736663,0.5654017914929217,0.632555694607829,0.47576413528659617,0.8050744071772243
16,2,19.0,6,0.0,0.0,,0.1535182751093859,0.39346934028736663,0.5654017914929217,0.6295921337796538,0.5303466729501167,0.3841572365560671
16,2,20.0,6,0.0,0.0,,0.1535182751093859,0.39346934028736663,0.5654017914929217,0.6223219157490699,0.6294676561243469,0.47630493834618326
16,2,21.0,6,0.0,0.0,,0.1535182751093859,0.39346934028736663,0.5654017914929217,0.7209436976066073,0.647464239220642,0.5903545014914351
16,2,22.0,6,0.0,0.0,,0.1535182751093859,0.39346934028736663,0.5654017914929217,0.6229647939859188,0.4999293805392864,0.5279747941199451
16,2,23.0,6,0.0,0.0,,0.1535182751093859,0.39346934028736663,0.5654017914929217,0.6081380037829611,0.46877355760503087,0.7374317274542921
16,2,24.0,6,0.0,0.0,,0.1535182751093859,0.39346934028736663,0.5654017914929217,0.6746789389059049,0.6976733964110557,0.6566723867358947
16,2,25.0,6,0.0,0.0,,0.1535182751093859,0.39346934028736663,0.5654017914929217,0.6598851720402268,0.67052135040233,0.47759166476755005
16,2,26.0,6,0.0,0.0,,0.1535182751093859,0.39346934028736663,0.5654017914929217,0.634577089564763,0.5886235010833094,0.7366744418922272
16,2,27.0,6,0.0,0.0,,0.1535182751093859,0.39346934028736663,0.5654017914929217,0.6395202777219463,0.7098159554457015,0.4919670653239615
16,2,28.0,6,0.0,0.0,,0.1535182751093859,0.39346934028736663,0.5654017914929217,0.6650208299204179,0.675368813314855,0.7065200338858576
16,2,29.0,6,0.0,0.0,,0.1535182751093859,0.39346934028736663,0.5654017914929217,0.6481435739324741,0.4154701568448235,0.5106706244776062
16,2,30.0,6,0.0,0.0,,0.1535182751093859,0.39346934028736663,0.5654017914929217,0.5744880740879804,0.3630347740523117,0.6654135279538147
16,2,31.0,6,0.0,0.0,,0.1535182751093859,0.39346934028736663,0.5654017914929217,0.6499566807606529,0.6418630544561106,0.4136146518035404
16,2,32.0,6,0.0,0.0,,0.1535182751093859,0.39346934028736663,0.5654017914929217,0.6360527239606971,0.7344564309009404,0.6028699123783604
16,2,33.0,6,0.0,0.0,,0.1535182751093859,0.39346934028736663,0.5654017914929217,0.6709488389600131,0.5765309034452974,0.5289257040329737
16,2,34.0,6,0.0,0.0,,0.1535182751093859,0.39346934028736663,0.5654017914929217,0.7048180524410175,0.5591712044933501,0.6
16,2,35.0,6,0.0,0.0,,0.1535182751093859,0.39346934028736663,0.5654017914929217,0.6157797832580463,0.7602014859569984,0.5853024123340738
16,2,36.0,6,0.0,0.0,,0.1535182751093859,0.39346934028736663,0.5654017914929217,0.7173939457268832,0.5953586740692047,0.36892910965577086
16,2,37.0,6,0.0,0.0,,0.1535182751093859,0.39346934028736663,0.5654017914929217,0.6050265823625536,0.6301376613376151,0.4447405358324009
16,2,38.0,6,0.0,0.0,,0.1535182751093859,0.39346934028736663,0.5654017914929217,0.5933004356041505,0.7455004544020989,0.5322729182145106
16,2,39.0,6,0.0,0.0,,0.1535182751093859,0.39346934028736663,0.5654017914929217,0.5641171176679277,0.7596289709872689,0.6154171589155426
16,2,40.0,6,0.0,0.0,,0.1535182751093859,0.39346934028736663,0.5654017914929217,0.575025069718453,0.7514885210750599,0.44188947458772915
16,2,41.0,6,0.0,0.0,,0.1535182751093859,0.39346934028736663,0.5654017914929217,0.5865364857884494,0.44853178628736645,0.5229191378969589
16,2,42.0,6,0.0,0.0,,0.1535182751093859,0.39346934028736663,0.5654017914929217,0.6931689972102494,0.6512354335986827,0.481649223658168
16,2,43.0,6,0.0,0.0,,0.1535182751093859,0.39346934028736663,0.5654017914929217,0.672716855959474,0.7092704152807069,0.6869208979009267
16,2,44.0,6,0.0,0.0,,0.1535182751093859,0.39346934028736663,0.5654017914929217,0.5857031520921538,0.37853007570809233,0.45701591188824786
16,2,45.0,6,0.0,0.0,,0.1535182751093859,0.39346934028736663,0.5654017914929217,0.6398819287493999,0.6235881410073102,0.47771558976549794
16,2,46.0,6,0.0,0.0,,0.1535182751093859,0.39346934028736663,0.5654017914929217,0.6190005419321216,0.5200867049230352,0.4833810417505725
16,2,47.0,6,0.0,0.0,,0.1535182751093859,0.39346934028736663,0.5654017914929217,0.6187203058640327,0.5725941272040485,0.5793182387160044
16,2,48.0,6,0.0,0.0,,0.1535182751093859,0.39346934028736663,0.5654017914929217,0.5781658667680233,0.5194638900014482,0.5304237205070627
16,2,49.0,6,0.0,0.0,,0.1535182751093859,0.39346934028736663,0.5654017914929217,0.7168740844967871,0.3769526956277485,0.6594395489800773
16,2,50.0,6,0.0,0.0,,0.1535182751093859,0.39346934028736663,0.5654017914929217,0.5682290551489912,0.5291206320892367,0.6151610546195255
16,2,51.0,6,0.0,0.0,,0.1535182751093859,0.39346934028736663,0.5654017914929217,0.6554777758702184,0.752344609282881,0.6732907662245087
16,2,52.0,6,0.0,0.0,,0.1535182751093859,0.39346934028736663,0.5654017914929217,0.6571939268322567,0.506416197976295,0.6442184290176161
16,2,53.0,6,0.0,0.0,,0.1535182751093859,0.39346934028736663,0.5654017914929217,0.6357521169295537,0.6968627112642171,0.7429920484117436
16,2,54.0,6,0.0,0.0,,0.1535182751093859,0.39346934028736663,0.5654017914929217,0.5417647197799045,0.4934793565522191,0.28151356635411195
16,2,55.0,6,0.0,0.0,,0.1535182751093859,0.39346934028736663,0.5654017914929217,0.5779101145442649,0.6580106640411071,0.44956059281180877
16,2,56.0,6,0.0,0.0,,0.1535182751093859,0.39346934028736663,0.5654017914929217,0.5803168480956055,0.7016403042361665,0.5380489199407651
16,2,57.0,6,0.0,0.0,,0.1535182751093859,0.39346934028736663,0.5654017914929217,0.6360443952448236,0.5214362684124201,0.29355618713652337
16,2,58.0,6,0.0,0.0,,0.1535182751093859,0.39346934028736663,0.5654017914929217,0.5943434437861498,0.5726686378847271,0.598854379707857
16,2,59.0,6,0.0,0.0,,0.1535182751093859,0.39346934028736663,0.5654017914929217,0.6761033902822832,0.7574233148588057,0.5462673378344767
16,2,60.0,6,0.0,0.0,,0.1535182751093859,0.39346934028736663,0.5654017914929217,0.5177311610906233,0.7366123085460785,0.33891077797502633
16,2,61.0,6,0.0,0.0,,0.1535182751093859,0.39346934028736663,0.5654017914929217,0.6427558281452438,0.5344719622562346,0.5503558038765146
16,2,62.0,6,0.0,0.0,,0.1535182751093859,0.39346934028736663,0.5654017914929217,0.724003626010938,0.45761222336246854,0.6588549188957874
16,2,63.0,6,0.0,0.0,,0.1535182751093859,0.39346934028736663,0.5654017914929217,0.6670967344606908,0.6344270067654441,0.506077736901805
16,2,64.0,6,0.0,0.0,,0.1535182751093859,0.39346934028736663,0.5654017914929217,0.6669568188597964,0.7809653990483236,0.3912245605649328
16,2,65.0,6,0.0,0.0,,0.1535182751093859,0.39346934028736663,0.5654017914929217,0.7099847378388515,0.5412999414790971,0.6390404976593269
16,2,66.0,6,0.0,0.0,,0.1535182751093859,0.39346934028736663,0.5654017914929217,0.6891181579640533,0.5671329848737613,0.6116832643349077
16,2,67.0,6,0.0,0.0,,0.1535182751093859,0.39346934028736663,0.5654017914929217,0.6935046245204132,0.7591347128458751,0.5802249315357618
16,2,68.0,6,0.0,0.0,,0.1535182751093859,0.39346934028736663,0.5654017914929217,0.6254726031533709,0.6136663906215495,0.5104281483681768
16,2,69.0,6,0.0,0.0,,0.1535182751093859,0.39346934028736663,0.5654017914929217,0.6029617267025864,0.5873517052468192,0.5207481862704799
16,2,70.0,6,0.0,0.0,,0.1535182751093859,0.39346934028736663,0.5654017914929217,0.7195262209254992,0.6679732566652542,0.49978545863504414
16,2,71.0,6,0.0,0.0,,0.1535182751093859,0.39346934028736663,0.5654017914929217,0.5621982562773743,0.6949815398687151,0.28456780262162656
16,2,72.0,6,0.0,0.0,,0.1535182751093859,0.39346934028736663,0.5654017914929217,0.6591907525637108,0.5714899397548997,0.6087915111970289
16,2,73.0,6,0.0,0.0,,0.1535182751093859,0.39346934028736663,0.5654017914929217,0.6229825732843123,0.5451917691907254,0.7217381012509273
16,2,74.0,6,0.0,0.0,,0.1535182751093859,0.39346934028736663,0.5654017914929217,0.6089783648806504,0.618425573137092,0.4365814479332932
16,2,75.0,6,0.0,0.0,,0.1535182751093859,0.39346934028736663,0.5654017914929217,0.6160430895605971,0.6195795524461353,0.4439895276558358
16,2,76.0,6,0.0,0.0,,0.1535182751093859,0.39346934028736663,0.5654017914929217,0.634873345537918,0.5893787026159829,0.8026397530339283
16,2,77.0,6,0.0,0.0,,0.1535182751093859,0.39346934028736663,0.5654017914929217,0.6186577590384151,0.5895625086814695,0.6793446565456938
16,2,78.0,6,0.0,0.0,,0.1535182751093859,0.39346934028736663,0.5654017914929217,0.693976374277386,0.449115154428367,0.508449005154296
16,2,79.0,6,0.0,0.0,,0.1535182751093859,0.39346934028736663,0.5654017914929217,0.6140537082919321,0.8293109121321821,0.5009622895780848
16,2,80.0,6,0.0,0.0,,0.1535182751093859,0.39346934028736663,0.5654017914929217,0.6821113278119426,0.7754960616121396,0.7411171741115202
16,2,81.0,6,0.0,0.0,,0.1535182751093859,0.39346934028736663,0.5654017914929217,0.6835412900437544,0.6006352508956992,0.6186423949568813
16,2,82.0,6,0.0,0.0,,0.1535182751093859,0.39346934028736663,0.5654017914929217,0.6519424221949235,0.5657384567376407,0.5221510000287789
16,2,83.0,6,0.0,0.0,,0.1535182751093859,0.39346934028736663,0.5654017914929217,0.5805171809670959,0.5112623675297885,0.5080557123183402
16,2,84.0,6,0.0,0.0,,0.1535182751093859,0.39346934028736663,0.5654017914929217,0.6358455272077227,0.7195968815820778,0.4946155740233801
16,2,85.0,6,0.0,0.0,,0.1535182751093859,0.39346934028736663,0.5654017914929217,0.6435880860640225,0.5407521451868763,0.4777437610734118
16,2,86.0,6,0.0,0.0,,0.1535182751093859,0.39346934028736663,0.5654017914929217,0.565594962745047,0.46929213376596773,0.6567007117073127
16,2,87.0,6,0.0,0.0,,0.1535182751093859,0.39346934028736663,0.5654017914929217,0.6118859520015337,0.5660801526782977,0.5792058872305259
16,2,88.0,6,0.0,0.0,,0.1535182751093859,0.39346934028736663,0.5654017914929217,0.6307173420381934,0.41887723917731456,0.5647948951337382
16,2,89.0,6,0.0,0.0,,0.1535182751093859,0.39346934028736663,0.5654017914929217,0.6136591494367865,0.5027860255755205,0.5943766305536468
16,2,90.0,6,0.0,0.0,,0.1535182751093859,0.39346934028736663,0.5654017914929217,0.7066834727932896,0.41936360196673067,0.5047430422200339
16,2,91.0,6,0.0,0.0,,0.1535182751093859,0.39346934028736663,0.5654017914929217,0.6561013452376193,0.6849594125030285,0.4251827925614263
16,2,92.0,6,0.0,0.0,,0.1535182751093859,0.39346934028736663,0.5654017914929217,0.6690387075732828,0.5559840594249421,0.5292585745895894
16,2,93.0,6,0.0,0.0,,0.1535182751093859,0.39346934028736663,0.5654017914929217,0.7126200507990117,0.5261053115747755,0.3428055341278865
16,2,94.0,6,0.0,0.0,,0.1535182751093859,0.39346934028736663,0.5654017914929217,0.6571204133385855,0.4934788890678227,0.50183206555066
16,2,95.0,6,0.0,0.0,,0.1535182751093859,0.39346934028736663,0.5654017914929217,0.6590592099670696,0.5833304605248097,0.7097616056682886
16,2,96.0,6,0.0,0.0,,0.1535182751093859,0.39346934028736663,0.5654017914929217,0.7113419656984048,0.560499923054573,0.4197879289471997
16,2,97.0,6,0.0,0.0,,0.1535182751093859,0.39346934028736663,0.5654017914929217,0.59473204630016,0.585171085642538,0.6753679778565275
16,2,98.0,6,0.0,0.0,,0.1535182751093859,0.39346934028736663,0.5654017914929217,0.7457028903280458,0.6783889104215294,0.39935158132438003
16,2,99.0,6,0.0,0.0,,0.1535182751093859,0.39346934028736663,0.5654017914929217,0.6675369698444698,0.6604798602423262,0.6845176636993298
16,2,100.0,6,0.0,0.0,,0.1535182751093859,0.39346934028736663,0.5654017914929217,0.6273779767615241,0.7284334747058318,0.5637280927252734
17,2,1.0,8,0.0,0.0,,0.11750309741540454,0.31271072120902776,0.4647385714810097,0.6321205588285576,0.5703726837874552,0.6361652461159742
17,2,2.0,8,0.0,0.0,,0.11750309741540454,0.31271072120902776,0.4647385714810097,0.6321205588285576,0.5656826591101097,0.3164929967428832
17,2,3.0,8,0.0,0.0,,0.11750309741540454,0.31271072120902776,0.4647385714810097,0.6321205588285576,0.6892750418799655,0.5516574736680381
17,2,4.0,8,0.0,0.0,,0.11750309741540454,0.31271072120902776,0.4647385714810097,0.6321205588285576,0.5374360384658854,0.4616020108396678
17,2,5.0,8,0.0,0.0,,0.11750309741540454,0.31271072120902776,0.4647385714810097,0.6321205588285576,0.7065868904814611,0.49636414937553786
17,2,6.0,8,0.0,0.0,,0.11750309741540454,0.31271072120902776,0.4647385714810097,0.6321205588285576,0.7087358076772875,0.6869168630639654
17,2,7.0,8,0.0,0.0,,0.11750309741540454,0.31271072120902776,0.4647385714810097,0.6321205588285576,0.5853292922640206,0.5942521796632303
17,2,8.0,8,0.0,0.0,,0.11750309741540454,0.31271072120902776,0.4647385714810097,0.6321205588285576,0.48458953327910476,0.6604976071060746
17,2,9.0,8,0.0,0.0,,0.11750309741540454,0.31271072120902776,0.4647385714810097,0.6321205588285576,0.5517198183584193,0.5763192592556392
17,2,10.0,8,0.0,0.0,,0.11750309741540454,0.31271072120902776,0.4647385714810097,0.6321205588285576,0.5746656090705831,0.5413288566149601
17,2,11.0,8,0.0,0.0,,0.11750309741540454,0.31271072120902776,0.4647385714810097,0.6321205588285576,0.6595157151510749,0.5638669401644318
17,2,12.0,8,0.0,0.0,,0.11750309741540454,0.31271072120902776,0.4647385714810097,0.6321205588285576,0.6387570523798236,0.3805766031457066
17,2,13.0,8,0.0,0.0,,0.11750309741540454,0.31271072120902776,0.4647385714810097,0.6321205588285576,0.5227621324440597,0.44286166428620727
17,2,14.0,8,0.0,0.0,,0.11750309741540454,0.31271072120902776,0.4647385714810097,0.6321205588285576,0.5770782602945823,0.5844109515415357
17,2,15.0,8,0.0,0.0,,0.11750309741540454,0.31271072120902776,0.4647385714810097,0.6321205588285576,0.6727567944228197,0.5307698068259856
17,2,16.0,8,0.0,0.0,,0.11750309741540454,0.31271072120902776,0.4647385714810097,0.6321205588285576,0.7190588348255881,0.37781141500136084
17,2,17.0,8,0.0,0.0,,0.11750309741540454,0.31271072120902776,0.4647385714810097,0.6321205588285576,0.7161124794030956,0.6262904604462268
17,2,18.0,8,0.0,0.0,,0.11750309741540454,0.31271072120902776,0.4647385714810097,0.6321205588285576,0.6662057126253695,0.3029638940194984
17,2,19.0,8,0.0,0.0,,0.11750309741540454,0.31271072120902776,0.4647385714810097,0.6321205588285576,0.8399536372825495,0.5276707627839062
17,2,20.0,8,0.0,0.0,,0.11750309741540454,0.31271072120902776,0.4647385714810097,0.6321205588285576,0.601945596946218,0.731416714890978
17,2,21.0,8,0.0,0.0,,0.11750309741540454,0.31271072120902776,0.4647385714810097,0.6321205588285576,0.5008905013374771,0.5446145227072624
17,2,22.0,8,0.0,0.0,,0.11750309741540454,0.31271072120902776,0.4647385714810097,0.6321205588285576,0.6619653990151315,0.49857477598521144
17,2,23.0,8,0.0,0.0,,0.11750309741540454,0.31271072120902776,0.4647385714810097,0.6321205588285576,0.6033759274940036,0.5065105184776634
17,2,24.0,8,0.0,0.0,,0.11750309741540454,0.31271072120902776,0.4647385714810097,0.6321205588285576,0.6844753832012179,0.6456872110374865
17,2,25.0,8,0.0,0.0,,0.11750309741540454,0.31271072120902776,0.4647385714810097,0.6321205588285576,0.5869021951608153,0.564663671192615
17,2,26.0,8,0.0,0.0,,0.11750309741540454,0.31271072120902776,0.4647385714810097,0.6321205588285576,0.7308237951638643,0.4958889202353102
17,2,27.0,8,0.0,0.0,,0.11750309741540454,0.31271072120902776,0.4647385714810097,0.6321205588285576,0.6613940077618208,0.651447137457942
17,2,28.0,8,0.0,0.0,,0.11750309741540454,0.31271072120902776,0.4647385714810097,0.6321205588285576,0.7300274555019799,0.5292218285903808
17,2,29.0,8,0.0,0.0,,0.11750309741540454,0.31271072120902776,0.4647385714810097,0.6321205588285576,0.6680256262268534,0.5845072495420089
17,2,30.0,8,0.0,0.0,,0.11750309741540454,0.31271072120902776,0.4647385714810097,0.6321205588285576,0.41394234797822804,0.7614763854316744
17,2,31.0,8,0.0,0.0,,0.11750309741540454,0.31271072120902776,0.4647385714810097,0.6321205588285576,0.6613130255731149,0.4826764184756659
17,2,32.0,8,0.0,0.0,,0.11750309741540454,0.31271072120902776,0.4647385714810097,0.6321205588285576,0.7630343614413969,0.5710933861040527
17,2,33.0,8,0.0,0.0,,0.11750309741540454,0.31271072120902776,0.4647385714810097,0.6321205588285576,0.6546711103385606,0.5368609616276636
17,2,34.0,8,0.0,0.0,,0.11750309741540454,0.31271072120902776,0.4647385714810097,0.6321205588285576,0.6920594792644085,0.5135118687056777
17,2,35.0,8,0.0,0.0,,0.11750309741540454,0.31271072120902776,0.4647385714810097,0.6321205588285576,0.6434470584720822,0.772891336691359
17,2,36.0,8,0.0,0.0,,0.11750309741540454,0.31271072120902776,0.4647385714810097,0.6321205588285576,0.7353735189541913,0.5283713743443583
17,2,37.0,8,0.0,0.0,,0.11750309741540454,0.31271072120902776,0.4647385714810097,0.6321205588285576,0.5763569324006196,0.6282171060542581
17,2,38.0,8,0.0,0.0,,0.11750309741540454,0.31271072120902776,0.4647385714810097,0.6321205588285576,0.5189522496553798,0.41128298835212024
17,2,39.0,8,0.0,0.0,,0.11750309741540454,0.31271072120902776,0.4647385714810097,0.6321205588285576,0.6903479251199494,0.5133967049683893
17,2,40.0,8,0.0,0.0,,0.11750309741540454,0.31271072120902776,0.4647385714810097,0.6321205588285576,0.7104306678069959,0.39601435087841697
17,2,41.0,8,0.0,0.0,,0.11750309741540454,0.31271072120902776,0.4647385714810097,0.6321205588285576,0.6051938890667514,0.4566691848926519
17,2,42.0,8,0.0,0.0,,0.11750309741540454,0.31271072120902776,0.4647385714810097,0.6321205588285576,0.4632758197201395,0.834453528572668
17,2,43.0,8,0.0,0.0,,0.11750309741540454,0.31271072120902776,0.4647385714810097,0.6321205588285576,0.6737030685728637,0.5927507991690406
17,2,44.0,8,0.0,0.0,,0.11750309741540454,0.31271072120902776,0.4647385714810097,0.6321205588285576,0.5931660897329522,0.6210702732740885
17,2,45.0,8,0.0,0.0,,0.11750309741540454,0.31271072120902776,0.4647385714810097,0.6321205588285576,0.6401955823306322,0.5567026307565083
17,2,46.0,8,0.0,0.0,,0.11750309741540454,0.31271072120902776,0.4647385714810097,0.6321205588285576,0.6138727940620512,0.7529068130532297
17,2,47.0,8,0.0,0.0,,0.11750309741540454,0.31271072120902776,0.4647385714810097,0.6321205588285576,0.7931266594033995,0.688585721124998
17,2,48.0,8,0.0,0.0,,0.11750309741540454,0.31271072120902776,0.4647385714810097,0.6321205588285576,0.5640020697838456,0.5798444140193851
17,2,49.0,8,0.0,0.0,,0.11750309741540454,0.31271072120902776,0.4647385714810097,0.6321205588285576,0.5661077582907375,0.6299654962081211
17,2,50.0,8,0.0,0.0,,0.11750309741540454,0.31271072120902776,0.4647385714810097,0.6321205588285576,0.5082531177353513,0.5689451003985868
17,2,51.0,8,0.0,0.0,,0.11750309741540454,0.31271072120902776,0.4647385714810097,0.6321205588285576,0.627385799851925,0.5668325296147078
17,2,52.0,8,0.0,0.0,,0.11750309741540454,0.31271072120902776,0.4647385714810097,0.6321205588285576,0.6349248683656152,0.579170729523446
17,2,53.0,8,0.0,0.0,,0.11750309741540454,0.31271072120902776,0.4647385714810097,0.6321205588285576,0.5290620795025057,0.6762698003127824
17,2,54.0,8,0.0,0.0,,0.11750309741540454,0.31271072120902776,0.4647385714810097,0.6321205588285576,0.5941228853431173,0.3755798235794997
17,2,55.0,8,0.0,0.0,,0.11750309741540454,0.31271072120902776,0.4647385714810097,0.6321205588285576,0.6668535035391605,0.3829729067681851
17,2,56.0,8,0.0,0.0,,0.11750309741540454,0.31271072120902776,0.4647385714810097,0.6321205588285576,0.5183134743725228,0.4838584390052281
17,2,57.0,8,0.0,0.0,,0.11750309741540454,0.31271072120902776,0.4647385714810097,0.6321205588285576,0.49357843927981604,0.48214957326467234
17,2,58.0,8,0.0,0.0,,0.11750309741540454,0.31271072120902776,0.4647385714810097,0.6321205588285576,0.6652904536030253,0.6844632985840543
17,2,59.0,8,0.0,0.0,,0.11750309741540454,0.31271072120902776,0.4647385714810097,0.6321205588285576,0.5128398674259628,0.5575730815759716
17,2,60.0,8,0.0,0.0,,0.11750309741540454,0.31271072120902776,0.4647385714810097,0.6321205588285576,0.7646955124197348,0.46887120809733707
17,2,61.0,8,0.0,0.0,,0.11750309741540454,0.31271072120902776,0.4647385714810097,0.6321205588285576,0.5985034040510611,0.6836846684735571
17,2,62.0,8,0.0,0.0,,0.11750309741540454,0.31271072120902776,0.4647385714810097,0.6321205588285576,0.6413979270578395,0.5038160651561979
17,2,63.0,8,0.0,0.0,,0.11750309741540454,0.31271072120902776,0.4647385714810097,0.6321205588285576,0.6678378198190835,0.5701133674614942
17,2,64.0,8,0.0,0.0,,0.11750309741540454,0.31271072120902776,0.4647385714810097,0.6321205588285576,0.5501351132310692,0.6781872609814492
17,2,65.0,8,0.0,0.0,,0.11750309741540454,0.31271072120902776,0.4647385714810097,0.6321205588285576,0.6125643277011041,0.5010107877532205
17,2,66.0,8,0.0,0.0,,0.11750309741540454,0.31271072120902776,0.4647385714810097,0.6321205588285576,0.48566773113993256,0.5255905686112848
17,2,67.0,8,0.0,0.0,,0.11750309741540454,0.31271072120902776,0.4647385714810097,0.6321205588285576,0.5525850179836166,0.4295263357549395
17,2,68.0,8,0.0,0.0,,0.11750309741540454,0.31271072120902776,0.4647385714810097,0.6321205588285576,0.6407802686762496,0.6431454445139172
17,2,69.0,8,0.0,0.0,,0.11750309741540454,0.31271072120902776,0.4647385714810097,0.6321205588285576,0.598611363540554,0.5303581803172441
17,2,70.0,8,0.0,0.0,,0.11750309741540454,0.31271072120902776,0.4647385714810097,0.6321205588285576,0.659768004558754,0.6297058319147701
17,2,71.0,8,0.0,0.0,,0.11750309741540454,0.31271072120902776,0.4647385714810097,0.6321205588285576,0.5794375527733694,0.4461171554826688
17,2,72.0,8,0.0,0.0,,0.11750309741540454,0.31271072120902776,0.4647385714810097,0.6321205588285576,0.6257555832590875,0.6212392562780217
17,2,73.0,8,0.0,0.0,,0.11750309741540454,0.31271072120902776,0.4647385714810097,0.6321205588285576,0.6541954987480365,0.46688999359715905
17,2,74.0,8,0.0,0.0,,0.11750309741540454,0.31271072120902776,0.4647385714810097,0.6321205588285576,0.6113431401320077,0.3794977509869522
17,2,75.0,8,0.0,0.0,,0.11750309741540454,0.31271072120902776,0.4647385714810097,0.6321205588285576,0.714423237566051,0.4165084894491214
17,2,76.0,8,0.0,0.0,,0.11750309741540454,0.31271072120902776,0.4647385714810097,0.6321205588285576,0.6745943276544477,0.5452314548593394
17,2,77.0,8,0.0,0.0,,0.11750309741540454,0.31271072120902776,0.4647385714810097,0.6321205588285576,0.5841394777272663,0.5997908064471607
17,2,78.0,8,0.0,0.0,,0.11750309741540454,0.31271072120902776,0.4647385714810097,0.6321205588285576,0.46345587082973916,0.4677641039199941
17,2,79.0,8,0.0,0.0,,0.11750309741540454,0.31271072120902776,0.4647385714810097,0.6321205588285576,0.6041679659023463,0.4980692562736982
17,2,80.0,8,0.0,0.0,,0.11750309741540454,0.31271072120902776,0.4647385714810097,0.6321205588285576,0.7075002961699892,0.3299633995809333
17,2,81.0,8,0.0,0.0,,0.11750309741540454,0.31271072120902776,0.4647385714810097,0.6321205588285576,0.5706971945336079,0.5925762438622023
17,2,82.0,8,0.0,0.0,,0.11750309741540454,0.31271072120902776,0.4647385714810097,0.6321205588285576,0.6615714965276297,0.4957651467406018
17,2,83.0,8,0.0,0.0,,0.11750309741540454,0.31271072120902776,0.4647385714810097,0.6321205588285576,0.4696040680067057,0.28476402811194423
17,2,84.0,8,0.0,0.0,,0.11750309741540454,0.31271072120902776,0.4647385714810097,0.6321205588285576,0.6559741885548522,0.48630551934628985
17,2,85.0,8,0.0,0.0,,0.11750309741540454,0.31271072120902776,0.4647385714810097,0.6321205588285576,0.5570358234553561,0.6523476298454239
17,2,86.0,8,0.0,0.0,,0.11750309741540454,0.31271072120902776,0.4647385714810097,0.6321205588285576,0.3667049772330711,0.47973649787492023
17,2,87.0,8,0.0,0.0,,0.11750309741540454,0.31271072120902776,0.4647385714810097,0.6321205588285576,0.6002570078083824,0.7026108027505366
17,2,88.0,8,0.0,0.0,,0.11750309741540454,0.31271072120902776,0.4647385714810097,0.6321205588285576,0.7582233303153798,0.4517210160831656
17,2,89.0,8,0.0,0.0,,0.11750309741540454,0.31271072120902776,0.4647385714810097,0.6321205588285576,0.6294701629559601,0.6252354131852286
17,2,90.0,8,0.0,0.0,,0.11750309741540454,0.31271072120902776,0.4647385714810097,0.6321205588285576,0.7145300914249695,0.5435327596328645
17,2,91.0,8,0.0,0.0,,0.11750309741540454,0.31271072120902776,0.4647385714810097,0.6321205588285576,0.799172004606803,0.45405587402406705
17,2,92.0,8,0.0,0.0,,0.11750309741540454,0.31271072120902776,0.4647385714810097,0.6321205588285576,0.7008081081931423,0.619889885865585
17,2,93.0,8,0.0,0.0,,0.11750309741540454,0.31271072120902776,0.4647385714810097,0.6321205588285576,0.5213996492773888,0.592823030643766
17,2,94.0,8,0.0,0.0,,0.11750309741540454,0.31271072120902776,0.4647385714810097,0.6321205588285576,0.5323701187631797,0.6422858455714342
17,2,95.0,8,0.0,0.0,,0.11750309741540454,0.31271072120902776,0.4647385714810097,0.6321205588285576,0.713762149460694,0.542616059283206
17,2,96.0,8,0.0,0.0,,0.11750309741540454,0.31271072120902776,0.4647385714810097,0.6321205588285576,0.5484313091603326,0.6176480017619997
17,2,97.0,8,0.0,0.0,,0.11750309741540454,0.31271072120902776,0.4647385714810097,0.6321205588285576,0.6619287454506954,0.5076844130204339
17,2,98.0,8,0.0,0.0,,0.11750309741540454,0.31271072120902776,0.4647385714810097,0.6321205588285576,0.3964079236331989,0.49687082213878997
17,2,99.0,8,0.0,0.0,,0.11750309741540454,0.31271072120902776,0.4647385714810097,0.6321205588285576,0.655821378812983,0.2395765787262491
17,2,100.0,8,0.0,0.0,,0.11750309741540454,0.31271072120902776,0.4647385714810097,0.6321205588285576,0.516379825760777,0.4716064251518704
18,2,1.0,10,0.0,0.0,,0.09516258196404048,0.2591817793182821,0.39346934028736663,0.5506710358827785,0.6022378744513828,0.4081715489843735
18,2,2.0,10,0.0,0.0,,0.09516258196404048,0.2591817793182821,0.39346934028736663,0.5506710358827785,0.6970065410963707,0.5055092793541753
18,2,3.0,10,0.0,0.0,,0.09516258196404048,0.2591817793182821,0.39346934028736663,0.5506710358827785,0.6564129270195362,0.6930441119344739
18,2,4.0,10,0.0,0.0,,0.09516258196404048,0.2591817793182821,0.39346934028736663,0.5506710358827785,0.6826874231535214,0.3977367236547219
18,2,5.0,10,0.0,0.0,,0.09516258196404048,0.2591817793182821,0.39346934028736663,0.5506710358827785,0.6072199577126381,0.6734052120247965
18,2,6.0,10,0.0,0.0,,0.09516258196404048,0.2591817793182821,0.39346934028736663,0.5506710358827785,0.6159270080258982,0.45036163324880657
18,2,7.0,10,0.0,0.0,,0.09516258196404048,0.2591817793182821,0.39346934028736663,0.5506710358827785,0.5636767504403564,0.5861212552666519
18,2,8.0,10,0.0,0.0,,0.09516258196404048,0.2591817793182821,0.39346934028736663,0.5506710358827785,0.6401571863837068,0.47905010392981595
18,2,9.0,10,0.0,0.0,,0.09516258196404048,0.2591817793182821,0.39346934028736663,0.5506710358827785,0.6766666209502297,0.45425116595138204
18,2,10.0,10,0.0,0.0,,0.09516258196404048,0.2591817793182821,0.39346934028736663,0.5506710358827785,0.6098105472106627,0.7317411300879088
18,2,11.0,10,0.0,0.0,,0.09516258196404048,0.2591817793182821,0.39346934028736663,0.5506710358827785,0.6503725543615295,0.5936213859252178
18,2,12.0,10,0.0,0.0,,0.09516258196404048,0.2591817793182821,0.39346934028736663,0.5506710358827785,0.6577620366840566,0.46766855558977777
18,2,13.0,10,0.0,0.0,,0.09516258196404048,0.2591817793182821,0.39346934028736663,0.5506710358827785,0.6478800704229606,0.3929694333810642
18,2,14.0,10,0.0,0.0,,0.09516258196404048,0.2591817793182821,0.39346934028736663,0.5506710358827785,0.562170413919559,0.486141368094659
18,2,15.0,10,0.0,0.0,,0.09516258196404048,0.2591817793182821,0.39346934028736663,0.5506710358827785,0.6126562035118631,0.6029912317290668
18,2,16.0,10,0.0,0.0,,0.09516258196404048,0.2591817793182821,0.39346934028736663,0.5506710358827785,0.6302069884875288,0.4718886859060191
18,2,17.0,10,0.0,0.0,,0.09516258196404048,0.2591817793182821,0.39346934028736663,0.5506710358827785,0.7782170468876044,0.5205308471337095
18,2,18.0,10,0.0,0.0,,0.09516258196404048,0.2591817793182821,0.39346934028736663,0.5506710358827785,0.5884906259368783,0.7261799568825167
18,2,19.0,10,0.0,0.0,,0.09516258196404048,0.2591817793182821,0.39346934028736663,0.5506710358827785,0.6379011536628547,0.6634107364421575
18,2,20.0,10,0.0,0.0,,0.09516258196404048,0.2591817793182821,0.39346934028736663,0.5506710358827785,0.6336789029142482,0.5728321522955517
18,2,21.0,10,0.0,0.0,,0.09516258196404048,0.2591817793182821,0.39346934028736663,0.5506710358827785,0.6134834667725697,0.49427603554290184
18,2,22.0,10,0.0,0.0,,0.09516258196404048,0.2591817793182821,0.39346934028736663,0.5506710358827785,0.6081256571516687,0.5091707006387739
18,2,23.0,10,0.0,0.0,,0.09516258196404048,0.2591817793182821,0.39346934028736663,0.5506710358827785,0.6167864370898093,0.2951614368142222
18,2,24.0,10,0.0,0.0,,0.09516258196404048,0.2591817793182821,0.39346934028736663,0.5506710358827785,0.5722322575513753,0.44754281249291994
18,2,25.0,10,0.0,0.0,,0.09516258196404048,0.2591817793182821,0.39346934028736663,0.5506710358827785,0.6760320905727191,0.5049914305809691
18,2,26.0,10,0.0,0.0,,0.09516258196404048,0.2591817793182821,0.39346934028736663,0.5506710358827785,0.5692898792867447,0.6642991612366973
18,2,27.0,10,0.0,0.0,,0.09516258196404048,0.2591817793182821,0.39346934028736663,0.5506710358827785,0.6023945890099704,0.6861876513974138
18,2,28.0,10,0.0,0.0,,0.09516258196404048,0.2591817793182821,0.39346934028736663,0.5506710358827785,0.6193109031603303,0.6156006920877741
18,2,29.0,10,0.0,0.0,,0.09516258196404048,0.2591817793182821,0.39346934028736663,0.5506710358827785,0.6465180134123492,0.3874129509857228
18,2,30.0,10,0.0,0.0,,0.09516258196404048,0.2591817793182821,0.39346934028736663,0.5506710358827785,0.5682575216071444,0.7982567965335662
18,2,31.0,10,0.0,0.0,,0.09516258196404048,0.2591817793182821,0.39346934028736663,0.5506710358827785,0.6604433418847975,0.6610428561350674
18,2,32.0,10,0.0,0.0,,0.09516258196404048,0.2591817793182821,0.39346934028736663,0.5506710358827785,0.6299491339931058,0.4955716080298872
18,2,33.0,10,0.0,0.0,,0.09516258196404048,0.2591817793182821,0.39346934028736663,0.5506710358827785,0.7514969333281211,0.49606850886102
18,2,34.0,10,0.0,0.0,,0.09516258196404048,0.2591817793182821,0.39346934028736663,0.5506710358827785,0.6379921593778539,0.7347727637277421
18,2,35.0,10,0.0,0.0,,0.09516258196404048,0.2591817793182821,0.39346934028736663,0.5506710358827785,0.6372693467931545,0.6602579098281135
18,2,36.0,10,0.0,0.0,,0.09516258196404048,0.2591817793182821,0.39346934028736663,0.5506710358827785,0.5284337746188215,0.7130272209241864
18,2,37.0,10,0.0,0.0,,0.09516258196404048,0.2591817793182821,0.39346934028736663,0.5506710358827785,0.5956493064117776,0.4969055834017843
18,2,38.0,10,0.0,0.0,,0.09516258196404048,0.2591817793182821,0.39346934028736663,0.5506710358827785,0.5853955636813757,0.49369237131439137
18,2,39.0,10,0.0,0.0,,0.09516258196404048,0.2591817793182821,0.39346934028736663,0.5506710358827785,0.6948567888374698,0.3797661681387533
18,2,40.0,10,0.0,0.0,,0.09516258196404048,0.2591817793182821,0.39346934028736663,0.5506710358827785,0.6132408602606815,0.4710122875703763
18,2,41.0,10,0.0,0.0,,0.09516258196404048,0.2591817793182821,0.39346934028736663,0.5506710358827785,0.654843283830784,0.5784290646042307
18,2,42.0,10,0.0,0.0,,0.09516258196404048,0.2591817793182821,0.39346934028736663,0.5506710358827785,0.6182811889927429,0.5989402955542287
18,2,43.0,10,0.0,0.0,,0.09516258196404048,0.2591817793182821,0.39346934028736663,0.5506710358827785,0.6195383801572752,0.555926243446519
18,2,44.0,10,0.0,0.0,,0.09516258196404048,0.2591817793182821,0.39346934028736663,0.5506710358827785,0.6428239949730705,0.5577815215212086
18,2,45.0,10,0.0,0.0,,0.09516258196404048,0.2591817793182821,0.39346934028736663,0.5506710358827785,0.6557289038650171,0.5726614173912519
18,2,46.0,10,0.0,0.0,,0.09516258196404048,0.2591817793182821,0.39346934028736663,0.5506710358827785,0.5799191879018671,0.6758457706919317
18,2,47.0,10,0.0,0.0,,0.09516258196404048,0.2591817793182821,0.39346934028736663,0.5506710358827785,0.5677227322965992,0.3926254921932751
18,2,48.0,10,0.0,0.0,,0.09516258196404048,0.2591817793182821,0.39346934028736663,0.5506710358827785,0.6235600718889279,0.6251197159648149
18,2,49.0,10,0.0,0.0,,0.09516258196404048,0.2591817793182821,0.39346934028736663,0.5506710358827785,0.6249288429453677,0.5964652076500829
18,2,50.0,10,0.0,0.0,,0.09516258196404048,0.2591817793182821,0.39346934028736663,0.5506710358827785,0.6699766594178895,0.4276853247555663
18,2,51.0,10,0.0,0.0,,0.09516258196404048,0.2591817793182821,0.39346934028736663,0.5506710358827785,0.589362304318352,0.5740822338762278
18,2,52.0,10,0.0,0.0,,0.09516258196404048,0.2591817793182821,0.39346934028736663,0.5506710358827785,0.6537404724149278,0.5901608861726801
18,2,53.0,10,0.0,0.0,,0.09516258196404048,0.2591817793182821,0.39346934028736663,0.5506710358827785,0.5851132596167197,0.7136275480426459
18,2,54.0,10,0.0,0.0,,0.09516258196404048,0.2591817793182821,0.39346934028736663,0.5506710358827785,0.7021059581595386,0.4997219223279381
18,2,55.0,10,0.0,0.0,,0.09516258196404048,0.2591817793182821,0.39346934028736663,0.5506710358827785,0.6480588957545207,0.795097101863154
18,2,56.0,10,0.0,0.0,,0.09516258196404048,0.2591817793182821,0.39346934028736663,0.5506710358827785,0.7276482739769539,0.6496986896763358
18,2,57.0,10,0.0,0.0,,0.09516258196404048,0.2591817793182821,0.39346934028736663,0.5506710358827785,0.648474753433234,0.5547458217228359
18,2,58.0,10,0.0,0.0,,0.09516258196404048,0.2591817793182821,0.39346934028736663,0.5506710358827785,0.5681904767873471,0.5351124629257583
18,2,59.0,10,0.0,0.0,,0.09516258196404048,0.2591817793182821,0.39346934028736663,0.5506710358827785,0.6466711048904009,0.4240332351953269
18,2,60.0,10,0.0,0.0,,0.09516258196404048,0.2591817793182821,0.39346934028736663,0.5506710358827785,0.6720469208618055,0.6507789791871902
18,2,61.0,10,0.0,0.0,,0.09516258196404048,0.2591817793182821,0.39346934028736663,0.5506710358827785,0.621001681953082,0.5230927295174269
18,2,62.0,10,0.0,0.0,,0.09516258196404048,0.2591817793182821,0.39346934028736663,0.5506710358827785,0.6303991019034352,0.670240919112277
18,2,63.0,10,0.0,0.0,,0.09516258196404048,0.2591817793182821,0.39346934028736663,0.5506710358827785,0.6026191111931106,0.6695657572220004
18,2,64.0,10,0.0,0.0,,0.09516258196404048,0.2591817793182821,0.39346934028736663,0.5506710358827785,0.644663803844422,0.7267599584402911
18,2,65.0,10,0.0,0.0,,0.09516258196404048,0.2591817793182821,0.39346934028736663,0.5506710358827785,0.6702603406245691,0.4764756266888336
18,2,66.0,10,0.0,0.0,,0.09516258196404048,0.2591817793182821,0.39346934028736663,0.5506710358827785,0.7160444997617226,0.46162142322627603
18,2,67.0,10,0.0,0.0,,0.09516258196404048,0.2591817793182821,0.39346934028736663,0.5506710358827785,0.6123175632892489,0.5727055536727496
18,2,68.0,10,0.0,0.0,,0.09516258196404048,0.2591817793182821,0.39346934028736663,0.5506710358827785,0.6542518685419692,0.48417943737934444
18,2,69.0,10,0.0,0.0,,0.09516258196404048,0.2591817793182821,0.39346934028736663,0.5506710358827785,0.5531860211864037,0.6456828865929696
18,2,70.0,10,0.0,0.0,,0.09516258196404048,0.2591817793182821,0.39346934028736663,0.5506710358827785,0.5827080583620072,0.5047468940228261
18,2,71.0,10,0.0,0.0,,0.09516258196404048,0.2591817793182821,0.39346934028736663,0.5506710358827785,0.6231855092762467,0.4973363048609367
18,2,72.0,10,0.0,0.0,,0.09516258196404048,0.2591817793182821,0.39346934028736663,0.5506710358827785,0.5953230604233004,0.6039851855500922
18,2,73.0,10,0.0,0.0,,0.09516258196404048,0.2591817793182821,0.39346934028736663,0.5506710358827785,0.5899623185098448,0.5832614243708141
18,2,74.0,10,0.0,0.0,,0.09516258196404048,0.2591817793182821,0.39346934028736663,0.5506710358827785,0.583044848794497,0.36399105761204076
18,2,75.0,10,0.0,0.0,,0.09516258196404048,0.2591817793182821,0.39346934028736663,0.5506710358827785,0.48957741177711,0.6790127244318623
18,2,76.0,10,0.0,0.0,,0.09516258196404048,0.2591817793182821,0.39346934028736663,0.5506710358827785,0.5747609866072557,0.5603051713599174
18,2,77.0,10,0.0,0.0,,0.09516258196404048,0.2591817793182821,0.39346934028736663,0.5506710358827785,0.6438205461994201,0.49431842393615294
18,2,78.0,10,0.0,0.0,,0.09516258196404048,0.2591817793182821,0.39346934028736663,0.5506710358827785,0.615647861670696,0.6864778272941766
18,2,79.0,10,0.0,0.0,,0.09516258196404048,0.2591817793182821,0.39346934028736663,0.5506710358827785,0.6063916914663472,0.3962122849200312
18,2,80.0,10,0.0,0.0,,0.09516258196404048,0.2591817793182821,0.39346934028736663,0.5506710358827785,0.6593857560186358,0.4655589379863277
18,2,81.0,10,0.0,0.0,,0.09516258196404048,0.2591817793182821,0.39346934028736663,0.5506710358827785,0.6540465434164942,0.7787264367361856
18,2,82.0,10,0.0,0.0,,0.09516258196404048,0.2591817793182821,0.39346934028736663,0.5506710358827785,0.5756335402445903,0.5006294562979615
18,2,83.0,10,0.0,0.0,,0.09516258196404048,0.2591817793182821,0.39346934028736663,0.5506710358827785,0.6724208297900298,0.424798600283341
18,2,84.0,10,0.0,0.0,,0.09516258196404048,0.2591817793182821,0.39346934028736663,0.5506710358827785,0.6814459367115355,0.6189404487833896
18,2,85.0,10,0.0,0.0,,0.09516258196404048,0.2591817793182821,0.39346934028736663,0.5506710358827785,0.5947551054981605,0.8069714807962715
18,2,86.0,10,0.0,0.0,,0.09516258196404048,0.2591817793182821,0.39346934028736663,0.5506710358827785,0.5824705912582636,0.49699346910464826
18,2,87.0,10,0.0,0.0,,0.09516258196404048,0.2591817793182821,0.39346934028736663,0.5506710358827785,0.5992063233567787,0.746792660701334
18,2,88.0,10,0.0,0.0,,0.09516258196404048,0.2591817793182821,0.39346934028736663,0.5506710358827785,0.6027600972783844,0.6586029347913934
18,2,89.0,10,0.0,0.0,,0.09516258196404048,0.2591817793182821,0.39346934028736663,0.5506710358827785,0.5197649484873805,0.7583802039599135
18,2,90.0,10,0.0,0.0,,0.09516258196404048,0.2591817793182821,0.39346934028736663,0.5506710358827785,0.579791093428536,0.5654718057328123
18,2,91.0,10,0.0,0.0,,0.09516258196404048,0.2591817793182821,0.39346934028736663,0.5506710358827785,0.581329271307695,0.40077569858858314
18,2,92.0,10,0.0,0.0,,0.09516258196404048,0.2591817793182821,0.39346934028736663,0.5506710358827785,0.5760922171231344,0.6336195169468817
18,2,93.0,10,0.0,0.0,,0.09516258196404048,0.2591817793182821,0.39346934028736663,0.5506710358827785,0.5963546828428246,0.810366408840723
18,2,94.0,10,0.0,0.0,,0.09516258196404048,0.2591817793182821,0.39346934028736663,0.5506710358827785,0.6408776914595881,0.6113193106628885
18,2,95.0,10,0.0,0.0,,0.09516258196404048,0.2591817793182821,0.39346934028736663,0.5506710358827785,0.6334022865344839,0.5245769791210044
18,2,96.0,10,0.0,0.0,,0.09516258196404048,0.2591817793182821,0.39346934028736663,0.5506710358827785,0.6625014537640201,0.5974126083806359
18,2,97.0,10,0.0,0.0,,0.09516258196404048,0.2591817793182821,0.39346934028736663,0.5506710358827785,0.621588543229034,0.659108875407139
18,2,98.0,10,0.0,0.0,,0.09516258196404048,0.2591817793182821,0.39346934028736663,0.5506710358827785,0.560411106369205,0.5819835487281999
18,2,99.0,10,0.0,0.0,,0.09516258196404048,0.2591817793182821,0.39346934028736663,0.5506710358827785,0.6102453375461558,0.4696792531854214
18,2,100.0,10,0.0,0.0,,0.09516258196404048,0.2591817793182821,0.39346934028736663,0.5506710358827785,0.7114935441860875,0.6283686723626516
19,2,1.0,12,0.0,0.0,,0.07995558537067671,0.2211992169285951,0.34075936979955623,0.4865828809674079,0.6321205588285576,0.6609891020079235
19,2,2.0,12,0.0,0.0,,0.07995558537067671,0.2211992169285951,0.34075936979955623,0.4865828809674079,0.6321205588285576,0.5446157008639679
19,2,3.0,12,0.0,0.0,,0.07995558537067671,0.2211992169285951,0.34075936979955623,0.4865828809674079,0.6321205588285576,0.38732004658033287
19,2,4.0,12,0.0,0.0,,0.07995558537067671,0.2211992169285951,0.34075936979955623,0.4865828809674079,0.6321205588285576,0.77347624191725
19,2,5.0,12,0.0,0.0,,0.07995558537067671,0.2211992169285951,0.34075936979955623,0.4865828809674079,0.6321205588285576,0.7476227099424297
19,2,6.0,12,0.0,0.0,,0.07995558537067671,0.2211992169285951,0.34075936979955623,0.4865828809674079,0.6321205588285576,0.5343688874306398
19,2,7.0,12,0.0,0.0,,0.07995558537067671,0.2211992169285951,0.34075936979955623,0.4865828809674079,0.6321205588285576,0.5626491206426678
19,2,8.0,12,0.0,0.0,,0.07995558537067671,0.2211992169285951,0.34075936979955623,0.4865828809674079,0.6321205588285576,0.5560398440434631
19,2,9.0,12,0.0,0.0,,0.07995558537067671,0.2211992169285951,0.34075936979955623,0.4865828809674079,0.6321205588285576,0.4554563782764526
19,2,10.0,12,0.0,0.0,,0.07995558537067671,0.2211992169285951,0.34075936979955623,0.4865828809674079,0.6321205588285576,0.6030622150418068
19,2,11.0,12,0.0,0.0,,0.07995558537067671,0.2211992169285951,0.34075936979955623,0.4865828809674079,0.6321205588285576,0.7942331553858895
19,2,12.0,12,0.0,0.0,,0.07995558537067671,0.2211992169285951,0.34075936979955623,0.4865828809674079,0.6321205588285576,0.5341139789419731
19,2,13.0,12,0.0,0.0,,0.07995558537067671,0.2211992169285951,0.34075936979955623,0.4865828809674079,0.6321205588285576,0.5140083338542458
19,2,14.0,12,0.0,0.0,,0.07995558537067671,0.2211992169285951,0.34075936979955623,0.4865828809674079,0.6321205588285576,0.6778722089726331
19,2,15.0,12,0.0,0.0,,0.07995558537067671,0.2211992169285951,0.34075936979955623,0.4865828809674079,0.6321205588285576,0.6125522285331583
19,2,16.0,12,0.0,0.0,,0.07995558537067671,0.2211992169285951,0.34075936979955623,0.4865828809674079,0.6321205588285576,0.480804557128797
19,2,17.0,12,0.0,0.0,,0.07995558537067671,0.2211992169285951,0.34075936979955623,0.4865828809674079,0.6321205588285576,0.5972772213036891
19,2,18.0,12,0.0,0.0,,0.07995558537067671,0.2211992169285951,0.34075936979955623,0.4865828809674079,0.6321205588285576,0.6588064820607644
19,2,19.0,12,0.0,0.0,,0.07995558537067671,0.2211992169285951,0.34075936979955623,0.4865828809674079,0.6321205588285576,0.6293625481910126
19,2,20.0,12,0.0,0.0,,0.07995558537067671,0.2211992169285951,0.34075936979955623,0.4865828809674079,0.6321205588285576,0.4924981188678387
19,2,21.0,12,0.0,0.0,,0.07995558537067671,0.2211992169285951,0.34075936979955623,0.4865828809674079,0.6321205588285576,0.4835108679785307
19,2,22.0,12,0.0,0.0,,0.07995558537067671,0.2211992169285951,0.34075936979955623,0.4865828809674079,0.6321205588285576,0.6093134942257473
19,2,23.0,12,0.0,0.0,,0.07995558537067671,0.2211992169285951,0.34075936979955623,0.4865828809674079,0.6321205588285576,0.4096449657319071
19,2,24.0,12,0.0,0.0,,0.07995558537067671,0.2211992169285951,0.34075936979955623,0.4865828809674079,0.6321205588285576,0.4863121798664256
19,2,25.0,12,0.0,0.0,,0.07995558537067671,0.2211992169285951,0.34075936979955623,0.4865828809674079,0.6321205588285576,0.3928607880298175
19,2,26.0,12,0.0,0.0,,0.07995558537067671,0.2211992169285951,0.34075936979955623,0.4865828809674079,0.6321205588285576,0.5217131225021316
19,2,27.0,12,0.0,0.0,,0.07995558537067671,0.2211992169285951,0.34075936979955623,0.4865828809674079,0.6321205588285576,0.707950000654554
19,2,28.0,12,0.0,0.0,,0.07995558537067671,0.2211992169285951,0.34075936979955623,0.4865828809674079,0.6321205588285576,0.6099353361818197
19,2,29.0,12,0.0,0.0,,0.07995558537067671,0.2211992169285951,0.34075936979955623,0.4865828809674079,0.6321205588285576,0.6297379955998583
19,2,30.0,12,0.0,0.0,,0.07995558537067671,0.2211992169285951,0.34075936979955623,0.4865828809674079,0.6321205588285576,0.6477418331783553
19,2,31.0,12,0.0,0.0,,0.07995558537067671,0.2211992169285951,0.34075936979955623,0.4865828809674079,0.6321205588285576,0.694951889554137
19,2,32.0,12,0.0,0.0,,0.07995558537067671,0.2211992169285951,0.34075936979955623,0.4865828809674079,0.6321205588285576,0.6872270967709524
19,2,33.0,12,0.0,0.0,,0.07995558537067671,0.2211992169285951,0.34075936979955623,0.4865828809674079,0.6321205588285576,0.44816091055086477
19,2,34.0,12,0.0,0.0,,0.07995558537067671,0.2211992169285951,0.34075936979955623,0.4865828809674079,0.6321205588285576,0.4307825407868752
19,2,35.0,12,0.0,0.0,,0.07995558537067671,0.2211992169285951,0.34075936979955623,0.4865828809674079,0.6321205588285576,0.49516505869016597
19,2,36.0,12,0.0,0.0,,0.07995558537067671,0.2211992169285951,0.34075936979955623,0.4865828809674079,0.6321205588285576,0.6148083476402579
19,2,37.0,12,0.0,0.0,,0.07995558537067671,0.2211992169285951,0.34075936979955623,0.4865828809674079,0.6321205588285576,0.6873248267275618
19,2,38.0,12,0.0,0.0,,0.07995558537067671,0.2211992169285951,0.34075936979955623,0.4865828809674079,0.6321205588285576,0.5264601358262833
19,2,39.0,12,0.0,0.0,,0.07995558537067671,0.2211992169285951,0.34075936979955623,0.4865828809674079,0.6321205588285576,0.6953366511214296
19,2,40.0,12,0.0,0.0,,0.07995558537067671,0.2211992169285951,0.34075936979955623,0.4865828809674079,0.6321205588285576,0.6008341421973136
19,2,41.0,12,0.0,0.0,,0.07995558537067671,0.2211992169285951,0.34075936979955623,0.4865828809674079,0.6321205588285576,0.5929706639411396
19,2,42.0,12,0.0,0.0,,0.07995558537067671,0.2211992169285951,0.34075936979955623,0.4865828809674079,0.6321205588285576,0.6031076728535473
19,2,43.0,12,0.0,0.0,,0.07995558537067671,0.2211992169285951,0.34075936979955623,0.4865828809674079,0.6321205588285576,0.5924024825812786
19,2,44.0,12,0.0,0.0,,0.07995558537067671,0.2211992169285951,0.34075936979955623,0.4865828809674079,0.6321205588285576,0.49347414484613006
19,2,45.0,12,0.0,0.0,,0.07995558537067671,0.2211992169285951,0.34075936979955623,0.4865828809674079,0.6321205588285576,0.38740619162915674
19,2,46.0,12,0.0,0.0,,0.07995558537067671,0.2211992169285951,0.34075936979955623,0.4865828809674079,0.6321205588285576,0.5179389794997855
19,2,47.0,12,0.0,0.0,,0.07995558537067671,0.2211992169285951,0.34075936979955623,0.4865828809674079,0.6321205588285576,0.6562012155276102
19,2,48.0,12,0.0,0.0,,0.07995558537067671,0.2211992169285951,0.34075936979955623,0.4865828809674079,0.6321205588285576,0.7275626949638927
19,2,49.0,12,0.0,0.0,,0.07995558537067671,0.2211992169285951,0.34075936979955623,0.4865828809674079,0.6321205588285576,0.39702837047356976
19,2,50.0,12,0.0,0.0,,0.07995558537067671,0.2211992169285951,0.34075936979955623,0.4865828809674079,0.6321205588285576,0.7215950454189779
19,2,51.0,12,0.0,0.0,,0.07995558537067671,0.2211992169285951,0.34075936979955623,0.4865828809674079,0.6321205588285576,0.5649509195482911
19,2,52.0,12,0.0,0.0,,0.07995558537067671,0.2211992169285951,0.34075936979955623,0.4865828809674079,0.6321205588285576,0.5214660624670289
19,2,53.0,12,0.0,0.0,,0.07995558537067671,0.2211992169285951,0.34075936979955623,0.4865828809674079,0.6321205588285576,0.2926494498065318
19,2,54.0,12,0.0,0.0,,0.07995558537067671,0.2211992169285951,0.34075936979955623,0.4865828809674079,0.6321205588285576,0.4954488147960533
19,2,55.0,12,0.0,0.0,,0.07995558537067671,0.2211992169285951,0.34075936979955623,0.4865828809674079,0.6321205588285576,0.5571620954763798
19,2,56.0,12,0.0,0.0,,0.07995558537067671,0.2211992169285951,0.34075936979955623,0.4865828809674079,0.6321205588285576,0.7199639710092891
19,2,57.0,12,0.0,0.0,,0.07995558537067671,0.2211992169285951,0.34075936979955623,0.4865828809674079,0.6321205588285576,0.5639623870519103
19,2,58.0,12,0.0,0.0,,0.07995558537067671,0.2211992169285951,0.34075936979955623,0.4865828809674079,0.6321205588285576,0.6282232744752042
19,2,59.0,12,0.0,0.0,,0.07995558537067671,0.2211992169285951,0.34075936979955623,0.4865828809674079,0.6321205588285576,0.6794538082714427
19,2,60.0,12,0.0,0.0,,0.07995558537067671,0.2211992169285951,0.34075936979955623,0.4865828809674079,0.6321205588285576,0.5216405447724323
19,2,61.0,12,0.0,0.0,,0.07995558537067671,0.2211992169285951,0.34075936979955623,0.4865828809674079,0.6321205588285576,0.5891970408025975
19,2,62.0,12,0.0,0.0,,0.07995558537067671,0.2211992169285951,0.34075936979955623,0.4865828809674079,0.6321205588285576,0.7208203788434479
19,2,63.0,12,0.0,0.0,,0.07995558537067671,0.2211992169285951,0.34075936979955623,0.4865828809674079,0.6321205588285576,0.35064454631820324
19,2,64.0,12,0.0,0.0,,0.07995558537067671,0.2211992169285951,0.34075936979955623,0.4865828809674079,0.6321205588285576,0.6608758772506066
19,2,65.0,12,0.0,0.0,,0.07995558537067671,0.2211992169285951,0.34075936979955623,0.4865828809674079,0.6321205588285576,0.5350557561919691
19,2,66.0,12,0.0,0.0,,0.07995558537067671,0.2211992169285951,0.34075936979955623,0.4865828809674079,0.6321205588285576,0.5932566421009439
19,2,67.0,12,0.0,0.0,,0.07995558537067671,0.2211992169285951,0.34075936979955623,0.4865828809674079,0.6321205588285576,0.9294675193131529
19,2,68.0,12,0.0,0.0,,0.07995558537067671,0.2211992169285951,0.34075936979955623,0.4865828809674079,0.6321205588285576,0.7007233713349033
19,2,69.0,12,0.0,0.0,,0.07995558537067671,0.2211992169285951,0.34075936979955623,0.4865828809674079,0.6321205588285576,0.532493673954151
19,2,70.0,12,0.0,0.0,,0.07995558537067671,0.2211992169285951,0.34075936979955623,0.4865828809674079,0.6321205588285576,0.6863237719072455
19,2,71.0,12,0.0,0.0,,0.07995558537067671,0.2211992169285951,0.34075936979955623,0.4865828809674079,0.6321205588285576,0.4024916231444549
19,2,72.0,12,0.0,0.0,,0.07995558537067671,0.2211992169285951,0.34075936979955623,0.4865828809674079,0.6321205588285576,0.4516058953163687
19,2,73.0,12,0.0,0.0,,0.07995558537067671,0.2211992169285951,0.34075936979955623,0.4865828809674079,0.6321205588285576,0.6345764537318364
19,2,74.0,12,0.0,0.0,,0.07995558537067671,0.2211992169285951,0.34075936979955623,0.4865828809674079,0.6321205588285576,0.691864280051303
19,2,75.0,12,0.0,0.0,,0.07995558537067671,0.2211992169285951,0.34075936979955623,0.4865828809674079,0.6321205588285576,0.6853979026985858
19,2,76.0,12,0.0,0.0,,0.07995558537067671,0.2211992169285951,0.34075936979955623,0.4865828809674079,0.6321205588285576,0.7262779414088048
19,2,77.0,12,0.0,0.0,,0.07995558537067671,0.2211992169285951,0.34075936979955623,0.4865828809674079,0.6321205588285576,0.815833658335506
19,2,78.0,12,0.0,0.0,,0.07995558537067671,0.2211992169285951,0.34075936979955623,0.4865828809674079,0.6321205588285576,0.6281347109750406
19,2,79.0,12,0.0,0.0,,0.07995558537067671,0.2211992169285951,0.34075936979955623,0.4865828809674079,0.6321205588285576,0.6280218357921092
19,2,80.0,12,0.0,0.0,,0.07995558537067671,0.2211992169285951,0.34075936979955623,0.4865828809674079,0.6321205588285576,0.6275276009259434
19,2,81.0,12,0.0,0.0,,0.07995558537067671,0.2211992169285951,0.34075936979955623,0.4865828809674079,0.6321205588285576,0.7735238173668297
19,2,82.0,12,0.0,0.0,,0.07995558537067671,0.2211992169285951,0.34075936979955623,0.4865828809674079,0.6321205588285576,0.6512649410744106
19,2,83.0,12,0.0,0.0,,0.07995558537067671,0.2211992169285951,0.34075936979955623,0.4865828809674079,0.6321205588285576,0.4053681398799247
19,2,84.0,12,0.0,0.0,,0.07995558537067671,0.2211992169285951,0.34075936979955623,0.4865828809674079,0.6321205588285576,0.5949434207888241
19,2,85.0,12,0.0,0.0,,0.07995558537067671,0.2211992169285951,0.34075936979955623,0.4865828809674079,0.6321205588285576,0.6894232075283588
19,2,86.0,12,0.0,0.0,,0.07995558537067671,0.2211992169285951,0.34075936979955623,0.4865828809674079,0.6321205588285576,0.6206554501103316
19,2,87.0,12,0.0,0.0,,0.07995558537067671,0.2211992169285951,0.34075936979955623,0.4865828809674079,0.6321205588285576,0.6375556597623444
19,2,88.0,12,0.0,0.0,,0.07995558537067671,0.2211992169285951,0.34075936979955623,0.4865828809674079,0.6321205588285576,0.622083417813067
19,2,89.0,12,0.0,0.0,,0.07995558537067671,0.2211992169285951,0.34075936979955623,0.4865828809674079,0.6321205588285576,0.46571839512160806
19,2,90.0,12,0.0,0.0,,0.07995558537067671,0.2211992169285951,0.34075936979955623,0.4865828809674079,0.6321205588285576,0.5086216224614828
19,2,91.0,12,0.0,0.0,,0.07995558537067671,0.2211992169285951,0.34075936979955623,0.4865828809674079,0.6321205588285576,0.5907921666144076
19,2,92.0,12,0.0,0.0,,0.07995558537067671,0.2211992169285951,0.34075936979955623,0.4865828809674079,0.6321205588285576,0.6976803376159426
19,2,93.0,12,0.0,0.0,,0.07995558537067671,0.2211992169285951,0.34075936979955623,0.4865828809674079,0.6321205588285576,0.5648903222839143
19,2,94.0,12,0.0,0.0,,0.07995558537067671,0.2211992169285951,0.34075936979955623,0.4865828809674079,0.6321205588285576,0.42197908423229313
19,2,95.0,12,0.0,0.0,,0.07995558537067671,0.2211992169285951,0.34075936979955623,0.4865828809674079,0.6321205588285576,0.8024063719280031
19,2,96.0,12,0.0,0.0,,0.07995558537067671,0.2211992169285951,0.34075936979955623,0.4865828809674079,0.6321205588285576,0.5772575456499566
19,2,97.0,12,0.0,0.0,,0.07995558537067671,0.2211992169285951,0.34075936979955623,0.4865828809674079,0.6321205588285576,0.642403311046552
19,2,98.0,12,0.0,0.0,,0.07995558537067671,0.2211992169285951,0.34075936979955623,0.4865828809674079,0.6321205588285576,0.6533879503799707
19,2,99.0,12,0.0,0.0,,0.07995558537067671,0.2211992169285951,0.34075936979955623,0.4865828809674079,0.6321205588285576,0.39592744246387634
19,2,100.0,12,0.0,0.0,,0.07995558537067671,0.2211992169285951,0.34075936979955623,0.4865828809674079,0.6321205588285576,0.6536861563170231
20,2,1.0,14,0.0,0.0,,0.06893722029597726,0.19288225299461068,0.30032746262486965,0.43528187799224066,0.57562715432305,0.5467150918576807
20,2,2.0,14,0.0,0.0,,0.06893722029597726,0.19288225299461068,0.30032746262486965,0.43528187799224066,0.57562715432305,0.6329351631332633
20,2,3.0,14,0.0,0.0,,0.06893722029597726,0.19288225299461068,0.30032746262486965,0.43528187799224066,0.57562715432305,0.5330159920544253
20,2,4.0,14,0.0,0.0,,0.06893722029597726,0.19288225299461068,0.30032746262486965,0.43528187799224066,0.57562715432305,0.5940275234236516
20,2,5.0,14,0.0,0.0,,0.06893722029597726,0.19288225299461068,0.30032746262486965,0.43528187799224066,0.57562715432305,0.5369494568342519
20,2,6.0,14,0.0,0.0,,0.06893722029597726,0.19288225299461068,0.30032746262486965,0.43528187799224066,0.57562715432305,0.6307982447971917
20,2,7.0,14,0.0,0.0,,0.06893722029597726,0.19288225299461068,0.30032746262486965,0.43528187799224066,0.57562715432305,0.5399092555701328
20,2,8.0,14,0.0,0.0,,0.06893722029597726,0.19288225299461068,0.30032746262486965,0.43528187799224066,0.57562715432305,0.6096067689878503
20,2,9.0,14,0.0,0.0,,0.06893722029597726,0.19288225299461068,0.30032746262486965,0.43528187799224066,0.57562715432305,0.6133502858442202
20,2,10.0,14,0.0,0.0,,0.06893722029597726,0.19288225299461068,0.30032746262486965,0.43528187799224066,0.57562715432305,0.46027644299169046
20,2,11.0,14,0.0,0.0,,0.06893722029597726,0.19288225299461068,0.30032746262486965,0.43528187799224066,0.57562715432305,0.4542839161601361
20,2,12.0,14,0.0,0.0,,0.06893722029597726,0.19288225299461068,0.30032746262486965,0.43528187799224066,0.57562715432305,0.6181027605358708
20,2,13.0,14,0.0,0.0,,0.06893722029597726,0.19288225299461068,0.30032746262486965,0.43528187799224066,0.57562715432305,0.5310998238571486
20,2,14.0,14,0.0,0.0,,0.06893722029597726,0.19288225299461068,0.30032746262486965,0.43528187799224066,0.57562715432305,0.7894186057541372
20,2,15.0,14,0.0,0.0,,0.06893722029597726,0.19288225299461068,0.30032746262486965,0.43528187799224066,0.57562715432305,0.6042990393700561
20,2,16.0,14,0.0,0.0,,0.06893722029597726,0.19288225299461068,0.30032746262486965,0.43528187799224066,0.57562715432305,0.5418509672246301
20,2,17.0,14,0.0,0.0,,0.06893722029597726,0.19288225299461068,0.30032746262486965,0.43528187799224066,0.57562715432305,0.4754222575113814
20,2,18.0,14,0.0,0.0,,0.06893722029597726,0.19288225299461068,0.30032746262486965,0.43528187799224066,0.57562715432305,0.6418736564734102
20,2,19.0,14,0.0,0.0,,0.06893722029597726,0.19288225299461068,0.30032746262486965,0.43528187799224066,0.57562715432305,0.6845371123131736
20,2,20.0,14,0.0,0.0,,0.06893722029597726,0.19288225299461068,0.30032746262486965,0.43528187799224066,0.57562715432305,0.5345740582765968
20,2,21.0,14,0.0,0.0,,0.06893722029597726,0.19288225299461068,0.30032746262486965,0.43528187799224066,0.57562715432305,0.5326986994352703
20,2,22.0,14,0.0,0.0,,0.06893722029597726,0.19288225299461068,0.30032746262486965,0.43528187799224066,0.57562715432305,0.7179694163049295
20,2,23.0,14,0.0,0.0,,0.06893722029597726,0.19288225299461068,0.30032746262486965,0.43528187799224066,0.57562715432305,0.5956580860122458
20,2,24.0,14,0.0,0.0,,0.06893722029597726,0.19288225299461068,0.30032746262486965,0.43528187799224066,0.57562715432305,0.7532822858368641
20,2,25.0,14,0.0,0.0,,0.06893722029597726,0.19288225299461068,0.30032746262486965,0.43528187799224066,0.57562715432305,0.7114431926005318
20,2,26.0,14,0.0,0.0,,0.06893722029597726,0.19288225299461068,0.30032746262486965,0.43528187799224066,0.57562715432305,0.5647751456347396
20,2,27.0,14,0.0,0.0,,0.06893722029597726,0.19288225299461068,0.30032746262486965,0.43528187799224066,0.57562715432305,0.6146288525673926
20,2,28.0,14,0.0,0.0,,0.06893722029597726,0.19288225299461068,0.30032746262486965,0.43528187799224066,0.57562715432305,0.6425557985099072
20,2,29.0,14,0.0,0.0,,0.06893722029597726,0.19288225299461068,0.30032746262486965,0.43528187799224066,0.57562715432305,0.583559318650832
20,2,30.0,14,0.0,0.0,,0.06893722029597726,0.19288225299461068,0.30032746262486965,0.43528187799224066,0.57562715432305,0.6703456896536177
20,2,31.0,14,0.0,0.0,,0.06893722029597726,0.19288225299461068,0.30032746262486965,0.43528187799224066,0.57562715432305,0.5313384858160972
20,2,32.0,14,0.0,0.0,,0.06893722029597726,0.19288225299461068,0.30032746262486965,0.43528187799224066,0.57562715432305,0.5611498319388473
20,2,33.0,14,0.0,0.0,,0.06893722029597726,0.19288225299461068,0.30032746262486965,0.43528187799224066,0.57562715432305,0.6438607876146342
20,2,34.0,14,0.0,0.0,,0.06893722029597726,0.19288225299461068,0.30032746262486965,0.43528187799224066,0.57562715432305,0.8145276375135072
20,2,35.0,14,0.0,0.0,,0.06893722029597726,0.19288225299461068,0.30032746262486965,0.43528187799224066,0.57562715432305,0.7084794793680854
20,2,36.0,14,0.0,0.0,,0.06893722029597726,0.19288225299461068,0.30032746262486965,0.43528187799224066,0.57562715432305,0.6790741980556648
20,2,37.0,14,0.0,0.0,,0.06893722029597726,0.19288225299461068,0.30032746262486965,0.43528187799224066,0.57562715432305,0.6763318388554416
20,2,38.0,14,0.0,0.0,,0.06893722029597726,0.19288225299461068,0.30032746262486965,0.43528187799224066,0.57562715432305,0.6667728018530504
20,2,39.0,14,0.0,0.0,,0.06893722029597726,0.19288225299461068,0.30032746262486965,0.43528187799224066,0.57562715432305,0.5758201260576401
20,2,40.0,14,0.0,0.0,,0.06893722029597726,0.19288225299461068,0.30032746262486965,0.43528187799224066,0.57562715432305,0.4896475697817575
20,2,41.0,14,0.0,0.0,,0.06893722029597726,0.19288225299461068,0.30032746262486965,0.43528187799224066,0.57562715432305,0.6317467519041867
20,2,42.0,14,0.0,0.0,,0.06893722029597726,0.19288225299461068,0.30032746262486965,0.43528187799224066,0.57562715432305,0.6667850463287488
20,2,43.0,14,0.0,0.0,,0.06893722029597726,0.19288225299461068,0.30032746262486965,0.43528187799224066,0.57562715432305,0.6234706648696977
20,2,44.0,14,0.0,0.0,,0.06893722029597726,0.19288225299461068,0.30032746262486965,0.43528187799224066,0.57562715432305,0.6237566324745574
20,2,45.0,14,0.0,0.0,,0.06893722029597726,0.19288225299461068,0.30032746262486965,0.43528187799224066,0.57562715432305,0.7291874208193225
20,2,46.0,14,0.0,0.0,,0.06893722029597726,0.19288225299461068,0.30032746262486965,0.43528187799224066,0.57562715432305,0.7134856091051022
20,2,47.0,14,0.0,0.0,,0.06893722029597726,0.19288225299461068,0.30032746262486965,0.43528187799224066,0.57562715432305,0.6732337392164068
20,2,48.0,14,0.0,0.0,,0.06893722029597726,0.19288225299461068,0.30032746262486965,0.43528187799224066,0.57562715432305,0.7439364545915825
20,2,49.0,14,0.0,0.0,,0.06893722029597726,0.19288225299461068,0.30032746262486965,0.43528187799224066,0.57562715432305,0.7200461025328068
20,2,50.0,14,0.0,0.0,,0.06893722029597726,0.19288225299461068,0.30032746262486965,0.43528187799224066,0.57562715432305,0.5452928698960454
20,2,51.0,14,0.0,0.0,,0.06893722029597726,0.19288225299461068,0.30032746262486965,0.43528187799224066,0.57562715432305,0.6324606593494573
20,2,52.0,14,0.0,0.0,,0.06893722029597726,0.19288225299461068,0.30032746262486965,0.43528187799224066,0.57562715432305,0.7684840465280823
20,2,53.0,14,0.0,0.0,,0.06893722029597726,0.19288225299461068,0.30032746262486965,0.43528187799224066,0.57562715432305,0.7935155249991207
20,2,54.0,14,0.0,0.0,,0.06893722029597726,0.19288225299461068,0.30032746262486965,0.43528187799224066,0.57562715432305,0.6833165215603946
20,2,55.0,14,0.0,0.0,,0.06893722029597726,0.19288225299461068,0.30032746262486965,0.43528187799224066,0.57562715432305,0.6031320619181733
20,2,56.0,14,0.0,0.0,,0.06893722029597726,0.19288225299461068,0.30032746262486965,0.43528187799224066,0.57562715432305,0.47021547795698765
20,2,57.0,14,0.0,0.0,,0.06893722029597726,0.19288225299461068,0.30032746262486965,0.43528187799224066,0.57562715432305,0.48244283571252067
20,2,58.0,14,0.0,0.0,,0.06893722029597726,0.19288225299461068,0.30032746262486965,0.43528187799224066,0.57562715432305,0.4686876205141524
20,2,59.0,14,0.0,0.0,,0.06893722029597726,0.19288225299461068,0.30032746262486965,0.43528187799224066,0.57562715432305,0.5828629629510996
20,2,60.0,14,0.0,0.0,,0.06893722029597726,0.19288225299461068,0.30032746262486965,0.43528187799224066,0.57562715432305,0.5226576220646724
20,2,61.0,14,0.0,0.0,,0.06893722029597726,0.19288225299461068,0.30032746262486965,0.43528187799224066,0.57562715432305,0.6522352734578196
20,2,62.0,14,0.0,0.0,,0.06893722029597726,0.19288225299461068,0.30032746262486965,0.43528187799224066,0.57562715432305,0.5588795886041666
20,2,63.0,14,0.0,0.0,,0.06893722029597726,0.19288225299461068,0.30032746262486965,0.43528187799224066,0.57562715432305,0.6542245112427688
20,2,64.0,14,0.0,0.0,,0.06893722029597726,0.19288225299461068,0.30032746262486965,0.43528187799224066,0.57562715432305,0.6636394851959715
20,2,65.0,14,0.0,0.0,,0.06893722029597726,0.19288225299461068,0.30032746262486965,0.43528187799224066,0.57562715432305,0.7041504465212235
20,2,66.0,14,0.0,0.0,,0.06893722029597726,0.19288225299461068,0.30032746262486965,0.43528187799224066,0.57562715432305,0.6017110725050985
20,2,67.0,14,0.0,0.0,,0.06893722029597726,0.19288225299461068,0.30032746262486965,0.43528187799224066,0.57562715432305,0.5710231538678696
20,2,68.0,14,0.0,0.0,,0.06893722029597726,0.19288225299461068,0.30032746262486965,0.43528187799224066,0.57562715432305,0.5700529661813449
20,2,69.0,14,0.0,0.0,,0.06893722029597726,0.19288225299461068,0.30032746262486965,0.43528187799224066,0.57562715432305,0.6902300171499188
20,2,70.0,14,0.0,0.0,,0.06893722029597726,0.19288225299461068,0.30032746262486965,0.43528187799224066,0.57562715432305,0.48367852804912337
20,2,71.0,14,0.0,0.0,,0.06893722029597726,0.19288225299461068,0.30032746262486965,0.43528187799224066,0.57562715432305,0.669029676202862
20,2,72.0,14,0.0,0.0,,0.06893722029597726,0.19288225299461068,0.30032746262486965,0.43528187799224066,0.57562715432305,0.5633682725691523
20,2,73.0,14,0.0,0.0,,0.06893722029597726,0.19288225299461068,0.30032746262486965,0.43528187799224066,0.57562715432305,0.6111924897133142
20,2,74.0,14,0.0,0.0,,0.06893722029597726,0.19288225299461068,0.30032746262486965,0.43528187799224066,0.57562715432305,0.5012010679401324
20,2,75.0,14,0.0,0.0,,0.06893722029597726,0.19288225299461068,0.30032746262486965,0.43528187799224066,0.57562715432305,0.6238311568127124
20,2,76.0,14,0.0,0.0,,0.06893722029597726,0.19288225299461068,0.30032746262486965,0.43528187799224066,0.57562715432305,0.47176893869535946
20,2,77.0,14,0.0,0.0,,0.06893722029597726,0.19288225299461068,0.30032746262486965,0.43528187799224066,0.57562715432305,0.6217433087932436
20,2,78.0,14,0.0,0.0,,0.06893722029597726,0.19288225299461068,0.30032746262486965,0.43528187799224066,0.57562715432305,0.6473872308165467
20,2,79.0,14,0.0,0.0,,0.06893722029597726,0.19288225299461068,0.30032746262486965,0.43528187799224066,0.57562715432305,0.6600797979158177
20,2,80.0,14,0.0,0.0,,0.06893722029597726,0.19288225299461068,0.30032746262486965,0.43528187799224066,0.57562715432305,0.5257207853706273
20,2,81.0,14,0.0,0.0,,0.06893722029597726,0.19288225299461068,0.30032746262486965,0.43528187799224066,0.57562715432305,0.5818292769101375
20,2,82.0,14,0.0,0.0,,0.06893722029597726,0.19288225299461068,0.30032746262486965,0.43528187799224066,0.57562715432305,0.554390451762157
20,2,83.0,14,0.0,0.0,,0.06893722029597726,0.19288225299461068,0.30032746262486965,0.43528187799224066,0.57562715432305,0.638536852928208
20,2,84.0,14,0.0,0.0,,0.06893722029597726,0.19288225299461068,0.30032746262486965,0.43528187799224066,0.57562715432305,0.5225780481034384
20,2,85.0,14,0.0,0.0,,0.06893722029597726,0.19288225299461068,0.30032746262486965,0.43528187799224066,0.57562715432305,0.6710932828176326
20,2,86.0,14,0.0,0.0,,0.06893722029597726,0.19288225299461068,0.30032746262486965,0.43528187799224066,0.57562715432305,0.6912206508353342
20,2,87.0,14,0.0,0.0,,0.06893722029597726,0.19288225299461068,0.30032746262486965,0.43528187799224066,0.57562715432305,0.594806907314876
20,2,88.0,14,0.0,0.0,,0.06893722029597726,0.19288225299461068,0.30032746262486965,0.43528187799224066,0.57562715432305,0.6866387582689
20,2,89.0,14,0.0,0.0,,0.06893722029597726,0.19288225299461068,0.30032746262486965,0.43528187799224066,0.57562715432305,0.5338107864327929
20,2,90.0,14,0.0,0.0,,0.06893722029597726,0.19288225299461068,0.30032746262486965,0.43528187799224066,0.57562715432305,0.693130123570729
20,2,91.0,14,0.0,0.0,,0.06893722029597726,0.19288225299461068,0.30032746262486965,0.43528187799224066,0.57562715432305,0.5528496072878462
20,2,92.0,14,0.0,0.0,,0.06893722029597726,0.19288225299461068,0.30032746262486965,0.43528187799224066,0.57562715432305,0.5651768852045035
20,2,93.0,14,0.0,0.0,,0.06893722029597726,0.19288225299461068,0.30032746262486965,0.43528187799224066,0.57562715432305,0.6580143446167306
20,2,94.0,14,0.0,0.0,,0.06893722029597726,0.19288225299461068,0.30032746262486965,0.43528187799224066,0.57562715432305,0.504788110302766
20,2,95.0,14,0.0,0.0,,0.06893722029597726,0.19288225299461068,0.30032746262486965,0.43528187799224066,0.57562715432305,0.5867127636346751
20,2,96.0,14,0.0,0.0,,0.06893722029597726,0.19288225299461068,0.30032746262486965,0.43528187799224066,0.57562715432305,0.7155363847336762
20,2,97.0,14,0.0,0.0,,0.06893722029597726,0.19288225299461068,0.30032746262486965,0.43528187799224066,0.57562715432305,0.5804395844162944
20,2,98.0,14,0.0,0.0,,0.06893722029597726,0.19288225299461068,0.30032746262486965,0.43528187799224066,0.57562715432305,0.6724877411855673
20,2,99.0,14,0.0,0.0,,0.06893722029597726,0.19288225299461068,0.30032746262486965,0.43528187799224066,0.57562715432305,0.6739404345511726
20,2,100.0,14,0.0,0.0,,0.06893722029597726,0.19288225299461068,0.30032746262486965,0.43528187799224066,0.57562715432305,0.6860594303067111
21,3,1.0,2,0.0,0.0,,0.39346934028736663,0.62278870769,0.49509467292755077,0.7732276791282876,0.6318379348828076,0.4
21,3,2.0,2,0.0,0.0,,0.39346934028736663,0.6557609826120443,0.7009949153642643,0.6400497416531253,0.6053301815714313,0.2854684231118651
21,3,3.0,2,0.0,0.0,,0.39346934028736663,0.660594265794256,0.6758096996161266,0.5086465238443372,0.8356537903368361,0.4308838280691596
21,3,4.0,2,0.0,0.0,,0.39346934028736663,0.6668101842419032,0.6521567527592536,0.7288949633071605,0.5118746796922082,0.6697703766299989
21,3,5.0,2,0.0,0.0,,0.39346934028736663,0.6177511973069955,0.579994263068482,0.44012288329834437,0.35978765163098697,0.4768751458904994
21,3,6.0,2,0.0,0.0,,0.39346934028736663,0.6004596892473915,0.6067892821699559,0.6730671929702344,0.291803147126888,0.5790901488743806
21,3,7.0,2,0.0,0.0,,0.39346934028736663,0.6745156332842107,0.7006962524704863,0.48041009982116334,0.5062380567568322,0.4293056910702947
21,3,8.0,2,0.0,0.0,,0.39346934028736663,0.6196962657869806,0.7076886755111753,0.5797818869217164,0.41935272868079065,0.6576762156595839
21,3,9.0,2,0.0,0.0,,0.39346934028736663,0.6780837203355479,0.586556829919854,0.46917720673789187,0.8162472821018941,0.5894078209919236
21,3,10.0,2,0.0,0.0,,0.39346934028736663,0.5995328319126069,0.7119259483904596,0.5552775042322028,0.6642699358160477,0.8650311379605615
21,3,11.0,2,0.0,0.0,,0.39346934028736663,0.6383464953794941,0.6846528799688566,0.8120294330752081,0.7449786401807972,0.6567507163968143
21,3,12.0,2,0.0,0.0,,0.39346934028736663,0.6591426580711941,0.6696070641564702,0.7484688995328552,0.5948923494545512,0.6850698171906016
21,3,13.0,2,0.0,0.0,,0.39346934028736663,0.6612272641135531,0.6791571621206386,0.6148286068707216,0.4322662621050807,0.35972069006154345
21,3,14.0,2,0.0,0.0,,0.39346934028736663,0.6383342689683444,0.6395678411855084,0.3064496208885269,0.6063824022451226,0.7246088211134799
21,3,15.0,2,0.0,0.0,,0.39346934028736663,0.647467424603723,0.651015532976434,0.6176892830214994,0.586678835181148,0.529170152144685
21,3,16.0,2,0.0,0.0,,0.39346934028736663,0.6270449998317019,0.614567890954511,0.4449425125975089,0.5161930865131606,0.7944353272378012
21,3,17.0,2,0.0,0.0,,0.39346934028736663,0.6084193664202726,0.6061259918938916,0.603991101816681,0.7217684847481255,0.5451254680315069
21,3,18.0,2,0.0,0.0,,0.39346934028736663,0.6519146494114916,0.6121398526596076,0.642937465388592,0.673102435737872,0.5847122225177961
21,3,19.0,2,0.0,0.0,,0.39346934028736663,0.5911868143984156,0.6714858344604882,0.6314653595260515,0.5175102624024481,0.5866164977771486
21,3,20.0,2,0.0,0.0,,0.39346934028736663,0.6087612130156475,0.7164985320212642,0.3942331469987554,0.6234881047102967,0.8285520778614842
21,3,21.0,2,0.0,0.0,,0.39346934028736663,0.6640090408758856,0.5188656262845509,0.6430918347235984,0.49506053559524277,0.74041629980456
21,3,22.0,2,0.0,0.0,,0.39346934028736663,0.6492056341230036,0.5920005338294068,0.554884645241174,0.6164418602944733,0.6
21,3,23.0,2,0.0,0.0,,0.39346934028736663,0.6375286080478618,0.5799284081962213,0.6243404325691221,0.6256177749954523,0.471428177654873
21,3,24.0,2,0.0,0.0,,0.39346934028736663,0.6389205832419975,0.6902196811026708,0.6263838272221853,0.2746495052408918,0.4811447286772686
21,3,25.0,2,0.0,0.0,,0.39346934028736663,0.6178444180912191,0.6551995657657076,0.5759473008281866,0.503612972139141,0.563935599215476
21,3,26.0,2,0.0,0.0,,0.39346934028736663,0.5999123959673005,0.5670150426189708,0.5900521563766802,0.6916183888458638,0.33482665151121427
21,3,27.0,2,0.0,0.0,,0.39346934028736663,0.6392280581690523,0.5349941711717483,0.7071642689088814,0.81674867904545,0.47392922203743026
21,3,28.0,2,0.0,0.0,,0.39346934028736663,0.6074681911754185,0.67120358232678,0.3858893122734694,0.7058148669873484,0.7082152969471365
21,3,29.0,2,0.0,0.0,,0.39346934028736663,0.589115132811321,0.5982822935198538,0.38110613798964543,0.5555017109266966,0.3642380130632006
21,3,30.0,2,0.0,0.0,,0.39346934028736663,0.6279326003481327,0.5335271357074063,0.5879237827270709,0.5600992316018274,0.5731586092940596
21,3,31.0,2,0.0,0.0,,0.39346934028736663,0.6342297489370328,0.7096294636086486,0.5673175543552308,0.5117790429759284,0.699599823718634
21,3,32.0,2,0.0,0.0,,0.39346934028736663,0.6627355563798216,0.6487891681681759,0.4962196538744229,0.44500884480089786,0.5570892301116692
21,3,33.0,2,0.0,0.0,,0.39346934028736663,0.6561704290093532,0.5634911110344569,0.49596188728961366,0.3118843021948394,0.6294525277336663
21,3,34.0,2,0.0,0.0,,0.39346934028736663,0.6147304069874316,0.675910623421014,0.620941245484719,0.7392858218495587,0.7212887056451731
21,3,35.0,2,0.0,0.0,,0.39346934028736663,0.6094825129255825,0.536529534462607,0.6092024972842398,0.4118105671090654,0.45642598171908205
21,3,36.0,2,0.0,0.0,,0.39346934028736663,0.5986710304892778,0.7145514760178253,0.43857099969635066,0.60389359531722,0.5702465228089885
21,3,37.0,2,0.0,0.0,,0.39346934028736663,0.667182114689868,0.6126055510763967,0.674195567019438,0.5123421083064822,0.6445404338445757
21,3,38.0,2,0.0,0.0,,0.39346934028736663,0.664392315138363,0.5686830733175496,0.6136027731911032,0.49661690241117673,0.17535003721091522
21,3,39.0,2,0.0,0.0,,0.39346934028736663,0.599801085804939,0.6500920281372513,0.604467373668623,0.4083288884751818,0.6488188193481477
21,3,40.0,2,0.0,0.0,,0.39346934028736663,0.6669814869463432,0.6723136853426233,0.6223270896246972,0.3372883944577775,0.4978873427800698
21,3,41.0,2,0.0,0.0,,0.39346934028736663,0.6504719863970687,0.8229487629144145,0.492036722822583,0.8460009361002964,0.5053609717169459
21,3,42.0,2,0.0,0.0,,0.39346934028736663,0.6075425553963176,0.600472005597575,0.6333379464680279,0.4964744540539091,0.6517340680310587
21,3,43.0,2,0.0,0.0,,0.39346934028736663,0.6393886971450049,0.5194791810892612,0.4096731502569747,0.689210284692882,0.5612409331506825
21,3,44.0,2,0.0,0.0,,0.39346934028736663,0.6353417644131089,0.6140035855128402,0.6642891165197173,0.3590511717269105,0.5240457052178387
21,3,45.0,2,0.0,0.0,,0.39346934028736663,0.6268146942884104,0.5338313804967338,0.6383624470723136,0.4413881491003684,0.7201038464959282
21,3,46.0,2,0.0,0.0,,0.39346934028736663,0.6252669671324804,0.5908824363732161,0.5494003906575662,0.5116468116894166,0.39845127717301054
21,3,47.0,2,0.0,0.0,,0.39346934028736663,0.6322699369310115,0.5207845416446295,0.5436549816368738,0.8161167447482243,0.4329403976022569
21,3,48.0,2,0.0,0.0,,0.39346934028736663,0.6601031939247852,0.6119486892631534,0.5060633699435069,0.8419010465497505,0.28982400028727334
21,3,49.0,2,0.0,0.0,,0.39346934028736663,0.6288562151566138,0.6563842716893677,0.7788102217174707,0.6362434964080882,0.5850451556907077
21,3,50.0,2,0.0,0.0,,0.39346934028736663,0.6730549810771256,0.5520811707774194,0.6330762557687312,0.6258226073317411,0.5594241721377597
21,3,51.0,2,0.0,0.0,,0.39346934028736663,0.6379090302043029,0.571042583640659,0.5734862661812236,0.7243068471073866,0.3174961342201985
21,3,52.0,2,0.0,0.0,,0.39346934028736663,0.6154887762421926,0.6047626071400027,0.5929770656547738,0.598653255601957,0.6107205390352941
21,3,53.0,2,0.0,0.0,,0.39346934028736663,0.6403345059470057,0.6078404681696759,0.5726474112566856,0.6465344549002278,0.49433120308503053
21,3,54.0,2,0.0,0.0,,0.39346934028736663,0.6480052029178303,0.6172504662900071,0.4629513582701481,0.37352710044391585,0.5488133570434213
21,3,55.0,2,0.0,0.0,,0.39346934028736663,0.6378071277417281,0.6783540424975705,0.5987278447729183,0.3638336388108003,0.7078431523195228
21,3,56.0,2,0.0,0.0,,0.39346934028736663,0.6191218328080612,0.5722563827185204,0.6158254620475334,0.9116086229495112,0.5650637936179673
21,3,57.0,2,0.0,0.0,,0.39346934028736663,0.6397092324357756,0.7222888630119558,0.5029579951889346,0.6474459691709389,0.5860585603551738
21,3,58.0,2,0.0,0.0,,0.39346934028736663,0.6652564571998948,0.6006828700462987,0.4164414375971144,0.4703594626126881,0.7326200205911928
21,3,59.0,2,0.0,0.0,,0.39346934028736663,0.5920454792773947,0.5703597235387028,0.5570662996588157,0.45041206655723826,0.4617375107058505
21,3,60.0,2,0.0,0.0,,0.39346934028736663,0.6394225355888905,0.6517023017232421,0.6781837309568793,0.4081414450864636,0.46205718741816
21,3,61.0,2,0.0,0.0,,0.39346934028736663,0.6300453824270645,0.5252081517272023,0.7843775863309285,0.6869151379042898,0.7600943568137299
21,3,62.0,2,0.0,0.0,,0.39346934028736663,0.6340796603142238,0.5988207426493497,0.448350083307626,0.6501224809716394,0.7697404618987278
21,3,63.0,2,0.0,0.0,,0.39346934028736663,0.6551642058961205,0.5310843831367414,0.5888179110521918,0.3699112451479717,0.5282084163474698
21,3,64.0,2,0.0,0.0,,0.39346934028736663,0.6195765869410019,0.6512246551119663,0.6129585787899243,0.5363629731171102,0.35164505530204815
21,3,65.0,2,0.0,0.0,,0.39346934028736663,0.6193506933974782,0.7504187751970787,0.5019960029744114,0.4539460061989127,0.4532898445316751
21,3,66.0,2,0.0,0.0,,0.39346934028736663,0.6385963504374339,0.6712245809119273,0.5544332536841536,0.38936675978621865,0.5112216066199284
21,3,67.0,2,0.0,0.0,,0.39346934028736663,0.6450479680219074,0.7204589812247539,0.8754221072679025,0.4751797830473429,0.5277471679462853
21,3,68.0,2,0.0,0.0,,0.39346934028736663,0.6775636434614426,0.6660642988897472,0.55413665990086,0.5929250373083994,0.825117965259299
21,3,69.0,2,0.0,0.0,,0.39346934028736663,0.587911403397951,0.7542524213917468,0.5975709839215233,0.3007212667714553,0.3491466394737054
21,3,70.0,2,0.0,0.0,,0.39346934028736663,0.6298184025077657,0.6228959189319825,0.5469388031388878,0.6452791680016003,0.6038818588897781
21,3,71.0,2,0.0,0.0,,0.39346934028736663,0.65430387213348,0.6375627940816739,0.48909977347268097,0.5721093761021474,0.3350683649667102
21,3,72.0,2,0.0,0.0,,0.39346934028736663,0.6471399567166902,0.6948733581482791,0.4651389945692769,0.543006799945029,0.522219865660951
21,3,73.0,2,0.0,0.0,,0.39346934028736663,0.6250394567703408,0.5784402425173683,0.5348503093720656,0.6607741203619555,0.27236210744035483
21,3,74.0,2,0.0,0.0,,0.39346934028736663,0.6148040261002243,0.6662063921213235,0.6872246509120836,0.5107834281991801,0.33013853750877353
21,3,75.0,2,0.0,0.0,,0.39346934028736663,0.6833402219835691,0.5310097752608771,0.5274977898669524,0.40363267245173107,0.46254724864178104
21,3,76.0,2,0.0,0.0,,0.39346934028736663,0.6069970151640544,0.6386552852341532,0.5091492719415514,0.6749421066331688,0.4387458643419645
21,3,77.0,2,0.0,0.0,,0.39346934028736663,0.6119119619492908,0.7261533853008503,0.5371200234511846,0.4451590628878976,0.44492823996502606
21,3,78.0,2,0.0,0.0,,0.39346934028736663,0.6542388027474646,0.6258178212618772,0.6169638036665381,0.49516689379098866,0.5
21,3,79.0,2,0.0,0.0,,0.39346934028736663,0.6474582969387216,0.613842595564546,0.4783351019346284,0.5150203303700782,0.5722894304770909
21,3,80.0,2,0.0,0.0,,0.39346934028736663,0.633326452531129,0.7136493351687186,0.481566045260319,0.45819958428813534,0.3217629747720922
21,3,81.0,2,0.0,0.0,,0.39346934028736663,0.6340192335628296,0.6376176842787789,0.5926489623992713,0.6131698957236607,0.5716333868136724
21,3,82.0,2,0.0,0.0,,0.39346934028736663,0.6384756553413524,0.7349039200347004,0.5297351705124976,0.6527788746117458,0.4950809130390228
21,3,83.0,2,0.0,0.0,,0.39346934028736663,0.6226797110760581,0.44299366556420805,0.6378103361779909,0.4898938957324284,0.5417907099851869
21,3,84.0,2,0.0,0.0,,0.39346934028736663,0.6745804459737725,0.553495145761528,0.6106020911983869,0.7533523882609546,0.6897595551427141
21,3,85.0,2,0.0,0.0,,0.39346934028736663,0.6220993721092105,0.5662851643985157,0.6119950363603585,0.65287088163926,0.6480473440855824
21,3,86.0,2,0.0,0.0,,0.39346934028736663,0.5615902947214935,0.5767965439983674,0.7021027681447204,0.805052749347103,0.6446598895792255
21,3,87.0,2,0.0,0.0,,0.39346934028736663,0.6263596149347938,0.669728913859813,0.6509608833222127,0.6524748882659557,0.6720287757776008
21,3,88.0,2,0.0,0.0,,0.39346934028736663,0.667673867569728,0.6817715791604138,0.4766959081374872,0.567093673151458,0.7633073772023379
21,3,89.0,2,0.0,0.0,,0.39346934028736663,0.5977744411605258,0.5379864975548403,0.5071267407496535,0.45097662069983857,0.5608677797728973
21,3,90.0,2,0.0,0.0,,0.39346934028736663,0.6435787016575771,0.6982878664560096,0.7809724015669415,0.623385274209128,0.5522057940648198
21,3,91.0,2,0.0,0.0,,0.39346934028736663,0.6448234575366659,0.7280061075997921,0.5398042860904904,0.3983612676570985,0.444918802172985
21,3,92.0,2,0.0,0.0,,0.39346934028736663,0.6457050788153758,0.7265311288477466,0.7300874237057171,0.5479913785193858,0.38902552664064394
21,3,93.0,2,0.0,0.0,,0.39346934028736663,0.6273868402144186,0.5588998358131146,0.6346954673498723,0.34571464469435054,0.48803238617424977
21,3,94.0,2,0.0,0.0,,0.39346934028736663,0.6437542648606965,0.6595818880045239,0.6674737742426622,0.6031820051652519,0.5284049632624244
21,3,95.0,2,0.0,0.0,,0.39346934028736663,0.6414612618780506,0.5839390592382164,0.5965094088912134,0.5085784853396795,0.6179861343380744
21,3,96.0,2,0.0,0.0,,0.39346934028736663,0.616584929482604,0.6531731490619799,0.6377567126142605,0.5245712767594302,0.4112734121301484
21,3,97.0,2,0.0,0.0,,0.39346934028736663,0.627854358765225,0.7356290977209469,0.5306410346642665,0.3965422476061401,0.4107680486596873
21,3,98.0,2,0.0,0.0,,0.39346934028736663,0.6569519633832742,0.7692569234935422,0.5694511541267016,0.5961383126122517,0.5795179283989211
21,3,99.0,2,0.0,0.0,,0.39346934028736663,0.6040575128168846,0.6398306378673525,0.44027582864903936,0.6705078917992571,0.3255641198961773
21,3,100.0,2,0.0,0.0,,0.39346934028736663,0.62365146111676,0.49898960086755173,0.7265967470494747,0.417911924106767,0.361105892680557
22,3,1.0,4,0.0,0.0,,0.2211992169285951,0.5276334472589853,0.6186786199977549,0.7150987466531857,0.5333985626771136,0.35259807406218796
22,3,2.0,4,0.0,0.0,,0.2211992169285951,0.5276334472589853,0.653326700268876,0.5804064704342451,0.6811824064947197,0.6541391591584881
22,3,3.0,4,0.0,0.0,,0.2211992169285951,0.5276334472589853,0.6412487320389941,0.5806397145553439,0.556397777318498,0.4457224703035392
22,3,4.0,4,0.0,0.0,,0.2211992169285951,0.5276334472589853,0.6082746476352006,0.6058623764312833,0.4799732674243525,0.5597112702417385
22,3,5.0,4,0.0,0.0,,0.2211992169285951,0.5276334472589853,0.6720407961648062,0.6100122745244149,0.538947921139067,0.6061458383554729
22,3,6.0,4,0.0,0.0,,0.2211992169285951,0.5276334472589853,0.6566399468781126,0.589888958046336,0.6772470602194709,0.6899766610455316
22,3,7.0,4,0.0,0.0,,0.2211992169285951,0.5276334472589853,0.6223149744804344,0.6535216665118609,0.5739627436222132,0.4412470688900192
22,3,8.0,4,0.0,0.0,,0.2211992169285951,0.5276334472589853,0.6864708686134045,0.7785975217749748,0.5824547347307817,0.5432114200282095
22,3,9.0,4,0.0,0.0,,0.2211992169285951,0.5276334472589853,0.6276826865960767,0.63599883958138,0.6304817653729007,0.5549571203607255
22,3,10.0,4,0.0,0.0,,0.2211992169285951,0.5276334472589853,0.6580494460308727,0.7836582623552621,0.8125189743691749,0.6442277510945662
22,3,11.0,4,0.0,0.0,,0.2211992169285951,0.5276334472589853,0.6001822631174624,0.5907209046069845,0.4722383238742335,0.4057349069874435
22,3,12.0,4,0.0,0.0,,0.2211992169285951,0.5276334472589853,0.5776024366660601,0.5904677659522302,0.524482177186571,0.5100444967766833
22,3,13.0,4,0.0,0.0,,0.2211992169285951,0.5276334472589853,0.5816475528866407,0.5204225330245316,0.3655862183347893,0.697165246713952
22,3,14.0,4,0.0,0.0,,0.2211992169285951,0.5276334472589853,0.6460173712517716,0.6284966751055391,0.40662787057663585,0.5
22,3,15.0,4,0.0,0.0,,0.2211992169285951,0.5276334472589853,0.593079413903469,0.5377864907410259,0.6534343224258636,0.4335324713786813
22,3,16.0,4,0.0,0.0,,0.2211992169285951,0.5276334472589853,0.6466445812228967,0.6641115502970033,0.7210440945006937,0.6075949219241702
22,3,17.0,4,0.0,0.0,,0.2211992169285951,0.5276334472589853,0.7352442081735717,0.6522674556054588,0.6219536823676185,0.672287567733676
22,3,18.0,4,0.0,0.0,,0.2211992169285951,0.5276334472589853,0.6558543949157449,0.5356953774047647,0.7052056962661369,0.575312206761755
22,3,19.0,4,0.0,0.0,,0.2211992169285951,0.5276334472589853,0.6133387289514163,0.5808816016143906,0.6677696797986462,0.45947668346838444
22,3,20.0,4,0.0,0.0,,0.2211992169285951,0.5276334472589853,0.6206966745598089,0.49305352335262,0.7099381065511278,0.5068019387085241
22,3,21.0,4,0.0,0.0,,0.2211992169285951,0.5276334472589853,0.6460580603336281,0.49800750875866545,0.7359397023446234,0.42335528257313165
22,3,22.0,4,0.0,0.0,,0.2211992169285951,0.5276334472589853,0.6069552696846898,0.7736594471422553,0.8537845680641383,0.4724503544100241
22,3,23.0,4,0.0,0.0,,0.2211992169285951,0.5276334472589853,0.66976873594987,0.5590146054132272,0.5893614150021718,0.6120687917460742
22,3,24.0,4,0.0,0.0,,0.2211992169285951,0.5276334472589853,0.6524978472376886,0.5046246658971905,0.4690055307212879,0.39747391389133685
22,3,25.0,4,0.0,0.0,,0.2211992169285951,0.5276334472589853,0.6713025869038256,0.5844779218273641,0.5299266379253906,0.5286256425555121
22,3,26.0,4,0.0,0.0,,0.2211992169285951,0.5276334472589853,0.6407339091882207,0.5553652067244965,0.5788390262227907,0.3809206193095854
22,3,27.0,4,0.0,0.0,,0.2211992169285951,0.5276334472589853,0.6520247169388382,0.7924590275732694,0.6190259377405107,0.5475601932926445
22,3,28.0,4,0.0,0.0,,0.2211992169285951,0.5276334472589853,0.649646679798787,0.7035521193210827,0.662419692323162,0.6965251084965588
22,3,29.0,4,0.0,0.0,,0.2211992169285951,0.5276334472589853,0.617971671732084,0.6517980127488957,0.667849796562965,0.7616808030555025
22,3,30.0,4,0.0,0.0,,0.2211992169285951,0.5276334472589853,0.627768349012291,0.7982482866108542,0.4299592305319441,0.685523353676725
22,3,31.0,4,0.0,0.0,,0.2211992169285951,0.5276334472589853,0.6078864225807269,0.5049584704171013,0.718983807687078,0.6796893648501283
22,3,32.0,4,0.0,0.0,,0.2211992169285951,0.5276334472589853,0.646262916296525,0.530680171677538,0.6170344885938512,0.6284863897390169
22,3,33.0,4,0.0,0.0,,0.2211992169285951,0.5276334472589853,0.6125634184444315,0.5510296668447943,0.5531909100511777,0.5618894839493035
22,3,34.0,4,0.0,0.0,,0.2211992169285951,0.5276334472589853,0.6683585372289013,0.6882981496777013,0.6308557679911905,0.5449137693691459
22,3,35.0,4,0.0,0.0,,0.2211992169285951,0.5276334472589853,0.6336822000853656,0.6036797681826853,0.22971021737634115,0.5255684623852392
22,3,36.0,4,0.0,0.0,,0.2211992169285951,0.5276334472589853,0.63136354408058,0.5296150503866046,0.593045881830786,0.47319448580406026
22,3,37.0,4,0.0,0.0,,0.2211992169285951,0.5276334472589853,0.6090771265313141,0.567985534251798,0.5133760336971221,0.3010004619226862
22,3,38.0,4,0.0,0.0,,0.2211992169285951,0.5276334472589853,0.6533902146979703,0.5802743518000891,0.8048637197124989,0.7635648876611113
22,3,39.0,4,0.0,0.0,,0.2211992169285951,0.5276334472589853,0.6585923321617038,0.5593478107155011,0.5556340357187348,0.38558038835799385
22,3,40.0,4,0.0,0.0,,0.2211992169285951,0.5276334472589853,0.6290195256838529,0.5241046301527558,0.5347427619146783,0.6743004850285808
22,3,41.0,4,0.0,0.0,,0.2211992169285951,0.5276334472589853,0.6273383701479369,0.6350288961261377,0.49145340195733117,0.7228109458704864
22,3,42.0,4,0.0,0.0,,0.2211992169285951,0.5276334472589853,0.6494982754814188,0.49740094575542715,0.7512435685443131,0.7098036530399849
22,3,43.0,4,0.0,0.0,,0.2211992169285951,0.5276334472589853,0.5991976948404083,0.6322911432356088,0.5538092755987182,0.34508605345536103
22,3,44.0,4,0.0,0.0,,0.2211992169285951,0.5276334472589853,0.6198058748857116,0.5070172438824603,0.42030558695392306,0.6967883375130404
22,3,45.0,4,0.0,0.0,,0.2211992169285951,0.5276334472589853,0.6142798996152996,0.6823497857201314,0.487948927530286,0.24507760073911009
22,3,46.0,4,0.0,0.0,,0.2211992169285951,0.5276334472589853,0.6319142087979523,0.7531464868690961,0.5571933441498615,0.4331748986676646
22,3,47.0,4,0.0,0.0,,0.2211992169285951,0.5276334472589853,0.5844133536078976,0.5150947492150723,0.6414879085298443,0.5221946377837893
22,3,48.0,4,0.0,0.0,,0.2211992169285951,0.5276334472589853,0.6485267355651511,0.5212667647040009,0.5472039701079774,0.6732919410376282
22,3,49.0,4,0.0,0.0,,0.2211992169285951,0.5276334472589853,0.5944605108723938,0.6385846954261432,0.8703623997892475,0.5537797922218705
22,3,50.0,4,0.0,0.0,,0.2211992169285951,0.5276334472589853,0.649307707744146,0.6164791474880051,0.6223395218399278,0.43208450014209776
22,3,51.0,4,0.0,0.0,,0.2211992169285951,0.5276334472589853,0.6231305932132177,0.5976098720012623,0.7574258851175213,0.3593295246145164
22,3,52.0,4,0.0,0.0,,0.2211992169285951,0.5276334472589853,0.5892729189883353,0.550495515971453,0.40238175141639204,0.525559090595352
22,3,53.0,4,0.0,0.0,,0.2211992169285951,0.5276334472589853,0.6735716375130302,0.642818152842293,0.6121022332151733,0.38736010347828603
22,3,54.0,4,0.0,0.0,,0.2211992169285951,0.5276334472589853,0.6067276401147741,0.6877303986779083,0.5590922163316485,0.6135869480226643
22,3,55.0,4,0.0,0.0,,0.2211992169285951,0.5276334472589853,0.6404428091830683,0.5836812084913121,0.6751661190446575,0.6091283917892786
22,3,56.0,4,0.0,0.0,,0.2211992169285951,0.5276334472589853,0.6169325411291199,0.44029287694204483,0.5185354049166653,0.6206715374988033
22,3,57.0,4,0.0,0.0,,0.2211992169285951,0.5276334472589853,0.6248152041673087,0.6711455022243966,0.45498767406569385,0.5910910253442625
22,3,58.0,4,0.0,0.0,,0.2211992169285951,0.5276334472589853,0.6605254815700456,0.3996570161624212,0.6294153311243804,0.5134165077312274
22,3,59.0,4,0.0,0.0,,0.2211992169285951,0.5276334472589853,0.6402503733417176,0.6901418021305471,0.6147686131653549,0.5710766453752247
22,3,60.0,4,0.0,0.0,,0.2211992169285951,0.5276334472589853,0.6347453785167365,0.48820073592601193,0.6800842589108808,0.764015694825692
22,3,61.0,4,0.0,0.0,,0.2211992169285951,0.5276334472589853,0.6059491053459917,0.6375408051981685,0.8228858952320423,0.47342481212271936
22,3,62.0,4,0.0,0.0,,0.2211992169285951,0.5276334472589853,0.5911955007981001,0.5206009849447332,0.5476787974380601,0.38460215462868613
22,3,63.0,4,0.0,0.0,,0.2211992169285951,0.5276334472589853,0.6179950837952395,0.6622840060947689,0.5921745193354909,0.4239479019985957
22,3,64.0,4,0.0,0.0,,0.2211992169285951,0.5276334472589853,0.613728252696142,0.6214154071869418,0.7461748670597304,0.23448211297550783
22,3,65.0,4,0.0,0.0,,0.2211992169285951,0.5276334472589853,0.6528158569984874,0.6903671628513937,0.6633634476626493,0.40094467866205113
22,3,66.0,4,0.0,0.0,,0.2211992169285951,0.5276334472589853,0.6757413798261224,0.6495356222368411,0.4341492668316139,0.10819650455908478
22,3,67.0,4,0.0,0.0,,0.2211992169285951,0.5276334472589853,0.6654950791050991,0.49590529835939234,0.6109128204503553,0.5350306123669174
22,3,68.0,4,0.0,0.0,,0.2211992169285951,0.5276334472589853,0.6184912126257778,0.6676897900456684,0.5240861420042696,0.6581352340578233
22,3,69.0,4,0.0,0.0,,0.2211992169285951,0.5276334472589853,0.6052109257537314,0.7635108119786469,0.5241726988650753,0.6298544413790674
22,3,70.0,4,0.0,0.0,,0.2211992169285951,0.5276334472589853,0.622890348333111,0.6535214743416112,0.5108463448833531,0.5910531122407005
22,3,71.0,4,0.0,0.0,,0.2211992169285951,0.5276334472589853,0.6555996708164409,0.70778148981625,0.42331377269583415,0.5332307451531333
22,3,72.0,4,0.0,0.0,,0.2211992169285951,0.5276334472589853,0.6479351903571503,0.46698877794987814,0.5366893026367251,0.5024106506432255
22,3,73.0,4,0.0,0.0,,0.2211992169285951,0.5276334472589853,0.6429336817692649,0.5200077960444853,0.4503968006140301,0.4804322154469002
22,3,74.0,4,0.0,0.0,,0.2211992169285951,0.5276334472589853,0.6271724319467167,0.5075093146233091,0.5685769338805725,0.5578391467112621
22,3,75.0,4,0.0,0.0,,0.2211992169285951,0.5276334472589853,0.6396270087539373,0.6260383671805314,0.4860756097780413,0.4387259096018237
22,3,76.0,4,0.0,0.0,,0.2211992169285951,0.5276334472589853,0.6611440240901947,0.8144084608817679,0.5853720429262811,0.33887264824398644
22,3,77.0,4,0.0,0.0,,0.2211992169285951,0.5276334472589853,0.6610126242302228,0.7101997770827521,0.5145866553799685,0.8024282886190883
22,3,78.0,4,0.0,0.0,,0.2211992169285951,0.5276334472589853,0.641158948749333,0.6177043072918647,0.3834735450515144,0.49236801547039544
22,3,79.0,4,0.0,0.0,,0.2211992169285951,0.5276334472589853,0.594605909467511,0.5944084086171108,0.5864177917365068,0.5090582951842546
22,3,80.0,4,0.0,0.0,,0.2211992169285951,0.5276334472589853,0.6534342531213205,0.502323986760294,0.7208581450319127,0.5623879011168642
22,3,81.0,4,0.0,0.0,,0.2211992169285951,0.5276334472589853,0.6229771903868595,0.7157000294319106,0.4369021332850214,0.422044765192362
22,3,82.0,4,0.0,0.0,,0.2211992169285951,0.5276334472589853,0.633611561600479,0.6525626632055377,0.48736048036904683,0.5722192420009209
22,3,83.0,4,0.0,0.0,,0.2211992169285951,0.5276334472589853,0.6289716817817114,0.6801208422476441,0.5579687329522827,0.22204764444514677
22,3,84.0,4,0.0,0.0,,0.2211992169285951,0.5276334472589853,0.6270040916063966,0.5558204766371597,0.5463055649154548,0.5869784543786813
22,3,85.0,4,0.0,0.0,,0.2211992169285951,0.5276334472589853,0.6412949632784046,0.7276379292472341,0.6876231250146365,0.5721475792938036
22,3,86.0,4,0.0,0.0,,0.2211992169285951,0.5276334472589853,0.6376743689107796,0.6705545336254438,0.6195886310310421,0.5665796997391283
22,3,87.0,4,0.0,0.0,,0.2211992169285951,0.5276334472589853,0.6094826658983576,0.6675261687740377,0.4964455274812506,0.6354795796795798
22,3,88.0,4,0.0,0.0,,0.2211992169285951,0.5276334472589853,0.5796509550121531,0.575028972454912,0.5555100980303875,0.7838193828493256
22,3,89.0,4,0.0,0.0,,0.2211992169285951,0.5276334472589853,0.6294417539806905,0.585438525165589,0.6134448771109609,0.4099872008655357
22,3,90.0,4,0.0,0.0,,0.2211992169285951,0.5276334472589853,0.6170664848683891,0.5557364698922286,0.4791145296387245,0.6140545362909589
22,3,91.0,4,0.0,0.0,,0.2211992169285951,0.5276334472589853,0.6598549185423956,0.6701329637212023,0.6443488758438418,0.3008419386989526
22,3,92.0,4,0.0,0.0,,0.2211992169285951,0.5276334472589853,0.600920787806925,0.6830520851039396,0.576585706874402,0.7558903544719497
22,3,93.0,4,0.0,0.0,,0.2211992169285951,0.5276334472589853,0.6196536571716206,0.7236468968485402,0.4772482983705525,0.7085926822896355
22,3,94.0,4,0.0,0.0,,0.2211992169285951,0.5276334472589853,0.650748895873564,0.548185793550108,0.42752551736064826,0.22224630493019296
22,3,95.0,4,0.0,0.0,,0.2211992169285951,0.5276334472589853,0.5690907567640023,0.7291196719496972,0.6561896976515054,0.56802403658687
22,3,96.0,4,0.0,0.0,,0.2211992169285951,0.5276334472589853,0.6438442381020536,0.48009638115949277,0.732852173778596,0.5005901822875289
22,3,97.0,4,0.0,0.0,,0.2211992169285951,0.5276334472589853,0.6205722579406397,0.406668154920861,0.5150909526070337,0.646822799580265
22,3,98.0,4,0.0,0.0,,0.2211992169285951,0.5276334472589853,0.6061671900590995,0.5182174681368541,0.40193103325276525,0.4882207043662192
22,3,99.0,4,0.0,0.0,,0.2211992169285951,0.5276334472589853,0.6300712958330851,0.6442745384428962,0.7061843968804062,0.5039696774799245
22,3,100.0,4,0.0,0.0,,0.2211992169285951,0.5276334472589853,0.6442616296422231,0.4854489693805165,0.37518333360044664,0.5902991625766394
23,3,1.0,6,0.0,0.0,,0.1535182751093859,0.39346934028736663,0.5654017914929217,0.6230832831247148,0.33497821661728466,0.3858586341596051
23,3,2.0,6,0.0,0.0,,0.1535182751093859,0.39346934028736663,0.5654017914929217,0.671166086647573,0.46188205623876744,0.6145483577398794
23,3,3.0,6,0.0,0.0,,0.1535182751093859,0.39346934028736663,0.5654017914929217,0.6492116105299653,0.526112878576082,0.7636023994576108
23,3,4.0,6,0.0,0.0,,0.1535182751093859,0.39346934028736663,0.5654017914929217,0.7096680377221702,0.6914934145713388,0.46496465825638983
23,3,5.0,6,0.0,0.0,,0.1535182751093859,0.39346934028736663,0.5654017914929217,0.6586438845687598,0.8367108123649828,0.4265762715634788
23,3,6.0,6,0.0,0.0,,0.1535182751093859,0.39346934028736663,0.5654017914929217,0.571271299853952,0.6685992658121782,0.696191714819457
23,3,7.0,6,0.0,0.0,,0.1535182751093859,0.39346934028736663,0.5654017914929217,0.5702724116742262,0.3608623472543942,0.5830455192394696
23,3,8.0,6,0.0,0.0,,0.1535182751093859,0.39346934028736663,0.5654017914929217,0.6726458335298076,0.32690805027891706,0.6201771339426377
23,3,9.0,6,0.0,0.0,,0.1535182751093859,0.39346934028736663,0.5654017914929217,0.7579547989800676,0.6402900180757569,0.4327339667936959
23,3,10.0,6,0.0,0.0,,0.1535182751093859,0.39346934028736663,0.5654017914929217,0.640254791258941,0.5674767143255735,0.8367044010874973
23,3,11.0,6,0.0,0.0,,0.1535182751093859,0.39346934028736663,0.5654017914929217,0.667628568756303,0.9660741233295699,0.6446753558161822
23,3,12.0,6,0.0,0.0,,0.1535182751093859,0.39346934028736663,0.5654017914929217,0.5399928652949717,0.5089039262958289,0.41216367672409754
23,3,13.0,6,0.0,0.0,,0.1535182751093859,0.39346934028736663,0.5654017914929217,0.6286635218486822,0.6493230901496421,0.5026684150337382
23,3,14.0,6,0.0,0.0,,0.1535182751093859,0.39346934028736663,0.5654017914929217,0.5581189811232685,0.7008231301018636,0.6106247347769731
23,3,15.0,6,0.0,0.0,,0.1535182751093859,0.39346934028736663,0.5654017914929217,0.6142252810006582,0.6222950969226755,0.42497854339946867
23,3,16.0,6,0.0,0.0,,0.1535182751093859,0.39346934028736663,0.5654017914929217,0.5699295459780795,0.7009525706452568,0.6145212749248069
23,3,17.0,6,0.0,0.0,,0.1535182751093859,0.39346934028736663,0.5654017914929217,0.7083774547120067,0.6688661692432198,0.5960692598876878
23,3,18.0,6,0.0,0.0,,0.1535182751093859,0.39346934028736663,0.5654017914929217,0.6298427554744933,0.6800266150559493,0.4560543154515731
23,3,19.0,6,0.0,0.0,,0.1535182751093859,0.39346934028736663,0.5654017914929217,0.6476218841636073,0.6822592781113321,0.6863488448259456
23,3,20.0,6,0.0,0.0,,0.1535182751093859,0.39346934028736663,0.5654017914929217,0.6993428389026215,0.6358409704642162,0.5934955774424802
23,3,21.0,6,0.0,0.0,,0.1535182751093859,0.39346934028736663,0.5654017914929217,0.6141444465356678,0.6053902556986739,0.34435079778977096
23,3,22.0,6,0.0,0.0,,0.1535182751093859,0.39346934028736663,0.5654017914929217,0.6221471480992916,0.476235863003127,0.3978685753150012
23,3,23.0,6,0.0,0.0,,0.1535182751093859,0.39346934028736663,0.5654017914929217,0.7356228635604778,0.45810937293000764,0.7877457997980188
23,3,24.0,6,0.0,0.0,,0.1535182751093859,0.39346934028736663,0.5654017914929217,0.6760620242429761,0.6110342663529242,0.46102930692213545
23,3,25.0,6,0.0,0.0,,0.1535182751093859,0.39346934028736663,0.5654017914929217,0.6039110225772519,0.7078837401273957,0.6297738137934324
23,3,26.0,6,0.0,0.0,,0.1535182751093859,0.39346934028736663,0.5654017914929217,0.626139502302644,0.5438025634281566,0.4667310538131055
23,3,27.0,6,0.0,0.0,,0.1535182751093859,0.39346934028736663,0.5654017914929217,0.6573260656767749,0.6447186876435917,0.5293413726848895
23,3,28.0,6,0.0,0.0,,0.1535182751093859,0.39346934028736663,0.5654017914929217,0.6262425900067485,0.6160954631502648,0.34281765806515646
23,3,29.0,6,0.0,0.0,,0.1535182751093859,0.39346934028736663,0.5654017914929217,0.6097362087881646,0.6687119573696656,0.5723977560550282
23,3,30.0,6,0.0,0.0,,0.1535182751093859,0.39346934028736663,0.5654017914929217,0.5404021772615504,0.6476674163298091,0.36735241547339487
23,3,31.0,6,0.0,0.0,,0.1535182751093859,0.39346934028736663,0.5654017914929217,0.6195714000785134,0.3995391986998479,0.521019915237191
23,3,32.0,6,0.0,0.0,,0.1535182751093859,0.39346934028736663,0.5654017914929217,0.6488996681728618,0.6658352047444869,0.9837141762700827
23,3,33.0,6,0.0,0.0,,0.1535182751093859,0.39346934028736663,0.5654017914929217,0.6355581960313368,0.48892270377962765,0.7862550806599751
23,3,34.0,6,0.0,0.0,,0.1535182751093859,0.39346934028736663,0.5654017914929217,0.6787630656843543,0.6306875206423788,0.48874321051122693
23,3,35.0,6,0.0,0.0,,0.1535182751093859,0.39346934028736663,0.5654017914929217,0.6178315341944288,0.7300522547536962,0.7561180570479936
23,3,36.0,6,0.0,0.0,,0.1535182751093859,0.39346934028736663,0.5654017914929217,0.6993840990731623,0.6920074282719205,0.7804533903588833
23,3,37.0,6,0.0,0.0,,0.1535182751093859,0.39346934028736663,0.5654017914929217,0.6436094333428986,0.5374505224676553,0.6295409121604701
23,3,38.0,6,0.0,0.0,,0.1535182751093859,0.39346934028736663,0.5654017914929217,0.6492953867462034,0.75056329047077,0.5667861316926567
23,3,39.0,6,0.0,0.0,,0.1535182751093859,0.39346934028736663,0.5654017914929217,0.6288247181280224,0.6555743440735238,0.4566486278849949
23,3,40.0,6,0.0,0.0,,0.1535182751093859,0.39346934028736663,0.5654017914929217,0.6053795755778266,0.6279168833826502,0.5842710574010841
23,3,41.0,6,0.0,0.0,,0.1535182751093859,0.39346934028736663,0.5654017914929217,0.5800413977425614,0.5352937972569033,0.5628643284983611
23,3,42.0,6,0.0,0.0,,0.1535182751093859,0.39346934028736663,0.5654017914929217,0.5832031405641188,0.7338552157295372,0.6538428151347968
23,3,43.0,6,0.0,0.0,,0.1535182751093859,0.39346934028736663,0.5654017914929217,0.6262602158465949,0.6315239096954854,0.6996824436724209
23,3,44.0,6,0.0,0.0,,0.1535182751093859,0.39346934028736663,0.5654017914929217,0.7270681606954856,0.6501735729651686,0.6266638284458168
23,3,45.0,6,0.0,0.0,,0.1535182751093859,0.39346934028736663,0.5654017914929217,0.6421813108906049,0.45034687781272054,0.5797573766539307
23,3,46.0,6,0.0,0.0,,0.1535182751093859,0.39346934028736663,0.5654017914929217,0.6161948616581713,0.6417339119644115,0.46598343844088214
23,3,47.0,6,0.0,0.0,,0.1535182751093859,0.39346934028736663,0.5654017914929217,0.6656601300126663,0.3923633028038903,0.5245765999420647
23,3,48.0,6,0.0,0.0,,0.1535182751093859,0.39346934028736663,0.5654017914929217,0.6756828561067895,0.5635671949609792,0.5376917139480324
23,3,49.0,6,0.0,0.0,,0.1535182751093859,0.39346934028736663,0.5654017914929217,0.5581987332471907,0.5342392975819288,0.5489145089382366
23,3,50.0,6,0.0,0.0,,0.1535182751093859,0.39346934028736663,0.5654017914929217,0.5319482175984706,0.585580859896701,0.5743698422527952
23,3,51.0,6,0.0,0.0,,0.1535182751093859,0.39346934028736663,0.5654017914929217,0.5784634342417311,0.8729402874325615,0.6250059655375868
23,3,52.0,6,0.0,0.0,,0.1535182751093859,0.39346934028736663,0.5654017914929217,0.6987218109149785,0.6950984925355203,0.3750505714163953
23,3,53.0,6,0.0,0.0,,0.1535182751093859,0.39346934028736663,0.5654017914929217,0.6204241491843472,0.5855854678960155,0.5906117744643884
23,3,54.0,6,0.0,0.0,,0.1535182751093859,0.39346934028736663,0.5654017914929217,0.6027130105437777,0.46146764636112014,0.7139765307751845
23,3,55.0,6,0.0,0.0,,0.1535182751093859,0.39346934028736663,0.5654017914929217,0.6368031943353777,0.7471736021118546,0.680583193709073
23,3,56.0,6,0.0,0.0,,0.1535182751093859,0.39346934028736663,0.5654017914929217,0.5610145746677582,0.5225159928665103,0.5010379781817971
23,3,57.0,6,0.0,0.0,,0.1535182751093859,0.39346934028736663,0.5654017914929217,0.6293207230349979,0.4060333311778992,0.414920106819054
23,3,58.0,6,0.0,0.0,,0.1535182751093859,0.39346934028736663,0.5654017914929217,0.6902160075206325,0.5706317618552218,0.48395849292067217
23,3,59.0,6,0.0,0.0,,0.1535182751093859,0.39346934028736663,0.5654017914929217,0.5969382072833919,0.5826714982091186,0.3701343420279591
23,3,60.0,6,0.0,0.0,,0.1535182751093859,0.39346934028736663,0.5654017914929217,0.652358792561982,0.6846793358478489,0.5827996721792488
23,3,61.0,6,0.0,0.0,,0.1535182751093859,0.39346934028736663,0.5654017914929217,0.6575874937876909,0.6984943015732942,0.5768913413534006
23,3,62.0,6,0.0,0.0,,0.1535182751093859,0.39346934028736663,0.5654017914929217,0.6409376979411378,0.5859734001215455,0.4317199800619259
23,3,63.0,6,0.0,0.0,,0.1535182751093859,0.39346934028736663,0.5654017914929217,0.6363001616916046,0.6063935803474997,0.48323829777847943
23,3,64.0,6,0.0,0.0,,0.1535182751093859,0.39346934028736663,0.5654017914929217,0.656281152943629,0.6748738948578931,0.43400246606774495
23,3,65.0,6,0.0,0.0,,0.1535182751093859,0.39346934028736663,0.5654017914929217,0.6208847298923894,0.9192054641637523,0.6136614157983813
23,3,66.0,6,0.0,0.0,,0.1535182751093859,0.39346934028736663,0.5654017914929217,0.6024397990911377,0.611401729405437,0.5209995402162354
23,3,67.0,6,0.0,0.0,,0.1535182751093859,0.39346934028736663,0.5654017914929217,0.6111786114344008,0.5703667695640082,0.554790501916651
23,3,68.0,6,0.0,0.0,,0.1535182751093859,0.39346934028736663,0.5654017914929217,0.6432699120663375,0.5473204290057595,0.5656976865120915
23,3,69.0,6,0.0,0.0,,0.1535182751093859,0.39346934028736663,0.5654017914929217,0.7394509995570259,0.669783378722907,0.5251137540162574
23,3,70.0,6,0.0,0.0,,0.1535182751093859,0.39346934028736663,0.5654017914929217,0.6610453282766979,0.6710170197476433,0.6685336821071998
23,3,71.0,6,0.0,0.0,,0.1535182751093859,0.39346934028736663,0.5654017914929217,0.6090061500106799,0.6155642729147183,0.5582861513630986
23,3,72.0,6,0.0,0.0,,0.1535182751093859,0.39346934028736663,0.5654017914929217,0.6548818703512789,0.5682857190152075,0.5045474085207474
23,3,73.0,6,0.0,0.0,,0.1535182751093859,0.39346934028736663,0.5654017914929217,0.6732490516831133,0.544122800379235,0.6445214159860013
23,3,74.0,6,0.0,0.0,,0.1535182751093859,0.39346934028736663,0.5654017914929217,0.6251542820477015,0.45655171480694473,0.6202424154075035
23,3,75.0,6,0.0,0.0,,0.1535182751093859,0.39346934028736663,0.5654017914929217,0.6414965404182219,0.6638470445394165,0.4563662510610326
23,3,76.0,6,0.0,0.0,,0.1535182751093859,0.39346934028736663,0.5654017914929217,0.5807612153712737,0.6454462359481653,0.7049211623228738
23,3,77.0,6,0.0,0.0,,0.1535182751093859,0.39346934028736663,0.5654017914929217,0.6793484470937248,0.5092109681275118,0.5020638948003804
23,3,78.0,6,0.0,0.0,,0.1535182751093859,0.39346934028736663,0.5654017914929217,0.7994899170546497,0.6215654902001403,0.6395336915269001
23,3,79.0,6,0.0,0.0,,0.1535182751093859,0.39346934028736663,0.5654017914929217,0.61275738657468,0.4811082789332186,0.5738881607050162
23,3,80.0,6,0.0,0.0,,0.1535182751093859,0.39346934028736663,0.5654017914929217,0.7651526747015873,0.42633445916500545,0.13184993586710472
23,3,81.0,6,0.0,0.0,,0.1535182751093859,0.39346934028736663,0.5654017914929217,0.6538847133679353,0.46535734481182117,0.4354398670840494
23,3,82.0,6,0.0,0.0,,0.1535182751093859,0.39346934028736663,0.5654017914929217,0.5941547391079405,0.688462328702746,0.7345063506616779
23,3,83.0,6,0.0,0.0,,0.1535182751093859,0.39346934028736663,0.5654017914929217,0.6338742927481416,0.861312983268747,0.6477953389223108
23,3,84.0,6,0.0,0.0,,0.1535182751093859,0.39346934028736663,0.5654017914929217,0.6408947743631295,0.5117364217356406,0.5067679064914969
23,3,85.0,6,0.0,0.0,,0.1535182751093859,0.39346934028736663,0.5654017914929217,0.6664488265840655,0.5616643561752256,0.8297080756344538
23,3,86.0,6,0.0,0.0,,0.1535182751093859,0.39346934028736663,0.5654017914929217,0.6462288423440364,0.6272106914468669,0.34901123270104395
23,3,87.0,6,0.0,0.0,,0.1535182751093859,0.39346934028736663,0.5654017914929217,0.631222286613958,0.6102672526362793,0.7627189968480819
23,3,88.0,6,0.0,0.0,,0.1535182751093859,0.39346934028736663,0.5654017914929217,0.641964749130805,0.594738479782533,0.5795009520275876
23,3,89.0,6,0.0,0.0,,0.1535182751093859,0.39346934028736663,0.5654017914929217,0.6432104960660111,0.725438863160113,0.3856318332686176
23,3,90.0,6,0.0,0.0,,0.1535182751093859,0.39346934028736663,0.5654017914929217,0.6888777245775971,0.700240417597078,0.48134586822597597
23,3,91.0,6,0.0,0.0,,0.1535182751093859,0.39346934028736663,0.5654017914929217,0.601672753995293,0.6386508003394921,0.5776100896388572
23,3,92.0,6,0.0,0.0,,0.1535182751093859,0.39346934028736663,0.5654017914929217,0.6592263787822552,0.5950731991568007,0.5094775420156819
23,3,93.0,6,0.0,0.0,,0.1535182751093859,0.39346934028736663,0.5654017914929217,0.6409960000085608,0.5115566186854543,0.392976902197915
23,3,94.0,6,0.0,0.0,,0.1535182751093859,0.39346934028736663,0.5654017914929217,0.6570921703172059,0.6562015143655775,0.5824612036764282
23,3,95.0,6,0.0,0.0,,0.1535182751093859,0.39346934028736663,0.5654017914929217,0.6056528901587387,0.7099718706396302,0.40094648610745975
23,3,96.0,6,0.0,0.0,,0.1535182751093859,0.39346934028736663,0.5654017914929217,0.715294460190327,0.5081641076411343,0.6613353678684251
23,3,97.0,6,0.0,0.0,,0.1535182751093859,0.39346934028736663,0.5654017914929217,0.6709524783473461,0.47013835331134135,0.3745702456755763
23,3,98.0,6,0.0,0.0,,0.1535182751093859,0.39346934028736663,0.5654017914929217,0.5689814709576497,0.8021180514508359,0.47655351035437
23,3,99.0,6,0.0,0.0,,0.1535182751093859,0.39346934028736663,0.5654017914929217,0.6408958265457076,0.7123778072555507,0.8347293547554511
23,3,100.0,6,0.0,0.0,,0.1535182751093859,0.39346934028736663,0.5654017914929217,0.6591398057842407,0.5379639724452276,0.8082219388496344
24,3,1.0,8,0.0,0.0,,0.11750309741540454,0.31271072120902776,0.4647385714810097,0.6321205588285576,0.5644071525588308,0.33472350451340027
24,3,2.0,8,0.0,0.0,,0.11750309741540454,0.31271072120902776,0.4647385714810097,0.6321205588285576,0.505242448885986,0.5063120427448596
24,3,3.0,8,0.0,0.0,,0.11750309741540454,0.31271072120902776,0.4647385714810097,0.6321205588285576,0.5016398913698722,0.7009718527912651
24,3,4.0,8,0.0,0.0,,0.11750309741540454,0.31271072120902776,0.4647385714810097,0.6321205588285576,0.4616860529264871,0.37293677025841204
24,3,5.0,8,0.0,0.0,,0.11750309741540454,0.31271072120902776,0.4647385714810097,0.6321205588285576,0.5694373792689409,0.5443783314401153
24,3,6.0,8,0.0,0.0,,0.11750309741540454,0.31271072120902776,0.4647385714810097,0.6321205588285576,0.40534849562828923,0.4106749060780405
24,3,7.0,8,0.0,0.0,,0.11750309741540454,0.31271072120902776,0.4647385714810097,0.6321205588285576,0.7085453164864363,0.640800880550761
24,3,8.0,8,0.0,0.0,,0.11750309741540454,0.31271072120902776,0.4647385714810097,0.6321205588285576,0.5765243053356939,0.5350439199440571
24,3,9.0,8,0.0,0.0,,0.11750309741540454,0.31271072120902776,0.4647385714810097,0.6321205588285576,0.56621590956095,0.4810661316333514
24,3,10.0,8,0.0,0.0,,0.11750309741540454,0.31271072120902776,0.4647385714810097,0.6321205588285576,0.5026534230838174,0.5585841871221833
24,3,11.0,8,0.0,0.0,,0.11750309741540454,0.31271072120902776,0.4647385714810097,0.6321205588285576,0.6668158134053407,0.7718836325563341
24,3,12.0,8,0.0,0.0,,0.11750309741540454,0.31271072120902776,0.4647385714810097,0.6321205588285576,0.6407244338837165,0.5943508026038449
24,3,13.0,8,0.0,0.0,,0.11750309741540454,0.31271072120902776,0.4647385714810097,0.6321205588285576,0.5055187030511676,0.5734704380572734
24,3,14.0,8,0.0,0.0,,0.11750309741540454,0.31271072120902776,0.4647385714810097,0.6321205588285576,0.6779944867391292,0.4972985572970569
24,3,15.0,8,0.0,0.0,,0.11750309741540454,0.31271072120902776,0.4647385714810097,0.6321205588285576,0.607355144226898,0.394168871761972
24,3,16.0,8,0.0,0.0,,0.11750309741540454,0.31271072120902776,0.4647385714810097,0.6321205588285576,0.5241024893695273,0.6990159542638698
24,3,17.0,8,0.0,0.0,,0.11750309741540454,0.31271072120902776,0.4647385714810097,0.6321205588285576,0.6847300038880704,0.712158464280145
24,3,18.0,8,0.0,0.0,,0.11750309741540454,0.31271072120902776,0.4647385714810097,0.6321205588285576,0.6054212527433787,0.6742042176034142
24,3,19.0,8,0.0,0.0,,0.11750309741540454,0.31271072120902776,0.4647385714810097,0.6321205588285576,0.6421245966571235,0.5521903325747946
24,3,20.0,8,0.0,0.0,,0.11750309741540454,0.31271072120902776,0.4647385714810097,0.6321205588285576,0.7383883316489614,0.5019148172290133
24,3,21.0,8,0.0,0.0,,0.11750309741540454,0.31271072120902776,0.4647385714810097,0.6321205588285576,0.5471994036897602,0.5526196397068197
24,3,22.0,8,0.0,0.0,,0.11750309741540454,0.31271072120902776,0.4647385714810097,0.6321205588285576,0.5429553568106453,0.578400043862922
24,3,23.0,8,0.0,0.0,,0.11750309741540454,0.31271072120902776,0.4647385714810097,0.6321205588285576,0.5184814819526948,0.39040363199616207
24,3,24.0,8,0.0,0.0,,0.11750309741540454,0.31271072120902776,0.4647385714810097,0.6321205588285576,0.5683636700291722,0.7144986395335495
24,3,25.0,8,0.0,0.0,,0.11750309741540454,0.31271072120902776,0.4647385714810097,0.6321205588285576,0.7760683937150573,0.819320967723472
24,3,26.0,8,0.0,0.0,,0.11750309741540454,0.31271072120902776,0.4647385714810097,0.6321205588285576,0.4707084237028381,0.40519358515461973
24,3,27.0,8,0.0,0.0,,0.11750309741540454,0.31271072120902776,0.4647385714810097,0.6321205588285576,0.5327042851102519,0.5103131742052669
24,3,28.0,8,0.0,0.0,,0.11750309741540454,0.31271072120902776,0.4647385714810097,0.6321205588285576,0.669137093822465,0.5500454971928875
24,3,29.0,8,0.0,0.0,,0.11750309741540454,0.31271072120902776,0.4647385714810097,0.6321205588285576,0.4727121853257305,0.8706050683404051
24,3,30.0,8,0.0,0.0,,0.11750309741540454,0.31271072120902776,0.4647385714810097,0.6321205588285576,0.5120531147522531,0.6067398723618611
24,3,31.0,8,0.0,0.0,,0.11750309741540454,0.31271072120902776,0.4647385714810097,0.6321205588285576,0.6576829440649792,0.5444072696595028
24,3,32.0,8,0.0,0.0,,0.11750309741540454,0.31271072120902776,0.4647385714810097,0.6321205588285576,0.6316144584251815,0.5303678089280444
24,3,33.0,8,0.0,0.0,,0.11750309741540454,0.31271072120902776,0.4647385714810097,0.6321205588285576,0.7285439505450647,0.6857829219942799
24,3,34.0,8,0.0,0.0,,0.11750309741540454,0.31271072120902776,0.4647385714810097,0.6321205588285576,0.666518985107577,0.6850621242731285
24,3,35.0,8,0.0,0.0,,0.11750309741540454,0.31271072120902776,0.4647385714810097,0.6321205588285576,0.7239776748449044,0.4704256724077345
24,3,36.0,8,0.0,0.0,,0.11750309741540454,0.31271072120902776,0.4647385714810097,0.6321205588285576,0.7114955830429575,0.570889201662989
24,3,37.0,8,0.0,0.0,,0.11750309741540454,0.31271072120902776,0.4647385714810097,0.6321205588285576,0.6610398246655095,0.6308853265627865
24,3,38.0,8,0.0,0.0,,0.11750309741540454,0.31271072120902776,0.4647385714810097,0.6321205588285576,0.6795408447659476,0.6791339472064861
24,3,39.0,8,0.0,0.0,,0.11750309741540454,0.31271072120902776,0.4647385714810097,0.6321205588285576,0.5648988119742672,0.6266260777350171
24,3,40.0,8,0.0,0.0,,0.11750309741540454,0.31271072120902776,0.4647385714810097,0.6321205588285576,0.46328263411029286,0.5122727816030107
24,3,41.0,8,0.0,0.0,,0.11750309741540454,0.31271072120902776,0.4647385714810097,0.6321205588285576,0.6535446897428657,0.5987142800280111
24,3,42.0,8,0.0,0.0,,0.11750309741540454,0.31271072120902776,0.4647385714810097,0.6321205588285576,0.5694353093202957,0.38984061389105024
24,3,43.0,8,0.0,0.0,,0.11750309741540454,0.31271072120902776,0.4647385714810097,0.6321205588285576,0.5206498521253994,0.5544660367542468
24,3,44.0,8,0.0,0.0,,0.11750309741540454,0.31271072120902776,0.4647385714810097,0.6321205588285576,0.5333842897643551,0.7343659881564428
24,3,45.0,8,0.0,0.0,,0.11750309741540454,0.31271072120902776,0.4647385714810097,0.6321205588285576,0.6178025951500737,0.4539994865162468
24,3,46.0,8,0.0,0.0,,0.11750309741540454,0.31271072120902776,0.4647385714810097,0.6321205588285576,0.5735513556626586,0.5335454589124439
24,3,47.0,8,0.0,0.0,,0.11750309741540454,0.31271072120902776,0.4647385714810097,0.6321205588285576,0.671413306607658,0.6567913309947926
24,3,48.0,8,0.0,0.0,,0.11750309741540454,0.31271072120902776,0.4647385714810097,0.6321205588285576,0.5382895326865239,0.5687796169263212
24,3,49.0,8,0.0,0.0,,0.11750309741540454,0.31271072120902776,0.4647385714810097,0.6321205588285576,0.498762094972187,0.6945852957458705
24,3,50.0,8,0.0,0.0,,0.11750309741540454,0.31271072120902776,0.4647385714810097,0.6321205588285576,0.6925009401908983,0.7152805093143993
24,3,51.0,8,0.0,0.0,,0.11750309741540454,0.31271072120902776,0.4647385714810097,0.6321205588285576,0.6128972878406075,0.45592043648584485
24,3,52.0,8,0.0,0.0,,0.11750309741540454,0.31271072120902776,0.4647385714810097,0.6321205588285576,0.5658488950102936,0.5854605614024011
24,3,53.0,8,0.0,0.0,,0.11750309741540454,0.31271072120902776,0.4647385714810097,0.6321205588285576,0.620720193187734,0.7132530686435503
24,3,54.0,8,0.0,0.0,,0.11750309741540454,0.31271072120902776,0.4647385714810097,0.6321205588285576,0.4562942114365473,0.5638058102961114
24,3,55.0,8,0.0,0.0,,0.11750309741540454,0.31271072120902776,0.4647385714810097,0.6321205588285576,0.49566485678169264,0.8072909538237678
24,3,56.0,8,0.0,0.0,,0.11750309741540454,0.31271072120902776,0.4647385714810097,0.6321205588285576,0.599250448378033,0.5870012127464831
24,3,57.0,8,0.0,0.0,,0.11750309741540454,0.31271072120902776,0.4647385714810097,0.6321205588285576,0.6415296004923448,0.7234805445228328
24,3,58.0,8,0.0,0.0,,0.11750309741540454,0.31271072120902776,0.4647385714810097,0.6321205588285576,0.7021300470470166,0.604779895272714
24,3,59.0,8,0.0,0.0,,0.11750309741540454,0.31271072120902776,0.4647385714810097,0.6321205588285576,0.6246502171500693,0.5968417516217537
24,3,60.0,8,0.0,0.0,,0.11750309741540454,0.31271072120902776,0.4647385714810097,0.6321205588285576,0.6807956015330563,0.6407833077645982
24,3,61.0,8,0.0,0.0,,0.11750309741540454,0.31271072120902776,0.4647385714810097,0.6321205588285576,0.5976761939204784,0.6273358254970023
24,3,62.0,8,0.0,0.0,,0.11750309741540454,0.31271072120902776,0.4647385714810097,0.6321205588285576,0.47493123641945206,0.4920709622002698
24,3,63.0,8,0.0,0.0,,0.11750309741540454,0.31271072120902776,0.4647385714810097,0.6321205588285576,0.535187595867408,0.5290904642076943
24,3,64.0,8,0.0,0.0,,0.11750309741540454,0.31271072120902776,0.4647385714810097,0.6321205588285576,0.6427060678431786,0.650117188576862
24,3,65.0,8,0.0,0.0,,0.11750309741540454,0.31271072120902776,0.4647385714810097,0.6321205588285576,0.6121999890789506,0.41224776370224464
24,3,66.0,8,0.0,0.0,,0.11750309741540454,0.31271072120902776,0.4647385714810097,0.6321205588285576,0.6611393152926002,0.6757048436082403
24,3,67.0,8,0.0,0.0,,0.11750309741540454,0.31271072120902776,0.4647385714810097,0.6321205588285576,0.5910106059081685,0.6186995116722565
24,3,68.0,8,0.0,0.0,,0.11750309741540454,0.31271072120902776,0.4647385714810097,0.6321205588285576,0.5851469888530014,0.29704556485308886
24,3,69.0,8,0.0,0.0,,0.11750309741540454,0.31271072120902776,0.4647385714810097,0.6321205588285576,0.6943380905101916,0.6532104028043375
24,3,70.0,8,0.0,0.0,,0.11750309741540454,0.31271072120902776,0.4647385714810097,0.6321205588285576,0.6701359965653327,0.6262075582162568
24,3,71.0,8,0.0,0.0,,0.11750309741540454,0.31271072120902776,0.4647385714810097,0.6321205588285576,0.5502153586250735,0.3360049606676077
24,3,72.0,8,0.0,0.0,,0.11750309741540454,0.31271072120902776,0.4647385714810097,0.6321205588285576,0.6154894985953417,0.5000906690731716
24,3,73.0,8,0.0,0.0,,0.11750309741540454,0.31271072120902776,0.4647385714810097,0.6321205588285576,0.4987062349062786,0.5749569290856383
24,3,74.0,8,0.0,0.0,,0.11750309741540454,0.31271072120902776,0.4647385714810097,0.6321205588285576,0.5935490141336179,0.4730132002117342
24,3,75.0,8,0.0,0.0,,0.11750309741540454,0.31271072120902776,0.4647385714810097,0.6321205588285576,0.5137719025450764,0.18222908071798338
24,3,76.0,8,0.0,0.0,,0.11750309741540454,0.31271072120902776,0.4647385714810097,0.6321205588285576,0.6333755879138574,0.3074553214675185
24,3,77.0,8,0.0,0.0,,0.11750309741540454,0.31271072120902776,0.4647385714810097,0.6321205588285576,0.4702693092524818,0.41700609311457065
24,3,78.0,8,0.0,0.0,,0.11750309741540454,0.31271072120902776,0.4647385714810097,0.6321205588285576,0.5020881917298008,0.5209491077249065
24,3,79.0,8,0.0,0.0,,0.11750309741540454,0.31271072120902776,0.4647385714810097,0.6321205588285576,0.5345257954769137,0.49878246967306666
24,3,80.0,8,0.0,0.0,,0.11750309741540454,0.31271072120902776,0.4647385714810097,0.6321205588285576,0.6427500973174881,0.7081486940729167
24,3,81.0,8,0.0,0.0,,0.11750309741540454,0.31271072120902776,0.4647385714810097,0.6321205588285576,0.7277360184867703,0.7915401966139489
24,3,82.0,8,0.0,0.0,,0.11750309741540454,0.31271072120902776,0.4647385714810097,0.6321205588285576,0.41171505547325477,0.31625012274549846
24,3,83.0,8,0.0,0.0,,0.11750309741540454,0.31271072120902776,0.4647385714810097,0.6321205588285576,0.5850307956922947,0.5440935023107101
24,3,84.0,8,0.0,0.0,,0.11750309741540454,0.31271072120902776,0.4647385714810097,0.6321205588285576,0.49641096901613835,0.5739723450830192
24,3,85.0,8,0.0,0.0,,0.11750309741540454,0.31271072120902776,0.4647385714810097,0.6321205588285576,0.7487006681387559,0.6570373995415034
24,3,86.0,8,0.0,0.0,,0.11750309741540454,0.31271072120902776,0.4647385714810097,0.6321205588285576,0.6927841522189352,0.4619038944459941
24,3,87.0,8,0.0,0.0,,0.11750309741540454,0.31271072120902776,0.4647385714810097,0.6321205588285576,0.6741508565197717,0.5624736388379434
24,3,88.0,8,0.0,0.0,,0.11750309741540454,0.31271072120902776,0.4647385714810097,0.6321205588285576,0.5466942850932917,0.5461248795274904
24,3,89.0,8,0.0,0.0,,0.11750309741540454,0.31271072120902776,0.4647385714810097,0.6321205588285576,0.7099424087682807,0.3632489249035807
24,3,90.0,8,0.0,0.0,,0.11750309741540454,0.31271072120902776,0.4647385714810097,0.6321205588285576,0.4757788777647961,0.47141530611611965
24,3,91.0,8,0.0,0.0,,0.11750309741540454,0.31271072120902776,0.4647385714810097,0.6321205588285576,0.6352549716372684,0.4826064844488981
24,3,92.0,8,0.0,0.0,,0.11750309741540454,0.31271072120902776,0.4647385714810097,0.6321205588285576,0.6946464421787139,0.5991058718090718
24,3,93.0,8,0.0,0.0,,0.11750309741540454,0.31271072120902776,0.4647385714810097,0.6321205588285576,0.5269967708125805,0.567969966577172
24,3,94.0,8,0.0,0.0,,0.11750309741540454,0.31271072120902776,0.4647385714810097,0.6321205588285576,0.4862596386015244,0.5742221164438861
24,3,95.0,8,0.0,0.0,,0.11750309741540454,0.31271072120902776,0.4647385714810097,0.6321205588285576,0.5297627100993687,0.5823458657598671
24,3,96.0,8,0.0,0.0,,0.11750309741540454,0.31271072120902776,0.4647385714810097,0.6321205588285576,0.6217328747762674,0.7384526632776599
24,3,97.0,8,0.0,0.0,,0.11750309741540454,0.31271072120902776,0.4647385714810097,0.6321205588285576,0.6429537042295782,0.6624067719100498
24,3,98.0,8,0.0,0.0,,0.11750309741540454,0.31271072120902776,0.4647385714810097,0.6321205588285576,0.46441636980062,0.6064291432116155
24,3,99.0,8,0.0,0.0,,0.11750309741540454,0.31271072120902776,0.4647385714810097,0.6321205588285576,0.6332505066825356,0.7201188507524708
24,3,100.0,8,0.0,0.0,,0.11750309741540454,0.31271072120902776,0.4647385714810097,0.6321205588285576,0.5353208830298717,0.425278985772366
25,3,1.0,10,0.0,0.0,,0.09516258196404048,0.2591817793182821,0.39346934028736663,0.5506710358827785,0.6572056445669978,0.5966839260451423
25,3,2.0,10,0.0,0.0,,0.09516258196404048,0.2591817793182821,0.39346934028736663,0.5506710358827785,0.5513395807220289,0.44672608797235497
25,3,3.0,10,0.0,0.0,,0.09516258196404048,0.2591817793182821,0.39346934028736663,0.5506710358827785,0.5823399943815029,0.26430569554814237
25,3,4.0,10,0.0,0.0,,0.09516258196404048,0.2591817793182821,0.39346934028736663,0.5506710358827785,0.6085823722837369,0.6651337268038573
25,3,5.0,10,0.0,0.0,,0.09516258196404048,0.2591817793182821,0.39346934028736663,0.5506710358827785,0.6487912160175348,0.7103566932010901
25,3,6.0,10,0.0,0.0,,0.09516258196404048,0.2591817793182821,0.39346934028736663,0.5506710358827785,0.6914094719705293,0.6022669865936262
25,3,7.0,10,0.0,0.0,,0.09516258196404048,0.2591817793182821,0.39346934028736663,0.5506710358827785,0.5325933240103377,0.3212063743482393
25,3,8.0,10,0.0,0.0,,0.09516258196404048,0.2591817793182821,0.39346934028736663,0.5506710358827785,0.647024593742654,0.5461253306278355
25,3,9.0,10,0.0,0.0,,0.09516258196404048,0.2591817793182821,0.39346934028736663,0.5506710358827785,0.7179347292069319,0.54437406883832
25,3,10.0,10,0.0,0.0,,0.09516258196404048,0.2591817793182821,0.39346934028736663,0.5506710358827785,0.5519387101323342,0.600615049039738
25,3,11.0,10,0.0,0.0,,0.09516258196404048,0.2591817793182821,0.39346934028736663,0.5506710358827785,0.5843391755398412,0.42625111633457635
25,3,12.0,10,0.0,0.0,,0.09516258196404048,0.2591817793182821,0.39346934028736663,0.5506710358827785,0.609835802811306,0.671994789686862
25,3,13.0,10,0.0,0.0,,0.09516258196404048,0.2591817793182821,0.39346934028736663,0.5506710358827785,0.6494023731998612,0.5947488751616294
25,3,14.0,10,0.0,0.0,,0.09516258196404048,0.2591817793182821,0.39346934028736663,0.5506710358827785,0.5789468042130149,0.42304386417101514
25,3,15.0,10,0.0,0.0,,0.09516258196404048,0.2591817793182821,0.39346934028736663,0.5506710358827785,0.6368291297706413,0.7756551043228262
25,3,16.0,10,0.0,0.0,,0.09516258196404048,0.2591817793182821,0.39346934028736663,0.5506710358827785,0.6113858515957735,0.30812372014239625
25,3,17.0,10,0.0,0.0,,0.09516258196404048,0.2591817793182821,0.39346934028736663,0.5506710358827785,0.6373789793664736,0.644504627099519
25,3,18.0,10,0.0,0.0,,0.09516258196404048,0.2591817793182821,0.39346934028736663,0.5506710358827785,0.5858898687588714,0.5655350201132555
25,3,19.0,10,0.0,0.0,,0.09516258196404048,0.2591817793182821,0.39346934028736663,0.5506710358827785,0.6004602238146919,0.5105707601369829
25,3,20.0,10,0.0,0.0,,0.09516258196404048,0.2591817793182821,0.39346934028736663,0.5506710358827785,0.659735168383573,0.7135452378063792
25,3,21.0,10,0.0,0.0,,0.09516258196404048,0.2591817793182821,0.39346934028736663,0.5506710358827785,0.5545184336778116,0.864201362749284
25,3,22.0,10,0.0,0.0,,0.09516258196404048,0.2591817793182821,0.39346934028736663,0.5506710358827785,0.5815711694443534,0.6973616206941261
25,3,23.0,10,0.0,0.0,,0.09516258196404048,0.2591817793182821,0.39346934028736663,0.5506710358827785,0.6926257236176373,0.4225166526197424
25,3,24.0,10,0.0,0.0,,0.09516258196404048,0.2591817793182821,0.39346934028736663,0.5506710358827785,0.6968296157248817,0.5619256968673374
25,3,25.0,10,0.0,0.0,,0.09516258196404048,0.2591817793182821,0.39346934028736663,0.5506710358827785,0.6780606734216145,0.5394223060240272
25,3,26.0,10,0.0,0.0,,0.09516258196404048,0.2591817793182821,0.39346934028736663,0.5506710358827785,0.5696124216923623,0.31383265969937985
25,3,27.0,10,0.0,0.0,,0.09516258196404048,0.2591817793182821,0.39346934028736663,0.5506710358827785,0.7249873830985455,0.6192478689004531
25,3,28.0,10,0.0,0.0,,0.09516258196404048,0.2591817793182821,0.39346934028736663,0.5506710358827785,0.5634493999421794,0.6218787234078447
25,3,29.0,10,0.0,0.0,,0.09516258196404048,0.2591817793182821,0.39346934028736663,0.5506710358827785,0.593262485273736,0.6112305151078646
25,3,30.0,10,0.0,0.0,,0.09516258196404048,0.2591817793182821,0.39346934028736663,0.5506710358827785,0.6182639686358911,0.6723459637291802
25,3,31.0,10,0.0,0.0,,0.09516258196404048,0.2591817793182821,0.39346934028736663,0.5506710358827785,0.6184308259777429,0.3986046759476757
25,3,32.0,10,0.0,0.0,,0.09516258196404048,0.2591817793182821,0.39346934028736663,0.5506710358827785,0.6683282065208436,0.7102017060436686
25,3,33.0,10,0.0,0.0,,0.09516258196404048,0.2591817793182821,0.39346934028736663,0.5506710358827785,0.6282142940324864,0.6368558153349954
25,3,34.0,10,0.0,0.0,,0.09516258196404048,0.2591817793182821,0.39346934028736663,0.5506710358827785,0.7022363927915022,0.9001931098136075
25,3,35.0,10,0.0,0.0,,0.09516258196404048,0.2591817793182821,0.39346934028736663,0.5506710358827785,0.6737793417129838,0.500299308741105
25,3,36.0,10,0.0,0.0,,0.09516258196404048,0.2591817793182821,0.39346934028736663,0.5506710358827785,0.7179567322402177,0.6619191039860262
25,3,37.0,10,0.0,0.0,,0.09516258196404048,0.2591817793182821,0.39346934028736663,0.5506710358827785,0.6405329317177699,0.5433849479314393
25,3,38.0,10,0.0,0.0,,0.09516258196404048,0.2591817793182821,0.39346934028736663,0.5506710358827785,0.6173300780296918,0.6274101547171359
25,3,39.0,10,0.0,0.0,,0.09516258196404048,0.2591817793182821,0.39346934028736663,0.5506710358827785,0.6686651183773208,0.5815844716701557
25,3,40.0,10,0.0,0.0,,0.09516258196404048,0.2591817793182821,0.39346934028736663,0.5506710358827785,0.6579037457909461,0.6751697940794898
25,3,41.0,10,0.0,0.0,,0.09516258196404048,0.2591817793182821,0.39346934028736663,0.5506710358827785,0.714965184651631,0.5618099458161441
25,3,42.0,10,0.0,0.0,,0.09516258196404048,0.2591817793182821,0.39346934028736663,0.5506710358827785,0.6129486373445829,0.4119446435906987
25,3,43.0,10,0.0,0.0,,0.09516258196404048,0.2591817793182821,0.39346934028736663,0.5506710358827785,0.6390380963346913,0.6619523906140747
25,3,44.0,10,0.0,0.0,,0.09516258196404048,0.2591817793182821,0.39346934028736663,0.5506710358827785,0.5937273251570526,0.5977197040366067
25,3,45.0,10,0.0,0.0,,0.09516258196404048,0.2591817793182821,0.39346934028736663,0.5506710358827785,0.7089684218847327,0.7286534573927643
25,3,46.0,10,0.0,0.0,,0.09516258196404048,0.2591817793182821,0.39346934028736663,0.5506710358827785,0.5830938017759514,0.43923719700707925
25,3,47.0,10,0.0,0.0,,0.09516258196404048,0.2591817793182821,0.39346934028736663,0.5506710358827785,0.6826178141234159,0.6017717849360391
25,3,48.0,10,0.0,0.0,,0.09516258196404048,0.2591817793182821,0.39346934028736663,0.5506710358827785,0.5819354145172808,0.7774854077353609
25,3,49.0,10,0.0,0.0,,0.09516258196404048,0.2591817793182821,0.39346934028736663,0.5506710358827785,0.6343265314703446,0.6406427951760174
25,3,50.0,10,0.0,0.0,,0.09516258196404048,0.2591817793182821,0.39346934028736663,0.5506710358827785,0.6445809311535934,0.2541468800618969
25,3,51.0,10,0.0,0.0,,0.09516258196404048,0.2591817793182821,0.39346934028736663,0.5506710358827785,0.6466725091873073,0.34352554759389164
25,3,52.0,10,0.0,0.0,,0.09516258196404048,0.2591817793182821,0.39346934028736663,0.5506710358827785,0.6942508114909589,0.6872215160101133
25,3,53.0,10,0.0,0.0,,0.09516258196404048,0.2591817793182821,0.39346934028736663,0.5506710358827785,0.6100372903896816,0.4635310798724174
25,3,54.0,10,0.0,0.0,,0.09516258196404048,0.2591817793182821,0.39346934028736663,0.5506710358827785,0.6858264196459016,0.4071935999536203
25,3,55.0,10,0.0,0.0,,0.09516258196404048,0.2591817793182821,0.39346934028736663,0.5506710358827785,0.7383962663584368,0.5532211448552207
25,3,56.0,10,0.0,0.0,,0.09516258196404048,0.2591817793182821,0.39346934028736663,0.5506710358827785,0.5467984357910793,0.5244474849393059
25,3,57.0,10,0.0,0.0,,0.09516258196404048,0.2591817793182821,0.39346934028736663,0.5506710358827785,0.6161474216208835,0.46892722276298765
25,3,58.0,10,0.0,0.0,,0.09516258196404048,0.2591817793182821,0.39346934028736663,0.5506710358827785,0.7520774765954354,0.5749194421240335
25,3,59.0,10,0.0,0.0,,0.09516258196404048,0.2591817793182821,0.39346934028736663,0.5506710358827785,0.6822840874037092,0.6179385140487061
25,3,60.0,10,0.0,0.0,,0.09516258196404048,0.2591817793182821,0.39346934028736663,0.5506710358827785,0.6023351213417044,0.6284308930184619
25,3,61.0,10,0.0,0.0,,0.09516258196404048,0.2591817793182821,0.39346934028736663,0.5506710358827785,0.7459328201289191,0.6461859909335643
25,3,62.0,10,0.0,0.0,,0.09516258196404048,0.2591817793182821,0.39346934028736663,0.5506710358827785,0.5761111085370891,0.5577880541379416
25,3,63.0,10,0.0,0.0,,0.09516258196404048,0.2591817793182821,0.39346934028736663,0.5506710358827785,0.6894212827230388,0.7678873308365739
25,3,64.0,10,0.0,0.0,,0.09516258196404048,0.2591817793182821,0.39346934028736663,0.5506710358827785,0.7174555454167713,0.4035206393740058
25,3,65.0,10,0.0,0.0,,0.09516258196404048,0.2591817793182821,0.39346934028736663,0.5506710358827785,0.6246271957899259,0.4812243010359948
25,3,66.0,10,0.0,0.0,,0.09516258196404048,0.2591817793182821,0.39346934028736663,0.5506710358827785,0.6130550069689934,0.5667301611693837
25,3,67.0,10,0.0,0.0,,0.09516258196404048,0.2591817793182821,0.39346934028736663,0.5506710358827785,0.6340002311342811,0.533391115016941
25,3,68.0,10,0.0,0.0,,0.09516258196404048,0.2591817793182821,0.39346934028736663,0.5506710358827785,0.6365055593740143,0.502268113280693
25,3,69.0,10,0.0,0.0,,0.09516258196404048,0.2591817793182821,0.39346934028736663,0.5506710358827785,0.6593210675059837,0.6450306791593972
25,3,70.0,10,0.0,0.0,,0.09516258196404048,0.2591817793182821,0.39346934028736663,0.5506710358827785,0.6182299775547285,0.5232126820690467
25,3,71.0,10,0.0,0.0,,0.09516258196404048,0.2591817793182821,0.39346934028736663,0.5506710358827785,0.5443658282432395,0.7279074916370217
25,3,72.0,10,0.0,0.0,,0.09516258196404048,0.2591817793182821,0.39346934028736663,0.5506710358827785,0.5860617639406527,0.5608005294241987
25,3,73.0,10,0.0,0.0,,0.09516258196404048,0.2591817793182821,0.39346934028736663,0.5506710358827785,0.7183812496781177,0.38873993255564937
25,3,74.0,10,0.0,0.0,,0.09516258196404048,0.2591817793182821,0.39346934028736663,0.5506710358827785,0.6438003842866624,0.28979439897712717
25,3,75.0,10,0.0,0.0,,0.09516258196404048,0.2591817793182821,0.39346934028736663,0.5506710358827785,0.5355996221146735,0.4888950509648299
25,3,76.0,10,0.0,0.0,,0.09516258196404048,0.2591817793182821,0.39346934028736663,0.5506710358827785,0.670418649930323,0.5457278526913891
25,3,77.0,10,0.0,0.0,,0.09516258196404048,0.2591817793182821,0.39346934028736663,0.5506710358827785,0.6208968494025371,0.4888215444312241
25,3,78.0,10,0.0,0.0,,0.09516258196404048,0.2591817793182821,0.39346934028736663,0.5506710358827785,0.6090305122266855,0.3825665579518692
25,3,79.0,10,0.0,0.0,,0.09516258196404048,0.2591817793182821,0.39346934028736663,0.5506710358827785,0.5790680647377175,0.7370255646409972
25,3,80.0,10,0.0,0.0,,0.09516258196404048,0.2591817793182821,0.39346934028736663,0.5506710358827785,0.6120425470414409,0.6198541768438866
25,3,81.0,10,0.0,0.0,,0.09516258196404048,0.2591817793182821,0.39346934028736663,0.5506710358827785,0.5871672696079824,0.6007369456453866
25,3,82.0,10,0.0,0.0,,0.09516258196404048,0.2591817793182821,0.39346934028736663,0.5506710358827785,0.6492482460249112,0.5546743251075019
25,3,83.0,10,0.0,0.0,,0.09516258196404048,0.2591817793182821,0.39346934028736663,0.5506710358827785,0.6466753855214542,0.5031929585025179
25,3,84.0,10,0.0,0.0,,0.09516258196404048,0.2591817793182821,0.39346934028736663,0.5506710358827785,0.672946622070918,0.45950730176786864
25,3,85.0,10,0.0,0.0,,0.09516258196404048,0.2591817793182821,0.39346934028736663,0.5506710358827785,0.5986432083736246,0.4493735958254835
25,3,86.0,10,0.0,0.0,,0.09516258196404048,0.2591817793182821,0.39346934028736663,0.5506710358827785,0.5793679944689423,0.6169593313282252
25,3,87.0,10,0.0,0.0,,0.09516258196404048,0.2591817793182821,0.39346934028736663,0.5506710358827785,0.6710686178007915,0.44008054167994165
25,3,88.0,10,0.0,0.0,,0.09516258196404048,0.2591817793182821,0.39346934028736663,0.5506710358827785,0.6480051416471817,0.5257788452738203
25,3,89.0,10,0.0,0.0,,0.09516258196404048,0.2591817793182821,0.39346934028736663,0.5506710358827785,0.5847279171128411,0.5272834066361622
25,3,90.0,10,0.0,0.0,,0.09516258196404048,0.2591817793182821,0.39346934028736663,0.5506710358827785,0.6875243638619948,0.37537039843490294
25,3,91.0,10,0.0,0.0,,0.09516258196404048,0.2591817793182821,0.39346934028736663,0.5506710358827785,0.5662522112722185,0.31436987685195517
25,3,92.0,10,0.0,0.0,,0.09516258196404048,0.2591817793182821,0.39346934028736663,0.5506710358827785,0.6043373243776655,0.7617362147129378
25,3,93.0,10,0.0,0.0,,0.09516258196404048,0.2591817793182821,0.39346934028736663,0.5506710358827785,0.6409230633243609,0.772005899078211
25,3,94.0,10,0.0,0.0,,0.09516258196404048,0.2591817793182821,0.39346934028736663,0.5506710358827785,0.6968713901345432,0.5895837827117362
25,3,95.0,10,0.0,0.0,,0.09516258196404048,0.2591817793182821,0.39346934028736663,0.5506710358827785,0.6327139050262942,0.7060359893511527
25,3,96.0,10,0.0,0.0,,0.09516258196404048,0.2591817793182821,0.39346934028736663,0.5506710358827785,0.722441601458479,0.33764476032589547
25,3,97.0,10,0.0,0.0,,0.09516258196404048,0.2591817793182821,0.39346934028736663,0.5506710358827785,0.5820725045457903,0.4605170769426275
25,3,98.0,10,0.0,0.0,,0.09516258196404048,0.2591817793182821,0.39346934028736663,0.5506710358827785,0.7202623464116822,0.643061584040167
25,3,99.0,10,0.0,0.0,,0.09516258196404048,0.2591817793182821,0.39346934028736663,0.5506710358827785,0.6793062370916594,0.491712180800597
25,3,100.0,10,0.0,0.0,,0.09516258196404048,0.2591817793182821,0.39346934028736663,0.5506710358827785,0.6222949932560968,0.4971204421395594
26,3,1.0,12,0.0,0.0,,0.07995558537067671,0.2211992169285951,0.34075936979955623,0.4865828809674079,0.6321205588285576,0.4135649829474586
26,3,2.0,12,0.0,0.0,,0.07995558537067671,0.2211992169285951,0.34075936979955623,0.4865828809674079,0.6321205588285576,0.5674141282391867
26,3,3.0,12,0.0,0.0,,0.07995558537067671,0.2211992169285951,0.34075936979955623,0.4865828809674079,0.6321205588285576,0.7244402791105585
26,3,4.0,12,0.0,0.0,,0.07995558537067671,0.2211992169285951,0.34075936979955623,0.4865828809674079,0.6321205588285576,0.41690629469915885
26,3,5.0,12,0.0,0.0,,0.07995558537067671,0.2211992169285951,0.34075936979955623,0.4865828809674079,0.6321205588285576,0.6684429872516059
26,3,6.0,12,0.0,0.0,,0.07995558537067671,0.2211992169285951,0.34075936979955623,0.4865828809674079,0.6321205588285576,0.47262857888210724
26,3,7.0,12,0.0,0.0,,0.07995558537067671,0.2211992169285951,0.34075936979955623,0.4865828809674079,0.6321205588285576,0.5908312161803132
26,3,8.0,12,0.0,0.0,,0.07995558537067671,0.2211992169285951,0.34075936979955623,0.4865828809674079,0.6321205588285576,0.637234158622885
26,3,9.0,12,0.0,0.0,,0.07995558537067671,0.2211992169285951,0.34075936979955623,0.4865828809674079,0.6321205588285576,0.5442618939724315
26,3,10.0,12,0.0,0.0,,0.07995558537067671,0.2211992169285951,0.34075936979955623,0.4865828809674079,0.6321205588285576,0.48829310886216903
26,3,11.0,12,0.0,0.0,,0.07995558537067671,0.2211992169285951,0.34075936979955623,0.4865828809674079,0.6321205588285576,0.4439290642030868
26,3,12.0,12,0.0,0.0,,0.07995558537067671,0.2211992169285951,0.34075936979955623,0.4865828809674079,0.6321205588285576,0.6932477271486015
26,3,13.0,12,0.0,0.0,,0.07995558537067671,0.2211992169285951,0.34075936979955623,0.4865828809674079,0.6321205588285576,0.5574987717777994
26,3,14.0,12,0.0,0.0,,0.07995558537067671,0.2211992169285951,0.34075936979955623,0.4865828809674079,0.6321205588285576,0.5868978819637987
26,3,15.0,12,0.0,0.0,,0.07995558537067671,0.2211992169285951,0.34075936979955623,0.4865828809674079,0.6321205588285576,0.5902944109246391
26,3,16.0,12,0.0,0.0,,0.07995558537067671,0.2211992169285951,0.34075936979955623,0.4865828809674079,0.6321205588285576,0.5998668161277283
26,3,17.0,12,0.0,0.0,,0.07995558537067671,0.2211992169285951,0.34075936979955623,0.4865828809674079,0.6321205588285576,0.5593777168235102
26,3,18.0,12,0.0,0.0,,0.07995558537067671,0.2211992169285951,0.34075936979955623,0.4865828809674079,0.6321205588285576,0.5873122618627048
26,3,19.0,12,0.0,0.0,,0.07995558537067671,0.2211992169285951,0.34075936979955623,0.4865828809674079,0.6321205588285576,0.6764330092811085
26,3,20.0,12,0.0,0.0,,0.07995558537067671,0.2211992169285951,0.34075936979955623,0.4865828809674079,0.6321205588285576,0.6191909481500293
26,3,21.0,12,0.0,0.0,,0.07995558537067671,0.2211992169285951,0.34075936979955623,0.4865828809674079,0.6321205588285576,0.6888792471376866
26,3,22.0,12,0.0,0.0,,0.07995558537067671,0.2211992169285951,0.34075936979955623,0.4865828809674079,0.6321205588285576,0.5963348515507354
26,3,23.0,12,0.0,0.0,,0.07995558537067671,0.2211992169285951,0.34075936979955623,0.4865828809674079,0.6321205588285576,0.5955458020563623
26,3,24.0,12,0.0,0.0,,0.07995558537067671,0.2211992169285951,0.34075936979955623,0.4865828809674079,0.6321205588285576,0.6199991269085002
26,3,25.0,12,0.0,0.0,,0.07995558537067671,0.2211992169285951,0.34075936979955623,0.4865828809674079,0.6321205588285576,0.49924098950829965
26,3,26.0,12,0.0,0.0,,0.07995558537067671,0.2211992169285951,0.34075936979955623,0.4865828809674079,0.6321205588285576,0.5507180697229878
26,3,27.0,12,0.0,0.0,,0.07995558537067671,0.2211992169285951,0.34075936979955623,0.4865828809674079,0.6321205588285576,0.663746714921069
26,3,28.0,12,0.0,0.0,,0.07995558537067671,0.2211992169285951,0.34075936979955623,0.4865828809674079,0.6321205588285576,0.645278341922068
26,3,29.0,12,0.0,0.0,,0.07995558537067671,0.2211992169285951,0.34075936979955623,0.4865828809674079,0.6321205588285576,0.4023595200919609
26,3,30.0,12,0.0,0.0,,0.07995558537067671,0.2211992169285951,0.34075936979955623,0.4865828809674079,0.6321205588285576,0.6121753540113484
26,3,31.0,12,0.0,0.0,,0.07995558537067671,0.2211992169285951,0.34075936979955623,0.4865828809674079,0.6321205588285576,0.6052127881229885
26,3,32.0,12,0.0,0.0,,0.07995558537067671,0.2211992169285951,0.34075936979955623,0.4865828809674079,0.6321205588285576,0.6120257736103321
26,3,33.0,12,0.0,0.0,,0.07995558537067671,0.2211992169285951,0.34075936979955623,0.4865828809674079,0.6321205588285576,0.5635481146676896
26,3,34.0,12,0.0,0.0,,0.07995558537067671,0.2211992169285951,0.34075936979955623,0.4865828809674079,0.6321205588285576,0.37298216293026876
26,3,35.0,12,0.0,0.0,,0.07995558537067671,0.2211992169285951,0.34075936979955623,0.4865828809674079,0.6321205588285576,0.6049578061346411
26,3,36.0,12,0.0,0.0,,0.07995558537067671,0.2211992169285951,0.34075936979955623,0.4865828809674079,0.6321205588285576,0.5183054909063448
26,3,37.0,12,0.0,0.0,,0.07995558537067671,0.2211992169285951,0.34075936979955623,0.4865828809674079,0.6321205588285576,0.6680587858905703
26,3,38.0,12,0.0,0.0,,0.07995558537067671,0.2211992169285951,0.34075936979955623,0.4865828809674079,0.6321205588285576,0.6066088161338428
26,3,39.0,12,0.0,0.0,,0.07995558537067671,0.2211992169285951,0.34075936979955623,0.4865828809674079,0.6321205588285576,0.47878355013894575
26,3,40.0,12,0.0,0.0,,0.07995558537067671,0.2211992169285951,0.34075936979955623,0.4865828809674079,0.6321205588285576,0.7311310789017311
26,3,41.0,12,0.0,0.0,,0.07995558537067671,0.2211992169285951,0.34075936979955623,0.4865828809674079,0.6321205588285576,0.6783346524925937
26,3,42.0,12,0.0,0.0,,0.07995558537067671,0.2211992169285951,0.34075936979955623,0.4865828809674079,0.6321205588285576,0.675475392763181
26,3,43.0,12,0.0,0.0,,0.07995558537067671,0.2211992169285951,0.34075936979955623,0.4865828809674079,0.6321205588285576,0.5610346073934649
26,3,44.0,12,0.0,0.0,,0.07995558537067671,0.2211992169285951,0.34075936979955623,0.4865828809674079,0.6321205588285576,0.535576419907114
26,3,45.0,12,0.0,0.0,,0.07995558537067671,0.2211992169285951,0.34075936979955623,0.4865828809674079,0.6321205588285576,0.5479961255080938
26,3,46.0,12,0.0,0.0,,0.07995558537067671,0.2211992169285951,0.34075936979955623,0.4865828809674079,0.6321205588285576,0.34221174521298287
26,3,47.0,12,0.0,0.0,,0.07995558537067671,0.2211992169285951,0.34075936979955623,0.4865828809674079,0.6321205588285576,0.7067390968566383
26,3,48.0,12,0.0,0.0,,0.07995558537067671,0.2211992169285951,0.34075936979955623,0.4865828809674079,0.6321205588285576,0.5078746654274249
26,3,49.0,12,0.0,0.0,,0.07995558537067671,0.2211992169285951,0.34075936979955623,0.4865828809674079,0.6321205588285576,0.6595845144684225
26,3,50.0,12,0.0,0.0,,0.07995558537067671,0.2211992169285951,0.34075936979955623,0.4865828809674079,0.6321205588285576,0.6019815121166439
26,3,51.0,12,0.0,0.0,,0.07995558537067671,0.2211992169285951,0.34075936979955623,0.4865828809674079,0.6321205588285576,0.6725175812722642
26,3,52.0,12,0.0,0.0,,0.07995558537067671,0.2211992169285951,0.34075936979955623,0.4865828809674079,0.6321205588285576,0.7491387243316201
26,3,53.0,12,0.0,0.0,,0.07995558537067671,0.2211992169285951,0.34075936979955623,0.4865828809674079,0.6321205588285576,0.5288661527561876
26,3,54.0,12,0.0,0.0,,0.07995558537067671,0.2211992169285951,0.34075936979955623,0.4865828809674079,0.6321205588285576,0.4290482243772765
26,3,55.0,12,0.0,0.0,,0.07995558537067671,0.2211992169285951,0.34075936979955623,0.4865828809674079,0.6321205588285576,0.5034260067440622
26,3,56.0,12,0.0,0.0,,0.07995558537067671,0.2211992169285951,0.34075936979955623,0.4865828809674079,0.6321205588285576,0.604183253066317
26,3,57.0,12,0.0,0.0,,0.07995558537067671,0.2211992169285951,0.34075936979955623,0.4865828809674079,0.6321205588285576,0.6781522262264105
26,3,58.0,12,0.0,0.0,,0.07995558537067671,0.2211992169285951,0.34075936979955623,0.4865828809674079,0.6321205588285576,0.6617362431071132
26,3,59.0,12,0.0,0.0,,0.07995558537067671,0.2211992169285951,0.34075936979955623,0.4865828809674079,0.6321205588285576,0.48193178498384837
26,3,60.0,12,0.0,0.0,,0.07995558537067671,0.2211992169285951,0.34075936979955623,0.4865828809674079,0.6321205588285576,0.6877698657381345
26,3,61.0,12,0.0,0.0,,0.07995558537067671,0.2211992169285951,0.34075936979955623,0.4865828809674079,0.6321205588285576,0.7015780089566707
26,3,62.0,12,0.0,0.0,,0.07995558537067671,0.2211992169285951,0.34075936979955623,0.4865828809674079,0.6321205588285576,0.5575001671259373
26,3,63.0,12,0.0,0.0,,0.07995558537067671,0.2211992169285951,0.34075936979955623,0.4865828809674079,0.6321205588285576,0.5707239882335482
26,3,64.0,12,0.0,0.0,,0.07995558537067671,0.2211992169285951,0.34075936979955623,0.4865828809674079,0.6321205588285576,0.6768385687797205
26,3,65.0,12,0.0,0.0,,0.07995558537067671,0.2211992169285951,0.34075936979955623,0.4865828809674079,0.6321205588285576,0.6415681128075679
26,3,66.0,12,0.0,0.0,,0.07995558537067671,0.2211992169285951,0.34075936979955623,0.4865828809674079,0.6321205588285576,0.56627967538343
26,3,67.0,12,0.0,0.0,,0.07995558537067671,0.2211992169285951,0.34075936979955623,0.4865828809674079,0.6321205588285576,0.4848311474691995
26,3,68.0,12,0.0,0.0,,0.07995558537067671,0.2211992169285951,0.34075936979955623,0.4865828809674079,0.6321205588285576,0.5086687595878026
26,3,69.0,12,0.0,0.0,,0.07995558537067671,0.2211992169285951,0.34075936979955623,0.4865828809674079,0.6321205588285576,0.5006608872598679
26,3,70.0,12,0.0,0.0,,0.07995558537067671,0.2211992169285951,0.34075936979955623,0.4865828809674079,0.6321205588285576,0.6514559687507875
26,3,71.0,12,0.0,0.0,,0.07995558537067671,0.2211992169285951,0.34075936979955623,0.4865828809674079,0.6321205588285576,0.6923158373262916
26,3,72.0,12,0.0,0.0,,0.07995558537067671,0.2211992169285951,0.34075936979955623,0.4865828809674079,0.6321205588285576,0.30723227005577625
26,3,73.0,12,0.0,0.0,,0.07995558537067671,0.2211992169285951,0.34075936979955623,0.4865828809674079,0.6321205588285576,0.5739562238283895
26,3,74.0,12,0.0,0.0,,0.07995558537067671,0.2211992169285951,0.34075936979955623,0.4865828809674079,0.6321205588285576,0.7123357460606251
26,3,75.0,12,0.0,0.0,,0.07995558537067671,0.2211992169285951,0.34075936979955623,0.4865828809674079,0.6321205588285576,0.6070696699144327
26,3,76.0,12,0.0,0.0,,0.07995558537067671,0.2211992169285951,0.34075936979955623,0.4865828809674079,0.6321205588285576,0.378001231619884
26,3,77.0,12,0.0,0.0,,0.07995558537067671,0.2211992169285951,0.34075936979955623,0.4865828809674079,0.6321205588285576,0.6361192708851181
26,3,78.0,12,0.0,0.0,,0.07995558537067671,0.2211992169285951,0.34075936979955623,0.4865828809674079,0.6321205588285576,0.5622712366313988
26,3,79.0,12,0.0,0.0,,0.07995558537067671,0.2211992169285951,0.34075936979955623,0.4865828809674079,0.6321205588285576,0.8033729825981881
26,3,80.0,12,0.0,0.0,,0.07995558537067671,0.2211992169285951,0.34075936979955623,0.4865828809674079,0.6321205588285576,0.639867542062422
26,3,81.0,12,0.0,0.0,,0.07995558537067671,0.2211992169285951,0.34075936979955623,0.4865828809674079,0.6321205588285576,0.5442051837366382
26,3,82.0,12,0.0,0.0,,0.07995558537067671,0.2211992169285951,0.34075936979955623,0.4865828809674079,0.6321205588285576,0.6383817471380778
26,3,83.0,12,0.0,0.0,,0.07995558537067671,0.2211992169285951,0.34075936979955623,0.4865828809674079,0.6321205588285576,0.4878739335018393
26,3,84.0,12,0.0,0.0,,0.07995558537067671,0.2211992169285951,0.34075936979955623,0.4865828809674079,0.6321205588285576,0.7382788691568462
26,3,85.0,12,0.0,0.0,,0.07995558537067671,0.2211992169285951,0.34075936979955623,0.4865828809674079,0.6321205588285576,0.6922201214464424
26,3,86.0,12,0.0,0.0,,0.07995558537067671,0.2211992169285951,0.34075936979955623,0.4865828809674079,0.6321205588285576,0.6325040658009504
26,3,87.0,12,0.0,0.0,,0.07995558537067671,0.2211992169285951,0.34075936979955623,0.4865828809674079,0.6321205588285576,0.6824490125881693
26,3,88.0,12,0.0,0.0,,0.07995558537067671,0.2211992169285951,0.34075936979955623,0.4865828809674079,0.6321205588285576,0.6480870760282522
26,3,89.0,12,0.0,0.0,,0.07995558537067671,0.2211992169285951,0.34075936979955623,0.4865828809674079,0.6321205588285576,0.612073038933747
26,3,90.0,12,0.0,0.0,,0.07995558537067671,0.2211992169285951,0.34075936979955623,0.4865828809674079,0.6321205588285576,0.5508685487115209
26,3,91.0,12,0.0,0.0,,0.07995558537067671,0.2211992169285951,0.34075936979955623,0.4865828809674079,0.6321205588285576,0.72539954685102
26,3,92.0,12,0.0,0.0,,0.07995558537067671,0.2211992169285951,0.34075936979955623,0.4865828809674079,0.6321205588285576,0.6203926241090382
26,3,93.0,12,0.0,0.0,,0.07995558537067671,0.2211992169285951,0.34075936979955623,0.4865828809674079,0.6321205588285576,0.6061464819104583
26,3,94.0,12,0.0,0.0,,0.07995558537067671,0.2211992169285951,0.34075936979955623,0.4865828809674079,0.6321205588285576,0.5009925683437281
26,3,95.0,12,0.0,0.0,,0.07995558537067671,0.2211992169285951,0.34075936979955623,0.4865828809674079,0.6321205588285576,0.584000113033049
26,3,96.0,12,0.0,0.0,,0.07995558537067671,0.2211992169285951,0.34075936979955623,0.4865828809674079,0.6321205588285576,0.5452215272929413
26,3,97.0,12,0.0,0.0,,0.07995558537067671,0.2211992169285951,0.34075936979955623,0.4865828809674079,0.6321205588285576,0.5859025037765067
26,3,98.0,12,0.0,0.0,,0.07995558537067671,0.2211992169285951,0.34075936979955623,0.4865828809674079,0.6321205588285576,0.40512460368624215
26,3,99.0,12,0.0,0.0,,0.07995558537067671,0.2211992169285951,0.34075936979955623,0.4865828809674079,0.6321205588285576,0.6829541351950703
26,3,100.0,12,0.0,0.0,,0.07995558537067671,0.2211992169285951,0.34075936979955623,0.4865828809674079,0.6321205588285576,0.6903075270801852
27,3,1.0,14,0.0,0.0,,0.06893722029597726,0.19288225299461068,0.30032746262486965,0.43528187799224066,0.57562715432305,0.6098449096913507
27,3,2.0,14,0.0,0.0,,0.06893722029597726,0.19288225299461068,0.30032746262486965,0.43528187799224066,0.57562715432305,0.654721149339766
27,3,3.0,14,0.0,0.0,,0.06893722029597726,0.19288225299461068,0.30032746262486965,0.43528187799224066,0.57562715432305,0.47709617121358594
27,3,4.0,14,0.0,0.0,,0.06893722029597726,0.19288225299461068,0.30032746262486965,0.43528187799224066,0.57562715432305,0.5503638833541133
27,3,5.0,14,0.0,0.0,,0.06893722029597726,0.19288225299461068,0.30032746262486965,0.43528187799224066,0.57562715432305,0.6182967863742357
27,3,6.0,14,0.0,0.0,,0.06893722029597726,0.19288225299461068,0.30032746262486965,0.43528187799224066,0.57562715432305,0.575496068988595
27,3,7.0,14,0.0,0.0,,0.06893722029597726,0.19288225299461068,0.30032746262486965,0.43528187799224066,0.57562715432305,0.6907604796569012
27,3,8.0,14,0.0,0.0,,0.06893722029597726,0.19288225299461068,0.30032746262486965,0.43528187799224066,0.57562715432305,0.5849235212434526
27,3,9.0,14,0.0,0.0,,0.06893722029597726,0.19288225299461068,0.30032746262486965,0.43528187799224066,0.57562715432305,0.48093143743767197
27,3,10.0,14,0.0,0.0,,0.06893722029597726,0.19288225299461068,0.30032746262486965,0.43528187799224066,0.57562715432305,0.6129800675952819
27,3,11.0,14,0.0,0.0,,0.06893722029597726,0.19288225299461068,0.30032746262486965,0.43528187799224066,0.57562715432305,0.508705710397571
27,3,12.0,14,0.0,0.0,,0.06893722029597726,0.19288225299461068,0.30032746262486965,0.43528187799224066,0.57562715432305,0.42425073798346835
27,3,13.0,14,0.0,0.0,,0.06893722029597726,0.19288225299461068,0.30032746262486965,0.43528187799224066,0.57562715432305,0.6917293773540227
27,3,14.0,14,0.0,0.0,,0.06893722029597726,0.19288225299461068,0.30032746262486965,0.43528187799224066,0.57562715432305,0.594767014839543
27,3,15.0,14,0.0,0.0,,0.06893722029597726,0.19288225299461068,0.30032746262486965,0.43528187799224066,0.57562715432305,0.5553407185272963
27,3,16.0,14,0.0,0.0,,0.06893722029597726,0.19288225299461068,0.30032746262486965,0.43528187799224066,0.57562715432305,0.549719992788112
27,3,17.0,14,0.0,0.0,,0.06893722029597726,0.19288225299461068,0.30032746262486965,0.43528187799224066,0.57562715432305,0.6034819772677479
27,3,18.0,14,0.0,0.0,,0.06893722029597726,0.19288225299461068,0.30032746262486965,0.43528187799224066,0.57562715432305,0.6895193536656293
27,3,19.0,14,0.0,0.0,,0.06893722029597726,0.19288225299461068,0.30032746262486965,0.43528187799224066,0.57562715432305,0.7299071918772383
27,3,20.0,14,0.0,0.0,,0.06893722029597726,0.19288225299461068,0.30032746262486965,0.43528187799224066,0.57562715432305,0.46240572028612215
27,3,21.0,14,0.0,0.0,,0.06893722029597726,0.19288225299461068,0.30032746262486965,0.43528187799224066,0.57562715432305,0.829054335117231
27,3,22.0,14,0.0,0.0,,0.06893722029597726,0.19288225299461068,0.30032746262486965,0.43528187799224066,0.57562715432305,0.5603849081960881
27,3,23.0,14,0.0,0.0,,0.06893722029597726,0.19288225299461068,0.30032746262486965,0.43528187799224066,0.57562715432305,0.5315932017829181
27,3,24.0,14,0.0,0.0,,0.06893722029597726,0.19288225299461068,0.30032746262486965,0.43528187799224066,0.57562715432305,0.6862492158302141
27,3,25.0,14,0.0,0.0,,0.06893722029597726,0.19288225299461068,0.30032746262486965,0.43528187799224066,0.57562715432305,0.7661234110552048
27,3,26.0,14,0.0,0.0,,0.06893722029597726,0.19288225299461068,0.30032746262486965,0.43528187799224066,0.57562715432305,0.7453978267231552
27,3,27.0,14,0.0,0.0,,0.06893722029597726,0.19288225299461068,0.30032746262486965,0.43528187799224066,0.57562715432305,0.5819552204045875
27,3,28.0,14,0.0,0.0,,0.06893722029597726,0.19288225299461068,0.30032746262486965,0.43528187799224066,0.57562715432305,0.5714122826735426
27,3,29.0,14,0.0,0.0,,0.06893722029597726,0.19288225299461068,0.30032746262486965,0.43528187799224066,0.57562715432305,0.6424935764065759
27,3,30.0,14,0.0,0.0,,0.06893722029597726,0.19288225299461068,0.30032746262486965,0.43528187799224066,0.57562715432305,0.552814487339701
27,3,31.0,14,0.0,0.0,,0.06893722029597726,0.19288225299461068,0.30032746262486965,0.43528187799224066,0.57562715432305,0.49019004593977045
27,3,32.0,14,0.0,0.0,,0.06893722029597726,0.19288225299461068,0.30032746262486965,0.43528187799224066,0.57562715432305,0.5877936273135976
27,3,33.0,14,0.0,0.0,,0.06893722029597726,0.19288225299461068,0.30032746262486965,0.43528187799224066,0.57562715432305,0.45962327757871185
27,3,34.0,14,0.0,0.0,,0.06893722029597726,0.19288225299461068,0.30032746262486965,0.43528187799224066,0.57562715432305,0.5455611044307134
27,3,35.0,14,0.0,0.0,,0.06893722029597726,0.19288225299461068,0.30032746262486965,0.43528187799224066,0.57562715432305,0.5642351113216678
27,3,36.0,14,0.0,0.0,,0.06893722029597726,0.19288225299461068,0.30032746262486965,0.43528187799224066,0.57562715432305,0.6440437333672732
27,3,37.0,14,0.0,0.0,,0.06893722029597726,0.19288225299461068,0.30032746262486965,0.43528187799224066,0.57562715432305,0.73511740316995
27,3,38.0,14,0.0,0.0,,0.06893722029597726,0.19288225299461068,0.30032746262486965,0.43528187799224066,0.57562715432305,0.6358696273553345
27,3,39.0,14,0.0,0.0,,0.06893722029597726,0.19288225299461068,0.30032746262486965,0.43528187799224066,0.57562715432305,0.5967097913042556
27,3,40.0,14,0.0,0.0,,0.06893722029597726,0.19288225299461068,0.30032746262486965,0.43528187799224066,0.57562715432305,0.7135649430540131
27,3,41.0,14,0.0,0.0,,0.06893722029597726,0.19288225299461068,0.30032746262486965,0.43528187799224066,0.57562715432305,0.7095097222037585
27,3,42.0,14,0.0,0.0,,0.06893722029597726,0.19288225299461068,0.30032746262486965,0.43528187799224066,0.57562715432305,0.7511792395447677
27,3,43.0,14,0.0,0.0,,0.06893722029597726,0.19288225299461068,0.30032746262486965,0.43528187799224066,0.57562715432305,0.5732879021080999
27,3,44.0,14,0.0,0.0,,0.06893722029597726,0.19288225299461068,0.30032746262486965,0.43528187799224066,0.57562715432305,0.525890917531398
27,3,45.0,14,0.0,0.0,,0.06893722029597726,0.19288225299461068,0.30032746262486965,0.43528187799224066,0.57562715432305,0.7673736887341718
27,3,46.0,14,0.0,0.0,,0.06893722029597726,0.19288225299461068,0.30032746262486965,0.43528187799224066,0.57562715432305,0.7312525252226899
27,3,47.0,14,0.0,0.0,,0.06893722029597726,0.19288225299461068,0.30032746262486965,0.43528187799224066,0.57562715432305,0.6518555994342932
27,3,48.0,14,0.0,0.0,,0.06893722029597726,0.19288225299461068,0.30032746262486965,0.43528187799224066,0.57562715432305,0.5698497708025301
27,3,49.0,14,0.0,0.0,,0.06893722029597726,0.19288225299461068,0.30032746262486965,0.43528187799224066,0.57562715432305,0.6680984106178156
27,3,50.0,14,0.0,0.0,,0.06893722029597726,0.19288225299461068,0.30032746262486965,0.43528187799224066,0.57562715432305,0.5784219874361969
27,3,51.0,14,0.0,0.0,,0.06893722029597726,0.19288225299461068,0.30032746262486965,0.43528187799224066,0.57562715432305,0.5857828770765012
27,3,52.0,14,0.0,0.0,,0.06893722029597726,0.19288225299461068,0.30032746262486965,0.43528187799224066,0.57562715432305,0.7518694331731204
27,3,53.0,14,0.0,0.0,,0.06893722029597726,0.19288225299461068,0.30032746262486965,0.43528187799224066,0.57562715432305,0.6047059013602825
27,3,54.0,14,0.0,0.0,,0.06893722029597726,0.19288225299461068,0.30032746262486965,0.43528187799224066,0.57562715432305,0.6138796947546235
27,3,55.0,14,0.0,0.0,,0.06893722029597726,0.19288225299461068,0.30032746262486965,0.43528187799224066,0.57562715432305,0.6438565294413379
27,3,56.0,14,0.0,0.0,,0.06893722029597726,0.19288225299461068,0.30032746262486965,0.43528187799224066,0.57562715432305,0.6697101676368253
27,3,57.0,14,0.0,0.0,,0.06893722029597726,0.19288225299461068,0.30032746262486965,0.43528187799224066,0.57562715432305,0.6311841497129094
27,3,58.0,14,0.0,0.0,,0.06893722029597726,0.19288225299461068,0.30032746262486965,0.43528187799224066,0.57562715432305,0.6652394235243227
27,3,59.0,14,0.0,0.0,,0.06893722029597726,0.19288225299461068,0.30032746262486965,0.43528187799224066,0.57562715432305,0.6374252771230459
27,3,60.0,14,0.0,0.0,,0.06893722029597726,0.19288225299461068,0.30032746262486965,0.43528187799224066,0.57562715432305,0.5630150819268277
27,3,61.0,14,0.0,0.0,,0.06893722029597726,0.19288225299461068,0.30032746262486965,0.43528187799224066,0.57562715432305,0.590521271644607
27,3,62.0,14,0.0,0.0,,0.06893722029597726,0.19288225299461068,0.30032746262486965,0.43528187799224066,0.57562715432305,0.5706024837606183
27,3,63.0,14,0.0,0.0,,0.06893722029597726,0.19288225299461068,0.30032746262486965,0.43528187799224066,0.57562715432305,0.635173736770207
27,3,64.0,14,0.0,0.0,,0.06893722029597726,0.19288225299461068,0.30032746262486965,0.43528187799224066,0.57562715432305,0.7230976812861013
27,3,65.0,14,0.0,0.0,,0.06893722029597726,0.19288225299461068,0.30032746262486965,0.43528187799224066,0.57562715432305,0.6861917731360838
27,3,66.0,14,0.0,0.0,,0.06893722029597726,0.19288225299461068,0.30032746262486965,0.43528187799224066,0.57562715432305,0.7791974323096392
27,3,67.0,14,0.0,0.0,,0.06893722029597726,0.19288225299461068,0.30032746262486965,0.43528187799224066,0.57562715432305,0.512752068789377
27,3,68.0,14,0.0,0.0,,0.06893722029597726,0.19288225299461068,0.30032746262486965,0.43528187799224066,0.57562715432305,0.5523426697174975
27,3,69.0,14,0.0,0.0,,0.06893722029597726,0.19288225299461068,0.30032746262486965,0.43528187799224066,0.57562715432305,0.6163151494797743
27,3,70.0,14,0.0,0.0,,0.06893722029597726,0.19288225299461068,0.30032746262486965,0.43528187799224066,0.57562715432305,0.6647626013464437
27,3,71.0,14,0.0,0.0,,0.06893722029597726,0.19288225299461068,0.30032746262486965,0.43528187799224066,0.57562715432305,0.7088387462857938
27,3,72.0,14,0.0,0.0,,0.06893722029597726,0.19288225299461068,0.30032746262486965,0.43528187799224066,0.57562715432305,0.4904241785193877
27,3,73.0,14,0.0,0.0,,0.06893722029597726,0.19288225299461068,0.30032746262486965,0.43528187799224066,0.57562715432305,0.5501316872045033
27,3,74.0,14,0.0,0.0,,0.06893722029597726,0.19288225299461068,0.30032746262486965,0.43528187799224066,0.57562715432305,0.6013990181810258
27,3,75.0,14,0.0,0.0,,0.06893722029597726,0.19288225299461068,0.30032746262486965,0.43528187799224066,0.57562715432305,0.8129585056304898
27,3,76.0,14,0.0,0.0,,0.06893722029597726,0.19288225299461068,0.30032746262486965,0.43528187799224066,0.57562715432305,0.5512283407080323
27,3,77.0,14,0.0,0.0,,0.06893722029597726,0.19288225299461068,0.30032746262486965,0.43528187799224066,0.57562715432305,0.6328535254112382
27,3,78.0,14,0.0,0.0,,0.06893722029597726,0.19288225299461068,0.30032746262486965,0.43528187799224066,0.57562715432305,0.6037438224687951
27,3,79.0,14,0.0,0.0,,0.06893722029597726,0.19288225299461068,0.30032746262486965,0.43528187799224066,0.57562715432305,0.6665259099408939
27,3,80.0,14,0.0,0.0,,0.06893722029597726,0.19288225299461068,0.30032746262486965,0.43528187799224066,0.57562715432305,0.6754132925385001
27,3,81.0,14,0.0,0.0,,0.06893722029597726,0.19288225299461068,0.30032746262486965,0.43528187799224066,0.57562715432305,0.5710158069570996
27,3,82.0,14,0.0,0.0,,0.06893722029597726,0.19288225299461068,0.30032746262486965,0.43528187799224066,0.57562715432305,0.503238789015302
27,3,83.0,14,0.0,0.0,,0.06893722029597726,0.19288225299461068,0.30032746262486965,0.43528187799224066,0.57562715432305,0.6428874297485361
27,3,84.0,14,0.0,0.0,,0.06893722029597726,0.19288225299461068,0.30032746262486965,0.43528187799224066,0.57562715432305,0.44769835432938976
27,3,85.0,14,0.0,0.0,,0.06893722029597726,0.19288225299461068,0.30032746262486965,0.43528187799224066,0.57562715432305,0.665143009053189
27,3,86.0,14,0.0,0.0,,0.06893722029597726,0.19288225299461068,0.30032746262486965,0.43528187799224066,0.57562715432305,0.48995800207939144
27,3,87.0,14,0.0,0.0,,0.06893722029597726,0.19288225299461068,0.30032746262486965,0.43528187799224066,0.57562715432305,0.5234812974004516
27,3,88.0,14,0.0,0.0,,0.06893722029597726,0.19288225299461068,0.30032746262486965,0.43528187799224066,0.57562715432305,0.6201317255672604
27,3,89.0,14,0.0,0.0,,0.06893722029597726,0.19288225299461068,0.30032746262486965,0.43528187799224066,0.57562715432305,0.6277809169282047
27,3,90.0,14,0.0,0.0,,0.06893722029597726,0.19288225299461068,0.30032746262486965,0.43528187799224066,0.57562715432305,0.5667957821869917
27,3,91.0,14,0.0,0.0,,0.06893722029597726,0.19288225299461068,0.30032746262486965,0.43528187799224066,0.57562715432305,0.6541297183388921
27,3,92.0,14,0.0,0.0,,0.06893722029597726,0.19288225299461068,0.30032746262486965,0.43528187799224066,0.57562715432305,0.6775638363945654
27,3,93.0,14,0.0,0.0,,0.06893722029597726,0.19288225299461068,0.30032746262486965,0.43528187799224066,0.57562715432305,0.5645161390745712
27,3,94.0,14,0.0,0.0,,0.06893722029597726,0.19288225299461068,0.30032746262486965,0.43528187799224066,0.57562715432305,0.8230685393231386
27,3,95.0,14,0.0,0.0,,0.06893722029597726,0.19288225299461068,0.30032746262486965,0.43528187799224066,0.57562715432305,0.6821166469620416
27,3,96.0,14,0.0,0.0,,0.06893722029597726,0.19288225299461068,0.30032746262486965,0.43528187799224066,0.57562715432305,0.7740607538428042
27,3,97.0,14,0.0,0.0,,0.06893722029597726,0.19288225299461068,0.30032746262486965,0.43528187799224066,0.57562715432305,0.6078187363266527
27,3,98.0,14,0.0,0.0,,0.06893722029597726,0.19288225299461068,0.30032746262486965,0.43528187799224066,0.57562715432305,0.4946930946125219
27,3,99.0,14,0.0,0.0,,0.06893722029597726,0.19288225299461068,0.30032746262486965,0.43528187799224066,0.57562715432305,0.5968712457118801
27,3,100.0,14,0.0,0.0,,0.06893722029597726,0.19288225299461068,0.30032746262486965,0.43528187799224066,0.57562715432305,0.6009958772613413
28,4,1.0,2,0.0,0.0,,0.39346934028736663,0.640936243027282,0.7619258833995333,0.6301281348428345,0.5285845080201476,0.43358668161447406
28,4,2.0,2,0.0,0.0,,0.39346934028736663,0.6133673193965397,0.6481228067427273,0.6216228431692878,0.5284243457758326,0.4849351938295176
28,4,3.0,2,0.0,0.0,,0.39346934028736663,0.5810933471561078,0.6929575085497227,0.7333300498464903,0.4468099724648612,0.48132130558587116
28,4,4.0,2,0.0,0.0,,0.39346934028736663,0.6121344781410387,0.6254684266419014,0.7580389134048567,0.39744502501275336,0.6117205888853604
28,4,5.0,2,0.0,0.0,,0.39346934028736663,0.6335042648540613,0.7683848092921916,0.4777396609470494,0.512619479579391,0.6339495376964877
28,4,6.0,2,0.0,0.0,,0.39346934028736663,0.6884022861692337,0.652948441649935,0.6857256974905409,0.5319961775216252,0.40677942090351016
28,4,7.0,2,0.0,0.0,,0.39346934028736663,0.5977532797570072,0.7057499649141781,0.5717919189560644,0.564129973947341,0.6072227610546435
28,4,8.0,2,0.0,0.0,,0.39346934028736663,0.6409200493469566,0.693287118695725,0.6547114295154269,0.46046571942447745,0.7548780081929273
28,4,9.0,2,0.0,0.0,,0.39346934028736663,0.6177645834511444,0.5933330221810238,0.5718900774365148,0.6005423229123912,0.8896583428599077
28,4,10.0,2,0.0,0.0,,0.39346934028736663,0.6669363866553871,0.5775223855430383,0.4664320022076927,0.7111840719463199,0.4466980008852607
28,4,11.0,2,0.0,0.0,,0.39346934028736663,0.6148233828825095,0.6398514940765005,0.8033661853786238,0.4854268732371452,0.5864896451943071
28,4,12.0,2,0.0,0.0,,0.39346934028736663,0.6498882951176188,0.5615955308112657,0.6440413744002317,0.3153522852629194,0.5635062907349566
28,4,13.0,2,0.0,0.0,,0.39346934028736663,0.6123332016516692,0.6711921135783891,0.6252821490476131,0.6019722610450204,0.5139137436512329
28,4,14.0,2,0.0,0.0,,0.39346934028736663,0.5817635328669588,0.5612260476415247,0.5803478241865954,0.409020688818054,0.7188371960374134
28,4,15.0,2,0.0,0.0,,0.39346934028736663,0.632800779880905,0.4636571476573665,0.4334933688181709,0.7796152976512639,0.47486776537712727
28,4,16.0,2,0.0,0.0,,0.39346934028736663,0.6453105386149458,0.7170740850741737,0.7427019318601907,0.40665801194525564,0.4312419505482654
28,4,17.0,2,0.0,0.0,,0.39346934028736663,0.7034659681212521,0.48363848674032034,0.7278913296528202,0.5678287961691171,0.5019298594680361
28,4,18.0,2,0.0,0.0,,0.39346934028736663,0.6367598089552453,0.5158367579244498,0.784119304644822,0.4433305809960508,0.6724087573164328
28,4,19.0,2,0.0,0.0,,0.39346934028736663,0.6094037296089556,0.5602208622722891,0.5364619931027554,0.5984312767967076,0.24401054970653474
28,4,20.0,2,0.0,0.0,,0.39346934028736663,0.6972560006191918,0.5747040896417008,0.551902321567095,0.7221665856406633,0.3479066889674987
28,4,21.0,2,0.0,0.0,,0.39346934028736663,0.6485740117651001,0.6799561322563636,0.5740379501173078,0.5758227918974785,0.584393773170411
28,4,22.0,2,0.0,0.0,,0.39346934028736663,0.6345764520589946,0.6904397317817489,0.5496342638291468,0.2194137036382223,0.5425187894307204
28,4,23.0,2,0.0,0.0,,0.39346934028736663,0.6210260453754078,0.5815002176299394,0.6380673140685097,0.3547471767489513,0.674857146690649
28,4,24.0,2,0.0,0.0,,0.39346934028736663,0.6204574989128617,0.7286858326675316,0.6155776583269459,0.615896832470334,0.521255347989056
28,4,25.0,2,0.0,0.0,,0.39346934028736663,0.6483453005374713,0.6220285281367552,0.5609301535750216,0.5099168026338503,0.5028000982042713
28,4,26.0,2,0.0,0.0,,0.39346934028736663,0.6325288238163367,0.5338899402872188,0.45752447368155363,0.5365898573324607,0.4195625624756801
28,4,27.0,2,0.0,0.0,,0.39346934028736663,0.6259217808874689,0.5745803198313842,0.6189957131222613,0.6542497793619837,0.6616262683471366
28,4,28.0,2,0.0,0.0,,0.39346934028736663,0.5940048175087741,0.735543579894136,0.6085877736634107,0.4546157376273715,0.587595948791896
28,4,29.0,2,0.0,0.0,,0.39346934028736663,0.630944324272858,0.656523590473663,0.6492419480053093,0.7319745064602247,0.4906532129303196
28,4,30.0,2,0.0,0.0,,0.39346934028736663,0.5905864693968974,0.7155617157442276,0.7493045228300945,0.4208115353518055,0.763556267407121
28,4,31.0,2,0.0,0.0,,0.39346934028736663,0.6237848719086105,0.6786951028221708,0.7579766342763525,0.7038838109723493,0.4400138157198282
28,4,32.0,2,0.0,0.0,,0.39346934028736663,0.6550829811623892,0.5453934515441174,0.4533296858874144,0.3040286143347213,0.4536539882986685
28,4,33.0,2,0.0,0.0,,0.39346934028736663,0.6586731049257204,0.5670974627334531,0.6727502564424499,0.7132604269991752,0.7190842878171496
28,4,34.0,2,0.0,0.0,,0.39346934028736663,0.6320225116651028,0.7559261429102058,0.3672288873590753,0.7112589473523468,0.46462287615557896
28,4,35.0,2,0.0,0.0,,0.39346934028736663,0.6567545548590269,0.6008897229120846,0.821236192098284,0.43662120879488464,0.5779622437913281
28,4,36.0,2,0.0,0.0,,0.39346934028736663,0.5790551442365217,0.6174099507892354,0.6418318908225253,0.5764026785786799,0.6126170458554989
28,4,37.0,2,0.0,0.0,,0.39346934028736663,0.6428824517586085,0.6426745950225374,0.6631879084651386,0.5238787904576642,0.7868959998835203
28,4,38.0,2,0.0,0.0,,0.39346934028736663,0.6779146637082786,0.6521548292006324,0.648968488206424,0.7031531105571249,0.5995046337415639
28,4,39.0,2,0.0,0.0,,0.39346934028736663,0.6378408360946262,0.4802138838015688,0.42942426430277286,0.43649009136213185,0.5726152623726544
28,4,40.0,2,0.0,0.0,,0.39346934028736663,0.6197411110923,0.7380615399057437,0.6957914781745849,0.567033744619069,0.5275490975728734
28,4,41.0,2,0.0,0.0,,0.39346934028736663,0.6591728049648019,0.5895015281526929,0.7848052421195865,0.5591746780177814,0.7623725691853813
28,4,42.0,2,0.0,0.0,,0.39346934028736663,0.6526224836268666,0.7214063079792775,0.5930247170194618,0.5577417901123934,0.6778258268939308
28,4,43.0,2,0.0,0.0,,0.39346934028736663,0.6215868747662177,0.5832389815346753,0.6329523501589922,0.6945389282754368,0.2528370106897547
28,4,44.0,2,0.0,0.0,,0.39346934028736663,0.6350470710877145,0.673210239524638,0.6835807704255348,0.4990329864784613,0.6730427073009478
28,4,45.0,2,0.0,0.0,,0.39346934028736663,0.6408395429502403,0.5159457085739361,0.3842231729320469,0.8589986373234961,0.7284937800963686
28,4,46.0,2,0.0,0.0,,0.39346934028736663,0.6301525597170208,0.6690448958990153,0.583677179334378,0.6246293187716325,0.8082082101273906
28,4,47.0,2,0.0,0.0,,0.39346934028736663,0.6207294439283095,0.6258034531777508,0.5116321775837586,0.5761788576472676,0.5103696783682172
28,4,48.0,2,0.0,0.0,,0.39346934028736663,0.5917278827417737,0.5652020625482699,0.6150227810590443,0.37842816277936736,0.31212809905965166
28,4,49.0,2,0.0,0.0,,0.39346934028736663,0.6084576632222358,0.6393291407543089,0.563130347378631,0.7122149628010048,0.49870894195351945
28,4,50.0,2,0.0,0.0,,0.39346934028736663,0.6124413308546586,0.5348317783503653,0.43732894902180125,0.7098565897016232,0.5795414540701926
28,4,51.0,2,0.0,0.0,,0.39346934028736663,0.6208839417626012,0.6677722720933901,0.7538268386854875,0.6593257346662791,0.5897270654054101
28,4,52.0,2,0.0,0.0,,0.39346934028736663,0.6387676077320429,0.7694741533178275,0.705256844416323,0.351597450235114,0.40837421332023105
28,4,53.0,2,0.0,0.0,,0.39346934028736663,0.6377836124872591,0.6324999802746667,0.6107442259673498,0.7705411015647197,0.6799461928508005
28,4,54.0,2,0.0,0.0,,0.39346934028736663,0.6375362029460819,0.703206277121547,0.6944295917380494,0.5593489869979864,0.5937992412168989
28,4,55.0,2,0.0,0.0,,0.39346934028736663,0.6178477336104125,0.6025707035120674,0.5691206087401282,0.34085611716965564,0.6853862485247031
28,4,56.0,2,0.0,0.0,,0.39346934028736663,0.6291158462907118,0.6215711806324747,0.3996942098912037,0.6121896767555455,0.7578719255915971
28,4,57.0,2,0.0,0.0,,0.39346934028736663,0.6212448612219665,0.5813146144365298,0.6524960414023707,0.4785141126574337,0.5303791388765242
28,4,58.0,2,0.0,0.0,,0.39346934028736663,0.6224496301440976,0.6421390164838743,0.6388228298997028,0.685526297602056,0.5431567866180081
28,4,59.0,2,0.0,0.0,,0.39346934028736663,0.6581598161665723,0.5172582783692314,0.4829713455308832,0.6319656285851665,0.604758717311206
28,4,60.0,2,0.0,0.0,,0.39346934028736663,0.5961308292666184,0.7555105292002675,0.6479372180222339,0.7401236781310212,0.6316912958930113
28,4,61.0,2,0.0,0.0,,0.39346934028736663,0.6370496307290598,0.6207960959189622,0.6871756742059804,0.24987751292060345,0.5600350643009481
28,4,62.0,2,0.0,0.0,,0.39346934028736663,0.6323710913923684,0.5692979292729486,0.6424967021043375,0.6659331315870766,0.604512376855167
28,4,63.0,2,0.0,0.0,,0.39346934028736663,0.6462406359645482,0.6826283306891355,0.7043890552994253,0.7045921907573554,0.1443848495675005
28,4,64.0,2,0.0,0.0,,0.39346934028736663,0.6579357355636779,0.6863170384477975,0.5864506217343914,0.701751407690888,0.5
28,4,65.0,2,0.0,0.0,,0.39346934028736663,0.6386421441105086,0.6232154161315397,0.5511113186436631,0.5021945141486645,0.37153895105877555
28,4,66.0,2,0.0,0.0,,0.39346934028736663,0.5678478336804224,0.7707575778303906,0.6130433545388754,0.4640390912838795,0.6205892893616689
28,4,67.0,2,0.0,0.0,,0.39346934028736663,0.6520090436173517,0.8097777906229118,0.35016310764713,0.4545101086808997,0.5574857730931482
28,4,68.0,2,0.0,0.0,,0.39346934028736663,0.595833357916842,0.6319275068291882,0.8181795876237384,0.5192453215011666,0.38253603039970174
28,4,69.0,2,0.0,0.0,,0.39346934028736663,0.6191114154795728,0.6269827473259362,0.5744167761144044,0.6027783966325959,0.19300347073218008
28,4,70.0,2,0.0,0.0,,0.39346934028736663,0.6495493107469077,0.7340000358367329,0.6044087340588259,0.4409593401447598,0.587309665419347
28,4,71.0,2,0.0,0.0,,0.39346934028736663,0.6073830145665283,0.5572583005936739,0.6071355508645999,0.6287836705249783,0.4349751875659743
28,4,72.0,2,0.0,0.0,,0.39346934028736663,0.6312727419282069,0.6228655766549197,0.6210605972267065,0.6895322362945,0.483016466374408
28,4,73.0,2,0.0,0.0,,0.39346934028736663,0.5738083212915631,0.5178778354485576,0.6068538364448183,0.48831982105320354,0.4978067910173449
28,4,74.0,2,0.0,0.0,,0.39346934028736663,0.6690334213030047,0.6012428102475577,0.623941424132167,0.7630121978143001,0.45311645983878923
28,4,75.0,2,0.0,0.0,,0.39346934028736663,0.6053590735993157,0.5742881316579693,0.6328398408561995,0.6451193727502178,0.6691953340899938
28,4,76.0,2,0.0,0.0,,0.39346934028736663,0.6447743669975222,0.6678036907635855,0.4491317269576863,0.39139821723271784,0.3860616434816956
28,4,77.0,2,0.0,0.0,,0.39346934028736663,0.6093554249580764,0.736053645451347,0.7103524186324239,0.47374986889119136,0.34161914155343365
28,4,78.0,2,0.0,0.0,,0.39346934028736663,0.5937798317358384,0.5850020571799861,0.5636864800690989,0.5294566881165459,0.5040469224641899
28,4,79.0,2,0.0,0.0,,0.39346934028736663,0.6436376991680712,0.5732552148266051,0.629471372038342,0.5920070570356739,0.6657546312737421
28,4,80.0,2,0.0,0.0,,0.39346934028736663,0.598035642218604,0.602517699087455,0.47638182218989655,0.4729879845233089,0.24140013333330682
28,4,81.0,2,0.0,0.0,,0.39346934028736663,0.6364636812551981,0.5987541636286455,0.8220854334748118,0.4476230780761673,0.30241086323524863
28,4,82.0,2,0.0,0.0,,0.39346934028736663,0.6285289518373377,0.7100961105918403,0.536335291013964,0.555387590790881,0.5406154376541833
28,4,83.0,2,0.0,0.0,,0.39346934028736663,0.6844083385974974,0.6359919289596448,0.502030315176062,0.5257833271014591,0.5825423818944293
28,4,84.0,2,0.0,0.0,,0.39346934028736663,0.6040456502034213,0.5820765722761537,0.6060048224187612,0.7037177572631199,0.36840871723294627
28,4,85.0,2,0.0,0.0,,0.39346934028736663,0.6292374025194005,0.6020451404368986,0.5441725182647392,0.5063340699459034,0.2507415093240911
28,4,86.0,2,0.0,0.0,,0.39346934028736663,0.6183501820642163,0.6755465035410506,0.8104776279949977,0.6558095098726382,0.5691945392605008
28,4,87.0,2,0.0,0.0,,0.39346934028736663,0.6517864847548933,0.6263577110504651,0.6632928057614756,0.4631300280845017,0.5633269613848232
28,4,88.0,2,0.0,0.0,,0.39346934028736663,0.5778881844279338,0.5535275943540725,0.6227538582479067,0.19693227979013866,0.32155125619309033
28,4,89.0,2,0.0,0.0,,0.39346934028736663,0.6043219103976553,0.6922985408849345,0.7152903312750808,0.5691907495026298,0.43530485046313894
28,4,90.0,2,0.0,0.0,,0.39346934028736663,0.6595436426097592,0.61161354757655,0.5915229877224824,0.7207006205532516,0.6729950318277614
28,4,91.0,2,0.0,0.0,,0.39346934028736663,0.6534412718764991,0.5990605006081884,0.7259113259301528,0.5712372110640815,0.6003031592575825
28,4,92.0,2,0.0,0.0,,0.39346934028736663,0.6037742965374979,0.6279298494331,0.7902534217066253,0.7928385576306656,0.4519816596747802
28,4,93.0,2,0.0,0.0,,0.39346934028736663,0.5617350514925228,0.7317445664833462,0.7580229342054138,0.6007576182903647,0.4144905857454434
28,4,94.0,2,0.0,0.0,,0.39346934028736663,0.6242341019777079,0.6045145890052264,0.788218540557776,0.35833026760827374,0.46574381965706674
28,4,95.0,2,0.0,0.0,,0.39346934028736663,0.5894444943539929,0.6861103132656527,0.7330899796544629,0.46235709307595946,0.7885000685150427
28,4,96.0,2,0.0,0.0,,0.39346934028736663,0.5809549463455619,0.6123204833322616,0.7177806295761953,0.45545558427392524,0.5971030287994625
28,4,97.0,2,0.0,0.0,,0.39346934028736663,0.629689773410373,0.7342182318804494,0.7107819237241227,0.5793951751609439,0.5069406976247219
28,4,98.0,2,0.0,0.0,,0.39346934028736663,0.6239628008170389,0.5771803787656719,0.5728618585463343,0.6622718722524977,0.5665132838088924
28,4,99.0,2,0.0,0.0,,0.39346934028736663,0.6499463301338548,0.5880622949956622,0.41964673114779416,0.725427168530527,0.43633503645073857
28,4,100.0,2,0.0,0.0,,0.39346934028736663,0.6394147920586135,0.6650014576673928,0.5078498512827404,0.7685022203505395,0.3789084709229592
29,4,1.0,4,0.0,0.0,,0.2211992169285951,0.5276334472589853,0.6348931664925557,0.5193632684663326,0.3574098984445807,0.6
29,4,2.0,4,0.0,0.0,,0.2211992169285951,0.5276334472589853,0.6516451258586875,0.6529499745976474,0.4954987884915516,0.38902712727474925
29,4,3.0,4,0.0,0.0,,0.2211992169285951,0.5276334472589853,0.6003744046393786,0.6877334849746002,0.6535050567256615,0.5656489308018535
29,4,4.0,4,0.0,0.0,,0.2211992169285951,0.5276334472589853,0.6292283853884828,0.6038549229574837,0.6641136872774502,0.413628845347767
29,4,5.0,4,0.0,0.0,,0.2211992169285951,0.5276334472589853,0.5913444935718911,0.6445522689251387,0.76634142713296,0.42159589162982486
29,4,6.0,4,0.0,0.0,,0.2211992169285951,0.5276334472589853,0.5928453953143328,0.44464571886133497,0.6143235196638013,0.5566310512396714
29,4,7.0,4,0.0,0.0,,0.2211992169285951,0.5276334472589853,0.6767346037223405,0.5341526996336117,0.32402593488403586,0.3753649649708314
29,4,8.0,4,0.0,0.0,,0.2211992169285951,0.5276334472589853,0.6712255989508983,0.6811763186482697,0.4006906535919219,0.5883640403191404
29,4,9.0,4,0.0,0.0,,0.2211992169285951,0.5276334472589853,0.627932211487866,0.599748630462523,0.5562986879125581,0.4736119889071248
29,4,10.0,4,0.0,0.0,,0.2211992169285951,0.5276334472589853,0.6454044241541752,0.5629118820927269,0.8842252623066823,0.4251019924308504
29,4,11.0,4,0.0,0.0,,0.2211992169285951,0.5276334472589853,0.631868441493552,0.5341056038710366,0.5714629769901971,0.6848269791110198
29,4,12.0,4,0.0,0.0,,0.2211992169285951,0.5276334472589853,0.6314287967753501,0.5780371946279339,0.43030604832565056,0.9579328416252446
29,4,13.0,4,0.0,0.0,,0.2211992169285951,0.5276334472589853,0.6582141257645432,0.675875028137596,0.3856790530935358,0.7629811150606489
29,4,14.0,4,0.0,0.0,,0.2211992169285951,0.5276334472589853,0.6421980501584187,0.5668743450133319,0.30313514782297035,0.657239038954765
29,4,15.0,4,0.0,0.0,,0.2211992169285951,0.5276334472589853,0.6546737302007202,0.7429760968581393,0.5736268522072471,0.5876512223308648
29,4,16.0,4,0.0,0.0,,0.2211992169285951,0.5276334472589853,0.6315096125269302,0.6208016141475896,0.7191861806768169,0.42624408410042064
29,4,17.0,4,0.0,0.0,,0.2211992169285951,0.5276334472589853,0.6448990872101616,0.6696129430893973,0.3556360875142931,0.6085624461300256
29,4,18.0,4,0.0,0.0,,0.2211992169285951,0.5276334472589853,0.6354930452513109,0.6695923156476626,0.7283180621740365,0.3443570548561515
29,4,19.0,4,0.0,0.0,,0.2211992169285951,0.5276334472589853,0.643951835521045,0.5921027345834254,0.4518804852354207,0.556111123575362
29,4,20.0,4,0.0,0.0,,0.2211992169285951,0.5276334472589853,0.6657968563877888,0.48258800071879354,0.39788558113610384,0.7588539826839048
29,4,21.0,4,0.0,0.0,,0.2211992169285951,0.5276334472589853,0.6294660011989243,0.6732645927300397,0.7947412056941099,0.43054581763267236
29,4,22.0,4,0.0,0.0,,0.2211992169285951,0.5276334472589853,0.6396894322675939,0.6170600199121509,0.7196187422045506,0.5403065722002598
29,4,23.0,4,0.0,0.0,,0.2211992169285951,0.5276334472589853,0.5805151816893916,0.6923999408026189,0.6094656430443937,0.5664057235553135
29,4,24.0,4,0.0,0.0,,0.2211992169285951,0.5276334472589853,0.6330471555191903,0.6331849780355734,0.4838323054102306,0.7361345454920377
29,4,25.0,4,0.0,0.0,,0.2211992169285951,0.5276334472589853,0.6239919545385375,0.6526217771177615,0.3933599361022604,0.8721153148975883
29,4,26.0,4,0.0,0.0,,0.2211992169285951,0.5276334472589853,0.6477896832583814,0.5370772980936258,0.6497523396561342,0.4883501291259815
29,4,27.0,4,0.0,0.0,,0.2211992169285951,0.5276334472589853,0.6170965139579287,0.5779332302771701,0.5228177750398701,0.4802570473949893
29,4,28.0,4,0.0,0.0,,0.2211992169285951,0.5276334472589853,0.5910839518478418,0.39568202873365915,0.5912896348333065,0.606205797676774
29,4,29.0,4,0.0,0.0,,0.2211992169285951,0.5276334472589853,0.6210770584566395,0.6446911285776004,0.6036409058497324,0.4820381793510178
29,4,30.0,4,0.0,0.0,,0.2211992169285951,0.5276334472589853,0.6325405408702972,0.6561434734017493,0.6961957465492785,0.5399599897695238
29,4,31.0,4,0.0,0.0,,0.2211992169285951,0.5276334472589853,0.6246545433308485,0.6781880388092418,0.6053779438296941,0.4667747868868852
29,4,32.0,4,0.0,0.0,,0.2211992169285951,0.5276334472589853,0.6380077102429469,0.7258377856272521,0.6829461145860931,0.47139659120440347
29,4,33.0,4,0.0,0.0,,0.2211992169285951,0.5276334472589853,0.6018663959681132,0.692924030903664,0.44353492138414197,0.5554242901907551
29,4,34.0,4,0.0,0.0,,0.2211992169285951,0.5276334472589853,0.601089371258662,0.5924649925252853,0.5771096822073846,0.7
29,4,35.0,4,0.0,0.0,,0.2211992169285951,0.5276334472589853,0.6077434265586397,0.835301844894973,0.5607443927024606,0.5193978110103434
29,4,36.0,4,0.0,0.0,,0.2211992169285951,0.5276334472589853,0.6497532083638615,0.7557518323062522,0.5918214446022488,0.6012456728520089
29,4,37.0,4,0.0,0.0,,0.2211992169285951,0.5276334472589853,0.6274058568269079,0.6825311181387316,0.6885269752931599,0.5468788767382562
29,4,38.0,4,0.0,0.0,,0.2211992169285951,0.5276334472589853,0.6404948676768557,0.5008228676757521,0.7697255770033431,0.43568160812381207
29,4,39.0,4,0.0,0.0,,0.2211992169285951,0.5276334472589853,0.6319875914341584,0.5681750908008141,0.7392864120467812,0.7845550642742344
29,4,40.0,4,0.0,0.0,,0.2211992169285951,0.5276334472589853,0.6547877292479947,0.706923836866485,0.5501036399099741,0.5619302496553569
29,4,41.0,4,0.0,0.0,,0.2211992169285951,0.5276334472589853,0.6318623054514423,0.692653014525274,0.6566857628759838,0.44475145346275574
29,4,42.0,4,0.0,0.0,,0.2211992169285951,0.5276334472589853,0.6847167585482808,0.7244937547732045,0.5163091521298858,0.6135030390195491
29,4,43.0,4,0.0,0.0,,0.2211992169285951,0.5276334472589853,0.628852777577932,0.5897816559628088,0.5728602834839583,0.5792588672289907
29,4,44.0,4,0.0,0.0,,0.2211992169285951,0.5276334472589853,0.6455863674399857,0.7340047516065482,0.7329505594973249,0.5252763257488156
29,4,45.0,4,0.0,0.0,,0.2211992169285951,0.5276334472589853,0.6644308148080952,0.7588138082573914,0.7917381962973813,0.33989249329561716
29,4,46.0,4,0.0,0.0,,0.2211992169285951,0.5276334472589853,0.6370070224362863,0.6659740837218199,0.7059777808503098,0.7859963659869609
29,4,47.0,4,0.0,0.0,,0.2211992169285951,0.5276334472589853,0.6166253937432419,0.5500866953339162,0.4890285060501097,0.45985850126275707
29,4,48.0,4,0.0,0.0,,0.2211992169285951,0.5276334472589853,0.6243393873474646,0.5794372695592811,0.316341473583332,0.6055797996047249
29,4,49.0,4,0.0,0.0,,0.2211992169285951,0.5276334472589853,0.6031706803811381,0.594355726974503,0.6970174817401785,0.35991183037235214
29,4,50.0,4,0.0,0.0,,0.2211992169285951,0.5276334472589853,0.6246896922402141,0.7689108586326439,0.6267134827117407,0.44882039800310647
29,4,51.0,4,0.0,0.0,,0.2211992169285951,0.5276334472589853,0.6576720539732972,0.68849865917098,0.525450295418789,0.4556375474199953
29,4,52.0,4,0.0,0.0,,0.2211992169285951,0.5276334472589853,0.6160615032200204,0.6155629552237019,0.5173071800642545,0.480777070618647
29,4,53.0,4,0.0,0.0,,0.2211992169285951,0.5276334472589853,0.6273337784930557,0.9039872331974774,0.4541743154767645,0.5267387851328599
29,4,54.0,4,0.0,0.0,,0.2211992169285951,0.5276334472589853,0.5967791528383805,0.5504563365504482,0.5483602699452419,0.59011677829336
29,4,55.0,4,0.0,0.0,,0.2211992169285951,0.5276334472589853,0.6215159206090337,0.7180589886534394,0.6237603710854718,0.787907969294946
29,4,56.0,4,0.0,0.0,,0.2211992169285951,0.5276334472589853,0.6182911780859487,0.5901391665491401,0.5659511596519473,0.507291642742629
29,4,57.0,4,0.0,0.0,,0.2211992169285951,0.5276334472589853,0.627435625696857,0.5967720725389183,0.6570603560521149,0.7477500897828723
29,4,58.0,4,0.0,0.0,,0.2211992169285951,0.5276334472589853,0.6423172747838397,0.6601101525398158,0.6570857900022962,0.34113714482274654
29,4,59.0,4,0.0,0.0,,0.2211992169285951,0.5276334472589853,0.645607358978878,0.39792358877469847,0.49586937149726584,0.6960618945525768
29,4,60.0,4,0.0,0.0,,0.2211992169285951,0.5276334472589853,0.6161417542718868,0.421955973719618,0.4606589920420559,0.6495026497071128
29,4,61.0,4,0.0,0.0,,0.2211992169285951,0.5276334472589853,0.6445522639244354,0.645934042362177,0.6163900833795368,0.7837392758817902
29,4,62.0,4,0.0,0.0,,0.2211992169285951,0.5276334472589853,0.6630612033074554,0.5189492663223935,0.5802943939147817,0.6111388965181255
29,4,63.0,4,0.0,0.0,,0.2211992169285951,0.5276334472589853,0.5602966913818834,0.6419757213957946,0.5515791377021675,0.4326705550148466
29,4,64.0,4,0.0,0.0,,0.2211992169285951,0.5276334472589853,0.630365892166603,0.6351335324059834,0.6892928286598529,0.5916744392878669
29,4,65.0,4,0.0,0.0,,0.2211992169285951,0.5276334472589853,0.6564456102930966,0.6353072915302941,0.5674613280106721,0.4300639535019055
29,4,66.0,4,0.0,0.0,,0.2211992169285951,0.5276334472589853,0.6055759091938188,0.4586204832067418,0.4754342621597484,0.6569664527025436
29,4,67.0,4,0.0,0.0,,0.2211992169285951,0.5276334472589853,0.64161054122103,0.5736223290377949,0.5421066926633088,0.6238895635099875
29,4,68.0,4,0.0,0.0,,0.2211992169285951,0.5276334472589853,0.6554993933790445,0.5431240074746226,0.6824497304539769,0.4816883431759564
29,4,69.0,4,0.0,0.0,,0.2211992169285951,0.5276334472589853,0.6492998728342053,0.6725507463721638,0.5516446330603695,0.6420560101535445
29,4,70.0,4,0.0,0.0,,0.2211992169285951,0.5276334472589853,0.629720568161735,0.805626994692136,0.7047046870998195,0.7137587290154092
29,4,71.0,4,0.0,0.0,,0.2211992169285951,0.5276334472589853,0.6413049000914921,0.560043405221923,0.5543802216369262,0.40286201375863967
29,4,72.0,4,0.0,0.0,,0.2211992169285951,0.5276334472589853,0.5985480862283236,0.5879951444371281,0.6923377005996458,0.6235983522598703
29,4,73.0,4,0.0,0.0,,0.2211992169285951,0.5276334472589853,0.6304557829311157,0.6175507461640413,0.46433741603188994,0.4420318334964334
29,4,74.0,4,0.0,0.0,,0.2211992169285951,0.5276334472589853,0.6105556734750737,0.6196873963766968,0.5435480959750916,0.6231125221771177
29,4,75.0,4,0.0,0.0,,0.2211992169285951,0.5276334472589853,0.6243681200836334,0.6881871185540571,0.5351660488239128,0.5741795295449587
29,4,76.0,4,0.0,0.0,,0.2211992169285951,0.5276334472589853,0.6172979145901459,0.47636332654854163,0.6967482620355313,0.3222082445959998
29,4,77.0,4,0.0,0.0,,0.2211992169285951,0.5276334472589853,0.6286935319506171,0.7176075060858217,0.42334497245387415,0.4871083908881236
29,4,78.0,4,0.0,0.0,,0.2211992169285951,0.5276334472589853,0.6382958840412213,0.664095736871255,0.41864641911063705,0.5541009822943284
29,4,79.0,4,0.0,0.0,,0.2211992169285951,0.5276334472589853,0.6185845815223607,0.49549436108738404,0.6891117268572032,0.4888918826379829
29,4,80.0,4,0.0,0.0,,0.2211992169285951,0.5276334472589853,0.6591791251010228,0.6554135732817692,0.756708261753792,0.44709995173866324
29,4,81.0,4,0.0,0.0,,0.2211992169285951,0.5276334472589853,0.597484304946074,0.5667153362579052,0.6665904114853911,0.5557195320700921
29,4,82.0,4,0.0,0.0,,0.2211992169285951,0.5276334472589853,0.6454529461562191,0.5511518024736325,0.5782914063321354,0.5195238961543039
29,4,83.0,4,0.0,0.0,,0.2211992169285951,0.5276334472589853,0.6352406477779966,0.6168133773559703,0.6311133503662186,0.47562103179800097
29,4,84.0,4,0.0,0.0,,0.2211992169285951,0.5276334472589853,0.6853473441561985,0.5767263412532874,0.5347957290582337,0.5281176390151338
29,4,85.0,4,0.0,0.0,,0.2211992169285951,0.5276334472589853,0.6357001369821205,0.6606571985664339,0.5352229100811161,0.3629008682820561
29,4,86.0,4,0.0,0.0,,0.2211992169285951,0.5276334472589853,0.5990282793310037,0.6574461405935218,0.5839603643835958,0.4000327262514962
29,4,87.0,4,0.0,0.0,,0.2211992169285951,0.5276334472589853,0.6472924316942907,0.594552430133726,0.5149039926942347,0.4319685105227264
29,4,88.0,4,0.0,0.0,,0.2211992169285951,0.5276334472589853,0.6388304610461586,0.4913064274397131,0.4164101807948367,0.47863510233616885
29,4,89.0,4,0.0,0.0,,0.2211992169285951,0.5276334472589853,0.6273469490934642,0.5317349777927464,0.5036603960359594,0.6269146231088285
29,4,90.0,4,0.0,0.0,,0.2211992169285951,0.5276334472589853,0.6055227589235754,0.6620650834746311,0.4368389458147428,0.4609918939625929
29,4,91.0,4,0.0,0.0,,0.2211992169285951,0.5276334472589853,0.6099521583559823,0.5003286292479754,0.6565502968412835,0.3875489793209114
29,4,92.0,4,0.0,0.0,,0.2211992169285951,0.5276334472589853,0.6082910768133324,0.5700067980639454,0.5146134235775894,0.520113837212316
29,4,93.0,4,0.0,0.0,,0.2211992169285951,0.5276334472589853,0.6402340299654657,0.6820379451394885,0.7194623384790617,0.43539510467721243
29,4,94.0,4,0.0,0.0,,0.2211992169285951,0.5276334472589853,0.5992638443610813,0.7542686378380092,0.3911996543697073,0.6726299179754315
29,4,95.0,4,0.0,0.0,,0.2211992169285951,0.5276334472589853,0.6542231060642755,0.543432611246011,0.6304205038276571,0.6466044119062462
29,4,96.0,4,0.0,0.0,,0.2211992169285951,0.5276334472589853,0.6036688647874965,0.7179737784665825,0.5873650531441565,0.5448975493511085
29,4,97.0,4,0.0,0.0,,0.2211992169285951,0.5276334472589853,0.5899792267661216,0.6402831280042595,0.5659135678610423,0.35219689519305125
29,4,98.0,4,0.0,0.0,,0.2211992169285951,0.5276334472589853,0.6496887624670763,0.6408709021977268,0.6312111161951267,0.43364974178634874
29,4,99.0,4,0.0,0.0,,0.2211992169285951,0.5276334472589853,0.6496546208639147,0.6244769097399135,0.6386886390272246,0.5284798586656112
29,4,100.0,4,0.0,0.0,,0.2211992169285951,0.5276334472589853,0.6355463517913817,0.4510571374967192,0.6713657029098694,0.2264243014455533
30,4,1.0,6,0.0,0.0,,0.1535182751093859,0.39346934028736663,0.5654017914929217,0.6270281782949023,0.47935890802920855,0.5924440939934686
30,4,2.0,6,0.0,0.0,,0.1535182751093859,0.39346934028736663,0.5654017914929217,0.69333177253928,0.6546203681678536,0.5186643404042813
30,4,3.0,6,0.0,0.0,,0.1535182751093859,0.39346934028736663,0.5654017914929217,0.5644780072564541,0.660081768285623,0.43162256793650255
30,4,4.0,6,0.0,0.0,,0.1535182751093859,0.39346934028736663,0.5654017914929217,0.6433485081886084,0.5872592271989904,0.5807184517567366
30,4,5.0,6,0.0,0.0,,0.1535182751093859,0.39346934028736663,0.5654017914929217,0.5276898634615126,0.6029236701918815,0.5402115238255731
30,4,6.0,6,0.0,0.0,,0.1535182751093859,0.39346934028736663,0.5654017914929217,0.6724782495372912,0.7268619931511,0.33711600080876425
30,4,7.0,6,0.0,0.0,,0.1535182751093859,0.39346934028736663,0.5654017914929217,0.6047524586636175,0.6506941360838256,0.7068400809530841
30,4,8.0,6,0.0,0.0,,0.1535182751093859,0.39346934028736663,0.5654017914929217,0.6770200966492415,0.6258957422568143,0.5392429372244041
30,4,9.0,6,0.0,0.0,,0.1535182751093859,0.39346934028736663,0.5654017914929217,0.7213756937823341,0.5812651233550772,0.4314530183226267
30,4,10.0,6,0.0,0.0,,0.1535182751093859,0.39346934028736663,0.5654017914929217,0.6852203103398286,0.5452464652612122,0.5959689350821842
30,4,11.0,6,0.0,0.0,,0.1535182751093859,0.39346934028736663,0.5654017914929217,0.6778382769012119,0.5874772868089007,0.4015251403241467
30,4,12.0,6,0.0,0.0,,0.1535182751093859,0.39346934028736663,0.5654017914929217,0.6273891403748364,0.47078800588184777,0.646144247926432
30,4,13.0,6,0.0,0.0,,0.1535182751093859,0.39346934028736663,0.5654017914929217,0.6512990804867081,0.6319140053175699,0.6527977811028489
30,4,14.0,6,0.0,0.0,,0.1535182751093859,0.39346934028736663,0.5654017914929217,0.6501078554794214,0.4510806202834333,0.45396397885998263
30,4,15.0,6,0.0,0.0,,0.1535182751093859,0.39346934028736663,0.5654017914929217,0.6784226231744279,0.4988601238917087,0.5974837381246726
30,4,16.0,6,0.0,0.0,,0.1535182751093859,0.39346934028736663,0.5654017914929217,0.6493441131290101,0.7191134747421839,0.5547990291504019
30,4,17.0,6,0.0,0.0,,0.1535182751093859,0.39346934028736663,0.5654017914929217,0.6260030712595542,0.6949169971405019,0.4531262876630457
30,4,18.0,6,0.0,0.0,,0.1535182751093859,0.39346934028736663,0.5654017914929217,0.4933466951501856,0.6527031295580396,0.6536699608246271
30,4,19.0,6,0.0,0.0,,0.1535182751093859,0.39346934028736663,0.5654017914929217,0.668213039129483,0.5936182218499118,0.5626803325424504
30,4,20.0,6,0.0,0.0,,0.1535182751093859,0.39346934028736663,0.5654017914929217,0.620068923909081,0.6102609494152608,0.45359630347960167
30,4,21.0,6,0.0,0.0,,0.1535182751093859,0.39346934028736663,0.5654017914929217,0.726599912684293,0.6391621229161953,0.5269236264540269
30,4,22.0,6,0.0,0.0,,0.1535182751093859,0.39346934028736663,0.5654017914929217,0.5560218830642434,0.557746401775914,0.5965441147676191
30,4,23.0,6,0.0,0.0,,0.1535182751093859,0.39346934028736663,0.5654017914929217,0.6823254674154196,0.4175122078364339,0.6528472515853834
30,4,24.0,6,0.0,0.0,,0.1535182751093859,0.39346934028736663,0.5654017914929217,0.6533202969041607,0.5474589418708268,0.28437925081003335
30,4,25.0,6,0.0,0.0,,0.1535182751093859,0.39346934028736663,0.5654017914929217,0.7722089708706981,0.6573274478587168,0.6981361911762631
30,4,26.0,6,0.0,0.0,,0.1535182751093859,0.39346934028736663,0.5654017914929217,0.680975573641362,0.7323550924954508,0.6790752957321127
30,4,27.0,6,0.0,0.0,,0.1535182751093859,0.39346934028736663,0.5654017914929217,0.6474068059210911,0.6423199610404403,0.6000292371673084
30,4,28.0,6,0.0,0.0,,0.1535182751093859,0.39346934028736663,0.5654017914929217,0.626776358413542,0.6775312572272709,0.5347536446086669
30,4,29.0,6,0.0,0.0,,0.1535182751093859,0.39346934028736663,0.5654017914929217,0.6335035332628403,0.6218398083242804,0.7275157492123064
30,4,30.0,6,0.0,0.0,,0.1535182751093859,0.39346934028736663,0.5654017914929217,0.7460846949412898,0.602151906450823,0.4503288082011644
30,4,31.0,6,0.0,0.0,,0.1535182751093859,0.39346934028736663,0.5654017914929217,0.6804713942645522,0.5805241170554695,0.34613005759127186
30,4,32.0,6,0.0,0.0,,0.1535182751093859,0.39346934028736663,0.5654017914929217,0.6275506058054843,0.6501058818011167,0.4671523873261473
30,4,33.0,6,0.0,0.0,,0.1535182751093859,0.39346934028736663,0.5654017914929217,0.6218791901781467,0.4557606255366264,0.4457338207558411
30,4,34.0,6,0.0,0.0,,0.1535182751093859,0.39346934028736663,0.5654017914929217,0.6294861279099022,0.733747573365516,0.5963242209683848
30,4,35.0,6,0.0,0.0,,0.1535182751093859,0.39346934028736663,0.5654017914929217,0.6051921004664561,0.6237832462793411,0.527536552852467
30,4,36.0,6,0.0,0.0,,0.1535182751093859,0.39346934028736663,0.5654017914929217,0.6501530655240378,0.559984117947681,0.5443358895144725
30,4,37.0,6,0.0,0.0,,0.1535182751093859,0.39346934028736663,0.5654017914929217,0.6501240266655512,0.6840829205850931,0.6581970021608912
30,4,38.0,6,0.0,0.0,,0.1535182751093859,0.39346934028736663,0.5654017914929217,0.58731286585783,0.9003201641890431,0.46341689196748204
30,4,39.0,6,0.0,0.0,,0.1535182751093859,0.39346934028736663,0.5654017914929217,0.5895436740467009,0.6292464549129706,0.580614975249784
30,4,40.0,6,0.0,0.0,,0.1535182751093859,0.39346934028736663,0.5654017914929217,0.6461432657964588,0.5362423771658589,0.6145297428520998
30,4,41.0,6,0.0,0.0,,0.1535182751093859,0.39346934028736663,0.5654017914929217,0.5848825749452646,0.5054994648086384,0.2539561628451886
30,4,42.0,6,0.0,0.0,,0.1535182751093859,0.39346934028736663,0.5654017914929217,0.6424675123800185,0.6045813338188128,0.63550850431906
30,4,43.0,6,0.0,0.0,,0.1535182751093859,0.39346934028736663,0.5654017914929217,0.6268452184079846,0.5301230545599885,0.5757229666065582
30,4,44.0,6,0.0,0.0,,0.1535182751093859,0.39346934028736663,0.5654017914929217,0.6317704943765274,0.6107918736457927,0.3427117962863808
30,4,45.0,6,0.0,0.0,,0.1535182751093859,0.39346934028736663,0.5654017914929217,0.5214488387747231,0.4658555145143934,0.40743105171527977
30,4,46.0,6,0.0,0.0,,0.1535182751093859,0.39346934028736663,0.5654017914929217,0.6364455256436965,0.6736398152035126,0.4739023713401747
30,4,47.0,6,0.0,0.0,,0.1535182751093859,0.39346934028736663,0.5654017914929217,0.7160443438345327,0.513174224278368,0.6502892288610681
30,4,48.0,6,0.0,0.0,,0.1535182751093859,0.39346934028736663,0.5654017914929217,0.5954209471105882,0.6524025845715957,0.5457454307040438
30,4,49.0,6,0.0,0.0,,0.1535182751093859,0.39346934028736663,0.5654017914929217,0.658419543427759,0.49328749717104536,0.6522206383838293
30,4,50.0,6,0.0,0.0,,0.1535182751093859,0.39346934028736663,0.5654017914929217,0.5742084318607121,0.4391368811625604,0.7023942965636218
30,4,51.0,6,0.0,0.0,,0.1535182751093859,0.39346934028736663,0.5654017914929217,0.5665108277170783,0.5915630372178652,0.6215970624954412
30,4,52.0,6,0.0,0.0,,0.1535182751093859,0.39346934028736663,0.5654017914929217,0.6815345521274982,0.526702717063309,0.4070323886209235
30,4,53.0,6,0.0,0.0,,0.1535182751093859,0.39346934028736663,0.5654017914929217,0.674443325807927,0.547807047567365,0.4035790953241737
30,4,54.0,6,0.0,0.0,,0.1535182751093859,0.39346934028736663,0.5654017914929217,0.694896241350268,0.6502922980180952,0.40095627478234147
30,4,55.0,6,0.0,0.0,,0.1535182751093859,0.39346934028736663,0.5654017914929217,0.6686637566412594,0.5345197770558756,0.5404807517569832
30,4,56.0,6,0.0,0.0,,0.1535182751093859,0.39346934028736663,0.5654017914929217,0.6278666316131174,0.5902326732730375,0.5714863819231569
30,4,57.0,6,0.0,0.0,,0.1535182751093859,0.39346934028736663,0.5654017914929217,0.5652146166590313,0.2855832680388316,0.7466485860591547
30,4,58.0,6,0.0,0.0,,0.1535182751093859,0.39346934028736663,0.5654017914929217,0.5892963678212253,0.627180359140832,0.2971308423478235
30,4,59.0,6,0.0,0.0,,0.1535182751093859,0.39346934028736663,0.5654017914929217,0.6386435989190083,0.5428787746549508,0.4977051736445762
30,4,60.0,6,0.0,0.0,,0.1535182751093859,0.39346934028736663,0.5654017914929217,0.5883228137363229,0.6606950461629644,0.46739116798300745
30,4,61.0,6,0.0,0.0,,0.1535182751093859,0.39346934028736663,0.5654017914929217,0.6139491736061358,0.46308360110738694,0.5539073898199138
30,4,62.0,6,0.0,0.0,,0.1535182751093859,0.39346934028736663,0.5654017914929217,0.6583852125792716,0.6038357632030443,0.763227654592467
30,4,63.0,6,0.0,0.0,,0.1535182751093859,0.39346934028736663,0.5654017914929217,0.5795209223549348,0.3745584178511119,0.6004161056204529
30,4,64.0,6,0.0,0.0,,0.1535182751093859,0.39346934028736663,0.5654017914929217,0.6736771818790055,0.5298960767560443,0.6745184501973183
30,4,65.0,6,0.0,0.0,,0.1535182751093859,0.39346934028736663,0.5654017914929217,0.6801675727395721,0.7381088389670813,0.597954595170287
30,4,66.0,6,0.0,0.0,,0.1535182751093859,0.39346934028736663,0.5654017914929217,0.6535038510560374,0.6832225588665667,0.5224787195215008
30,4,67.0,6,0.0,0.0,,0.1535182751093859,0.39346934028736663,0.5654017914929217,0.6230425452746602,0.6433658474295794,0.5119527812870878
30,4,68.0,6,0.0,0.0,,0.1535182751093859,0.39346934028736663,0.5654017914929217,0.7154858867564353,0.6646904377736449,0.7878133637977415
30,4,69.0,6,0.0,0.0,,0.1535182751093859,0.39346934028736663,0.5654017914929217,0.6534097772364372,0.5972157182905063,0.6800084787199105
30,4,70.0,6,0.0,0.0,,0.1535182751093859,0.39346934028736663,0.5654017914929217,0.5726124289257009,0.589034095526588,0.6326781192117827
30,4,71.0,6,0.0,0.0,,0.1535182751093859,0.39346934028736663,0.5654017914929217,0.6507216760972458,0.39101152752027735,0.6543308476648009
30,4,72.0,6,0.0,0.0,,0.1535182751093859,0.39346934028736663,0.5654017914929217,0.6054554911627686,0.4741735925830167,0.5986119913207208
30,4,73.0,6,0.0,0.0,,0.1535182751093859,0.39346934028736663,0.5654017914929217,0.5939819312340111,0.6567836986127746,0.4194028289861679
30,4,74.0,6,0.0,0.0,,0.1535182751093859,0.39346934028736663,0.5654017914929217,0.6960357120281511,0.5644368578363309,0.5051355490587857
30,4,75.0,6,0.0,0.0,,0.1535182751093859,0.39346934028736663,0.5654017914929217,0.720561460166367,0.7104966359803124,0.42226039130365917
30,4,76.0,6,0.0,0.0,,0.1535182751093859,0.39346934028736663,0.5654017914929217,0.6096683022231104,0.5358701860108344,0.3968246446364057
30,4,77.0,6,0.0,0.0,,0.1535182751093859,0.39346934028736663,0.5654017914929217,0.6769901876776588,0.5777287089445661,0.48835793086358903
30,4,78.0,6,0.0,0.0,,0.1535182751093859,0.39346934028736663,0.5654017914929217,0.6114492038927839,0.7675315838472699,0.6151044882594936
30,4,79.0,6,0.0,0.0,,0.1535182751093859,0.39346934028736663,0.5654017914929217,0.5907474895764073,0.599425568723286,0.6544899022516473
30,4,80.0,6,0.0,0.0,,0.1535182751093859,0.39346934028736663,0.5654017914929217,0.6266900936111777,0.6454773462684857,0.7832969540663657
30,4,81.0,6,0.0,0.0,,0.1535182751093859,0.39346934028736663,0.5654017914929217,0.68595758736137,0.5305006870875931,0.4159198443520717
30,4,82.0,6,0.0,0.0,,0.1535182751093859,0.39346934028736663,0.5654017914929217,0.6984276007045818,0.35993010331724096,0.5782312466901202
30,4,83.0,6,0.0,0.0,,0.1535182751093859,0.39346934028736663,0.5654017914929217,0.6386806261925375,0.5004013232363803,0.44683233855571813
30,4,84.0,6,0.0,0.0,,0.1535182751093859,0.39346934028736663,0.5654017914929217,0.6864445437907254,0.5380648353557685,0.7310108110599376
30,4,85.0,6,0.0,0.0,,0.1535182751093859,0.39346934028736663,0.5654017914929217,0.6435962225338225,0.5820618574788815,0.4973846205211142
30,4,86.0,6,0.0,0.0,,0.1535182751093859,0.39346934028736663,0.5654017914929217,0.6836364081947808,0.5987334161166933,0.3786844379225406
30,4,87.0,6,0.0,0.0,,0.1535182751093859,0.39346934028736663,0.5654017914929217,0.7690764204908127,0.6000919949750729,0.71343426158468
30,4,88.0,6,0.0,0.0,,0.1535182751093859,0.39346934028736663,0.5654017914929217,0.7037946832220773,0.6474230798517068,0.4874339229201999
30,4,89.0,6,0.0,0.0,,0.1535182751093859,0.39346934028736663,0.5654017914929217,0.5665149283409211,0.5967790011706934,0.5196668880435494
30,4,90.0,6,0.0,0.0,,0.1535182751093859,0.39346934028736663,0.5654017914929217,0.6321037020389612,0.6307493620324234,0.7072502797249708
30,4,91.0,6,0.0,0.0,,0.1535182751093859,0.39346934028736663,0.5654017914929217,0.6815090256802837,0.7093142549262893,0.5376391424777872
30,4,92.0,6,0.0,0.0,,0.1535182751093859,0.39346934028736663,0.5654017914929217,0.6284265579794549,0.483901972208327,0.703742875902307
30,4,93.0,6,0.0,0.0,,0.1535182751093859,0.39346934028736663,0.5654017914929217,0.686895012968516,0.5269305989370808,0.6790491302436134
30,4,94.0,6,0.0,0.0,,0.1535182751093859,0.39346934028736663,0.5654017914929217,0.5841557697521894,0.5437647856588724,0.6098370772088669
30,4,95.0,6,0.0,0.0,,0.1535182751093859,0.39346934028736663,0.5654017914929217,0.5947048358175172,0.6362992345596609,0.5877795064456254
30,4,96.0,6,0.0,0.0,,0.1535182751093859,0.39346934028736663,0.5654017914929217,0.7529100329133372,0.40827774152777996,0.6099099790100176
30,4,97.0,6,0.0,0.0,,0.1535182751093859,0.39346934028736663,0.5654017914929217,0.6979993130911536,0.5785189320441856,0.5726149166542317
30,4,98.0,6,0.0,0.0,,0.1535182751093859,0.39346934028736663,0.5654017914929217,0.6057232763219424,0.8993367715119878,0.43786265377173467
30,4,99.0,6,0.0,0.0,,0.1535182751093859,0.39346934028736663,0.5654017914929217,0.6320923339710853,0.6899286230503823,0.2427125682796257
30,4,100.0,6,0.0,0.0,,0.1535182751093859,0.39346934028736663,0.5654017914929217,0.6293741106578136,0.5381314872092557,0.4687755095583027
31,4,1.0,8,0.0,0.0,,0.11750309741540454,0.31271072120902776,0.4647385714810097,0.6321205588285576,0.47131550227426783,0.3887896413102928
31,4,2.0,8,0.0,0.0,,0.11750309741540454,0.31271072120902776,0.4647385714810097,0.6321205588285576,0.7177595066161553,0.4619066829674649
31,4,3.0,8,0.0,0.0,,0.11750309741540454,0.31271072120902776,0.4647385714810097,0.6321205588285576,0.631700024062806,0.5606837542305747
31,4,4.0,8,0.0,0.0,,0.11750309741540454,0.31271072120902776,0.4647385714810097,0.6321205588285576,0.7101983721947993,0.3100580829162224
31,4,5.0,8,0.0,0.0,,0.11750309741540454,0.31271072120902776,0.4647385714810097,0.6321205588285576,0.5742522592343706,0.5368659139761858
31,4,6.0,8,0.0,0.0,,0.11750309741540454,0.31271072120902776,0.4647385714810097,0.6321205588285576,0.6604720264259758,0.49702432071367697
31,4,7.0,8,0.0,0.0,,0.11750309741540454,0.31271072120902776,0.4647385714810097,0.6321205588285576,0.6594977457492375,0.8229402148415325
31,4,8.0,8,0.0,0.0,,0.11750309741540454,0.31271072120902776,0.4647385714810097,0.6321205588285576,0.6106958765392659,0.5134963990912749
31,4,9.0,8,0.0,0.0,,0.11750309741540454,0.31271072120902776,0.4647385714810097,0.6321205588285576,0.6225488262342466,0.6117867272601427
31,4,10.0,8,0.0,0.0,,0.11750309741540454,0.31271072120902776,0.4647385714810097,0.6321205588285576,0.6230047397535935,0.6366475546396876
31,4,11.0,8,0.0,0.0,,0.11750309741540454,0.31271072120902776,0.4647385714810097,0.6321205588285576,0.7080286380627085,0.7049575575530305
31,4,12.0,8,0.0,0.0,,0.11750309741540454,0.31271072120902776,0.4647385714810097,0.6321205588285576,0.7244696175639975,0.6692314485534456
31,4,13.0,8,0.0,0.0,,0.11750309741540454,0.31271072120902776,0.4647385714810097,0.6321205588285576,0.5078714570764127,0.5249506622343163
31,4,14.0,8,0.0,0.0,,0.11750309741540454,0.31271072120902776,0.4647385714810097,0.6321205588285576,0.5865674440916513,0.8175072530841507
31,4,15.0,8,0.0,0.0,,0.11750309741540454,0.31271072120902776,0.4647385714810097,0.6321205588285576,0.655210305102271,0.522925674632561
31,4,16.0,8,0.0,0.0,,0.11750309741540454,0.31271072120902776,0.4647385714810097,0.6321205588285576,0.6982507591311006,0.43417748575679127
31,4,17.0,8,0.0,0.0,,0.11750309741540454,0.31271072120902776,0.4647385714810097,0.6321205588285576,0.7592614237509313,0.45408678016566173
31,4,18.0,8,0.0,0.0,,0.11750309741540454,0.31271072120902776,0.4647385714810097,0.6321205588285576,0.5078490688256687,0.4225462412424269
31,4,19.0,8,0.0,0.0,,0.11750309741540454,0.31271072120902776,0.4647385714810097,0.6321205588285576,0.6147679763923083,0.42166923793696415
31,4,20.0,8,0.0,0.0,,0.11750309741540454,0.31271072120902776,0.4647385714810097,0.6321205588285576,0.6497809765384324,0.7870186185634319
31,4,21.0,8,0.0,0.0,,0.11750309741540454,0.31271072120902776,0.4647385714810097,0.6321205588285576,0.6942564761806365,0.5576149943651947
31,4,22.0,8,0.0,0.0,,0.11750309741540454,0.31271072120902776,0.4647385714810097,0.6321205588285576,0.5331851649304408,0.42223543670992586
31,4,23.0,8,0.0,0.0,,0.11750309741540454,0.31271072120902776,0.4647385714810097,0.6321205588285576,0.4998556345975585,0.6785053241942596
31,4,24.0,8,0.0,0.0,,0.11750309741540454,0.31271072120902776,0.4647385714810097,0.6321205588285576,0.5436024840662904,0.5367480605954715
31,4,25.0,8,0.0,0.0,,0.11750309741540454,0.31271072120902776,0.4647385714810097,0.6321205588285576,0.605243457504448,0.5363971132395025
31,4,26.0,8,0.0,0.0,,0.11750309741540454,0.31271072120902776,0.4647385714810097,0.6321205588285576,0.7350695885501028,0.5389503503648467
31,4,27.0,8,0.0,0.0,,0.11750309741540454,0.31271072120902776,0.4647385714810097,0.6321205588285576,0.6552718415342051,0.4042322822737107
31,4,28.0,8,0.0,0.0,,0.11750309741540454,0.31271072120902776,0.4647385714810097,0.6321205588285576,0.7573134429775227,0.6661965013814094
31,4,29.0,8,0.0,0.0,,0.11750309741540454,0.31271072120902776,0.4647385714810097,0.6321205588285576,0.5926797610950462,0.8411506199887377
31,4,30.0,8,0.0,0.0,,0.11750309741540454,0.31271072120902776,0.4647385714810097,0.6321205588285576,0.5650309106083488,0.8090510028550272
31,4,31.0,8,0.0,0.0,,0.11750309741540454,0.31271072120902776,0.4647385714810097,0.6321205588285576,0.6402119046333752,0.4831962900475354
31,4,32.0,8,0.0,0.0,,0.11750309741540454,0.31271072120902776,0.4647385714810097,0.6321205588285576,0.48377291979625275,0.5258457335883915
31,4,33.0,8,0.0,0.0,,0.11750309741540454,0.31271072120902776,0.4647385714810097,0.6321205588285576,0.5512477570285801,0.3894874861636261
31,4,34.0,8,0.0,0.0,,0.11750309741540454,0.31271072120902776,0.4647385714810097,0.6321205588285576,0.5521103060706262,0.5223468815355822
31,4,35.0,8,0.0,0.0,,0.11750309741540454,0.31271072120902776,0.4647385714810097,0.6321205588285576,0.6931972559690567,0.5337980810783923
31,4,36.0,8,0.0,0.0,,0.11750309741540454,0.31271072120902776,0.4647385714810097,0.6321205588285576,0.7221304675055995,0.5437739599526163
31,4,37.0,8,0.0,0.0,,0.11750309741540454,0.31271072120902776,0.4647385714810097,0.6321205588285576,0.7432839444685095,0.3414464848036861
31,4,38.0,8,0.0,0.0,,0.11750309741540454,0.31271072120902776,0.4647385714810097,0.6321205588285576,0.5558017047379789,0.43275514838679446
31,4,39.0,8,0.0,0.0,,0.11750309741540454,0.31271072120902776,0.4647385714810097,0.6321205588285576,0.7701367011162831,0.561074075016838
31,4,40.0,8,0.0,0.0,,0.11750309741540454,0.31271072120902776,0.4647385714810097,0.6321205588285576,0.6259994118044856,0.42963279226288453
31,4,41.0,8,0.0,0.0,,0.11750309741540454,0.31271072120902776,0.4647385714810097,0.6321205588285576,0.733773851196346,0.6891962952650937
31,4,42.0,8,0.0,0.0,,0.11750309741540454,0.31271072120902776,0.4647385714810097,0.6321205588285576,0.6828826620150372,0.5460004511784476
31,4,43.0,8,0.0,0.0,,0.11750309741540454,0.31271072120902776,0.4647385714810097,0.6321205588285576,0.5650592518658932,0.788992476374824
31,4,44.0,8,0.0,0.0,,0.11750309741540454,0.31271072120902776,0.4647385714810097,0.6321205588285576,0.6691172183253552,0.4954110819479599
31,4,45.0,8,0.0,0.0,,0.11750309741540454,0.31271072120902776,0.4647385714810097,0.6321205588285576,0.8205578308846422,0.4683551475217974
31,4,46.0,8,0.0,0.0,,0.11750309741540454,0.31271072120902776,0.4647385714810097,0.6321205588285576,0.6783714092153907,0.7414809018760048
31,4,47.0,8,0.0,0.0,,0.11750309741540454,0.31271072120902776,0.4647385714810097,0.6321205588285576,0.5299443482317836,0.4410778308901445
31,4,48.0,8,0.0,0.0,,0.11750309741540454,0.31271072120902776,0.4647385714810097,0.6321205588285576,0.6881116587231495,0.714470655024865
31,4,49.0,8,0.0,0.0,,0.11750309741540454,0.31271072120902776,0.4647385714810097,0.6321205588285576,0.629578293761339,0.5272172287708247
31,4,50.0,8,0.0,0.0,,0.11750309741540454,0.31271072120902776,0.4647385714810097,0.6321205588285576,0.6048014604926257,0.5830899257845609
31,4,51.0,8,0.0,0.0,,0.11750309741540454,0.31271072120902776,0.4647385714810097,0.6321205588285576,0.5332176733443852,0.47196349460676157
31,4,52.0,8,0.0,0.0,,0.11750309741540454,0.31271072120902776,0.4647385714810097,0.6321205588285576,0.47679404217740523,0.5155259548677739
31,4,53.0,8,0.0,0.0,,0.11750309741540454,0.31271072120902776,0.4647385714810097,0.6321205588285576,0.6399375784266604,0.6397042772205808
31,4,54.0,8,0.0,0.0,,0.11750309741540454,0.31271072120902776,0.4647385714810097,0.6321205588285576,0.5357651899135928,0.6901477214744075
31,4,55.0,8,0.0,0.0,,0.11750309741540454,0.31271072120902776,0.4647385714810097,0.6321205588285576,0.5596938884929885,0.8718490011915563
31,4,56.0,8,0.0,0.0,,0.11750309741540454,0.31271072120902776,0.4647385714810097,0.6321205588285576,0.6690283893547437,0.8394740656553475
31,4,57.0,8,0.0,0.0,,0.11750309741540454,0.31271072120902776,0.4647385714810097,0.6321205588285576,0.5387669685379229,0.44116252905377557
31,4,58.0,8,0.0,0.0,,0.11750309741540454,0.31271072120902776,0.4647385714810097,0.6321205588285576,0.7524104797407214,0.6177714194187154
31,4,59.0,8,0.0,0.0,,0.11750309741540454,0.31271072120902776,0.4647385714810097,0.6321205588285576,0.6957435724257076,0.5760792673096846
31,4,60.0,8,0.0,0.0,,0.11750309741540454,0.31271072120902776,0.4647385714810097,0.6321205588285576,0.6212324807274946,0.5834188155972503
31,4,61.0,8,0.0,0.0,,0.11750309741540454,0.31271072120902776,0.4647385714810097,0.6321205588285576,0.7636051254236432,0.5005564465488817
31,4,62.0,8,0.0,0.0,,0.11750309741540454,0.31271072120902776,0.4647385714810097,0.6321205588285576,0.6860653970268499,0.5983434430464744
31,4,63.0,8,0.0,0.0,,0.11750309741540454,0.31271072120902776,0.4647385714810097,0.6321205588285576,0.6919924168156474,0.3390497977701642
31,4,64.0,8,0.0,0.0,,0.11750309741540454,0.31271072120902776,0.4647385714810097,0.6321205588285576,0.5458737440555554,0.4399509352048172
31,4,65.0,8,0.0,0.0,,0.11750309741540454,0.31271072120902776,0.4647385714810097,0.6321205588285576,0.6086358333648725,0.6924042440657081
31,4,66.0,8,0.0,0.0,,0.11750309741540454,0.31271072120902776,0.4647385714810097,0.6321205588285576,0.5947437447754218,0.8513588773300093
31,4,67.0,8,0.0,0.0,,0.11750309741540454,0.31271072120902776,0.4647385714810097,0.6321205588285576,0.6137954542645447,0.7205444360513742
31,4,68.0,8,0.0,0.0,,0.11750309741540454,0.31271072120902776,0.4647385714810097,0.6321205588285576,0.7132744128392088,0.5393426248252438
31,4,69.0,8,0.0,0.0,,0.11750309741540454,0.31271072120902776,0.4647385714810097,0.6321205588285576,0.5856297437629833,0.6783240080702907
31,4,70.0,8,0.0,0.0,,0.11750309741540454,0.31271072120902776,0.4647385714810097,0.6321205588285576,0.7239624757156473,0.7026264714267187
31,4,71.0,8,0.0,0.0,,0.11750309741540454,0.31271072120902776,0.4647385714810097,0.6321205588285576,0.6571704431889434,0.7286431196722006
31,4,72.0,8,0.0,0.0,,0.11750309741540454,0.31271072120902776,0.4647385714810097,0.6321205588285576,0.5218448378323769,0.5321171361829571
31,4,73.0,8,0.0,0.0,,0.11750309741540454,0.31271072120902776,0.4647385714810097,0.6321205588285576,0.5503061667835409,0.6174825398331862
31,4,74.0,8,0.0,0.0,,0.11750309741540454,0.31271072120902776,0.4647385714810097,0.6321205588285576,0.4900138770395873,0.6096878243129249
31,4,75.0,8,0.0,0.0,,0.11750309741540454,0.31271072120902776,0.4647385714810097,0.6321205588285576,0.4656915861708349,0.3960330163029638
31,4,76.0,8,0.0,0.0,,0.11750309741540454,0.31271072120902776,0.4647385714810097,0.6321205588285576,0.4884030435801404,0.5708882518028499
31,4,77.0,8,0.0,0.0,,0.11750309741540454,0.31271072120902776,0.4647385714810097,0.6321205588285576,0.5896948946142546,0.6949355529218649
31,4,78.0,8,0.0,0.0,,0.11750309741540454,0.31271072120902776,0.4647385714810097,0.6321205588285576,0.6590369675459595,0.7771224938808609
31,4,79.0,8,0.0,0.0,,0.11750309741540454,0.31271072120902776,0.4647385714810097,0.6321205588285576,0.6226892111211291,0.5862226757792371
31,4,80.0,8,0.0,0.0,,0.11750309741540454,0.31271072120902776,0.4647385714810097,0.6321205588285576,0.7308388575009777,0.554991260300074
31,4,81.0,8,0.0,0.0,,0.11750309741540454,0.31271072120902776,0.4647385714810097,0.6321205588285576,0.7762574815351064,0.5538118234726349
31,4,82.0,8,0.0,0.0,,0.11750309741540454,0.31271072120902776,0.4647385714810097,0.6321205588285576,0.5784128290356694,0.42347668362277335
31,4,83.0,8,0.0,0.0,,0.11750309741540454,0.31271072120902776,0.4647385714810097,0.6321205588285576,0.6883357488261869,0.8223309714020324
31,4,84.0,8,0.0,0.0,,0.11750309741540454,0.31271072120902776,0.4647385714810097,0.6321205588285576,0.6689989985502833,0.5840190572325044
31,4,85.0,8,0.0,0.0,,0.11750309741540454,0.31271072120902776,0.4647385714810097,0.6321205588285576,0.5514126526716387,0.49880105445379785
31,4,86.0,8,0.0,0.0,,0.11750309741540454,0.31271072120902776,0.4647385714810097,0.6321205588285576,0.6796769646594041,0.7380299649682492
31,4,87.0,8,0.0,0.0,,0.11750309741540454,0.31271072120902776,0.4647385714810097,0.6321205588285576,0.6897681724315993,0.6445013370093469
31,4,88.0,8,0.0,0.0,,0.11750309741540454,0.31271072120902776,0.4647385714810097,0.6321205588285576,0.6382252183247605,0.49512334273102426
31,4,89.0,8,0.0,0.0,,0.11750309741540454,0.31271072120902776,0.4647385714810097,0.6321205588285576,0.43890780345705427,0.2727485616068145
31,4,90.0,8,0.0,0.0,,0.11750309741540454,0.31271072120902776,0.4647385714810097,0.6321205588285576,0.6220902038186231,0.5657886631160601
31,4,91.0,8,0.0,0.0,,0.11750309741540454,0.31271072120902776,0.4647385714810097,0.6321205588285576,0.7623164356194705,0.6887278804150467
31,4,92.0,8,0.0,0.0,,0.11750309741540454,0.31271072120902776,0.4647385714810097,0.6321205588285576,0.5900318312975633,0.4338904070347338
31,4,93.0,8,0.0,0.0,,0.11750309741540454,0.31271072120902776,0.4647385714810097,0.6321205588285576,0.43659843222185374,0.5633832840543272
31,4,94.0,8,0.0,0.0,,0.11750309741540454,0.31271072120902776,0.4647385714810097,0.6321205588285576,0.714384176845749,0.6413151237492736
31,4,95.0,8,0.0,0.0,,0.11750309741540454,0.31271072120902776,0.4647385714810097,0.6321205588285576,0.5699323900112148,0.6686945584481437
31,4,96.0,8,0.0,0.0,,0.11750309741540454,0.31271072120902776,0.4647385714810097,0.6321205588285576,0.6654158921842098,0.6030473849555461
31,4,97.0,8,0.0,0.0,,0.11750309741540454,0.31271072120902776,0.4647385714810097,0.6321205588285576,0.7543960856086905,0.5361789984581767
31,4,98.0,8,0.0,0.0,,0.11750309741540454,0.31271072120902776,0.4647385714810097,0.6321205588285576,0.5680308201243982,0.47495194275994057
31,4,99.0,8,0.0,0.0,,0.11750309741540454,0.31271072120902776,0.4647385714810097,0.6321205588285576,0.6876594288918009,0.6454022844204844
31,4,100.0,8,0.0,0.0,,0.11750309741540454,0.31271072120902776,0.4647385714810097,0.6321205588285576,0.579674687094279,0.5924966675445684
32,4,1.0,10,0.0,0.0,,0.09516258196404048,0.2591817793182821,0.39346934028736663,0.5506710358827785,0.5936233961716464,0.4044146174989839
32,4,2.0,10,0.0,0.0,,0.09516258196404048,0.2591817793182821,0.39346934028736663,0.5506710358827785,0.6939202123495576,0.6464963830589991
32,4,3.0,10,0.0,0.0,,0.09516258196404048,0.2591817793182821,0.39346934028736663,0.5506710358827785,0.6480981885771916,0.5848913097871377
32,4,4.0,10,0.0,0.0,,0.09516258196404048,0.2591817793182821,0.39346934028736663,0.5506710358827785,0.5737470437265848,0.7570384042636064
32,4,5.0,10,0.0,0.0,,0.09516258196404048,0.2591817793182821,0.39346934028736663,0.5506710358827785,0.5854618077586364,0.5226062614431878
32,4,6.0,10,0.0,0.0,,0.09516258196404048,0.2591817793182821,0.39346934028736663,0.5506710358827785,0.6983026269738106,0.6780885150426434
32,4,7.0,10,0.0,0.0,,0.09516258196404048,0.2591817793182821,0.39346934028736663,0.5506710358827785,0.6681232579232259,0.6571264127205433
32,4,8.0,10,0.0,0.0,,0.09516258196404048,0.2591817793182821,0.39346934028736663,0.5506710358827785,0.6363517839333154,0.6532346624353006
32,4,9.0,10,0.0,0.0,,0.09516258196404048,0.2591817793182821,0.39346934028736663,0.5506710358827785,0.6548501104199765,0.45792797291203274
32,4,10.0,10,0.0,0.0,,0.09516258196404048,0.2591817793182821,0.39346934028736663,0.5506710358827785,0.6852204853292416,0.67670029928799
32,4,11.0,10,0.0,0.0,,0.09516258196404048,0.2591817793182821,0.39346934028736663,0.5506710358827785,0.6740778839250721,0.5150598666615271
32,4,12.0,10,0.0,0.0,,0.09516258196404048,0.2591817793182821,0.39346934028736663,0.5506710358827785,0.589027938528576,0.6754306905747137
32,4,13.0,10,0.0,0.0,,0.09516258196404048,0.2591817793182821,0.39346934028736663,0.5506710358827785,0.6173616275985057,0.38726126034658837
32,4,14.0,10,0.0,0.0,,0.09516258196404048,0.2591817793182821,0.39346934028736663,0.5506710358827785,0.6245580781181734,0.5705268246152103
32,4,15.0,10,0.0,0.0,,0.09516258196404048,0.2591817793182821,0.39346934028736663,0.5506710358827785,0.6394902534169246,0.4230557055798633
32,4,16.0,10,0.0,0.0,,0.09516258196404048,0.2591817793182821,0.39346934028736663,0.5506710358827785,0.6446246765617999,0.6748533651303072
32,4,17.0,10,0.0,0.0,,0.09516258196404048,0.2591817793182821,0.39346934028736663,0.5506710358827785,0.6318206633556593,0.6311370697110578
32,4,18.0,10,0.0,0.0,,0.09516258196404048,0.2591817793182821,0.39346934028736663,0.5506710358827785,0.6481585067854173,0.5652667279668938
32,4,19.0,10,0.0,0.0,,0.09516258196404048,0.2591817793182821,0.39346934028736663,0.5506710358827785,0.601558409133574,0.6078281463383911
32,4,20.0,10,0.0,0.0,,0.09516258196404048,0.2591817793182821,0.39346934028736663,0.5506710358827785,0.6055628976017688,0.6029300186147343
32,4,21.0,10,0.0,0.0,,0.09516258196404048,0.2591817793182821,0.39346934028736663,0.5506710358827785,0.6088161598676373,0.6838399208191087
32,4,22.0,10,0.0,0.0,,0.09516258196404048,0.2591817793182821,0.39346934028736663,0.5506710358827785,0.6111809933617802,0.4817324853317767
32,4,23.0,10,0.0,0.0,,0.09516258196404048,0.2591817793182821,0.39346934028736663,0.5506710358827785,0.5221321381854718,0.6158746700481453
32,4,24.0,10,0.0,0.0,,0.09516258196404048,0.2591817793182821,0.39346934028736663,0.5506710358827785,0.6145297647610664,0.3871767720325213
32,4,25.0,10,0.0,0.0,,0.09516258196404048,0.2591817793182821,0.39346934028736663,0.5506710358827785,0.5642391248993157,0.5364417701657652
32,4,26.0,10,0.0,0.0,,0.09516258196404048,0.2591817793182821,0.39346934028736663,0.5506710358827785,0.6285560214518913,0.49220898004898805
32,4,27.0,10,0.0,0.0,,0.09516258196404048,0.2591817793182821,0.39346934028736663,0.5506710358827785,0.6032303101820196,0.7729282391589571
32,4,28.0,10,0.0,0.0,,0.09516258196404048,0.2591817793182821,0.39346934028736663,0.5506710358827785,0.476361203994338,0.5775680972029105
32,4,29.0,10,0.0,0.0,,0.09516258196404048,0.2591817793182821,0.39346934028736663,0.5506710358827785,0.6944678770019166,0.4434215805544288
32,4,30.0,10,0.0,0.0,,0.09516258196404048,0.2591817793182821,0.39346934028736663,0.5506710358827785,0.5600534458400614,0.5319152308346485
32,4,31.0,10,0.0,0.0,,0.09516258196404048,0.2591817793182821,0.39346934028736663,0.5506710358827785,0.6231295049373362,0.6221261048640617
32,4,32.0,10,0.0,0.0,,0.09516258196404048,0.2591817793182821,0.39346934028736663,0.5506710358827785,0.646812707410166,0.512165908115833
32,4,33.0,10,0.0,0.0,,0.09516258196404048,0.2591817793182821,0.39346934028736663,0.5506710358827785,0.5974750815375212,0.3641499416196946
32,4,34.0,10,0.0,0.0,,0.09516258196404048,0.2591817793182821,0.39346934028736663,0.5506710358827785,0.5946775112707953,0.6884311064747457
32,4,35.0,10,0.0,0.0,,0.09516258196404048,0.2591817793182821,0.39346934028736663,0.5506710358827785,0.6008594711697495,0.5413008191437352
32,4,36.0,10,0.0,0.0,,0.09516258196404048,0.2591817793182821,0.39346934028736663,0.5506710358827785,0.629280245822154,0.7068767283602371
32,4,37.0,10,0.0,0.0,,0.09516258196404048,0.2591817793182821,0.39346934028736663,0.5506710358827785,0.6076418664907747,0.4791468381475463
32,4,38.0,10,0.0,0.0,,0.09516258196404048,0.2591817793182821,0.39346934028736663,0.5506710358827785,0.6305767565188123,0.7236537179622468
32,4,39.0,10,0.0,0.0,,0.09516258196404048,0.2591817793182821,0.39346934028736663,0.5506710358827785,0.6712590549818733,0.7720549066359957
32,4,40.0,10,0.0,0.0,,0.09516258196404048,0.2591817793182821,0.39346934028736663,0.5506710358827785,0.670745196166712,0.2693901604100719
32,4,41.0,10,0.0,0.0,,0.09516258196404048,0.2591817793182821,0.39346934028736663,0.5506710358827785,0.5642607512464639,0.5814471702109368
32,4,42.0,10,0.0,0.0,,0.09516258196404048,0.2591817793182821,0.39346934028736663,0.5506710358827785,0.6806712567347387,0.5728212717264667
32,4,43.0,10,0.0,0.0,,0.09516258196404048,0.2591817793182821,0.39346934028736663,0.5506710358827785,0.6011830806594569,0.3772089948289672
32,4,44.0,10,0.0,0.0,,0.09516258196404048,0.2591817793182821,0.39346934028736663,0.5506710358827785,0.621461906001922,0.6138315244362867
32,4,45.0,10,0.0,0.0,,0.09516258196404048,0.2591817793182821,0.39346934028736663,0.5506710358827785,0.664022755509202,0.7180654464791925
32,4,46.0,10,0.0,0.0,,0.09516258196404048,0.2591817793182821,0.39346934028736663,0.5506710358827785,0.68225183131774,0.3603742396935677
32,4,47.0,10,0.0,0.0,,0.09516258196404048,0.2591817793182821,0.39346934028736663,0.5506710358827785,0.6597695310639372,0.620903613286107
32,4,48.0,10,0.0,0.0,,0.09516258196404048,0.2591817793182821,0.39346934028736663,0.5506710358827785,0.6043491511625882,0.5182017256356792
32,4,49.0,10,0.0,0.0,,0.09516258196404048,0.2591817793182821,0.39346934028736663,0.5506710358827785,0.5591411658699765,0.4750624743917534
32,4,50.0,10,0.0,0.0,,0.09516258196404048,0.2591817793182821,0.39346934028736663,0.5506710358827785,0.6267462465106415,0.7494741145889939
32,4,51.0,10,0.0,0.0,,0.09516258196404048,0.2591817793182821,0.39346934028736663,0.5506710358827785,0.5898661900349185,0.6388429966338951
32,4,52.0,10,0.0,0.0,,0.09516258196404048,0.2591817793182821,0.39346934028736663,0.5506710358827785,0.6949955764661,0.7470318427769025
32,4,53.0,10,0.0,0.0,,0.09516258196404048,0.2591817793182821,0.39346934028736663,0.5506710358827785,0.6238151189268886,0.4150069369254451
32,4,54.0,10,0.0,0.0,,0.09516258196404048,0.2591817793182821,0.39346934028736663,0.5506710358827785,0.6241919104290771,0.4435424040872495
32,4,55.0,10,0.0,0.0,,0.09516258196404048,0.2591817793182821,0.39346934028736663,0.5506710358827785,0.640775989181677,0.4862798806719463
32,4,56.0,10,0.0,0.0,,0.09516258196404048,0.2591817793182821,0.39346934028736663,0.5506710358827785,0.7521211387906374,0.2750104512787189
32,4,57.0,10,0.0,0.0,,0.09516258196404048,0.2591817793182821,0.39346934028736663,0.5506710358827785,0.5813263873079346,0.8023321346379284
32,4,58.0,10,0.0,0.0,,0.09516258196404048,0.2591817793182821,0.39346934028736663,0.5506710358827785,0.5952673915769141,0.3963587873735961
32,4,59.0,10,0.0,0.0,,0.09516258196404048,0.2591817793182821,0.39346934028736663,0.5506710358827785,0.6913639853295479,0.731330998859366
32,4,60.0,10,0.0,0.0,,0.09516258196404048,0.2591817793182821,0.39346934028736663,0.5506710358827785,0.6496110447116488,0.39065672228158216
32,4,61.0,10,0.0,0.0,,0.09516258196404048,0.2591817793182821,0.39346934028736663,0.5506710358827785,0.6486293944582842,0.6258456232114586
32,4,62.0,10,0.0,0.0,,0.09516258196404048,0.2591817793182821,0.39346934028736663,0.5506710358827785,0.6117976198242004,0.5872544811396054
32,4,63.0,10,0.0,0.0,,0.09516258196404048,0.2591817793182821,0.39346934028736663,0.5506710358827785,0.6526259974879534,0.6325150975603403
32,4,64.0,10,0.0,0.0,,0.09516258196404048,0.2591817793182821,0.39346934028736663,0.5506710358827785,0.6811488810676392,0.6601470104350559
32,4,65.0,10,0.0,0.0,,0.09516258196404048,0.2591817793182821,0.39346934028736663,0.5506710358827785,0.5946896880684871,0.6184303163640579
32,4,66.0,10,0.0,0.0,,0.09516258196404048,0.2591817793182821,0.39346934028736663,0.5506710358827785,0.6886261912889636,0.3949333154933804
32,4,67.0,10,0.0,0.0,,0.09516258196404048,0.2591817793182821,0.39346934028736663,0.5506710358827785,0.610022218511028,0.6480858552738413
32,4,68.0,10,0.0,0.0,,0.09516258196404048,0.2591817793182821,0.39346934028736663,0.5506710358827785,0.6712006452805277,0.5897708951517326
32,4,69.0,10,0.0,0.0,,0.09516258196404048,0.2591817793182821,0.39346934028736663,0.5506710358827785,0.6280337665683122,0.522503833281159
32,4,70.0,10,0.0,0.0,,0.09516258196404048,0.2591817793182821,0.39346934028736663,0.5506710358827785,0.585955309524593,0.7243415181022362
32,4,71.0,10,0.0,0.0,,0.09516258196404048,0.2591817793182821,0.39346934028736663,0.5506710358827785,0.6123626337289926,0.5930738547050707
32,4,72.0,10,0.0,0.0,,0.09516258196404048,0.2591817793182821,0.39346934028736663,0.5506710358827785,0.5867614239083656,0.5489934322897468
32,4,73.0,10,0.0,0.0,,0.09516258196404048,0.2591817793182821,0.39346934028736663,0.5506710358827785,0.6671142626187712,0.6149015204022179
32,4,74.0,10,0.0,0.0,,0.09516258196404048,0.2591817793182821,0.39346934028736663,0.5506710358827785,0.6626094585498683,0.6372181312368379
32,4,75.0,10,0.0,0.0,,0.09516258196404048,0.2591817793182821,0.39346934028736663,0.5506710358827785,0.6089697124822359,0.5068116330572479
32,4,76.0,10,0.0,0.0,,0.09516258196404048,0.2591817793182821,0.39346934028736663,0.5506710358827785,0.6673672515950972,0.49002590747536584
32,4,77.0,10,0.0,0.0,,0.09516258196404048,0.2591817793182821,0.39346934028736663,0.5506710358827785,0.6266749222374841,0.4436674218861462
32,4,78.0,10,0.0,0.0,,0.09516258196404048,0.2591817793182821,0.39346934028736663,0.5506710358827785,0.6615868265835964,0.49702633816826347
32,4,79.0,10,0.0,0.0,,0.09516258196404048,0.2591817793182821,0.39346934028736663,0.5506710358827785,0.6282311618600988,0.704655485235332
32,4,80.0,10,0.0,0.0,,0.09516258196404048,0.2591817793182821,0.39346934028736663,0.5506710358827785,0.6914936273110452,0.749977235319949
32,4,81.0,10,0.0,0.0,,0.09516258196404048,0.2591817793182821,0.39346934028736663,0.5506710358827785,0.7057670706641123,0.3997441311002576
32,4,82.0,10,0.0,0.0,,0.09516258196404048,0.2591817793182821,0.39346934028736663,0.5506710358827785,0.558876497508515,0.7244981311641838
32,4,83.0,10,0.0,0.0,,0.09516258196404048,0.2591817793182821,0.39346934028736663,0.5506710358827785,0.6275248481796685,0.5725230238800217
32,4,84.0,10,0.0,0.0,,0.09516258196404048,0.2591817793182821,0.39346934028736663,0.5506710358827785,0.6195275348977207,0.6833822034404484
32,4,85.0,10,0.0,0.0,,0.09516258196404048,0.2591817793182821,0.39346934028736663,0.5506710358827785,0.6391650307758989,0.5050661896630585
32,4,86.0,10,0.0,0.0,,0.09516258196404048,0.2591817793182821,0.39346934028736663,0.5506710358827785,0.6925390482666708,0.547519235309777
32,4,87.0,10,0.0,0.0,,0.09516258196404048,0.2591817793182821,0.39346934028736663,0.5506710358827785,0.6714370504042527,0.4594944771712669
32,4,88.0,10,0.0,0.0,,0.09516258196404048,0.2591817793182821,0.39346934028736663,0.5506710358827785,0.6635355143173078,0.7717585656214547
32,4,89.0,10,0.0,0.0,,0.09516258196404048,0.2591817793182821,0.39346934028736663,0.5506710358827785,0.6370101760326021,0.4617027106330539
32,4,90.0,10,0.0,0.0,,0.09516258196404048,0.2591817793182821,0.39346934028736663,0.5506710358827785,0.6475328808070341,0.5270281960596543
32,4,91.0,10,0.0,0.0,,0.09516258196404048,0.2591817793182821,0.39346934028736663,0.5506710358827785,0.6572436694587458,0.5162839033725352
32,4,92.0,10,0.0,0.0,,0.09516258196404048,0.2591817793182821,0.39346934028736663,0.5506710358827785,0.5657672867187862,0.7114440017549214
32,4,93.0,10,0.0,0.0,,0.09516258196404048,0.2591817793182821,0.39346934028736663,0.5506710358827785,0.5904959597203141,0.49838188917155285
32,4,94.0,10,0.0,0.0,,0.09516258196404048,0.2591817793182821,0.39346934028736663,0.5506710358827785,0.6076666590271145,0.47700138640070744
32,4,95.0,10,0.0,0.0,,0.09516258196404048,0.2591817793182821,0.39346934028736663,0.5506710358827785,0.6606834511907396,0.5741605803525307
32,4,96.0,10,0.0,0.0,,0.09516258196404048,0.2591817793182821,0.39346934028736663,0.5506710358827785,0.6742027474025525,0.5680477285013276
32,4,97.0,10,0.0,0.0,,0.09516258196404048,0.2591817793182821,0.39346934028736663,0.5506710358827785,0.6336581938139747,0.21557439134070924
32,4,98.0,10,0.0,0.0,,0.09516258196404048,0.2591817793182821,0.39346934028736663,0.5506710358827785,0.6175817982296359,0.45476470826793236
32,4,99.0,10,0.0,0.0,,0.09516258196404048,0.2591817793182821,0.39346934028736663,0.5506710358827785,0.5545590256349545,0.4491155854873673
32,4,100.0,10,0.0,0.0,,0.09516258196404048,0.2591817793182821,0.39346934028736663,0.5506710358827785,0.6123150771656534,0.4812654537510375
33,4,1.0,12,0.0,0.0,,0.07995558537067671,0.2211992169285951,0.34075936979955623,0.4865828809674079,0.6321205588285576,0.6175350385561813
33,4,2.0,12,0.0,0.0,,0.07995558537067671,0.2211992169285951,0.34075936979955623,0.4865828809674079,0.6321205588285576,0.5522963411920976
33,4,3.0,12,0.0,0.0,,0.07995558537067671,0.2211992169285951,0.34075936979955623,0.4865828809674079,0.6321205588285576,0.7595980199732639
33,4,4.0,12,0.0,0.0,,0.07995558537067671,0.2211992169285951,0.34075936979955623,0.4865828809674079,0.6321205588285576,0.5675529670174534
33,4,5.0,12,0.0,0.0,,0.07995558537067671,0.2211992169285951,0.34075936979955623,0.4865828809674079,0.6321205588285576,0.6016421804631524
33,4,6.0,12,0.0,0.0,,0.07995558537067671,0.2211992169285951,0.34075936979955623,0.4865828809674079,0.6321205588285576,0.6544942536957807
33,4,7.0,12,0.0,0.0,,0.07995558537067671,0.2211992169285951,0.34075936979955623,0.4865828809674079,0.6321205588285576,0.5537743289106021
33,4,8.0,12,0.0,0.0,,0.07995558537067671,0.2211992169285951,0.34075936979955623,0.4865828809674079,0.6321205588285576,0.491008782777432
33,4,9.0,12,0.0,0.0,,0.07995558537067671,0.2211992169285951,0.34075936979955623,0.4865828809674079,0.6321205588285576,0.5873644776151146
33,4,10.0,12,0.0,0.0,,0.07995558537067671,0.2211992169285951,0.34075936979955623,0.4865828809674079,0.6321205588285576,0.7622220068557232
33,4,11.0,12,0.0,0.0,,0.07995558537067671,0.2211992169285951,0.34075936979955623,0.4865828809674079,0.6321205588285576,0.42962669155053385
33,4,12.0,12,0.0,0.0,,0.07995558537067671,0.2211992169285951,0.34075936979955623,0.4865828809674079,0.6321205588285576,0.6424457305595899
33,4,13.0,12,0.0,0.0,,0.07995558537067671,0.2211992169285951,0.34075936979955623,0.4865828809674079,0.6321205588285576,0.6290276023149272
33,4,14.0,12,0.0,0.0,,0.07995558537067671,0.2211992169285951,0.34075936979955623,0.4865828809674079,0.6321205588285576,0.5705885457542665
33,4,15.0,12,0.0,0.0,,0.07995558537067671,0.2211992169285951,0.34075936979955623,0.4865828809674079,0.6321205588285576,0.5947045225171809
33,4,16.0,12,0.0,0.0,,0.07995558537067671,0.2211992169285951,0.34075936979955623,0.4865828809674079,0.6321205588285576,0.683326349627962
33,4,17.0,12,0.0,0.0,,0.07995558537067671,0.2211992169285951,0.34075936979955623,0.4865828809674079,0.6321205588285576,0.5279825552707758
33,4,18.0,12,0.0,0.0,,0.07995558537067671,0.2211992169285951,0.34075936979955623,0.4865828809674079,0.6321205588285576,0.4724417968238834
33,4,19.0,12,0.0,0.0,,0.07995558537067671,0.2211992169285951,0.34075936979955623,0.4865828809674079,0.6321205588285576,0.7194025991291118
33,4,20.0,12,0.0,0.0,,0.07995558537067671,0.2211992169285951,0.34075936979955623,0.4865828809674079,0.6321205588285576,0.6372823239196374
33,4,21.0,12,0.0,0.0,,0.07995558537067671,0.2211992169285951,0.34075936979955623,0.4865828809674079,0.6321205588285576,0.5407042483699025
33,4,22.0,12,0.0,0.0,,0.07995558537067671,0.2211992169285951,0.34075936979955623,0.4865828809674079,0.6321205588285576,0.7009776803586516
33,4,23.0,12,0.0,0.0,,0.07995558537067671,0.2211992169285951,0.34075936979955623,0.4865828809674079,0.6321205588285576,0.6520612255550698
33,4,24.0,12,0.0,0.0,,0.07995558537067671,0.2211992169285951,0.34075936979955623,0.4865828809674079,0.6321205588285576,0.6389517376213815
33,4,25.0,12,0.0,0.0,,0.07995558537067671,0.2211992169285951,0.34075936979955623,0.4865828809674079,0.6321205588285576,0.45295601308729366
33,4,26.0,12,0.0,0.0,,0.07995558537067671,0.2211992169285951,0.34075936979955623,0.4865828809674079,0.6321205588285576,0.4505009013061902
33,4,27.0,12,0.0,0.0,,0.07995558537067671,0.2211992169285951,0.34075936979955623,0.4865828809674079,0.6321205588285576,0.7114785464294884
33,4,28.0,12,0.0,0.0,,0.07995558537067671,0.2211992169285951,0.34075936979955623,0.4865828809674079,0.6321205588285576,0.5635759175297391
33,4,29.0,12,0.0,0.0,,0.07995558537067671,0.2211992169285951,0.34075936979955623,0.4865828809674079,0.6321205588285576,0.5608038304251115
33,4,30.0,12,0.0,0.0,,0.07995558537067671,0.2211992169285951,0.34075936979955623,0.4865828809674079,0.6321205588285576,0.6656627674335929
33,4,31.0,12,0.0,0.0,,0.07995558537067671,0.2211992169285951,0.34075936979955623,0.4865828809674079,0.6321205588285576,0.38248215176525596
33,4,32.0,12,0.0,0.0,,0.07995558537067671,0.2211992169285951,0.34075936979955623,0.4865828809674079,0.6321205588285576,0.43898014507914773
33,4,33.0,12,0.0,0.0,,0.07995558537067671,0.2211992169285951,0.34075936979955623,0.4865828809674079,0.6321205588285576,0.6766698304838984
33,4,34.0,12,0.0,0.0,,0.07995558537067671,0.2211992169285951,0.34075936979955623,0.4865828809674079,0.6321205588285576,0.5448272023308971
33,4,35.0,12,0.0,0.0,,0.07995558537067671,0.2211992169285951,0.34075936979955623,0.4865828809674079,0.6321205588285576,0.7442695095967433
33,4,36.0,12,0.0,0.0,,0.07995558537067671,0.2211992169285951,0.34075936979955623,0.4865828809674079,0.6321205588285576,0.5227949300783872
33,4,37.0,12,0.0,0.0,,0.07995558537067671,0.2211992169285951,0.34075936979955623,0.4865828809674079,0.6321205588285576,0.7386459856433453
33,4,38.0,12,0.0,0.0,,0.07995558537067671,0.2211992169285951,0.34075936979955623,0.4865828809674079,0.6321205588285576,0.7328765667345765
33,4,39.0,12,0.0,0.0,,0.07995558537067671,0.2211992169285951,0.34075936979955623,0.4865828809674079,0.6321205588285576,0.7518827603228241
33,4,40.0,12,0.0,0.0,,0.07995558537067671,0.2211992169285951,0.34075936979955623,0.4865828809674079,0.6321205588285576,0.8069807053755047
33,4,41.0,12,0.0,0.0,,0.07995558537067671,0.2211992169285951,0.34075936979955623,0.4865828809674079,0.6321205588285576,0.6542287263119467
33,4,42.0,12,0.0,0.0,,0.07995558537067671,0.2211992169285951,0.34075936979955623,0.4865828809674079,0.6321205588285576,0.6893587970885908
33,4,43.0,12,0.0,0.0,,0.07995558537067671,0.2211992169285951,0.34075936979955623,0.4865828809674079,0.6321205588285576,0.6607806713682274
33,4,44.0,12,0.0,0.0,,0.07995558537067671,0.2211992169285951,0.34075936979955623,0.4865828809674079,0.6321205588285576,0.675530419809921
33,4,45.0,12,0.0,0.0,,0.07995558537067671,0.2211992169285951,0.34075936979955623,0.4865828809674079,0.6321205588285576,0.6835575443358811
33,4,46.0,12,0.0,0.0,,0.07995558537067671,0.2211992169285951,0.34075936979955623,0.4865828809674079,0.6321205588285576,0.6137711197355069
33,4,47.0,12,0.0,0.0,,0.07995558537067671,0.2211992169285951,0.34075936979955623,0.4865828809674079,0.6321205588285576,0.5182209360564575
33,4,48.0,12,0.0,0.0,,0.07995558537067671,0.2211992169285951,0.34075936979955623,0.4865828809674079,0.6321205588285576,0.6416145444849761
33,4,49.0,12,0.0,0.0,,0.07995558537067671,0.2211992169285951,0.34075936979955623,0.4865828809674079,0.6321205588285576,0.5356350459206205
33,4,50.0,12,0.0,0.0,,0.07995558537067671,0.2211992169285951,0.34075936979955623,0.4865828809674079,0.6321205588285576,0.7269536261593037
33,4,51.0,12,0.0,0.0,,0.07995558537067671,0.2211992169285951,0.34075936979955623,0.4865828809674079,0.6321205588285576,0.6239540677107385
33,4,52.0,12,0.0,0.0,,0.07995558537067671,0.2211992169285951,0.34075936979955623,0.4865828809674079,0.6321205588285576,0.5899084451194476
33,4,53.0,12,0.0,0.0,,0.07995558537067671,0.2211992169285951,0.34075936979955623,0.4865828809674079,0.6321205588285576,0.6975397993852372
33,4,54.0,12,0.0,0.0,,0.07995558537067671,0.2211992169285951,0.34075936979955623,0.4865828809674079,0.6321205588285576,0.6740308357053664
33,4,55.0,12,0.0,0.0,,0.07995558537067671,0.2211992169285951,0.34075936979955623,0.4865828809674079,0.6321205588285576,0.6568890505599873
33,4,56.0,12,0.0,0.0,,0.07995558537067671,0.2211992169285951,0.34075936979955623,0.4865828809674079,0.6321205588285576,0.5043569429025798
33,4,57.0,12,0.0,0.0,,0.07995558537067671,0.2211992169285951,0.34075936979955623,0.4865828809674079,0.6321205588285576,0.7765847876136667
33,4,58.0,12,0.0,0.0,,0.07995558537067671,0.2211992169285951,0.34075936979955623,0.4865828809674079,0.6321205588285576,0.5535022849018927
33,4,59.0,12,0.0,0.0,,0.07995558537067671,0.2211992169285951,0.34075936979955623,0.4865828809674079,0.6321205588285576,0.8663444451554957
33,4,60.0,12,0.0,0.0,,0.07995558537067671,0.2211992169285951,0.34075936979955623,0.4865828809674079,0.6321205588285576,0.6998072530323467
33,4,61.0,12,0.0,0.0,,0.07995558537067671,0.2211992169285951,0.34075936979955623,0.4865828809674079,0.6321205588285576,0.4360277271633272
33,4,62.0,12,0.0,0.0,,0.07995558537067671,0.2211992169285951,0.34075936979955623,0.4865828809674079,0.6321205588285576,0.7899902800991268
33,4,63.0,12,0.0,0.0,,0.07995558537067671,0.2211992169285951,0.34075936979955623,0.4865828809674079,0.6321205588285576,0.5919255951999346
33,4,64.0,12,0.0,0.0,,0.07995558537067671,0.2211992169285951,0.34075936979955623,0.4865828809674079,0.6321205588285576,0.4854180660434203
33,4,65.0,12,0.0,0.0,,0.07995558537067671,0.2211992169285951,0.34075936979955623,0.4865828809674079,0.6321205588285576,0.6520310302609098
33,4,66.0,12,0.0,0.0,,0.07995558537067671,0.2211992169285951,0.34075936979955623,0.4865828809674079,0.6321205588285576,0.5769646240716149
33,4,67.0,12,0.0,0.0,,0.07995558537067671,0.2211992169285951,0.34075936979955623,0.4865828809674079,0.6321205588285576,0.6371450173889823
33,4,68.0,12,0.0,0.0,,0.07995558537067671,0.2211992169285951,0.34075936979955623,0.4865828809674079,0.6321205588285576,0.5388334737596299
33,4,69.0,12,0.0,0.0,,0.07995558537067671,0.2211992169285951,0.34075936979955623,0.4865828809674079,0.6321205588285576,0.5289089665018961
33,4,70.0,12,0.0,0.0,,0.07995558537067671,0.2211992169285951,0.34075936979955623,0.4865828809674079,0.6321205588285576,0.6787854615618025
33,4,71.0,12,0.0,0.0,,0.07995558537067671,0.2211992169285951,0.34075936979955623,0.4865828809674079,0.6321205588285576,0.7585883727426465
33,4,72.0,12,0.0,0.0,,0.07995558537067671,0.2211992169285951,0.34075936979955623,0.4865828809674079,0.6321205588285576,0.3964309540886112
33,4,73.0,12,0.0,0.0,,0.07995558537067671,0.2211992169285951,0.34075936979955623,0.4865828809674079,0.6321205588285576,0.5826959016061346
33,4,74.0,12,0.0,0.0,,0.07995558537067671,0.2211992169285951,0.34075936979955623,0.4865828809674079,0.6321205588285576,0.7027360118987998
33,4,75.0,12,0.0,0.0,,0.07995558537067671,0.2211992169285951,0.34075936979955623,0.4865828809674079,0.6321205588285576,0.5254104368261758
33,4,76.0,12,0.0,0.0,,0.07995558537067671,0.2211992169285951,0.34075936979955623,0.4865828809674079,0.6321205588285576,0.46236726024773755
33,4,77.0,12,0.0,0.0,,0.07995558537067671,0.2211992169285951,0.34075936979955623,0.4865828809674079,0.6321205588285576,0.389513846534297
33,4,78.0,12,0.0,0.0,,0.07995558537067671,0.2211992169285951,0.34075936979955623,0.4865828809674079,0.6321205588285576,0.4584354376292323
33,4,79.0,12,0.0,0.0,,0.07995558537067671,0.2211992169285951,0.34075936979955623,0.4865828809674079,0.6321205588285576,0.7183520668606442
33,4,80.0,12,0.0,0.0,,0.07995558537067671,0.2211992169285951,0.34075936979955623,0.4865828809674079,0.6321205588285576,0.5871860568277434
33,4,81.0,12,0.0,0.0,,0.07995558537067671,0.2211992169285951,0.34075936979955623,0.4865828809674079,0.6321205588285576,0.42226246202053214
33,4,82.0,12,0.0,0.0,,0.07995558537067671,0.2211992169285951,0.34075936979955623,0.4865828809674079,0.6321205588285576,0.7117268178172742
33,4,83.0,12,0.0,0.0,,0.07995558537067671,0.2211992169285951,0.34075936979955623,0.4865828809674079,0.6321205588285576,0.38994067911424046
33,4,84.0,12,0.0,0.0,,0.07995558537067671,0.2211992169285951,0.34075936979955623,0.4865828809674079,0.6321205588285576,0.4841469766582501
33,4,85.0,12,0.0,0.0,,0.07995558537067671,0.2211992169285951,0.34075936979955623,0.4865828809674079,0.6321205588285576,0.5941871190864241
33,4,86.0,12,0.0,0.0,,0.07995558537067671,0.2211992169285951,0.34075936979955623,0.4865828809674079,0.6321205588285576,0.40303098607739435
33,4,87.0,12,0.0,0.0,,0.07995558537067671,0.2211992169285951,0.34075936979955623,0.4865828809674079,0.6321205588285576,0.5953797621208442
33,4,88.0,12,0.0,0.0,,0.07995558537067671,0.2211992169285951,0.34075936979955623,0.4865828809674079,0.6321205588285576,0.5132266102445504
33,4,89.0,12,0.0,0.0,,0.07995558537067671,0.2211992169285951,0.34075936979955623,0.4865828809674079,0.6321205588285576,0.36826410202448173
33,4,90.0,12,0.0,0.0,,0.07995558537067671,0.2211992169285951,0.34075936979955623,0.4865828809674079,0.6321205588285576,0.7836730458838779
33,4,91.0,12,0.0,0.0,,0.07995558537067671,0.2211992169285951,0.34075936979955623,0.4865828809674079,0.6321205588285576,0.5858680927353832
33,4,92.0,12,0.0,0.0,,0.07995558537067671,0.2211992169285951,0.34075936979955623,0.4865828809674079,0.6321205588285576,0.5465751949123423
33,4,93.0,12,0.0,0.0,,0.07995558537067671,0.2211992169285951,0.34075936979955623,0.4865828809674079,0.6321205588285576,0.41351164592252976
33,4,94.0,12,0.0,0.0,,0.07995558537067671,0.2211992169285951,0.34075936979955623,0.4865828809674079,0.6321205588285576,0.6203337781247651
33,4,95.0,12,0.0,0.0,,0.07995558537067671,0.2211992169285951,0.34075936979955623,0.4865828809674079,0.6321205588285576,0.4799523110206807
33,4,96.0,12,0.0,0.0,,0.07995558537067671,0.2211992169285951,0.34075936979955623,0.4865828809674079,0.6321205588285576,0.6485823495973998
33,4,97.0,12,0.0,0.0,,0.07995558537067671,0.2211992169285951,0.34075936979955623,0.4865828809674079,0.6321205588285576,0.5385285329739793
33,4,98.0,12,0.0,0.0,,0.07995558537067671,0.2211992169285951,0.34075936979955623,0.4865828809674079,0.6321205588285576,0.8327933249741845
33,4,99.0,12,0.0,0.0,,0.07995558537067671,0.2211992169285951,0.34075936979955623,0.4865828809674079,0.6321205588285576,0.611143300121902
33,4,100.0,12,0.0,0.0,,0.07995558537067671,0.2211992169285951,0.34075936979955623,0.4865828809674079,0.6321205588285576,0.5276885694818215
34,4,1.0,14,0.0,0.0,,0.06893722029597726,0.19288225299461068,0.30032746262486965,0.43528187799224066,0.57562715432305,0.5406904078083673
34,4,2.0,14,0.0,0.0,,0.06893722029597726,0.19288225299461068,0.30032746262486965,0.43528187799224066,0.57562715432305,0.5331851776193476
34,4,3.0,14,0.0,0.0,,0.06893722029597726,0.19288225299461068,0.30032746262486965,0.43528187799224066,0.57562715432305,0.48598955214784667
34,4,4.0,14,0.0,0.0,,0.06893722029597726,0.19288225299461068,0.30032746262486965,0.43528187799224066,0.57562715432305,0.6197654700645849
34,4,5.0,14,0.0,0.0,,0.06893722029597726,0.19288225299461068,0.30032746262486965,0.43528187799224066,0.57562715432305,0.7271201031615189
34,4,6.0,14,0.0,0.0,,0.06893722029597726,0.19288225299461068,0.30032746262486965,0.43528187799224066,0.57562715432305,0.5785179091798778
34,4,7.0,14,0.0,0.0,,0.06893722029597726,0.19288225299461068,0.30032746262486965,0.43528187799224066,0.57562715432305,0.5922177580033257
34,4,8.0,14,0.0,0.0,,0.06893722029597726,0.19288225299461068,0.30032746262486965,0.43528187799224066,0.57562715432305,0.5765903368958678
34,4,9.0,14,0.0,0.0,,0.06893722029597726,0.19288225299461068,0.30032746262486965,0.43528187799224066,0.57562715432305,0.6070232010450461
34,4,10.0,14,0.0,0.0,,0.06893722029597726,0.19288225299461068,0.30032746262486965,0.43528187799224066,0.57562715432305,0.6778502110170102
34,4,11.0,14,0.0,0.0,,0.06893722029597726,0.19288225299461068,0.30032746262486965,0.43528187799224066,0.57562715432305,0.4931128789091083
34,4,12.0,14,0.0,0.0,,0.06893722029597726,0.19288225299461068,0.30032746262486965,0.43528187799224066,0.57562715432305,0.5158445612013373
34,4,13.0,14,0.0,0.0,,0.06893722029597726,0.19288225299461068,0.30032746262486965,0.43528187799224066,0.57562715432305,0.617402034978621
34,4,14.0,14,0.0,0.0,,0.06893722029597726,0.19288225299461068,0.30032746262486965,0.43528187799224066,0.57562715432305,0.5368338177908896
34,4,15.0,14,0.0,0.0,,0.06893722029597726,0.19288225299461068,0.30032746262486965,0.43528187799224066,0.57562715432305,0.47556919135975273
34,4,16.0,14,0.0,0.0,,0.06893722029597726,0.19288225299461068,0.30032746262486965,0.43528187799224066,0.57562715432305,0.6537732579282577
34,4,17.0,14,0.0,0.0,,0.06893722029597726,0.19288225299461068,0.30032746262486965,0.43528187799224066,0.57562715432305,0.6508534257367298
34,4,18.0,14,0.0,0.0,,0.06893722029597726,0.19288225299461068,0.30032746262486965,0.43528187799224066,0.57562715432305,0.47004385533561355
34,4,19.0,14,0.0,0.0,,0.06893722029597726,0.19288225299461068,0.30032746262486965,0.43528187799224066,0.57562715432305,0.5205360832708926
34,4,20.0,14,0.0,0.0,,0.06893722029597726,0.19288225299461068,0.30032746262486965,0.43528187799224066,0.57562715432305,0.6288927828183479
34,4,21.0,14,0.0,0.0,,0.06893722029597726,0.19288225299461068,0.30032746262486965,0.43528187799224066,0.57562715432305,0.7006060500008401
34,4,22.0,14,0.0,0.0,,0.06893722029597726,0.19288225299461068,0.30032746262486965,0.43528187799224066,0.57562715432305,0.7746142043553872
34,4,23.0,14,0.0,0.0,,0.06893722029597726,0.19288225299461068,0.30032746262486965,0.43528187799224066,0.57562715432305,0.4880126423690062
34,4,24.0,14,0.0,0.0,,0.06893722029597726,0.19288225299461068,0.30032746262486965,0.43528187799224066,0.57562715432305,0.6911116978603724
34,4,25.0,14,0.0,0.0,,0.06893722029597726,0.19288225299461068,0.30032746262486965,0.43528187799224066,0.57562715432305,0.7199875617502165
34,4,26.0,14,0.0,0.0,,0.06893722029597726,0.19288225299461068,0.30032746262486965,0.43528187799224066,0.57562715432305,0.6022028073127927
34,4,27.0,14,0.0,0.0,,0.06893722029597726,0.19288225299461068,0.30032746262486965,0.43528187799224066,0.57562715432305,0.6498853425489478
34,4,28.0,14,0.0,0.0,,0.06893722029597726,0.19288225299461068,0.30032746262486965,0.43528187799224066,0.57562715432305,0.3839454198030554
34,4,29.0,14,0.0,0.0,,0.06893722029597726,0.19288225299461068,0.30032746262486965,0.43528187799224066,0.57562715432305,0.818426955623225
34,4,30.0,14,0.0,0.0,,0.06893722029597726,0.19288225299461068,0.30032746262486965,0.43528187799224066,0.57562715432305,0.7148168305787207
34,4,31.0,14,0.0,0.0,,0.06893722029597726,0.19288225299461068,0.30032746262486965,0.43528187799224066,0.57562715432305,0.6539603986450913
34,4,32.0,14,0.0,0.0,,0.06893722029597726,0.19288225299461068,0.30032746262486965,0.43528187799224066,0.57562715432305,0.5529299515819927
34,4,33.0,14,0.0,0.0,,0.06893722029597726,0.19288225299461068,0.30032746262486965,0.43528187799224066,0.57562715432305,0.6046537071884469
34,4,34.0,14,0.0,0.0,,0.06893722029597726,0.19288225299461068,0.30032746262486965,0.43528187799224066,0.57562715432305,0.5727010980127064
34,4,35.0,14,0.0,0.0,,0.06893722029597726,0.19288225299461068,0.30032746262486965,0.43528187799224066,0.57562715432305,0.6937230233058584
34,4,36.0,14,0.0,0.0,,0.06893722029597726,0.19288225299461068,0.30032746262486965,0.43528187799224066,0.57562715432305,0.544123386528648
34,4,37.0,14,0.0,0.0,,0.06893722029597726,0.19288225299461068,0.30032746262486965,0.43528187799224066,0.57562715432305,0.5953348536517905
34,4,38.0,14,0.0,0.0,,0.06893722029597726,0.19288225299461068,0.30032746262486965,0.43528187799224066,0.57562715432305,0.5918628983252716
34,4,39.0,14,0.0,0.0,,0.06893722029597726,0.19288225299461068,0.30032746262486965,0.43528187799224066,0.57562715432305,0.563496063324122
34,4,40.0,14,0.0,0.0,,0.06893722029597726,0.19288225299461068,0.30032746262486965,0.43528187799224066,0.57562715432305,0.6257779043659437
34,4,41.0,14,0.0,0.0,,0.06893722029597726,0.19288225299461068,0.30032746262486965,0.43528187799224066,0.57562715432305,0.5416000635815073
34,4,42.0,14,0.0,0.0,,0.06893722029597726,0.19288225299461068,0.30032746262486965,0.43528187799224066,0.57562715432305,0.5661521742419231
34,4,43.0,14,0.0,0.0,,0.06893722029597726,0.19288225299461068,0.30032746262486965,0.43528187799224066,0.57562715432305,0.6635133744202022
34,4,44.0,14,0.0,0.0,,0.06893722029597726,0.19288225299461068,0.30032746262486965,0.43528187799224066,0.57562715432305,0.5041661676658808
34,4,45.0,14,0.0,0.0,,0.06893722029597726,0.19288225299461068,0.30032746262486965,0.43528187799224066,0.57562715432305,0.44055681681812037
34,4,46.0,14,0.0,0.0,,0.06893722029597726,0.19288225299461068,0.30032746262486965,0.43528187799224066,0.57562715432305,0.576005475337773
34,4,47.0,14,0.0,0.0,,0.06893722029597726,0.19288225299461068,0.30032746262486965,0.43528187799224066,0.57562715432305,0.5878251550829273
34,4,48.0,14,0.0,0.0,,0.06893722029597726,0.19288225299461068,0.30032746262486965,0.43528187799224066,0.57562715432305,0.5977949694028546
34,4,49.0,14,0.0,0.0,,0.06893722029597726,0.19288225299461068,0.30032746262486965,0.43528187799224066,0.57562715432305,0.5275871020618649
34,4,50.0,14,0.0,0.0,,0.06893722029597726,0.19288225299461068,0.30032746262486965,0.43528187799224066,0.57562715432305,0.6130062595162566
34,4,51.0,14,0.0,0.0,,0.06893722029597726,0.19288225299461068,0.30032746262486965,0.43528187799224066,0.57562715432305,0.6608212853191271
34,4,52.0,14,0.0,0.0,,0.06893722029597726,0.19288225299461068,0.30032746262486965,0.43528187799224066,0.57562715432305,0.5286657005843141
34,4,53.0,14,0.0,0.0,,0.06893722029597726,0.19288225299461068,0.30032746262486965,0.43528187799224066,0.57562715432305,0.6221289708129973
34,4,54.0,14,0.0,0.0,,0.06893722029597726,0.19288225299461068,0.30032746262486965,0.43528187799224066,0.57562715432305,0.6713821930140561
34,4,55.0,14,0.0,0.0,,0.06893722029597726,0.19288225299461068,0.30032746262486965,0.43528187799224066,0.57562715432305,0.6951655134844673
34,4,56.0,14,0.0,0.0,,0.06893722029597726,0.19288225299461068,0.30032746262486965,0.43528187799224066,0.57562715432305,0.6797864016471041
34,4,57.0,14,0.0,0.0,,0.06893722029597726,0.19288225299461068,0.30032746262486965,0.43528187799224066,0.57562715432305,0.5317203497955685
34,4,58.0,14,0.0,0.0,,0.06893722029597726,0.19288225299461068,0.30032746262486965,0.43528187799224066,0.57562715432305,0.645636631865738
34,4,59.0,14,0.0,0.0,,0.06893722029597726,0.19288225299461068,0.30032746262486965,0.43528187799224066,0.57562715432305,0.7459299044168259
34,4,60.0,14,0.0,0.0,,0.06893722029597726,0.19288225299461068,0.30032746262486965,0.43528187799224066,0.57562715432305,0.6802934043896618
34,4,61.0,14,0.0,0.0,,0.06893722029597726,0.19288225299461068,0.30032746262486965,0.43528187799224066,0.57562715432305,0.5951440106793632
34,4,62.0,14,0.0,0.0,,0.06893722029597726,0.19288225299461068,0.30032746262486965,0.43528187799224066,0.57562715432305,0.5125553250624342
34,4,63.0,14,0.0,0.0,,0.06893722029597726,0.19288225299461068,0.30032746262486965,0.43528187799224066,0.57562715432305,0.5783026407842795
34,4,64.0,14,0.0,0.0,,0.06893722029597726,0.19288225299461068,0.30032746262486965,0.43528187799224066,0.57562715432305,0.7577452861202194
34,4,65.0,14,0.0,0.0,,0.06893722029597726,0.19288225299461068,0.30032746262486965,0.43528187799224066,0.57562715432305,0.7196282316617187
34,4,66.0,14,0.0,0.0,,0.06893722029597726,0.19288225299461068,0.30032746262486965,0.43528187799224066,0.57562715432305,0.686078409028973
34,4,67.0,14,0.0,0.0,,0.06893722029597726,0.19288225299461068,0.30032746262486965,0.43528187799224066,0.57562715432305,0.6831104217131998
34,4,68.0,14,0.0,0.0,,0.06893722029597726,0.19288225299461068,0.30032746262486965,0.43528187799224066,0.57562715432305,0.4103487581207489
34,4,69.0,14,0.0,0.0,,0.06893722029597726,0.19288225299461068,0.30032746262486965,0.43528187799224066,0.57562715432305,0.6181106696793073
34,4,70.0,14,0.0,0.0,,0.06893722029597726,0.19288225299461068,0.30032746262486965,0.43528187799224066,0.57562715432305,0.7509131042173227
34,4,71.0,14,0.0,0.0,,0.06893722029597726,0.19288225299461068,0.30032746262486965,0.43528187799224066,0.57562715432305,0.7116695198271202
34,4,72.0,14,0.0,0.0,,0.06893722029597726,0.19288225299461068,0.30032746262486965,0.43528187799224066,0.57562715432305,0.5713524913363706
34,4,73.0,14,0.0,0.0,,0.06893722029597726,0.19288225299461068,0.30032746262486965,0.43528187799224066,0.57562715432305,0.6180692635390289
34,4,74.0,14,0.0,0.0,,0.06893722029597726,0.19288225299461068,0.30032746262486965,0.43528187799224066,0.57562715432305,0.46190526134634347
34,4,75.0,14,0.0,0.0,,0.06893722029597726,0.19288225299461068,0.30032746262486965,0.43528187799224066,0.57562715432305,0.6972128573732075
34,4,76.0,14,0.0,0.0,,0.06893722029597726,0.19288225299461068,0.30032746262486965,0.43528187799224066,0.57562715432305,0.639965573445829
34,4,77.0,14,0.0,0.0,,0.06893722029597726,0.19288225299461068,0.30032746262486965,0.43528187799224066,0.57562715432305,0.7309119383027436
34,4,78.0,14,0.0,0.0,,0.06893722029597726,0.19288225299461068,0.30032746262486965,0.43528187799224066,0.57562715432305,0.49643496617323946
34,4,79.0,14,0.0,0.0,,0.06893722029597726,0.19288225299461068,0.30032746262486965,0.43528187799224066,0.57562715432305,0.7511936457292385
34,4,80.0,14,0.0,0.0,,0.06893722029597726,0.19288225299461068,0.30032746262486965,0.43528187799224066,0.57562715432305,0.5338292127149662
34,4,81.0,14,0.0,0.0,,0.06893722029597726,0.19288225299461068,0.30032746262486965,0.43528187799224066,0.57562715432305,0.5425845704530196
34,4,82.0,14,0.0,0.0,,0.06893722029597726,0.19288225299461068,0.30032746262486965,0.43528187799224066,0.57562715432305,0.5041025093817906
34,4,83.0,14,0.0,0.0,,0.06893722029597726,0.19288225299461068,0.30032746262486965,0.43528187799224066,0.57562715432305,0.5966856370550837
34,4,84.0,14,0.0,0.0,,0.06893722029597726,0.19288225299461068,0.30032746262486965,0.43528187799224066,0.57562715432305,0.6447923046846681
34,4,85.0,14,0.0,0.0,,0.06893722029597726,0.19288225299461068,0.30032746262486965,0.43528187799224066,0.57562715432305,0.5871271614497223
34,4,86.0,14,0.0,0.0,,0.06893722029597726,0.19288225299461068,0.30032746262486965,0.43528187799224066,0.57562715432305,0.5913424403171479
34,4,87.0,14,0.0,0.0,,0.06893722029597726,0.19288225299461068,0.30032746262486965,0.43528187799224066,0.57562715432305,0.685788319345662
34,4,88.0,14,0.0,0.0,,0.06893722029597726,0.19288225299461068,0.30032746262486965,0.43528187799224066,0.57562715432305,0.5867584430182896
34,4,89.0,14,0.0,0.0,,0.06893722029597726,0.19288225299461068,0.30032746262486965,0.43528187799224066,0.57562715432305,0.6541174067910879
34,4,90.0,14,0.0,0.0,,0.06893722029597726,0.19288225299461068,0.30032746262486965,0.43528187799224066,0.57562715432305,0.6481527794829779
34,4,91.0,14,0.0,0.0,,0.06893722029597726,0.19288225299461068,0.30032746262486965,0.43528187799224066,0.57562715432305,0.5636742935759461
34,4,92.0,14,0.0,0.0,,0.06893722029597726,0.19288225299461068,0.30032746262486965,0.43528187799224066,0.57562715432305,0.7347775221336269
34,4,93.0,14,0.0,0.0,,0.06893722029597726,0.19288225299461068,0.30032746262486965,0.43528187799224066,0.57562715432305,0.5052556119454178
34,4,94.0,14,0.0,0.0,,0.06893722029597726,0.19288225299461068,0.30032746262486965,0.43528187799224066,0.57562715432305,0.6445977489908769
34,4,95.0,14,0.0,0.0,,0.06893722029597726,0.19288225299461068,0.30032746262486965,0.43528187799224066,0.57562715432305,0.5345013666977566
34,4,96.0,14,0.0,0.0,,0.06893722029597726,0.19288225299461068,0.30032746262486965,0.43528187799224066,0.57562715432305,0.6681664702812754
34,4,97.0,14,0.0,0.0,,0.06893722029597726,0.19288225299461068,0.30032746262486965,0.43528187799224066,0.57562715432305,0.6376327374251055
34,4,98.0,14,0.0,0.0,,0.06893722029597726,0.19288225299461068,0.30032746262486965,0.43528187799224066,0.57562715432305,0.6542997763965468
34,4,99.0,14,0.0,0.0,,0.06893722029597726,0.19288225299461068,0.30032746262486965,0.43528187799224066,0.57562715432305,0.6440225346531647
34,4,100.0,14,0.0,0.0,,0.06893722029597726,0.19288225299461068,0.30032746262486965,0.43528187799224066,0.57562715432305,0.5504874613571227
