RunId,iteration,Step,cognitive_capacity,signal_noise,task_complexity,rng,1,3,5,8,12,18
0,0,1.0,6,0.0,0.0,,0.1535182751093859,0.39346934028736663,0.5654017914929217,0.6919648141448065,0.7265459306226685,0.5908817550154312
0,0,2.0,6,0.0,0.0,,0.1535182751093859,0.39346934028736663,0.5654017914929217,0.5833319331332396,0.6463160711944547,0.31250077569335305
0,0,3.0,6,0.0,0.0,,0.1535182751093859,0.39346934028736663,0.5654017914929217,0.6178458228006,0.6577724057582321,0.505388050544858
0,0,4.0,6,0.0,0.0,,0.1535182751093859,0.39346934028736663,0.5654017914929217,0.6105346168103154,0.417239884888135,0.5199488752325226
0,0,5.0,6,0.0,0.0,,0.1535182751093859,0.39346934028736663,0.5654017914929217,0.7048473547578425,0.7371251435810532,0.5008216610339808
0,0,6.0,6,0.0,0.0,,0.1535182751093859,0.39346934028736663,0.5654017914929217,0.604721380838124,0.7004251041361977,0.6713619964074165
0,0,7.0,6,0.0,0.0,,0.1535182751093859,0.39346934028736663,0.5654017914929217,0.659947803214783,0.5648448094667067,0.44205211907386516
0,0,8.0,6,0.0,0.0,,0.1535182751093859,0.39346934028736663,0.5654017914929217,0.5756201676042069,0.6307590570080186,0.34798445612956963
0,0,9.0,6,0.0,0.0,,0.1535182751093859,0.39346934028736663,0.5654017914929217,0.6017078489485357,0.6554527754622732,0.5328159632868973
0,0,10.0,6,0.0,0.0,,0.1535182751093859,0.39346934028736663,0.5654017914929217,0.6988150039939396,0.5510531953542698,0.6680431899703078
0,0,11.0,6,0.0,0.0,,0.1535182751093859,0.39346934028736663,0.5654017914929217,0.612279949005891,0.5669545156823637,0.7074208159706206
0,0,12.0,6,0.0,0.0,,0.1535182751093859,0.39346934028736663,0.5654017914929217,0.6164767813559499,0.5515326181439931,0.4532408995266306
0,0,13.0,6,0.0,0.0,,0.1535182751093859,0.39346934028736663,0.5654017914929217,0.6056783060513715,0.4667967112015223,0.5510753401531643
0,0,14.0,6,0.0,0.0,,0.1535182751093859,0.39346934028736663,0.5654017914929217,0.6778383386868108,0.5497704845517594,0.3641641039474851
0,0,15.0,6,0.0,0.0,,0.1535182751093859,0.39346934028736663,0.5654017914929217,0.6184636871603295,0.5624711583679929,0.5771923959266236
0,0,16.0,6,0.0,0.0,,0.1535182751093859,0.39346934028736663,0.5654017914929217,0.6468705921328586,0.5927984236251597,0.7392743439162032
0,0,17.0,6,0.0,0.0,,0.1535182751093859,0.39346934028736663,0.5654017914929217,0.5910382599499389,0.6513832344122632,0.6187477715130176
0,0,18.0,6,0.0,0.0,,0.1535182751093859,0.39346934028736663,0.5654017914929217,0.7008475297721924,0.6666390058745902,0.6746953166143641
0,0,19.0,6,0.0,0.0,,0.1535182751093859,0.39346934028736663,0.5654017914929217,0.5259165156252933,0.5601182830539133,0.6743018014491872
0,0,20.0,6,0.0,0.0,,0.1535182751093859,0.39346934028736663,0.5654017914929217,0.6125860350468885,0.5797835212006744,0.3097603136500929
0,0,21.0,6,0.0,0.0,,0.1535182751093859,0.39346934028736663,0.5654017914929217,0.5957301256832813,0.5420702762149523,0.4229920406135972
0,0,22.0,6,0.0,0.0,,0.1535182751093859,0.39346934028736663,0.5654017914929217,0.708501248233739,0.45543582450450754,0.5431703280254965
0,0,23.0,6,0.0,0.0,,0.1535182751093859,0.39346934028736663,0.5654017914929217,0.6119736952439057,0.5764341824272009,0.5111944747268645
0,0,24.0,6,0.0,0.0,,0.1535182751093859,0.39346934028736663,0.5654017914929217,0.62899726348795,0.5046439537172641,0.5292310946112332
0,0,25.0,6,0.0,0.0,,0.1535182751093859,0.39346934028736663,0.5654017914929217,0.6344840609895448,0.5200497056654272,0.5832244018488584
0,0,26.0,6,0.0,0.0,,0.1535182751093859,0.39346934028736663,0.5654017914929217,0.68852312801996,0.6387951261542854,0.4471078968614982
0,0,27.0,6,0.0,0.0,,0.1535182751093859,0.39346934028736663,0.5654017914929217,0.6872938881492963,0.539049569088484,0.601319732715708
0,0,28.0,6,0.0,0.0,,0.1535182751093859,0.39346934028736663,0.5654017914929217,0.6929889134653374,0.6531899433163856,0.6055639170169942
0,0,29.0,6,0.0,0.0,,0.1535182751093859,0.39346934028736663,0.5654017914929217,0.571987514902635,0.7117488723961664,0.5372843095977448
0,0,30.0,6,0.0,0.0,,0.1535182751093859,0.39346934028736663,0.5654017914929217,0.7248603069274394,0.4629740716342267,0.48350646382017837
0,0,31.0,6,0.0,0.0,,0.1535182751093859,0.39346934028736663,0.5654017914929217,0.5988794913535044,0.4334206647182424,0.617231279734699
0,0,32.0,6,0.0,0.0,,0.1535182751093859,0.39346934028736663,0.5654017914929217,0.656760490230661,0.7913547107774596,0.4575281408552672
0,0,33.0,6,0.0,0.0,,0.1535182751093859,0.39346934028736663,0.5654017914929217,0.6132171074315718,0.6769933500306032,0.41412215240933714
0,0,34.0,6,0.0,0.0,,0.1535182751093859,0.39346934028736663,0.5654017914929217,0.6759774145655089,0.4607983995225526,0.46421212860881733
0,0,35.0,6,0.0,0.0,,0.1535182751093859,0.39346934028736663,0.5654017914929217,0.6101698928326228,0.5399565450383204,0.449493449416666
0,0,36.0,6,0.0,0.0,,0.1535182751093859,0.39346934028736663,0.5654017914929217,0.6147560419280338,0.6093032473333325,0.5665608230311914
0,0,37.0,6,0.0,0.0,,0.1535182751093859,0.39346934028736663,0.5654017914929217,0.6422759459883791,0.5192894098314393,0.5577880866752227
0,0,38.0,6,0.0,0.0,,0.1535182751093859,0.39346934028736663,0.5654017914929217,0.5917421923416305,0.6537881374792599,0.4355255972915518
0,0,39.0,6,0.0,0.0,,0.1535182751093859,0.39346934028736663,0.5654017914929217,0.6360481809423156,0.5919900559334244,0.49962889672907007
0,0,40.0,6,0.0,0.0,,0.1535182751093859,0.39346934028736663,0.5654017914929217,0.5346714641398495,0.6576847825778669,0.7040710719329775
0,0,41.0,6,0.0,0.0,,0.1535182751093859,0.39346934028736663,0.5654017914929217,0.6954217812340059,0.7004956095774031,0.6887197987732688
0,0,42.0,6,0.0,0.0,,0.1535182751093859,0.39346934028736663,0.5654017914929217,0.6659921616278789,0.6622862000861081,0.6704786460702027
0,0,43.0,6,0.0,0.0,,0.1535182751093859,0.39346934028736663,0.5654017914929217,0.6339118688969755,0.6729699285883743,0.7948016419405777
0,0,44.0,6,0.0,0.0,,0.1535182751093859,0.39346934028736663,0.5654017914929217,0.5716092559406514,0.5135550946443771,0.7977297040972907
0,0,45.0,6,0.0,0.0,,0.1535182751093859,0.39346934028736663,0.5654017914929217,0.7611932048619546,0.540954845299349,0.733215611660818
0,0,46.0,6,0.0,0.0,,0.1535182751093859,0.39346934028736663,0.5654017914929217,0.6813750688928459,0.4884874235777197,0.5078795187608952
0,0,47.0,6,0.0,0.0,,0.1535182751093859,0.39346934028736663,0.5654017914929217,0.6765441128640969,0.522543033399889,0.3556077088706505
0,0,48.0,6,0.0,0.0,,0.1535182751093859,0.39346934028736663,0.5654017914929217,0.6656190138546381,0.4753839643688537,0.7321074870256566
0,0,49.0,6,0.0,0.0,,0.1535182751093859,0.39346934028736663,0.5654017914929217,0.6415198529067717,0.7272401331234551,0.49619785661592564
0,0,50.0,6,0.0,0.0,,0.1535182751093859,0.39346934028736663,0.5654017914929217,0.6817635654830354,0.5861918221682163,0.5637484993987157
0,0,51.0,6,0.0,0.0,,0.1535182751093859,0.39346934028736663,0.5654017914929217,0.7115885428268537,0.5949829607670301,0.2886651281777543
0,0,52.0,6,0.0,0.0,,0.1535182751093859,0.39346934028736663,0.5654017914929217,0.657030164456823,0.41441199631066067,0.6877297908888229
0,0,53.0,6,0.0,0.0,,0.1535182751093859,0.39346934028736663,0.5654017914929217,0.7117851014588148,0.4196777657220812,0.7610032352136082
0,0,54.0,6,0.0,0.0,,0.1535182751093859,0.39346934028736663,0.5654017914929217,0.7615178341175832,0.37890350053579,0.7064786562494719
0,0,55.0,6,0.0,0.0,,0.1535182751093859,0.39346934028736663,0.5654017914929217,0.608995001126092,0.6494547488466451,0.4078090538620893
0,0,56.0,6,0.0,0.0,,0.1535182751093859,0.39346934028736663,0.5654017914929217,0.6576416771902228,0.6217702170355528,0.6408484542146973
0,0,57.0,6,0.0,0.0,,0.1535182751093859,0.39346934028736663,0.5654017914929217,0.6957094812095546,0.5765580644926817,0.5508298584703412
0,0,58.0,6,0.0,0.0,,0.1535182751093859,0.39346934028736663,0.5654017914929217,0.6778552761885968,0.4832126139207328,0.4946313583755032
0,0,59.0,6,0.0,0.0,,0.1535182751093859,0.39346934028736663,0.5654017914929217,0.5875104087227265,0.44505555897418797,0.8498996506043828
0,0,60.0,6,0.0,0.0,,0.1535182751093859,0.39346934028736663,0.5654017914929217,0.5598839254573884,0.6388094568260752,0.5863644272277069
0,0,61.0,6,0.0,0.0,,0.1535182751093859,0.39346934028736663,0.5654017914929217,0.6361046536736445,0.6590277036336646,0.4211007350445641
0,0,62.0,6,0.0,0.0,,0.1535182751093859,0.39346934028736663,0.5654017914929217,0.7747951406008566,0.490752647151691,0.3727958831650121
0,0,63.0,6,0.0,0.0,,0.1535182751093859,0.39346934028736663,0.5654017914929217,0.7338611859604537,0.6288733972317974,0.5034766720811106
0,0,64.0,6,0.0,0.0,,0.1535182751093859,0.39346934028736663,0.5654017914929217,0.5708336961508376,0.5725922799756824,0.6953364134798032
0,0,65.0,6,0.0,0.0,,0.1535182751093859,0.39346934028736663,0.5654017914929217,0.6345714669652448,0.6161696967223242,0.6369678820862743
0,0,66.0,6,0.0,0.0,,0.1535182751093859,0.39346934028736663,0.5654017914929217,0.6280337193810268,0.557596035861459,0.6190242623344135
0,0,67.0,6,0.0,0.0,,0.1535182751093859,0.39346934028736663,0.5654017914929217,0.716487678434131,0.5485422082357004,0.7458812062824376
0,0,68.0,6,0.0,0.0,,0.1535182751093859,0.39346934028736663,0.5654017914929217,0.6363916304998755,0.6598355829665227,0.5604324958406819
0,0,69.0,6,0.0,0.0,,0.1535182751093859,0.39346934028736663,0.5654017914929217,0.6995367636137135,0.5511401000279574,0.665028713416562
0,0,70.0,6,0.0,0.0,,0.1535182751093859,0.39346934028736663,0.5654017914929217,0.6893171200224268,0.6508795682666133,0.5135044131019255
0,0,71.0,6,0.0,0.0,,0.1535182751093859,0.39346934028736663,0.5654017914929217,0.635507595948172,0.4255443293406872,0.22919214626261725
0,0,72.0,6,0.0,0.0,,0.1535182751093859,0.39346934028736663,0.5654017914929217,0.691143354036333,0.5548567792595172,0.5902799191167828
0,0,73.0,6,0.0,0.0,,0.1535182751093859,0.39346934028736663,0.5654017914929217,0.6385584848276078,0.3434517431495012,0.6467000591119678
0,0,74.0,6,0.0,0.0,,0.1535182751093859,0.39346934028736663,0.5654017914929217,0.5836456965720869,0.5166786947086527,0.49321481085183977
0,0,75.0,6,0.0,0.0,,0.1535182751093859,0.39346934028736663,0.5654017914929217,0.6329821792974621,0.6428679720216837,0.6071129046286089
0,0,76.0,6,0.0,0.0,,0.1535182751093859,0.39346934028736663,0.5654017914929217,0.6046972998741234,0.3718087831550754,0.6812090830104747
0,0,77.0,6,0.0,0.0,,0.1535182751093859,0.39346934028736663,0.5654017914929217,0.5824237983849995,0.6830363122873353,0.6442701431122655
0,0,78.0,6,0.0,0.0,,0.1535182751093859,0.39346934028736663,0.5654017914929217,0.7001304222291019,0.7394379056094492,0.48043079273686845
0,0,79.0,6,0.0,0.0,,0.1535182751093859,0.39346934028736663,0.5654017914929217,0.6060134786142238,0.7452389740777186,0.6103876521486937
0,0,80.0,6,0.0,0.0,,0.1535182751093859,0.39346934028736663,0.5654017914929217,0.683288593135601,0.6210297672222762,0.43681751270313385
0,0,81.0,6,0.0,0.0,,0.1535182751093859,0.39346934028736663,0.5654017914929217,0.6415953311410703,0.6945217886441404,0.300808681746473
0,0,82.0,6,0.0,0.0,,0.1535182751093859,0.39346934028736663,0.5654017914929217,0.7144375940120877,0.7521764735248111,0.528371494839005
0,0,83.0,6,0.0,0.0,,0.1535182751093859,0.39346934028736663,0.5654017914929217,0.5281989436854252,0.6636721178139064,0.4630506238639156
0,0,84.0,6,0.0,0.0,,0.1535182751093859,0.39346934028736663,0.5654017914929217,0.6084559862876977,0.5894530350896863,0.702776371582283
0,0,85.0,6,0.0,0.0,,0.1535182751093859,0.39346934028736663,0.5654017914929217,0.6035686374900762,0.22520397587435942,0.42421882398810684
0,0,86.0,6,0.0,0.0,,0.1535182751093859,0.39346934028736663,0.5654017914929217,0.6039532027799568,0.6213951318116755,0.47062634342807497
0,0,87.0,6,0.0,0.0,,0.1535182751093859,0.39346934028736663,0.5654017914929217,0.6684427150424608,0.7071440942366636,0.6031271738227209
0,0,88.0,6,0.0,0.0,,0.1535182751093859,0.39346934028736663,0.5654017914929217,0.7242094781233892,0.5517847510136625,0.7232743973066755
0,0,89.0,6,0.0,0.0,,0.1535182751093859,0.39346934028736663,0.5654017914929217,0.6397681358976477,0.6222725990266211,0.6861377242495732
0,0,90.0,6,0.0,0.0,,0.1535182751093859,0.39346934028736663,0.5654017914929217,0.6376018249625327,0.5863707331549116,0.42161852936604366
0,0,91.0,6,0.0,0.0,,0.1535182751093859,0.39346934028736663,0.5654017914929217,0.6940904184886778,0.6044750595740734,0.5105758430257088
0,0,92.0,6,0.0,0.0,,0.1535182751093859,0.39346934028736663,0.5654017914929217,0.6685638633777435,0.7463168808411063,0.4901593099309709
0,0,93.0,6,0.0,0.0,,0.1535182751093859,0.39346934028736663,0.5654017914929217,0.6855627700049876,0.7195827917187863,0.4653866151515997
0,0,94.0,6,0.0,0.0,,0.1535182751093859,0.39346934028736663,0.5654017914929217,0.5995778426440167,0.4455466001638487,0.6607212068488382
0,0,95.0,6,0.0,0.0,,0.1535182751093859,0.39346934028736663,0.5654017914929217,0.6573862774896357,0.8088855657767988,0.8045596357268909
0,0,96.0,6,0.0,0.0,,0.1535182751093859,0.39346934028736663,0.5654017914929217,0.6800530931337017,0.46070228429920207,0.3783953505785537
0,0,97.0,6,0.0,0.0,,0.1535182751093859,0.39346934028736663,0.5654017914929217,0.700931099458761,0.563204488071268,0.47120928721512784
0,0,98.0,6,0.0,0.0,,0.1535182751093859,0.39346934028736663,0.5654017914929217,0.5579146678565491,0.4563693180125698,0.6677189211561416
0,0,99.0,6,0.0,0.0,,0.1535182751093859,0.39346934028736663,0.5654017914929217,0.6346134580723023,0.8405757124831684,0.5609028611285443
0,0,100.0,6,0.0,0.0,,0.1535182751093859,0.39346934028736663,0.5654017914929217,0.5936469500040298,0.7493249617875671,0.6057776633789638
1,0,1.0,6,0.25,0.0,,0.14718160681672193,0.40905402949148584,0.595175474701023,0.6262507374995141,0.6358695143998301,0.501420700322441
1,0,2.0,6,0.25,0.0,,0.15622078924323707,0.42230232839081,0.5322748295509004,0.5501309653218354,0.4795367163080648,0.419457895648571
1,0,3.0,6,0.25,0.0,,0.15116375163873003,0.4139071271803433,0.5506363600037876,0.5673142742600555,0.6951638016853231,0.3709466878468609
1,0,4.0,6,0.25,0.0,,0.1439339949653849,0.40647583896139616,0.5696618670940713,0.6721035143467058,0.5796872109970213,0.506192066843315
1,0,5.0,6,0.25,0.0,,0.17429976793154595,0.36245480914037526,0.442440126447251,0.5130395368949012,0.6263130746336261,0.5204998325907193
1,0,6.0,6,0.25,0.0,,0.1487429482539449,0.35620793427478004,0.5140352747117521,0.6828783686653215,0.4261871022068007,0.5742912738072572
1,0,7.0,6,0.25,0.0,,0.14861345965153816,0.4414540620985309,0.5827323260801569,0.5700795171867856,0.7311772274781215,0.6507811587118107
1,0,8.0,6,0.25,0.0,,0.14792500028666472,0.347689602220803,0.6053567888632709,0.6005858621246659,0.38423340252342364,0.8107575812402621
1,0,9.0,6,0.25,0.0,,0.11838009350749656,0.41833966974229425,0.5104330180755047,0.7056497705134136,0.6819346757435889,0.5340153657185469
1,0,10.0,6,0.25,0.0,,0.16349621280091053,0.280246303301773,0.6206574957994875,0.6475176046974901,0.6144267149213427,0.5271432287065674
1,0,11.0,6,0.25,0.0,,0.1596897739929485,0.4066354805817925,0.6098458320328888,0.480674535521249,0.6978017544089269,0.5578576253625566
1,0,12.0,6,0.25,0.0,,0.16847228556050992,0.4018494465620435,0.6604391965747344,0.5441842881443597,0.6105106355239057,0.38379439249311753
1,0,13.0,6,0.25,0.0,,0.14262506499766495,0.40349612530006224,0.624607619169623,0.5584793157982386,0.5269151250623647,0.4645743401616132
1,0,14.0,6,0.25,0.0,,0.15730315848209872,0.36169198363024035,0.5658540670780202,0.5704544765814884,0.44731511877833763,0.5277067015487691
1,0,15.0,6,0.25,0.0,,0.1442207633912551,0.4264107031169383,0.45241008558245976,0.5006156971097483,0.557161419274056,0.31342566510927394
1,0,16.0,6,0.25,0.0,,0.1314747934923039,0.3934161057885637,0.47744418321589316,0.6731685899593243,0.5927460706112153,0.5876716900932283
1,0,17.0,6,0.25,0.0,,0.15682693795004204,0.42037725752295163,0.588208793733177,0.720145733421361,0.6290003278954217,0.39968841211299544
1,0,18.0,6,0.25,0.0,,0.1464686099429969,0.3620468935139064,0.6013505776220679,0.6839601795781343,0.6464074524171883,0.751978842964056
1,0,19.0,6,0.25,0.0,,0.16217520795005422,0.4048125893399283,0.5359596369659057,0.6094118549571096,0.683139500955104,0.4111727082381914
1,0,20.0,6,0.25,0.0,,0.16405756257110246,0.36316672879298645,0.4943819705144481,0.7499498291534346,0.573855363728063,0.5997370221474674
1,0,21.0,6,0.25,0.0,,0.16605821784824917,0.3811716563384951,0.6090237245369405,0.5509473990312678,0.510679158028693,0.45715763524155334
1,0,22.0,6,0.25,0.0,,0.15734760191209296,0.43094969425332186,0.483542174671026,0.7243787894157163,0.5852052569851701,0.6454581162100238
1,0,23.0,6,0.25,0.0,,0.1623097594416023,0.4024394917476207,0.5880957585654908,0.5865385214489665,0.5991738304432785,0.40716726842993634
1,0,24.0,6,0.25,0.0,,0.14815294510140692,0.4570290152248252,0.525071023671798,0.6645165832758974,0.5260383920963776,0.43942359280640775
1,0,25.0,6,0.25,0.0,,0.15381636264922874,0.3995476855674053,0.6558942914413214,0.6014154375105992,0.6523277484139273,0.5479813722537399
1,0,26.0,6,0.25,0.0,,0.14601477294448686,0.3605823813523895,0.5634284220191155,0.6815236735404036,0.702559808215027,0.6104228233072004
1,0,27.0,6,0.25,0.0,,0.1589980335315266,0.40572470434140434,0.5580797427417356,0.6360594385456466,0.5437283155507374,0.4818671487482848
1,0,28.0,6,0.25,0.0,,0.1581010491701409,0.3781620224121467,0.5919716292930562,0.48545031249784476,0.4385349661981029,0.5463740029809361
1,0,29.0,6,0.25,0.0,,0.15747429428437507,0.44919379460473746,0.5778452280256852,0.719592604808031,0.5017480405029289,0.37053716908385725
1,0,30.0,6,0.25,0.0,,0.14064901877086722,0.3869686074752192,0.5499275829430545,0.611999148888019,0.731988534284195,0.7112088108032097
1,0,31.0,6,0.25,0.0,,0.17332023989207238,0.3884824208121012,0.5922339156718001,0.7087643827199154,0.7249583048893113,0.6789252387629187
1,0,32.0,6,0.25,0.0,,0.13485860509632638,0.43716371595819237,0.5176931749567543,0.6707757712105712,0.7187890669784209,0.5657662907411863
1,0,33.0,6,0.25,0.0,,0.14441633684167968,0.34126604484617873,0.5657515024519808,0.6660929387538927,0.6101081524163864,0.5130671388096
1,0,34.0,6,0.25,0.0,,0.1566336181086955,0.4123789495074224,0.6393436827869744,0.6121470895359791,0.36859016166744396,0.5082239152544802
1,0,35.0,6,0.25,0.0,,0.13374497421956485,0.44489615567103796,0.5104406753147964,0.4444182303618252,0.5631657560727736,0.7102904211090402
1,0,36.0,6,0.25,0.0,,0.14320999704369294,0.3963225728665131,0.6605091711432141,0.5484521997029709,0.6501453984991518,0.7066923010557107
1,0,37.0,6,0.25,0.0,,0.16228419638394947,0.4018149494114116,0.6047374903883955,0.7266011705040594,0.6813586288403022,0.6543098915214756
1,0,38.0,6,0.25,0.0,,0.14078435553509738,0.41854016926398047,0.6545585136261404,0.7151197556901284,0.5172413106283643,0.28382436630065727
1,0,39.0,6,0.25,0.0,,0.17183851467770328,0.3792841782820683,0.5438787440086087,0.616170024712121,0.7455740026903006,0.6317828736024087
1,0,40.0,6,0.25,0.0,,0.1421195081440631,0.4111359950129147,0.5193166391507391,0.6749535456810515,0.6904116830871525,0.626528008305923
1,0,41.0,6,0.25,0.0,,0.13854809313543465,0.42012855301820384,0.6926885676271417,0.6846489232145533,0.573032556529751,0.5274467637388391
1,0,42.0,6,0.25,0.0,,0.14688488346288026,0.3383653079100076,0.5457739790753731,0.6467363698814388,0.6068647675806939,0.7309719880198958
1,0,43.0,6,0.25,0.0,,0.1591810511629219,0.38590230837795136,0.4668710533209771,0.6416917952949989,0.6402166504981104,0.3823870943265098
1,0,44.0,6,0.25,0.0,,0.15965757352598217,0.43950239430391747,0.6202540450273193,0.6025269378244017,0.33528787237852853,0.7273215228977025
1,0,45.0,6,0.25,0.0,,0.15725935634602645,0.43010457629913856,0.5063507753672922,0.5446937393801627,0.516038575270649,0.4150518770715236
1,0,46.0,6,0.25,0.0,,0.18474862249478757,0.31486354465931654,0.6299580718949145,0.6327983143001068,0.6620105969204559,0.6924690636565228
1,0,47.0,6,0.25,0.0,,0.19092231962884332,0.40237011590012217,0.5858199723304337,0.6200822075661856,0.7252659069373367,0.6896983190878081
1,0,48.0,6,0.25,0.0,,0.1811516282598382,0.4281817575063842,0.521135045226183,0.6578399230813117,0.5432600719145106,0.7380319032664573
1,0,49.0,6,0.25,0.0,,0.1429214600555077,0.47257608783227284,0.5399428111801169,0.6305231056496812,0.5635428957310503,0.4820610607023731
1,0,50.0,6,0.25,0.0,,0.13405712808321651,0.3486817807419995,0.5194551380173091,0.6796936727667556,0.8315308940235215,0.6367338072677178
1,0,51.0,6,0.25,0.0,,0.15156568264007472,0.26421301609743925,0.5935688052565584,0.6452153381794654,0.5041981518168407,0.45948478571514917
1,0,52.0,6,0.25,0.0,,0.15532776342011428,0.3830686025630346,0.5376935555424247,0.5767138208175568,0.5237307009816119,0.522854614023984
1,0,53.0,6,0.25,0.0,,0.1650944912838052,0.4326893766205531,0.6461808541183655,0.6186417847210557,0.7504379566455602,0.5944023260797884
1,0,54.0,6,0.25,0.0,,0.15492722251938415,0.4398192375204009,0.5423652396705675,0.5814460406485764,0.36029539811452915,0.7222331638997019
1,0,55.0,6,0.25,0.0,,0.14890540177743003,0.3576046393306213,0.6364717997009242,0.77074205775224,0.7279406307215426,0.5141329028938311
1,0,56.0,6,0.25,0.0,,0.15351775510890903,0.3595533160207016,0.6373337337363114,0.49383585040466527,0.5076989978928554,0.4293298878268284
1,0,57.0,6,0.25,0.0,,0.17663792666046926,0.39195198525752095,0.47557616835436456,0.6862311886473205,0.5517248041075348,0.4748225164742793
1,0,58.0,6,0.25,0.0,,0.14379064270365854,0.3469141701959309,0.47112892982363047,0.519226420359806,0.5660742440116694,0.469416931522315
1,0,59.0,6,0.25,0.0,,0.1498520299921546,0.42046907881841067,0.6061272908288751,0.5092084252054285,0.29751815397162196,0.5549545344713435
1,0,60.0,6,0.25,0.0,,0.14275658221317716,0.38284109406298644,0.5989014091818785,0.5831551414434781,0.5971030313958042,0.6187132869312993
1,0,61.0,6,0.25,0.0,,0.14082161776124907,0.3335562752861553,0.5185665239640078,0.5709983921479569,0.34660729673940255,0.6017752645653742
1,0,62.0,6,0.25,0.0,,0.16207576683772978,0.43866931097730344,0.5540076500530663,0.4173668107332283,0.5279778601196062,0.6152799000997473
1,0,63.0,6,0.25,0.0,,0.16067587593154245,0.31583841683247355,0.5245422404371624,0.5833471571537839,0.883116659645791,0.4425374493436919
1,0,64.0,6,0.25,0.0,,0.1609292319584098,0.39550852535173175,0.4984886472386011,0.6843298847164905,0.7272355219624951,0.6805381920520802
1,0,65.0,6,0.25,0.0,,0.1460175524504391,0.40465941693345203,0.5376773083867927,0.6269751925895347,0.5064245128539657,0.5624164869812127
1,0,66.0,6,0.25,0.0,,0.13459961460276007,0.3859241297035524,0.6082380445265907,0.6158243148514763,0.6324509011566268,0.6474773785081119
1,0,67.0,6,0.25,0.0,,0.14365759618084895,0.3808993409724111,0.6450856399237523,0.6105767463342044,0.6003686040553331,0.7867864036243717
1,0,68.0,6,0.25,0.0,,0.1753324723265785,0.3921935221011278,0.6435746280160405,0.5808732744778597,0.464454166069695,0.4208402894822135
1,0,69.0,6,0.25,0.0,,0.15498785462664105,0.3709488822421631,0.5383637878278338,0.7146017893380314,0.7028618596239167,0.4304949483136243
1,0,70.0,6,0.25,0.0,,0.16108402643262212,0.3918255774476529,0.5357784493473902,0.6821306631329569,0.6102446070777485,0.6220148775395998
1,0,71.0,6,0.25,0.0,,0.14265730077097022,0.4088814483337059,0.5653615660347961,0.5429880234021347,0.6485775569727753,0.476972104762386
1,0,72.0,6,0.25,0.0,,0.1835738251324201,0.34201865091626066,0.4853902771724048,0.6252802092216594,0.6776402966270993,0.6648507335965275
1,0,73.0,6,0.25,0.0,,0.1575406162776308,0.4148722282705675,0.5250045172706173,0.6727493698675565,0.5843151411862055,0.7582349492292149
1,0,74.0,6,0.25,0.0,,0.125225581331856,0.4121447683962473,0.4043504930905171,0.7751290046153374,0.6601397597557104,0.4267181398952702
1,0,75.0,6,0.25,0.0,,0.16750617472372242,0.37554561570954414,0.5173809857988233,0.6617765078371559,0.5774821327462205,0.5586752352202649
1,0,76.0,6,0.25,0.0,,0.14686670056131992,0.40284757192174736,0.49689989680611857,0.6358166312669093,0.5610710972571112,0.4327942422811824
1,0,77.0,6,0.25,0.0,,0.1527878867210815,0.3413541347896863,0.5555575891775716,0.6727261120466306,0.5242241984098708,0.6873703808760824
1,0,78.0,6,0.25,0.0,,0.15037382614140676,0.4353580640469711,0.6602694018605513,0.585568033454587,0.5639729460888967,0.471891570860247
1,0,79.0,6,0.25,0.0,,0.1542140271492488,0.36533455222662053,0.6618861851724105,0.6921060658249422,0.5377674371823711,0.5357851820230396
1,0,80.0,6,0.25,0.0,,0.1508545213759947,0.4211041302944324,0.527941017338834,0.6845524432958099,0.4298656148133889,0.3088610439193725
1,0,81.0,6,0.25,0.0,,0.14485136812269828,0.2953615867336045,0.47911927006322885,0.6419851075044155,0.6839036902634897,0.7242144316085207
1,0,82.0,6,0.25,0.0,,0.15972089141444967,0.4323926288980289,0.5160710817169243,0.7576092259948626,0.5595299688781237,0.5106891448550834
1,0,83.0,6,0.25,0.0,,0.19160391961716344,0.3581212763682474,0.5643032708512302,0.4466056158480981,0.4242468470864388,0.6669752602630397
1,0,84.0,6,0.25,0.0,,0.13392041486620196,0.43194976711190003,0.6760506818540369,0.6547772416283492,0.6112672837040212,0.6947238430071643
1,0,85.0,6,0.25,0.0,,0.17400583287080235,0.4725456901870476,0.5555521794635837,0.5008861906226941,0.5038704853449884,0.43881375675211415
1,0,86.0,6,0.25,0.0,,0.16214878386449183,0.4038676402588456,0.6220653455789532,0.6024863288580031,0.4900674592008144,0.6173172146273495
1,0,87.0,6,0.25,0.0,,0.1735061224487084,0.3697812139901347,0.5746797607769184,0.5864318953412986,0.5603068625324291,0.692209631693258
1,0,88.0,6,0.25,0.0,,0.16509775230594576,0.401096390431685,0.5750805773340193,0.5907418172404391,0.6308467921197363,0.41103059667806335
1,0,89.0,6,0.25,0.0,,0.15286110901464292,0.41427818952597073,0.5269858712746898,0.6918228912510853,0.6177517288769386,0.6935183595732861
1,0,90.0,6,0.25,0.0,,0.1424169980183487,0.41563381237408314,0.5716978144781257,0.47266635702982507,0.5365025588969102,0.6755481811303782
1,0,91.0,6,0.25,0.0,,0.16975223634833034,0.45781792308050173,0.4910833351573838,0.5076633908839695,0.7546882967351007,0.4240081906829998
1,0,92.0,6,0.25,0.0,,0.18234654527261257,0.41065295583841194,0.5074997487951146,0.5681560399649427,0.7225834537282685,0.4855535737755402
1,0,93.0,6,0.25,0.0,,0.15297913722578485,0.4210972345086342,0.5978452028619046,0.7365835765838773,0.4398789780906087,0.7282773239506911
1,0,94.0,6,0.25,0.0,,0.15294540960895767,0.3277305009184808,0.6693152487799825,0.526497509769749,0.6929479760926226,0.6580820216994467
1,0,95.0,6,0.25,0.0,,0.14535022339483203,0.3603341489707508,0.5023270116471098,0.4704260945094953,0.3889307557307536,0.407298450365232
1,0,96.0,6,0.25,0.0,,0.16368743262328805,0.41393099799797534,0.5755561464261386,0.6487902307664438,0.47894049728540705,0.5169450705847755
1,0,97.0,6,0.25,0.0,,0.16576924557286093,0.3793370053908744,0.5962715694364257,0.5838133145873405,0.617211583087582,0.6257016646501782
1,0,98.0,6,0.25,0.0,,0.13194291182377854,0.3237076417474252,0.5979470778794405,0.5155435831706274,0.40789945439694086,0.7937521922062383
1,0,99.0,6,0.25,0.0,,0.17014028345459611,0.42644724486702223,0.48579107561404095,0.5119598896536977,0.7093220447795616,0.6605040177936042
1,0,100.0,6,0.25,0.0,,0.1420611824572202,0.3880372978978898,0.5764860480365275,0.5918860964353673,0.5604572055051043,0.20092277356244787
2,0,1.0,6,0.5,0.0,,0.1575040270449799,0.4511623634348553,0.5503279527503213,0.566568776163377,0.6717483670629216,0.5584169309265581
2,0,2.0,6,0.5,0.0,,0.15340623259496783,0.39039655885750524,0.7303891730056978,0.6806144021898081,0.5969496330124282,0.6027405387073038
2,0,3.0,6,0.5,0.0,,0.17202427357598918,0.31995815129177463,0.3527740121627401,0.5418785586127819,0.5022910399019772,0.5548437759413126
2,0,4.0,6,0.5,0.0,,0.13226759767561683,0.37637588330290134,0.6413157677750257,0.31772848724839736,0.6423551027062078,0.45433121123239334
2,0,5.0,6,0.5,0.0,,0.15176141202041746,0.33262752665494616,0.47910398250339614,0.7339851825601821,0.5338487655419609,0.43245542184399266
2,0,6.0,6,0.5,0.0,,0.12204792739744266,0.3631647371213115,0.6449446573218574,0.6290263306164678,0.8370055296198204,0.5126118812684124
2,0,7.0,6,0.5,0.0,,0.142376365553951,0.4122493920057358,0.5370353610619951,0.5375582065685004,0.5769474798125052,0.611807037494032
2,0,8.0,6,0.5,0.0,,0.09060181441198616,0.3806403317511282,0.6571873484134907,0.7867705732701794,0.45634335386302166,0.501681926161867
2,0,9.0,6,0.5,0.0,,0.1352836148520826,0.3180651470656962,0.5333156043389865,0.5674175823273429,0.6672653040621171,0.6007669962191018
2,0,10.0,6,0.5,0.0,,0.16685739515570613,0.3375467245993608,0.6207221575096203,0.7188324301220967,0.6340092953038611,0.6133421851530074
2,0,11.0,6,0.5,0.0,,0.13507355400696955,0.2997969426911805,0.6836583473328622,0.6473337065974405,0.48298871915688074,0.5515530793468033
2,0,12.0,6,0.5,0.0,,0.16870949721909168,0.39340282505172464,0.6845430338090873,0.6431696995521704,0.6234616894051211,0.6040495898734137
2,0,13.0,6,0.5,0.0,,0.1107247589674933,0.423716441602126,0.7128126068959987,0.7888658083037545,0.40702095965475327,0.6194727611975588
2,0,14.0,6,0.5,0.0,,0.17325491972233859,0.42174081417113,0.5926344426091491,0.841583115434015,0.4434090302102005,0.4282783828384119
2,0,15.0,6,0.5,0.0,,0.15001403836899305,0.41573942658222435,0.5092398666887347,0.49130870064906923,0.7623497458351629,0.64622274085959
2,0,16.0,6,0.5,0.0,,0.14840449107669162,0.28444198959489564,0.4536122197396443,0.4863451651053263,0.4489818531725204,0.5281360510168825
2,0,17.0,6,0.5,0.0,,0.18541831388690422,0.5504457318271332,0.5646598321093588,0.5032412058604174,0.7397862480106885,0.5033607443714437
2,0,18.0,6,0.5,0.0,,0.14497177538765232,0.37381552278843305,0.4990163504042176,0.5934684814503036,0.5798832237256847,0.6034985249668271
2,0,19.0,6,0.5,0.0,,0.13291316366333913,0.38011525309270505,0.3556165314570124,0.6279276773025344,0.4847837978955939,0.3991129587604867
2,0,20.0,6,0.5,0.0,,0.1315215235611512,0.36558955595765263,0.7084740102699716,0.6350600872530519,0.6428098955155067,0.515864761239514
2,0,21.0,6,0.5,0.0,,0.17529906768021367,0.3651061117178288,0.5717260826328052,0.6877869522970718,0.7042407218623736,0.6528141389702886
2,0,22.0,6,0.5,0.0,,0.13715131486286367,0.3614234045694106,0.42394249684799734,0.5468717762024611,0.4999687403921865,0.7251738465697681
2,0,23.0,6,0.5,0.0,,0.13819581998272817,0.45048692537059265,0.7551322651181042,0.5379242464013488,0.5487593515707785,0.9075930831061427
2,0,24.0,6,0.5,0.0,,0.16529048287108816,0.4849299655675912,0.36961317634645596,0.4369898889669221,0.8339494440990199,0.7090483078348793
2,0,25.0,6,0.5,0.0,,0.1668674652269869,0.31250396933078023,0.5888844297399439,0.4468992719660898,0.3994445953803577,0.521363473784066
2,0,26.0,6,0.5,0.0,,0.1112867717461579,0.4148830757377121,0.5672100907885779,0.8324472090056215,0.5207146293877717,0.39154616545188875
2,0,27.0,6,0.5,0.0,,0.127444452759586,0.3903112327420878,0.4438969766732299,0.434838222792523,0.4695706296420572,0.5681320670412612
2,0,28.0,6,0.5,0.0,,0.17849984978271707,0.4509610162623009,0.7597094574333034,0.5944004056489157,0.6116323649525114,0.6476080877842953
2,0,29.0,6,0.5,0.0,,0.1486319773292481,0.32581962028322103,0.6407846983025612,0.7148915391753887,0.7350541447916138,0.6463816401901644
2,0,30.0,6,0.5,0.0,,0.17205104307386065,0.4011577776832425,0.5525827338068476,0.5009630128428324,0.7497951387898449,0.6466555530060267
2,0,31.0,6,0.5,0.0,,0.17007380171401726,0.4224382455883823,0.7265582340148367,0.6261473791913916,0.6059208191975377,0.5711562727385553
2,0,32.0,6,0.5,0.0,,0.15279370734290237,0.3880015203864552,0.6680902021000976,0.5054181465806364,0.6027931336107798,0.22133105905249534
2,0,33.0,6,0.5,0.0,,0.1966005365276584,0.43376301964376873,0.5136162303540606,0.6814650639836332,0.43613750009016067,0.726836899714691
2,0,34.0,6,0.5,0.0,,0.14281034429321154,0.3832768416086753,0.8189011683512797,0.6967019257453984,0.6933245958664721,0.6522068118565153
2,0,35.0,6,0.5,0.0,,0.19297757217896183,0.4918413600749886,0.4480327646784712,0.5080673222764013,0.40543126562716614,0.5498726696898169
2,0,36.0,6,0.5,0.0,,0.1745486204495458,0.319628979151772,0.5651572880019218,0.623473904845292,0.533526735376343,0.23601218996753975
2,0,37.0,6,0.5,0.0,,0.14323594231427933,0.3910612580273578,0.6534141402292277,0.7461837017494499,0.6250155961186878,0.7190094504582093
2,0,38.0,6,0.5,0.0,,0.14426842439518045,0.318592574679217,0.6100558110477414,0.539048826994075,0.5659883665911583,0.5016489393210064
2,0,39.0,6,0.5,0.0,,0.1593696421330656,0.5002577654294711,0.5012827920698928,0.6873427118924021,0.7219647838063333,0.44978867054846533
2,0,40.0,6,0.5,0.0,,0.18278143263592703,0.4420345165910208,0.475982014240782,0.6935235733578822,0.7015526886502087,0.475867310367597
2,0,41.0,6,0.5,0.0,,0.21109942134290843,0.24828617506606726,0.5532705976087247,0.6868493787278152,0.5722979562741168,0.5858155715193585
2,0,42.0,6,0.5,0.0,,0.22331731301019092,0.34390766034053033,0.47847089870003223,0.7273761207268128,0.33198298189416525,0.354090943847161
2,0,43.0,6,0.5,0.0,,0.13809714833651915,0.3661869394334846,0.5230534515263174,0.4830392054995601,0.36628264619862827,0.6897522006212201
2,0,44.0,6,0.5,0.0,,0.14988695476989086,0.3964327200777428,0.46656459601484385,0.6968879436298773,0.2793148075156754,0.2674097986119905
2,0,45.0,6,0.5,0.0,,0.14328386679749497,0.3138571010716538,0.6678540093764227,0.5347333945240581,0.5134286616601267,0.6425790454196478
2,0,46.0,6,0.5,0.0,,0.16430002809186806,0.4641127634796984,0.6049988835022317,0.8366987897883552,0.5347096027439037,0.3156653836795777
2,0,47.0,6,0.5,0.0,,0.1736680136165136,0.2781957290314826,0.6656497689441917,0.6625695453255259,0.3351824376889393,0.5555608508255544
2,0,48.0,6,0.5,0.0,,0.16300797233948935,0.3742052613796505,0.4558748077325296,0.7082293697986055,0.3321579948826078,0.552030299897328
2,0,49.0,6,0.5,0.0,,0.14871355590264057,0.36614509173853044,0.5407877473113638,0.6669825908592331,0.7004446303645583,0.45611762921750554
2,0,50.0,6,0.5,0.0,,0.17692495855675666,0.4178853470727885,0.5823101376360322,0.557008086348038,0.7748372859853834,0.5039496590881704
2,0,51.0,6,0.5,0.0,,0.13573631536038575,0.527484258967469,0.42626394008547946,0.6075167944718328,0.7201109431364301,0.5148627422500356
2,0,52.0,6,0.5,0.0,,0.15410786991584577,0.49931674231868745,0.45563629360542246,0.7735430002406302,0.6648951091521499,0.6166565757187261
2,0,53.0,6,0.5,0.0,,0.1714798157998823,0.378180628070136,0.6042130229624286,0.5216658588704131,0.47577139643475697,0.5252869767022681
2,0,54.0,6,0.5,0.0,,0.14222805447144626,0.3965354583848349,0.6426929811309223,0.5078614076779541,0.5421628885299612,0.5247712724698198
2,0,55.0,6,0.5,0.0,,0.12566884895452485,0.4101517697939566,0.4762755551150938,0.7802690435586371,0.5682634639369661,0.4920210081560043
2,0,56.0,6,0.5,0.0,,0.1696722319007365,0.4342303164126933,0.3944926879391712,0.595128169604567,0.575011186884564,0.37709114126655674
2,0,57.0,6,0.5,0.0,,0.20325011790701158,0.36371040651548214,0.6619690375165204,0.6712988847754405,0.5611773422117149,0.7709184654988015
2,0,58.0,6,0.5,0.0,,0.1491496060713606,0.36859203146191266,0.450019311545865,0.5747818928113949,0.5731070215513177,0.5
2,0,59.0,6,0.5,0.0,,0.16198057865941518,0.26666070712704426,0.41126889204177985,0.6793057441543723,0.6235045911384223,0.5862554604229179
2,0,60.0,6,0.5,0.0,,0.22416881875055467,0.4027888896267762,0.2830497107671769,0.6150176888842404,0.4725237464172024,0.5136439501619192
2,0,61.0,6,0.5,0.0,,0.1640940894330384,0.255809940354502,0.34598462281840814,0.6343512262994453,0.3768146270323854,0.6792378462425697
2,0,62.0,6,0.5,0.0,,0.13119064334860364,0.32682822461524974,0.5488683222805368,0.6515502553307783,0.5762718348123086,0.6644867882921861
2,0,63.0,6,0.5,0.0,,0.14030287206456354,0.4489585459182428,0.6434196217791016,0.4875965704353583,0.5858119635451409,0.7115877310503295
2,0,64.0,6,0.5,0.0,,0.12497615841636163,0.39774372125902974,0.5456726989059918,0.5951684598627566,0.447469515399766,0.465283765846962
2,0,65.0,6,0.5,0.0,,0.14535538972056744,0.4607331766164169,0.5562282275840935,0.7669610082792099,0.5024556244921691,0.8614542615228717
2,0,66.0,6,0.5,0.0,,0.14438863698168417,0.29560090555230756,0.5333299220438577,0.5691450452716139,0.4610980102793897,0.7684118371617235
2,0,67.0,6,0.5,0.0,,0.14938244292092026,0.43739246562512096,0.6114575091186134,0.4879313147610085,0.5253123992762029,0.3915916940312105
2,0,68.0,6,0.5,0.0,,0.14050436633863916,0.2624831791402351,0.4443515473876868,0.696537707458357,0.4658564213712332,0.4393006392118172
2,0,69.0,6,0.5,0.0,,0.171422389171502,0.45167066313340465,0.6512484491202325,0.6032698812343111,0.7746976582557699,0.5585676588807258
2,0,70.0,6,0.5,0.0,,0.17390200252935561,0.349791944151943,0.5709766078505861,0.6803146577803622,0.66288564547045,0.4952160351114362
2,0,71.0,6,0.5,0.0,,0.1452357297630907,0.44848674469041444,0.519874399801853,0.7125810404486624,0.3025063271779217,0.25256512807857856
2,0,72.0,6,0.5,0.0,,0.17410749942566733,0.3838969272487656,0.4992171301215981,0.6925430627504775,0.5174118258241392,0.478886872018915
2,0,73.0,6,0.5,0.0,,0.1869102542690972,0.5304359896694086,0.6598662531122315,0.46422743219608337,0.6055865492220759,0.4346182029075396
2,0,74.0,6,0.5,0.0,,0.15352290261731344,0.38823981693331777,0.6506984463313671,0.41499870755610785,0.32974267440195904,0.44863727929592345
2,0,75.0,6,0.5,0.0,,0.146149156661823,0.3514067322622431,0.44054667766949535,0.5088600191898953,0.5983434677180172,0.6171086329292723
2,0,76.0,6,0.5,0.0,,0.15155805852413656,0.4019253084337867,0.5823741615959879,0.732112744246711,0.5545205759927722,0.5569805365908566
2,0,77.0,6,0.5,0.0,,0.14203804478687548,0.4665793053748272,0.28276297706021325,0.5364553434295418,0.5343658645705623,0.5725924746052107
2,0,78.0,6,0.5,0.0,,0.16431697653038585,0.3905666978008191,0.730622471444471,0.6826887486809492,0.6327978613610535,0.4802004456591498
2,0,79.0,6,0.5,0.0,,0.16159092751041604,0.3060549261915682,0.4421804913896558,0.6272811049828227,0.8321022062814288,0.7145553913420954
2,0,80.0,6,0.5,0.0,,0.15040063382335256,0.3864487541733575,0.5557560499620647,0.7783460878710315,0.5450687112884371,0.496228899163239
2,0,81.0,6,0.5,0.0,,0.11601748819129647,0.39997899491301964,0.3375906555031782,0.6942135959886263,0.6489047680588859,0.5478096088523868
2,0,82.0,6,0.5,0.0,,0.21325679919129908,0.31824419591773073,0.5421861001659308,0.4185807175080553,0.6175137569372432,0.6090197049717705
2,0,83.0,6,0.5,0.0,,0.1619167494959349,0.44039999005763797,0.7069134728377436,0.5386309695789844,0.8131510542791623,0.867396672494008
2,0,84.0,6,0.5,0.0,,0.13646442769390205,0.4203393341702206,0.5081298499271593,0.7258230922604054,0.4575715025382016,0.5303330359131271
2,0,85.0,6,0.5,0.0,,0.14655503649394555,0.3400957383501651,0.553352826112721,0.5093526420184608,0.7681868959225211,0.6047646794696326
2,0,86.0,6,0.5,0.0,,0.1352727332526526,0.34223314016091766,0.7148765155189927,0.5148414678491579,0.6993050769722371,0.6147102892339746
2,0,87.0,6,0.5,0.0,,0.12058478871481285,0.5068295441939261,0.4902417961750184,0.5597324875278817,0.7433041154956469,0.35058468967345635
2,0,88.0,6,0.5,0.0,,0.17424408871264724,0.37516797467297736,0.5442644171339857,0.6833486534543235,0.7018002736415618,0.4796913763507417
2,0,89.0,6,0.5,0.0,,0.13729693982287308,0.3447042483115975,0.5144298415643073,0.7205596006384062,0.48678470577279703,0.3711417539985594
2,0,90.0,6,0.5,0.0,,0.16882435405523616,0.26969118995552266,0.5950625335561666,0.5654580635998018,0.6419792470559574,0.40585396171573895
2,0,91.0,6,0.5,0.0,,0.13388421819986818,0.2824389244447384,0.8028667019515687,0.534231245909266,0.4828060385522811,0.5287534801304087
2,0,92.0,6,0.5,0.0,,0.11177563715876075,0.2728339905159675,0.5115609054433314,0.5767332333567723,0.5312656495604727,0.25282497010132293
2,0,93.0,6,0.5,0.0,,0.22036754159508343,0.4363604646702425,0.49263837627507545,0.49151153007630255,0.48246283998500683,0.6288409529285983
2,0,94.0,6,0.5,0.0,,0.1584963373482567,0.5082173532656903,0.5152857898723363,0.596696210467513,0.6962810170667246,0.5216646902804672
2,0,95.0,6,0.5,0.0,,0.14643181151568807,0.428602058102992,0.5330854996097323,0.4851325048417262,0.7609704222920428,0.6895905304592558
2,0,96.0,6,0.5,0.0,,0.13108790304020781,0.322424040470027,0.5619536563453608,0.6271891307418123,0.4139724830508699,0.29854023559109477
2,0,97.0,6,0.5,0.0,,0.1826220323678452,0.49444543696541,0.5481644105295059,0.5752222347868134,0.8381071288025547,0.2
2,0,98.0,6,0.5,0.0,,0.14474072597455806,0.4318487716302388,0.6361996872437103,0.6103320963660728,0.7890524668019859,0.5898037618278987
2,0,99.0,6,0.5,0.0,,0.15837473766426147,0.5251693551377687,0.5923436307402195,0.7004849116007269,0.5278336943940737,0.42756145352375147
2,0,100.0,6,0.5,0.0,,0.14650617986968853,0.2992583897442378,0.455030559847324,0.3951345751020536,0.6658601062364239,0.5856326299617397
3,1,1.0,6,0.0,0.0,,0.1535182751093859,0.39346934028736663,0.5654017914929217,0.6323033202640118,0.6351109016538696,0.49622756362392206
3,1,2.0,6,0.0,0.0,,0.1535182751093859,0.39346934028736663,0.5654017914929217,0.6390176815988349,0.47086451061209206,0.3945856025539103
3,1,3.0,6,0.0,0.0,,0.1535182751093859,0.39346934028736663,0.5654017914929217,0.688679139836507,0.5543839592376825,0.6024222342718705
3,1,4.0,6,0.0,0.0,,0.1535182751093859,0.39346934028736663,0.5654017914929217,0.6784820330813635,0.7140595206823901,0.6662432835296154
3,1,5.0,6,0.0,0.0,,0.1535182751093859,0.39346934028736663,0.5654017914929217,0.6553450576586786,0.2847158398676022,0.5915808309390246
3,1,6.0,6,0.0,0.0,,0.1535182751093859,0.39346934028736663,0.5654017914929217,0.5818806595799588,0.6026111947690487,0.5776134208538487
3,1,7.0,6,0.0,0.0,,0.1535182751093859,0.39346934028736663,0.5654017914929217,0.6114425289958654,0.5883332095689131,0.6509542580393552
3,1,8.0,6,0.0,0.0,,0.1535182751093859,0.39346934028736663,0.5654017914929217,0.6411847907359648,0.44151550046248655,0.44762418289718264
3,1,9.0,6,0.0,0.0,,0.1535182751093859,0.39346934028736663,0.5654017914929217,0.6478564540600186,0.4400274718232714,0.7915651734907863
3,1,10.0,6,0.0,0.0,,0.1535182751093859,0.39346934028736663,0.5654017914929217,0.6456908676199926,0.6546415881587078,0.5710629545222192
3,1,11.0,6,0.0,0.0,,0.1535182751093859,0.39346934028736663,0.5654017914929217,0.6550477369820265,0.47695921566436256,0.33329027325286964
3,1,12.0,6,0.0,0.0,,0.1535182751093859,0.39346934028736663,0.5654017914929217,0.650521707374477,0.523008603121238,0.6144221869497877
3,1,13.0,6,0.0,0.0,,0.1535182751093859,0.39346934028736663,0.5654017914929217,0.7056632222504364,0.5963412407033715,0.5227362662195424
3,1,14.0,6,0.0,0.0,,0.1535182751093859,0.39346934028736663,0.5654017914929217,0.6047894244125228,0.7725389255935904,0.5554707027395418
3,1,15.0,6,0.0,0.0,,0.1535182751093859,0.39346934028736663,0.5654017914929217,0.6661831135121761,0.6709475105797578,0.2743977186233427
3,1,16.0,6,0.0,0.0,,0.1535182751093859,0.39346934028736663,0.5654017914929217,0.6138804138897882,0.4800976440618216,0.5724440008806136
3,1,17.0,6,0.0,0.0,,0.1535182751093859,0.39346934028736663,0.5654017914929217,0.6303463719258695,0.5785169060488696,0.5378747615177877
3,1,18.0,6,0.0,0.0,,0.1535182751093859,0.39346934028736663,0.5654017914929217,0.6489034795094201,0.5660250522366448,0.7064561253242367
3,1,19.0,6,0.0,0.0,,0.1535182751093859,0.39346934028736663,0.5654017914929217,0.7029819831946474,0.3685900330171825,0.5917666336699232
3,1,20.0,6,0.0,0.0,,0.1535182751093859,0.39346934028736663,0.5654017914929217,0.6158099477958666,0.7153927233544005,0.578260255614015
3,1,21.0,6,0.0,0.0,,0.1535182751093859,0.39346934028736663,0.5654017914929217,0.6525349059744782,0.7214108667783458,0.6357719360650548
3,1,22.0,6,0.0,0.0,,0.1535182751093859,0.39346934028736663,0.5654017914929217,0.6111191120634594,0.6595573051619927,0.36667201299927354
3,1,23.0,6,0.0,0.0,,0.1535182751093859,0.39346934028736663,0.5654017914929217,0.6104887289819032,0.6055034652534185,0.5457669440802583
3,1,24.0,6,0.0,0.0,,0.1535182751093859,0.39346934028736663,0.5654017914929217,0.6842240115379673,0.6070742629969262,0.46683070178043684
3,1,25.0,6,0.0,0.0,,0.1535182751093859,0.39346934028736663,0.5654017914929217,0.6220567686111715,0.6394470102566047,0.6772418087762894
3,1,26.0,6,0.0,0.0,,0.1535182751093859,0.39346934028736663,0.5654017914929217,0.7174278082175831,0.7135289221392247,0.44145113914035256
3,1,27.0,6,0.0,0.0,,0.1535182751093859,0.39346934028736663,0.5654017914929217,0.6034904568351306,0.38343213657714525,0.5339154847974447
3,1,28.0,6,0.0,0.0,,0.1535182751093859,0.39346934028736663,0.5654017914929217,0.631641833236162,0.5973486620930346,0.6746509080543309
3,1,29.0,6,0.0,0.0,,0.1535182751093859,0.39346934028736663,0.5654017914929217,0.6104067893296192,0.6824450067381281,0.47124343311484856
3,1,30.0,6,0.0,0.0,,0.1535182751093859,0.39346934028736663,0.5654017914929217,0.6331263274329542,0.6854869366983695,0.7953600931976184
3,1,31.0,6,0.0,0.0,,0.1535182751093859,0.39346934028736663,0.5654017914929217,0.6945778762508494,0.7239977115193938,0.5145397586445732
3,1,32.0,6,0.0,0.0,,0.1535182751093859,0.39346934028736663,0.5654017914929217,0.5369034017680293,0.5898187697412391,0.41761901642754734
3,1,33.0,6,0.0,0.0,,0.1535182751093859,0.39346934028736663,0.5654017914929217,0.6207492361830946,0.5287115292254818,0.6119631606992085
3,1,34.0,6,0.0,0.0,,0.1535182751093859,0.39346934028736663,0.5654017914929217,0.6345475357669379,0.5757675960784985,0.5218503916915693
3,1,35.0,6,0.0,0.0,,0.1535182751093859,0.39346934028736663,0.5654017914929217,0.6523248403763859,0.45426492618688386,0.3396968673658704
3,1,36.0,6,0.0,0.0,,0.1535182751093859,0.39346934028736663,0.5654017914929217,0.6251720211471847,0.7757544953672323,0.6113728776411284
3,1,37.0,6,0.0,0.0,,0.1535182751093859,0.39346934028736663,0.5654017914929217,0.6076856499341572,0.5271524561846779,0.8509674376766349
3,1,38.0,6,0.0,0.0,,0.1535182751093859,0.39346934028736663,0.5654017914929217,0.6269846278641412,0.605052499167076,0.6086030387373639
3,1,39.0,6,0.0,0.0,,0.1535182751093859,0.39346934028736663,0.5654017914929217,0.6385650406503103,0.6577215113705853,0.8367265986818566
3,1,40.0,6,0.0,0.0,,0.1535182751093859,0.39346934028736663,0.5654017914929217,0.6577076570344271,0.6660036542515606,0.4946294158823303
3,1,41.0,6,0.0,0.0,,0.1535182751093859,0.39346934028736663,0.5654017914929217,0.6165297408840161,0.5698794926000581,0.4680780587305578
3,1,42.0,6,0.0,0.0,,0.1535182751093859,0.39346934028736663,0.5654017914929217,0.6808225244993436,0.49713294365363164,0.43736884111490565
3,1,43.0,6,0.0,0.0,,0.1535182751093859,0.39346934028736663,0.5654017914929217,0.5750339603825297,0.47589593027722127,0.7175534174788659
3,1,44.0,6,0.0,0.0,,0.1535182751093859,0.39346934028736663,0.5654017914929217,0.6636344818008665,0.5093401477513094,0.5228228217720702
3,1,45.0,6,0.0,0.0,,0.1535182751093859,0.39346934028736663,0.5654017914929217,0.5790787436153353,0.33070077534708886,0.6040747669881043
3,1,46.0,6,0.0,0.0,,0.1535182751093859,0.39346934028736663,0.5654017914929217,0.6490539659068272,0.63708321219565,0.3200240851037406
3,1,47.0,6,0.0,0.0,,0.1535182751093859,0.39346934028736663,0.5654017914929217,0.7515589118195365,0.6041234030810194,0.5809966682115224
3,1,48.0,6,0.0,0.0,,0.1535182751093859,0.39346934028736663,0.5654017914929217,0.6630356778853654,0.4305849098422832,0.40885627912337447
3,1,49.0,6,0.0,0.0,,0.1535182751093859,0.39346934028736663,0.5654017914929217,0.5559064306766752,0.4177307866334624,0.8350553500300937
3,1,50.0,6,0.0,0.0,,0.1535182751093859,0.39346934028736663,0.5654017914929217,0.670776135372678,0.5028718372159263,0.563212669471794
3,1,51.0,6,0.0,0.0,,0.1535182751093859,0.39346934028736663,0.5654017914929217,0.6444785313436409,0.5226299071418042,0.2556233470241375
3,1,52.0,6,0.0,0.0,,0.1535182751093859,0.39346934028736663,0.5654017914929217,0.6192046834866928,0.6178616148404039,0.5917904102544649
3,1,53.0,6,0.0,0.0,,0.1535182751093859,0.39346934028736663,0.5654017914929217,0.5575571584662118,0.4701661427786087,0.7087966035842825
3,1,54.0,6,0.0,0.0,,0.1535182751093859,0.39346934028736663,0.5654017914929217,0.653564571830417,0.5640682791589491,0.7166344520042431
3,1,55.0,6,0.0,0.0,,0.1535182751093859,0.39346934028736663,0.5654017914929217,0.659264148619358,0.5686776292758484,0.5180392208881164
3,1,56.0,6,0.0,0.0,,0.1535182751093859,0.39346934028736663,0.5654017914929217,0.6672890374859057,0.6038229977971727,0.6592476695735824
3,1,57.0,6,0.0,0.0,,0.1535182751093859,0.39346934028736663,0.5654017914929217,0.5809318727296781,0.5281326939544828,0.5188554016685332
3,1,58.0,6,0.0,0.0,,0.1535182751093859,0.39346934028736663,0.5654017914929217,0.729951523356615,0.43939886831525515,0.6676150694863803
3,1,59.0,6,0.0,0.0,,0.1535182751093859,0.39346934028736663,0.5654017914929217,0.5891565569805632,0.561541253008332,0.2731408220758026
3,1,60.0,6,0.0,0.0,,0.1535182751093859,0.39346934028736663,0.5654017914929217,0.6293402331084581,0.7019644281115903,0.6779715557600048
3,1,61.0,6,0.0,0.0,,0.1535182751093859,0.39346934028736663,0.5654017914929217,0.5908921076074637,0.632232316030053,0.5397584492207027
3,1,62.0,6,0.0,0.0,,0.1535182751093859,0.39346934028736663,0.5654017914929217,0.5595585168871702,0.5953036786678195,0.57634875141062
3,1,63.0,6,0.0,0.0,,0.1535182751093859,0.39346934028736663,0.5654017914929217,0.576319131083544,0.6800135862646505,0.6040078949343922
3,1,64.0,6,0.0,0.0,,0.1535182751093859,0.39346934028736663,0.5654017914929217,0.6645736350517082,0.49815302690182584,0.46612703637798536
3,1,65.0,6,0.0,0.0,,0.1535182751093859,0.39346934028736663,0.5654017914929217,0.6374605035868919,0.5832617730130554,0.4949642343210051
3,1,66.0,6,0.0,0.0,,0.1535182751093859,0.39346934028736663,0.5654017914929217,0.6321857025818611,0.5049631700901782,0.6806876651959651
3,1,67.0,6,0.0,0.0,,0.1535182751093859,0.39346934028736663,0.5654017914929217,0.6154270185487063,0.692180857922285,0.6102402036252941
3,1,68.0,6,0.0,0.0,,0.1535182751093859,0.39346934028736663,0.5654017914929217,0.6077333212712799,0.7037954687816008,0.7471802384493218
3,1,69.0,6,0.0,0.0,,0.1535182751093859,0.39346934028736663,0.5654017914929217,0.5682527522261573,0.7642752465863459,0.44094040621271413
3,1,70.0,6,0.0,0.0,,0.1535182751093859,0.39346934028736663,0.5654017914929217,0.684239081075914,0.5238703176401731,0.6809150646775425
3,1,71.0,6,0.0,0.0,,0.1535182751093859,0.39346934028736663,0.5654017914929217,0.599777089096868,0.6042576919391899,0.6667792770423182
3,1,72.0,6,0.0,0.0,,0.1535182751093859,0.39346934028736663,0.5654017914929217,0.5769709756967766,0.5234534546080523,0.4691521707966578
3,1,73.0,6,0.0,0.0,,0.1535182751093859,0.39346934028736663,0.5654017914929217,0.6315101140366022,0.651568136110596,0.6711543867103913
3,1,74.0,6,0.0,0.0,,0.1535182751093859,0.39346934028736663,0.5654017914929217,0.5417061935567967,0.4370002247912984,0.5535923801685914
3,1,75.0,6,0.0,0.0,,0.1535182751093859,0.39346934028736663,0.5654017914929217,0.6144579613262207,0.7715209258510963,0.6315822593891942
3,1,76.0,6,0.0,0.0,,0.1535182751093859,0.39346934028736663,0.5654017914929217,0.6203231630098685,0.4253221134600083,0.5807806129727041
3,1,77.0,6,0.0,0.0,,0.1535182751093859,0.39346934028736663,0.5654017914929217,0.5899095855316041,0.5753956373389865,0.2668011658695711
3,1,78.0,6,0.0,0.0,,0.1535182751093859,0.39346934028736663,0.5654017914929217,0.6638037655832998,0.5769868325609628,0.6220162657032439
3,1,79.0,6,0.0,0.0,,0.1535182751093859,0.39346934028736663,0.5654017914929217,0.64933252126669,0.6400808804662408,0.6082930436412497
3,1,80.0,6,0.0,0.0,,0.1535182751093859,0.39346934028736663,0.5654017914929217,0.6748818044393057,0.6678934084170833,0.5343268276620717
3,1,81.0,6,0.0,0.0,,0.1535182751093859,0.39346934028736663,0.5654017914929217,0.6785164681167026,0.5818490764931449,0.4963742123007215
3,1,82.0,6,0.0,0.0,,0.1535182751093859,0.39346934028736663,0.5654017914929217,0.6817430430258261,0.5209446897158551,0.5462749364711545
3,1,83.0,6,0.0,0.0,,0.1535182751093859,0.39346934028736663,0.5654017914929217,0.5882295688153483,0.7087551542121618,0.3836302926916911
3,1,84.0,6,0.0,0.0,,0.1535182751093859,0.39346934028736663,0.5654017914929217,0.6747150833787454,0.6206899280047476,0.5595553759486396
3,1,85.0,6,0.0,0.0,,0.1535182751093859,0.39346934028736663,0.5654017914929217,0.6934743249256097,0.7427943471520501,0.6129123098124069
3,1,86.0,6,0.0,0.0,,0.1535182751093859,0.39346934028736663,0.5654017914929217,0.5735926534097937,0.726672615190228,0.4295677231430286
3,1,87.0,6,0.0,0.0,,0.1535182751093859,0.39346934028736663,0.5654017914929217,0.6571620937217745,0.5439429318341489,0.6281531037138078
3,1,88.0,6,0.0,0.0,,0.1535182751093859,0.39346934028736663,0.5654017914929217,0.6369055066589577,0.7530505123907071,0.5900117046132116
3,1,89.0,6,0.0,0.0,,0.1535182751093859,0.39346934028736663,0.5654017914929217,0.581840681781548,0.657591983228721,0.6260915887588353
3,1,90.0,6,0.0,0.0,,0.1535182751093859,0.39346934028736663,0.5654017914929217,0.6817584180723042,0.7213033330970625,0.4646670903540274
3,1,91.0,6,0.0,0.0,,0.1535182751093859,0.39346934028736663,0.5654017914929217,0.6397561019715903,0.6574575113382796,0.5437754791970318
3,1,92.0,6,0.0,0.0,,0.1535182751093859,0.39346934028736663,0.5654017914929217,0.6471839115548905,0.45658309005524267,0.4768571601306196
3,1,93.0,6,0.0,0.0,,0.1535182751093859,0.39346934028736663,0.5654017914929217,0.5805743434209003,0.5756789385254188,0.6146042220511124
3,1,94.0,6,0.0,0.0,,0.1535182751093859,0.39346934028736663,0.5654017914929217,0.618311585738779,0.532148735907447,0.608394488595201
3,1,95.0,6,0.0,0.0,,0.1535182751093859,0.39346934028736663,0.5654017914929217,0.6935692959620745,0.6549387345761591,0.5815699881740052
3,1,96.0,6,0.0,0.0,,0.1535182751093859,0.39346934028736663,0.5654017914929217,0.6675478526598851,0.6765649886595755,0.4119113807621436
3,1,97.0,6,0.0,0.0,,0.1535182751093859,0.39346934028736663,0.5654017914929217,0.7073813653117533,0.5017068391415964,0.8112773481334298
3,1,98.0,6,0.0,0.0,,0.1535182751093859,0.39346934028736663,0.5654017914929217,0.6680979299133879,0.47007727240568337,0.49709226153103964
3,1,99.0,6,0.0,0.0,,0.1535182751093859,0.39346934028736663,0.5654017914929217,0.578815932340109,0.7496955336030383,0.5156896130045772
3,1,100.0,6,0.0,0.0,,0.1535182751093859,0.39346934028736663,0.5654017914929217,0.7010825634357633,0.48251625692887534,0.4363994545046582
4,1,1.0,6,0.25,0.0,,0.17931971140274555,0.38193524220297526,0.7171832794598397,0.6273111777584433,0.5993719981731809,0.43037940077384
4,1,2.0,6,0.25,0.0,,0.16526434430642215,0.3598415685848882,0.5781791978193912,0.6214906889777436,0.4078859933561011,0.3902916144587231
4,1,3.0,6,0.25,0.0,,0.1760314920149578,0.42159299608101986,0.48192006120796166,0.5764548358332913,0.5756042111173176,0.6026228450509835
4,1,4.0,6,0.25,0.0,,0.16235783106174445,0.39590589562548856,0.5927762104028182,0.6061312285269368,0.5799681838905812,0.41431054939411205
4,1,5.0,6,0.25,0.0,,0.1606042479845182,0.33659037450856477,0.525268579984943,0.6711318225709525,0.5009839646019817,0.6768360294936556
4,1,6.0,6,0.25,0.0,,0.14387432873233552,0.42909991997728547,0.590700559718146,0.704715462128521,0.6869961104451189,0.7830851748961184
4,1,7.0,6,0.25,0.0,,0.16832705189793798,0.3259568414318788,0.6025801645776092,0.6523613547813171,0.5991461265339043,0.804349456548259
4,1,8.0,6,0.25,0.0,,0.16605973116385583,0.37355406953940873,0.7058449931788585,0.6670990370568417,0.5031759770511957,0.28071409632166533
4,1,9.0,6,0.25,0.0,,0.16201948874575195,0.3577611982749914,0.516352856147563,0.6296881328493704,0.7005199044979787,0.7195808322143644
4,1,10.0,6,0.25,0.0,,0.15727523223214435,0.3279406346678595,0.5911330631065661,0.5978764156141263,0.5962103761222247,0.5016673304098076
4,1,11.0,6,0.25,0.0,,0.1617663920944896,0.46492863327215267,0.42614202369409443,0.6581148366194977,0.49484974047528335,0.885145943106795
4,1,12.0,6,0.25,0.0,,0.16702041707827645,0.31988869102757267,0.504891410546397,0.6001101480333377,0.9299987769694896,0.5450470334685753
4,1,13.0,6,0.25,0.0,,0.16433175704607103,0.41525060866983965,0.630981283366758,0.6389279287402074,0.537932913643027,0.7089021303568889
4,1,14.0,6,0.25,0.0,,0.1774007463064705,0.3408580894583276,0.6493451577662744,0.6449910436351995,0.546302580693317,0.5863020364735186
4,1,15.0,6,0.25,0.0,,0.15665794518454765,0.3967975479151953,0.5548988530638834,0.45543824838225894,0.2520837047161875,0.3701480962700208
4,1,16.0,6,0.25,0.0,,0.13971950207351952,0.42039620834821745,0.6366331855998735,0.755160671924541,0.5737683641290359,0.5937013469403719
4,1,17.0,6,0.25,0.0,,0.14267773674767428,0.4344149507424138,0.5682336338225313,0.6821526352376914,0.48232813963998256,0.19472962516890538
4,1,18.0,6,0.25,0.0,,0.14581938637755842,0.3960040596181067,0.4721803835204959,0.5486890271888261,0.6967915093778496,0.48725433585027006
4,1,19.0,6,0.25,0.0,,0.15522584123074576,0.41584967679502965,0.5951573909946448,0.6619718476112229,0.654549077050451,0.4871246037050853
4,1,20.0,6,0.25,0.0,,0.15856737955237352,0.3584131197479099,0.4587412270244632,0.5879809185375646,0.5841193526067646,0.5586140314205978
4,1,21.0,6,0.25,0.0,,0.1642411007396971,0.44759612014480626,0.5965060281248397,0.5935700699011195,0.8232634184181181,0.6148574407897804
4,1,22.0,6,0.25,0.0,,0.15121529157385816,0.3633149966784185,0.5638099932970461,0.5512333543753107,0.6645580642083753,0.5807792954833311
4,1,23.0,6,0.25,0.0,,0.1677225298363895,0.46347959115869114,0.5685664502994094,0.7291711453672506,0.5975773201371648,0.5327585015354023
4,1,24.0,6,0.25,0.0,,0.15590642213037698,0.37861998273408276,0.5333616749789256,0.583336194768943,0.6153074057132634,0.29691574788086295
4,1,25.0,6,0.25,0.0,,0.11409295623844458,0.4338763177559845,0.4337610069340818,0.7157273208531783,0.5151392001580598,0.4063366724657752
4,1,26.0,6,0.25,0.0,,0.1493119594972971,0.39314808037962157,0.5768301107395835,0.746494288583193,0.6037599907169259,0.7460429177659953
4,1,27.0,6,0.25,0.0,,0.15353973748699862,0.4268401747911275,0.5355673245189316,0.5414678801236319,0.6287739752560547,0.7898869415551408
4,1,28.0,6,0.25,0.0,,0.14330241956561435,0.36572039989779326,0.5581699162160184,0.6682503368625369,0.758505398640019,0.4710401627730902
4,1,29.0,6,0.25,0.0,,0.14050344820297014,0.44179942440868347,0.584296976806088,0.5377662659111979,0.703272064184969,0.6433905499204242
4,1,30.0,6,0.25,0.0,,0.1617018924738448,0.40022529480089286,0.6020119849204985,0.6478464460763252,0.5392559662957933,0.46317339043208217
4,1,31.0,6,0.25,0.0,,0.1517036711561661,0.4288863459944565,0.49809303498762797,0.5071709282399735,0.3806957379759096,0.7675061573686893
4,1,32.0,6,0.25,0.0,,0.157543086825409,0.3925766265549281,0.520170260751328,0.6336815196097417,0.398320719965695,0.20066200453777633
4,1,33.0,6,0.25,0.0,,0.15139713270702054,0.413376619056711,0.5566687657523846,0.48870239250148784,0.6326759537561776,0.7621886355209159
4,1,34.0,6,0.25,0.0,,0.135317042382215,0.4069501680079073,0.5591287863194916,0.5843262431549507,0.5910357515665324,0.7227030088693753
4,1,35.0,6,0.25,0.0,,0.1814726084784364,0.40073173839999976,0.5664708704657441,0.5425007833018799,0.635025999301459,0.3414933974824118
4,1,36.0,6,0.25,0.0,,0.1205167178092319,0.35232350166204957,0.5724170882643872,0.6211151501342638,0.6851412593045464,0.5532659963480928
4,1,37.0,6,0.25,0.0,,0.15030146143400053,0.40723239681555146,0.5802839216640863,0.5528227253589276,0.5885652315992598,0.6734169608360818
4,1,38.0,6,0.25,0.0,,0.1512339349751423,0.42957506727174355,0.591870144722082,0.7383021193992608,0.6287882556591308,0.47928148092542244
4,1,39.0,6,0.25,0.0,,0.16362077008718645,0.3862285428719303,0.5485921419681598,0.652679353293347,0.5185429629500685,0.5857428045334696
4,1,40.0,6,0.25,0.0,,0.14974945575624493,0.303975687131819,0.6929007544004553,0.5187666884611921,0.6772297421478675,0.533106972017024
4,1,41.0,6,0.25,0.0,,0.16663939133200092,0.4161104227096245,0.5250100005782146,0.5618150225173819,0.6682776806734473,0.6416521902001963
4,1,42.0,6,0.25,0.0,,0.15720226042221738,0.292019942858899,0.5132106720208045,0.6833306985862715,0.47180749741727457,0.8386911749915706
4,1,43.0,6,0.25,0.0,,0.1106285695978206,0.3956897704634259,0.6378109951200556,0.6217802181801024,0.7754903694785348,0.40078856803763363
4,1,44.0,6,0.25,0.0,,0.15060468102332963,0.39725841461894845,0.5543267523106408,0.5418900104576079,0.4065002521981545,0.643494013961748
4,1,45.0,6,0.25,0.0,,0.1524975753467898,0.3251360210564165,0.43897794832705256,0.482581814630416,0.4966136700605926,0.5319967586292222
4,1,46.0,6,0.25,0.0,,0.14935656715173035,0.4204549740796789,0.46452913703989884,0.7299378214182434,0.6393386234201955,0.46371182697555097
4,1,47.0,6,0.25,0.0,,0.13517097111144785,0.4431637467769763,0.5213744301617422,0.6311732000319592,0.43359884076351574,0.5940031612476782
4,1,48.0,6,0.25,0.0,,0.14981559393555363,0.39169777257739324,0.5431657159015437,0.5824136108086531,0.43678244413426925,0.6912525814895849
4,1,49.0,6,0.25,0.0,,0.17291476757736163,0.4419260337700071,0.4327375534065636,0.7777785213094579,0.5773084388654056,0.3888543000854702
4,1,50.0,6,0.25,0.0,,0.16523549089041276,0.36419589245589,0.6287960516221681,0.6376187891275397,0.5958524472738296,0.47172918509295325
4,1,51.0,6,0.25,0.0,,0.15334965373644005,0.4099069717092541,0.6196696764853612,0.6752585035075371,0.5499357583518212,0.6487430353610039
4,1,52.0,6,0.25,0.0,,0.15658049612323816,0.4245692013431948,0.5215401350844556,0.5430446422869271,0.6433765966849931,0.5
4,1,53.0,6,0.25,0.0,,0.16324464531848787,0.37862544117067537,0.5791108743808071,0.7072518763176385,0.6037199508895299,0.6895588285713179
4,1,54.0,6,0.25,0.0,,0.13752874502492607,0.44432371650336433,0.6311036711305217,0.5063231305497132,0.5063122963767046,0.36767280546489106
4,1,55.0,6,0.25,0.0,,0.14657182090561113,0.3566891208161615,0.5902096908476951,0.6562516306685962,0.7151722413782373,0.27723633375706724
4,1,56.0,6,0.25,0.0,,0.14790291585782214,0.3393992137087595,0.5837136246527139,0.532354178387058,0.5422282989186035,0.5734746762630902
4,1,57.0,6,0.25,0.0,,0.1441259816806615,0.3858039470443639,0.47189631696070267,0.5408190996745071,0.5682507546944513,0.5007269920604276
4,1,58.0,6,0.25,0.0,,0.151927808149428,0.35418010913967135,0.5734815102189075,0.4779126038473086,0.540757854783395,0.2488941664014545
4,1,59.0,6,0.25,0.0,,0.1547238838651442,0.32642484711418035,0.5663877090601503,0.6121986960581811,0.8544810931847661,0.3681194187669944
4,1,60.0,6,0.25,0.0,,0.18234448496142075,0.411034779178744,0.5918703959109869,0.5554452186352329,0.6329115072889995,0.47419843532663597
4,1,61.0,6,0.25,0.0,,0.17054930006794145,0.4184134152953371,0.6099104017248791,0.6425227792390649,0.6572180063904993,0.4044571169728764
4,1,62.0,6,0.25,0.0,,0.13665295042189704,0.4444314076156548,0.5713712346219245,0.45747626705553923,0.45162483133428494,0.7008470706683936
4,1,63.0,6,0.25,0.0,,0.1483240455076153,0.37949099360239125,0.4771174882232744,0.5596091523331038,0.5654066108833663,0.4971441917601712
4,1,64.0,6,0.25,0.0,,0.1564993283768094,0.35230877822440176,0.6634155627764048,0.6880533694810003,0.4480234421958206,0.437110222557698
4,1,65.0,6,0.25,0.0,,0.1690496514253161,0.46543470206354504,0.5112668165068915,0.5514914331783799,0.7450666868132826,0.4619210833141733
4,1,66.0,6,0.25,0.0,,0.15190486395974231,0.43642284898424927,0.5577692303690679,0.7533895346746714,0.5226358006686171,0.5531217191297498
4,1,67.0,6,0.25,0.0,,0.12880701380532275,0.39832589653692574,0.5338077761789654,0.6471858850686074,0.6126383293324372,0.36930853645958844
4,1,68.0,6,0.25,0.0,,0.13144904407582292,0.43857114628349836,0.4640002939790282,0.6628222912543732,0.35755923072208085,0.504229732285902
4,1,69.0,6,0.25,0.0,,0.16497609818107878,0.3911034598345663,0.5936945289196054,0.6026216533032321,0.7462278726172892,0.6514625956743609
4,1,70.0,6,0.25,0.0,,0.1707896334403129,0.3396757894192998,0.40390392580979784,0.7295693248072747,0.6013701397007197,0.47749669721750043
4,1,71.0,6,0.25,0.0,,0.13783812208475632,0.4146317690727866,0.42118658486833926,0.5903288083774807,0.5117115269254239,0.5483488132688163
4,1,72.0,6,0.25,0.0,,0.1550436641863328,0.4118434363107329,0.5396777819070575,0.5533994413391861,0.6587064416007351,0.5686470279279732
4,1,73.0,6,0.25,0.0,,0.14993433145243984,0.3696333738193357,0.5409181631040847,0.6317787598460821,0.4246936265879368,0.676344954405609
4,1,74.0,6,0.25,0.0,,0.13960067448111832,0.4214767560433824,0.6411314144321698,0.6224446563600357,0.6025544258146054,0.8369359610169769
4,1,75.0,6,0.25,0.0,,0.173279865876716,0.4295535222866663,0.4836927315774899,0.600468828245243,0.7205273046679879,0.6948429477347089
4,1,76.0,6,0.25,0.0,,0.13872401839363618,0.35918832489442665,0.5922511134133881,0.6731254465202098,0.4629499043702328,0.9249768578949235
4,1,77.0,6,0.25,0.0,,0.1699829381517078,0.33766559519631767,0.7422038739744371,0.7162753248020918,0.6625897030962415,0.291589705077054
4,1,78.0,6,0.25,0.0,,0.17360452958430023,0.43963873856750724,0.5802153911483531,0.6471827304018497,0.7805851772035641,0.637319649348007
4,1,79.0,6,0.25,0.0,,0.17379879573595658,0.39255042267742396,0.6400431603056395,0.7979398118708272,0.40104568012177966,0.6373253410185462
4,1,80.0,6,0.25,0.0,,0.1513415968792239,0.42742339629375736,0.6151468211890094,0.524473040313543,0.7448856682665684,0.4702528976717642
4,1,81.0,6,0.25,0.0,,0.13992697619013916,0.4129564413594521,0.5905555424534893,0.6510483500395887,0.7311290183113741,0.591649639256756
4,1,82.0,6,0.25,0.0,,0.13749033330673185,0.42919380390737444,0.5799036724971527,0.5540470143369657,0.6021393377449069,0.4709785845217313
4,1,83.0,6,0.25,0.0,,0.15935255843546803,0.4655456572659481,0.6530733885996476,0.6434376118972194,0.8107552650142249,0.5760913285977612
4,1,84.0,6,0.25,0.0,,0.16045162245320674,0.4084318628960795,0.5611012498031389,0.40637576493866145,0.4093618107948961,0.565804912582925
4,1,85.0,6,0.25,0.0,,0.1543021021283724,0.4195255471857946,0.5352108806157655,0.7652983740630888,0.48336679553304956,0.5764111896349422
4,1,86.0,6,0.25,0.0,,0.14996977661951272,0.4250577857529204,0.5829789674234233,0.5844561381101381,0.6875454540677931,0.45171212550332596
4,1,87.0,6,0.25,0.0,,0.14044496413239654,0.3416762241833526,0.5885367112442365,0.5764566293171269,0.6607839210893356,0.46688652087431687
4,1,88.0,6,0.25,0.0,,0.14086424838324824,0.43328708304793934,0.5014900094107644,0.7415478152036001,0.7387682017253877,0.5883244826047476
4,1,89.0,6,0.25,0.0,,0.1458968101498462,0.29685279551130267,0.5847816030366675,0.5997624937179842,0.5519816384463107,0.5190653518356159
4,1,90.0,6,0.25,0.0,,0.1548738590354189,0.3911643313960945,0.5028651264706857,0.6805846430903075,0.6909790066471071,0.5774239618988144
4,1,91.0,6,0.25,0.0,,0.1694496268067191,0.40752523108065236,0.46802227646263594,0.5165152803253,0.5046026937923122,0.5178453575123492
4,1,92.0,6,0.25,0.0,,0.12300038794377177,0.3775503738284,0.5529161377914292,0.4741444545473167,0.5206697160992289,0.3093660871292107
4,1,93.0,6,0.25,0.0,,0.19161737477557478,0.3142268531726504,0.5643569797038765,0.6924761749233348,0.6538918890398773,0.31375692024396795
4,1,94.0,6,0.25,0.0,,0.1103818273046312,0.37292608428605944,0.6391394217376093,0.5642469623041848,0.7752595557954668,0.6958127069180193
4,1,95.0,6,0.25,0.0,,0.14155498117911716,0.4028823139743121,0.5416493343992956,0.5601067907630949,0.5381254062502379,0.4628157213320302
4,1,96.0,6,0.25,0.0,,0.14515509475102328,0.34053692098912747,0.5461548553198659,0.502152206211176,0.5065508019057829,0.4699684007920304
4,1,97.0,6,0.25,0.0,,0.13435895268433268,0.34951333235538506,0.4474027769652385,0.6620788120865819,0.7601369409926887,0.6827486850381336
4,1,98.0,6,0.25,0.0,,0.14878255432151463,0.374668070353365,0.5836452826661097,0.4830457824671339,0.8179034722161035,0.6056710008531132
4,1,99.0,6,0.25,0.0,,0.13892926204685396,0.40654351184252463,0.5865347197365919,0.6860316938095916,0.46628337507403206,0.645574025698058
4,1,100.0,6,0.25,0.0,,0.16389276041179457,0.37961405130681036,0.6690829470055853,0.4348538423654357,0.7655698699516071,0.6636337002830122
5,1,1.0,6,0.5,0.0,,0.16297414447637676,0.4547191788511268,0.5086768908896006,0.7213028703957126,0.4244985606166642,0.45996497256648156
5,1,2.0,6,0.5,0.0,,0.1795684494978654,0.29490281164061893,0.7751163571462507,0.7903935944799232,0.7087704026842342,0.4895040088317564
5,1,3.0,6,0.5,0.0,,0.13496761565416335,0.3479787188953488,0.5164233661874875,0.5500857614698003,0.831360507222262,0.44107942210420736
5,1,4.0,6,0.5,0.0,,0.14207728377059353,0.5045819202018783,0.3901137953892616,0.5182067229228721,0.347548412851575,0.5492532152570483
5,1,5.0,6,0.5,0.0,,0.1532902705284121,0.47769853585882194,0.5937136481210902,0.7319296481853673,0.7075155707991921,0.4865358234075924
5,1,6.0,6,0.5,0.0,,0.12771998126215706,0.4607763968230639,0.5972938704059496,0.5396563524006912,0.3997739914833149,0.5752338629830624
5,1,7.0,6,0.5,0.0,,0.16377357439316745,0.4519858927565138,0.5889543579669712,0.3873545923528433,0.6652549951335197,0.23391810728087092
5,1,8.0,6,0.5,0.0,,0.13940543514755357,0.3893146060268256,0.4591603777832529,0.6181805359744342,0.3456651835670455,0.7498649743630134
5,1,9.0,6,0.5,0.0,,0.13235591905709612,0.47199137843293143,0.4071796694585729,0.5665426046701858,0.4676476380356621,0.5082319542181475
5,1,10.0,6,0.5,0.0,,0.17961896533312666,0.4291834621834581,0.5159110862669322,0.6642537668506322,0.6185709706853348,0.5072821146747672
5,1,11.0,6,0.5,0.0,,0.18012191034488648,0.42530001568618836,0.481871943082009,0.7235721145437877,0.5484647734122772,0.5207806739146628
5,1,12.0,6,0.5,0.0,,0.18109360925249424,0.5172817540763079,0.5667304742987657,0.44029133138023646,0.621352176614689,0.5567812302242102
5,1,13.0,6,0.5,0.0,,0.17926271274434935,0.37370056823566655,0.3897406642778969,0.5457215733589524,0.5606932640089477,0.5232501744328507
5,1,14.0,6,0.5,0.0,,0.13971280214601645,0.39251236674324785,0.5898589116797417,0.5153422301100026,0.5938792811494118,0.48575424538403383
5,1,15.0,6,0.5,0.0,,0.1363441082744175,0.5010385051653052,0.6134127738772455,0.5389868679333786,0.6109739855085765,0.35111428463264427
5,1,16.0,6,0.5,0.0,,0.1643559104652003,0.36592101643270486,0.5399998920375225,0.8738031585999005,0.8524585465724422,0.7158876433159221
5,1,17.0,6,0.5,0.0,,0.1519046858796021,0.39026269787525036,0.783800085514873,0.38597692036930875,0.5412367378533557,0.45210379234526654
5,1,18.0,6,0.5,0.0,,0.12793207580464605,0.5036057457093189,0.48327312015187074,0.41652468571018797,0.5935472396317043,0.6134627050279844
5,1,19.0,6,0.5,0.0,,0.14474759694155476,0.42748165694534973,0.7838953239894324,0.7455621781182517,0.6497930935795446,0.7093707927316023
5,1,20.0,6,0.5,0.0,,0.13814388257862598,0.3090362204674336,0.4242343812482966,0.6699241673378961,0.7275860718748658,0.6684636214465755
5,1,21.0,6,0.5,0.0,,0.1645940801997429,0.4128594017241409,0.5633604312394429,0.544576577989105,0.6062624886059915,0.5306146706984222
5,1,22.0,6,0.5,0.0,,0.18972477361610673,0.3700427324505723,0.6030488524237482,0.6956517969005329,0.6582604942901273,0.4776554168653278
5,1,23.0,6,0.5,0.0,,0.230587803515332,0.322284788186571,0.5446540561469327,0.6299466313954101,0.4733456197486749,0.21182657753694722
5,1,24.0,6,0.5,0.0,,0.21049940565667463,0.3846267769998022,0.3833216323452522,0.6499957952363271,0.5580038966159441,0.8005442770055835
5,1,25.0,6,0.5,0.0,,0.1894692913396719,0.47349876897375764,0.4387580103922623,0.5698990435666191,0.5782583282622171,0.6563146253224313
5,1,26.0,6,0.5,0.0,,0.20097591776954812,0.401477022145588,0.5984005411375681,0.6280895584500951,0.6090148314456965,0.6488517735328122
5,1,27.0,6,0.5,0.0,,0.14543795074927096,0.3260993581376679,0.48066980709909163,0.7039300473107939,0.7321663947300598,0.49846284585673023
5,1,28.0,6,0.5,0.0,,0.1261101758063146,0.405499802780479,0.4570259561312936,0.602352126717347,0.6347881652234683,0.5860342749900853
5,1,29.0,6,0.5,0.0,,0.16214275675398912,0.33940982028418487,0.3784404816153934,0.5797928840104605,0.6410478869611572,0.41483178961368405
5,1,30.0,6,0.5,0.0,,0.18614465696040766,0.48101111814712344,0.5223870535881838,0.6761610928237693,0.44195948580364003,0.5228941287750017
5,1,31.0,6,0.5,0.0,,0.1586505344950902,0.4788108692656933,0.4024627885870123,0.7038152042416529,0.6994701624327073,0.44870940677428084
5,1,32.0,6,0.5,0.0,,0.15357837108804567,0.33881715173133353,0.618193774882817,0.5197700470760103,0.6804686579103645,0.6222342813733246
5,1,33.0,6,0.5,0.0,,0.13579501842632696,0.4802546185828437,0.503948764834212,0.6580582472550284,0.7161613421147959,0.325593744388606
5,1,34.0,6,0.5,0.0,,0.17824066147590542,0.4752360131845125,0.6819082295956082,0.7220985908273423,0.5186772892123506,0.6323375983431803
5,1,35.0,6,0.5,0.0,,0.13375335142552205,0.397898762777922,0.5114610582902086,0.6654736665429185,0.6809231494421752,0.36786296250696954
5,1,36.0,6,0.5,0.0,,0.133675931318128,0.25704814243710594,0.5003658295691539,0.5675498744619157,0.7044010358237086,0.4984291765391896
5,1,37.0,6,0.5,0.0,,0.19355951662205853,0.35144410830668327,0.6834874392952968,0.7366769608750081,0.47600558215374333,0.5140536225055445
5,1,38.0,6,0.5,0.0,,0.15195455321642412,0.26510663818833197,0.8191453578421222,0.4439126883382268,0.7595029571163507,0.4779706057547509
5,1,39.0,6,0.5,0.0,,0.14615119195485354,0.4952608822271823,0.593357380113474,0.5872774129940961,0.5665302812038633,0.6503174377631337
5,1,40.0,6,0.5,0.0,,0.14442068790750176,0.24718803864411706,0.5499453032996355,0.7203939451973598,0.6272473398903238,0.568785479158963
5,1,41.0,6,0.5,0.0,,0.21210027135157544,0.494237933967322,0.4243305225576458,0.7446789517568412,0.4965869320289508,0.5673282668680674
5,1,42.0,6,0.5,0.0,,0.1488942974107595,0.449258431676175,0.5057848128609462,0.5937130810585283,0.7835998725272073,0.4614874306577671
5,1,43.0,6,0.5,0.0,,0.16243992517419098,0.3907073950942257,0.4711118063803104,0.692826398225818,0.39711178374654016,0.5113506455135098
5,1,44.0,6,0.5,0.0,,0.18456731989586944,0.39134417491120904,0.6078097209757748,0.5908631266712878,0.5575077135116552,0.7098949490537771
5,1,45.0,6,0.5,0.0,,0.12285311665266954,0.33166436352121886,0.37279927547686575,0.6241508802945577,0.6859436578061459,0.7543282059495635
5,1,46.0,6,0.5,0.0,,0.13105886160158692,0.295082540830054,0.40288105361219156,0.578867961275858,0.6617993034973811,0.6217253042315095
5,1,47.0,6,0.5,0.0,,0.14891870694650383,0.34207351999460917,0.5435194788908343,0.6548882852011131,0.627058018219147,0.7373134476369338
5,1,48.0,6,0.5,0.0,,0.1529005515744175,0.27406890627312386,0.27067531435547715,0.7300611959493231,0.5985512132400156,0.6483890858929342
5,1,49.0,6,0.5,0.0,,0.17214544426960124,0.4829875277596557,0.46602066409681325,0.42163309541526217,0.7487689564964778,0.8532611720664127
5,1,50.0,6,0.5,0.0,,0.10228831590767991,0.36019197449640905,0.49983716820366436,0.590342152755845,0.8550190791986111,0.5388290153114099
5,1,51.0,6,0.5,0.0,,0.17923984645675017,0.42342111449636677,0.4954331201850148,0.5505750978154569,0.7527281250067608,0.4473529281615723
5,1,52.0,6,0.5,0.0,,0.1805895707533826,0.4139510624707404,0.7494760285443627,0.652131639489716,0.5216364353051426,0.540673170723895
5,1,53.0,6,0.5,0.0,,0.13333668310406804,0.3013767916910464,0.5469026458213271,0.6188804837841267,0.6717370114023893,0.6229958481676439
5,1,54.0,6,0.5,0.0,,0.11032955438499259,0.377493050931857,0.7307874119683668,0.7527255566192698,0.5370070078266956,0.7008527320239434
5,1,55.0,6,0.5,0.0,,0.2250290642636555,0.27319061535343486,0.5512406508352775,0.4104039821285589,0.6476981741843763,0.6407114126741115
5,1,56.0,6,0.5,0.0,,0.184794585257269,0.4024504591322292,0.4233786731817978,0.3785646577851923,0.560522298976933,0.3710805964134581
5,1,57.0,6,0.5,0.0,,0.1328564801006616,0.4565314228918697,0.5480853478727633,0.41371498607888135,0.5831813422869593,0.47921030858703917
5,1,58.0,6,0.5,0.0,,0.13491502159944976,0.41094683736527216,0.5338933645896845,0.6812659808523753,0.7876516264677352,0.5840692722754502
5,1,59.0,6,0.5,0.0,,0.15301925990649287,0.28373317359914685,0.3524350656633431,0.6261772067256753,0.3358706924912472,0.7595333963284995
5,1,60.0,6,0.5,0.0,,0.17449545633978575,0.3916349494272451,0.43433936904983383,0.776336652766684,0.6424967593077937,0.3831690410429873
5,1,61.0,6,0.5,0.0,,0.1441337043033426,0.39358096180041713,0.47839820234230707,0.5942328226534883,0.7244444167963875,0.7542291453721717
5,1,62.0,6,0.5,0.0,,0.1684755213081743,0.33824225586069473,0.5772655701268605,0.6535932939913428,0.6663300098611491,0.6180506239376343
5,1,63.0,6,0.5,0.0,,0.17156238185903944,0.540571177511213,0.4305477438717986,0.5084960361892035,0.7139200999563904,0.3932274265979275
5,1,64.0,6,0.5,0.0,,0.12685895967159047,0.45380989968447005,0.48233730007258346,0.3265719541125903,0.8202434541451608,0.5437946023448293
5,1,65.0,6,0.5,0.0,,0.16196545789248235,0.5283595999218799,0.43595601338033785,0.40940763606120567,0.5965629612363058,0.6226560252473897
5,1,66.0,6,0.5,0.0,,0.1401716695222009,0.3922208100862565,0.6053995828171346,0.5540479842052289,0.4155318687062656,0.515209091515792
5,1,67.0,6,0.5,0.0,,0.1706892142915893,0.42335676884708945,0.37320659336113216,0.7397094004325393,0.5139864818072915,0.4541357977033451
5,1,68.0,6,0.5,0.0,,0.13194614417165937,0.47866872627392426,0.40722572807095964,0.41427817091806024,0.6572072700162248,0.4338688941346919
5,1,69.0,6,0.5,0.0,,0.18640531495353305,0.33113479058159034,0.5981735426441628,0.8025834332159324,0.41663027513108597,0.39988820562399663
5,1,70.0,6,0.5,0.0,,0.1789293391789299,0.3936300462247133,0.4682106673801848,0.5360879098922552,0.2622671569528312,0.3796897034784152
5,1,71.0,6,0.5,0.0,,0.16732718599445473,0.371920523425441,0.7343137894756889,0.5313104324512475,0.6321355504226182,0.6557884920232734
5,1,72.0,6,0.5,0.0,,0.18410788884517812,0.3835010405203154,0.46168589734400556,0.6353679288385384,0.49125072616180077,0.5278123666428435
5,1,73.0,6,0.5,0.0,,0.18185349335907536,0.40887983297628655,0.6506100409762074,0.5681171044995452,0.7962827327184753,0.4147147836965452
5,1,74.0,6,0.5,0.0,,0.1669530102111771,0.2885650686874358,0.5126188443953018,0.6481471700293435,0.5221005122225146,0.8495551207881421
5,1,75.0,6,0.5,0.0,,0.18078478329592018,0.4467924917892934,0.4249464736130209,0.4457629120420961,0.6132962456652611,0.46165701097840184
5,1,76.0,6,0.5,0.0,,0.12502925142478286,0.3883929282683447,0.4710922828787593,0.6240506467233897,0.7423314482056984,0.6286304077481321
5,1,77.0,6,0.5,0.0,,0.16557328900934004,0.31564691670422473,0.4218430360076266,0.3229912626193595,0.5872055088858815,0.5722088399710419
5,1,78.0,6,0.5,0.0,,0.19420674130601384,0.35353638907578244,0.5940850088325058,0.6917444943753865,0.6983219452328304,0.4813132958051476
5,1,79.0,6,0.5,0.0,,0.19210012007967023,0.3982855572257388,0.49687229127249466,0.5986075394132737,0.8639049198600569,0.6004568068759631
5,1,80.0,6,0.5,0.0,,0.1486501254856595,0.3615194696773892,0.650505554448308,0.643366835325362,0.6414984083291623,0.6379300035225078
5,1,81.0,6,0.5,0.0,,0.13883098045411849,0.27502247372126887,0.6642206846177479,0.5823806090515696,0.5555427845128669,0.36075367329417396
5,1,82.0,6,0.5,0.0,,0.16489209067817176,0.4045730472830675,0.597177479914307,0.7665775267694119,0.6130213213488048,0.6328515659823736
5,1,83.0,6,0.5,0.0,,0.2013979725335305,0.43654650123795263,0.4735163219510084,0.6110038175842791,0.4983118633993149,0.5410029755379974
5,1,84.0,6,0.5,0.0,,0.1555298447904891,0.3383377729741369,0.48198995980813475,0.591997165976475,0.8081823370010215,0.40014740247725056
5,1,85.0,6,0.5,0.0,,0.1430206107960323,0.32364604784907947,0.489517427932213,0.4248506807306927,0.5783311744177022,0.7592940962369739
5,1,86.0,6,0.5,0.0,,0.15172934755003772,0.43687226255331346,0.6022116162338337,0.6652993986813405,0.3937360418381729,0.47998246200732647
5,1,87.0,6,0.5,0.0,,0.14639112343808014,0.508679367385404,0.5115169017036644,0.656358613799271,0.5957290980791636,0.4300950014278751
5,1,88.0,6,0.5,0.0,,0.21087729746808392,0.336236456154137,0.4942469820038836,0.4197274091126051,0.4837464416201052,0.5513681821385956
5,1,89.0,6,0.5,0.0,,0.1457141060275653,0.3602924528162009,0.47043601460680157,0.7771092799816631,0.6565947824852396,0.37952132249120113
5,1,90.0,6,0.5,0.0,,0.15372763324796793,0.41488125487217464,0.6102525838347732,0.5210944052988118,0.7193396844010596,0.5643912808556603
5,1,91.0,6,0.5,0.0,,0.14714531384814028,0.4676847874452596,0.515996551018611,0.5712514079460294,0.8765171626078532,0.49232770381224544
5,1,92.0,6,0.5,0.0,,0.17410685868121115,0.39391631065421173,0.5575095859471366,0.5934646863764061,0.35148774041489517,0.4445252328533562
5,1,93.0,6,0.5,0.0,,0.14512875177187673,0.5483480675145287,0.6193482492658002,0.660603951728306,0.6502497240032599,0.4602635598399643
5,1,94.0,6,0.5,0.0,,0.20719373017236165,0.5158150054292979,0.5489406212019138,0.5071984832927292,0.4433719294823689,0.6783055575361407
5,1,95.0,6,0.5,0.0,,0.11985911711417827,0.3189668840407469,0.5033619210754184,0.5166374387937183,0.5069164471194364,0.5765033776932651
5,1,96.0,6,0.5,0.0,,0.13189605620832523,0.2822842632339757,0.43933509104951385,0.4747428907457628,0.7680492037264527,0.4446981491876829
5,1,97.0,6,0.5,0.0,,0.1870445618341153,0.5934085162052953,0.6466815900710184,0.7718050955891346,0.6930109042081813,0.5053276961131798
5,1,98.0,6,0.5,0.0,,0.16815794482391713,0.4112403401545219,0.6119760917575037,0.5344167928318669,0.7821655259190107,0.5943634909996308
5,1,99.0,6,0.5,0.0,,0.1452584647188312,0.19484877908691473,0.5159357914479249,0.7022198252436648,0.5546933672064713,0.5597312489489403
5,1,100.0,6,0.5,0.0,,0.15352535437706105,0.4264416319051885,0.34939027861511934,0.5131157378646864,0.6516152718962767,0.5345149448153341
6,2,1.0,6,0.0,0.0,,0.1535182751093859,0.39346934028736663,0.5654017914929217,0.6760343182717675,0.5787982855364497,0.5251673422890079
6,2,2.0,6,0.0,0.0,,0.1535182751093859,0.39346934028736663,0.5654017914929217,0.7308554974304585,0.6633490917467677,0.6115454001680612
6,2,3.0,6,0.0,0.0,,0.1535182751093859,0.39346934028736663,0.5654017914929217,0.6732124252351503,0.6538064747590688,0.7630167383616149
6,2,4.0,6,0.0,0.0,,0.1535182751093859,0.39346934028736663,0.5654017914929217,0.6894006776962891,0.8276332662837209,0.6271359776725919
6,2,5.0,6,0.0,0.0,,0.1535182751093859,0.39346934028736663,0.5654017914929217,0.6100260941919728,0.7056900051532796,0.6366191658772905
6,2,6.0,6,0.0,0.0,,0.1535182751093859,0.39346934028736663,0.5654017914929217,0.7041452867061205,0.6880241952763897,0.5213123178523501
6,2,7.0,6,0.0,0.0,,0.1535182751093859,0.39346934028736663,0.5654017914929217,0.6711574827611504,0.5373049088501365,0.6195353765678268
6,2,8.0,6,0.0,0.0,,0.1535182751093859,0.39346934028736663,0.5654017914929217,0.6535035359146997,0.44513090334173516,0.5669304282881799
6,2,9.0,6,0.0,0.0,,0.1535182751093859,0.39346934028736663,0.5654017914929217,0.5534908816653504,0.513439477836055,0.505765141876365
6,2,10.0,6,0.0,0.0,,0.1535182751093859,0.39346934028736663,0.5654017914929217,0.5634836344264472,0.6313516764472402,0.49119804706504916
6,2,11.0,6,0.0,0.0,,0.1535182751093859,0.39346934028736663,0.5654017914929217,0.6628760010556973,0.6657774922101456,0.6344544680504952
6,2,12.0,6,0.0,0.0,,0.1535182751093859,0.39346934028736663,0.5654017914929217,0.6830518875298854,0.5836078397337513,0.4
6,2,13.0,6,0.0,0.0,,0.1535182751093859,0.39346934028736663,0.5654017914929217,0.7172422233994212,0.780513304220374,0.29880579497464943
6,2,14.0,6,0.0,0.0,,0.1535182751093859,0.39346934028736663,0.5654017914929217,0.5682077002189267,0.6229382404735816,0.5795232171981325
6,2,15.0,6,0.0,0.0,,0.1535182751093859,0.39346934028736663,0.5654017914929217,0.6816429385424716,0.6440273971886344,0.47599704341809834
6,2,16.0,6,0.0,0.0,,0.1535182751093859,0.39346934028736663,0.5654017914929217,0.6635499150937851,0.5094396799279302,0.4956641852063031
6,2,17.0,6,0.0,0.0,,0.1535182751093859,0.39346934028736663,0.5654017914929217,0.5805683527733325,0.7052630909623208,0.5213767781819317
6,2,18.0,6,0.0,0.0,,0.1535182751093859,0.39346934028736663,0.5654017914929217,0.5826651618185164,0.5321504802397319,0.6850101957609303
6,2,19.0,6,0.0,0.0,,0.1535182751093859,0.39346934028736663,0.5654017914929217,0.6553028468052522,0.622780985566499,0.6227962920323942
6,2,20.0,6,0.0,0.0,,0.1535182751093859,0.39346934028736663,0.5654017914929217,0.5610365963613035,0.6836784920431462,0.5528199072008488
6,2,21.0,6,0.0,0.0,,0.1535182751093859,0.39346934028736663,0.5654017914929217,0.5633690954340386,0.6126764639085691,0.6436583989628021
6,2,22.0,6,0.0,0.0,,0.1535182751093859,0.39346934028736663,0.5654017914929217,0.6075444775854428,0.5572764502882046,0.63018098573636
6,2,23.0,6,0.0,0.0,,0.1535182751093859,0.39346934028736663,0.5654017914929217,0.5388866951595468,0.5838410683987376,0.3134838263709957
6,2,24.0,6,0.0,0.0,,0.1535182751093859,0.39346934028736663,0.5654017914929217,0.6824010558579439,0.6300646727437673,0.6312008792905577
6,2,25.0,6,0.0,0.0,,0.1535182751093859,0.39346934028736663,0.5654017914929217,0.6369549954441428,0.5332637654961331,0.39102405340387597
6,2,26.0,6,0.0,0.0,,0.1535182751093859,0.39346934028736663,0.5654017914929217,0.6821607427308883,0.5023342382830063,0.4877973259258942
6,2,27.0,6,0.0,0.0,,0.1535182751093859,0.39346934028736663,0.5654017914929217,0.5786387646397005,0.2569593086797802,0.8324959077689063
6,2,28.0,6,0.0,0.0,,0.1535182751093859,0.39346934028736663,0.5654017914929217,0.7054507309210223,0.711584886529361,0.5328743491624102
6,2,29.0,6,0.0,0.0,,0.1535182751093859,0.39346934028736663,0.5654017914929217,0.6460334877847508,0.6316716616695968,0.4869825497972712
6,2,30.0,6,0.0,0.0,,0.1535182751093859,0.39346934028736663,0.5654017914929217,0.6757224321722043,0.6560131286371378,0.6241464665246929
6,2,31.0,6,0.0,0.0,,0.1535182751093859,0.39346934028736663,0.5654017914929217,0.606087355762197,0.5581248989987697,0.7005216090269482
6,2,32.0,6,0.0,0.0,,0.1535182751093859,0.39346934028736663,0.5654017914929217,0.6897813917561975,0.6659588988937042,0.6251835072984804
6,2,33.0,6,0.0,0.0,,0.1535182751093859,0.39346934028736663,0.5654017914929217,0.5548815495593342,0.6953623409453614,0.6191779351854925
6,2,34.0,6,0.0,0.0,,0.1535182751093859,0.39346934028736663,0.5654017914929217,0.6684472363035237,0.6969788063234472,0.3932850665796635
6,2,35.0,6,0.0,0.0,,0.1535182751093859,0.39346934028736663,0.5654017914929217,0.7042892534084062,0.579208405559055,0.4463456971878584
6,2,36.0,6,0.0,0.0,,0.1535182751093859,0.39346934028736663,0.5654017914929217,0.5074132605371322,0.5655138563003332,0.7392863834173614
6,2,37.0,6,0.0,0.0,,0.1535182751093859,0.39346934028736663,0.5654017914929217,0.5847933524069662,0.4517220569844563,0.6177395258848987
6,2,38.0,6,0.0,0.0,,0.1535182751093859,0.39346934028736663,0.5654017914929217,0.6450781195649116,0.37322388000278217,0.6357173119092494
6,2,39.0,6,0.0,0.0,,0.1535182751093859,0.39346934028736663,0.5654017914929217,0.5666059231090903,0.6147392319029381,0.5465520092364352
6,2,40.0,6,0.0,0.0,,0.1535182751093859,0.39346934028736663,0.5654017914929217,0.676113124077915,0.5906990908819711,0.7812202700191012
6,2,41.0,6,0.0,0.0,,0.1535182751093859,0.39346934028736663,0.5654017914929217,0.6302074601102501,0.6341665448829741,0.6283311980113622
6,2,42.0,6,0.0,0.0,,0.1535182751093859,0.39346934028736663,0.5654017914929217,0.7850792642627473,0.7251080914141471,0.6196167130578576
6,2,43.0,6,0.0,0.0,,0.1535182751093859,0.39346934028736663,0.5654017914929217,0.65776745476407,0.5898157831475854,0.39225788650522925
6,2,44.0,6,0.0,0.0,,0.1535182751093859,0.39346934028736663,0.5654017914929217,0.6890200797188736,0.5283178547559373,0.6669779794755731
6,2,45.0,6,0.0,0.0,,0.1535182751093859,0.39346934028736663,0.5654017914929217,0.626552365100266,0.5493371990299932,0.36511093370556563
6,2,46.0,6,0.0,0.0,,0.1535182751093859,0.39346934028736663,0.5654017914929217,0.5069271474816892,0.5315814846338144,0.45529967498349666
6,2,47.0,6,0.0,0.0,,0.1535182751093859,0.39346934028736663,0.5654017914929217,0.5719261219943073,0.8784054432413054,0.5311701914554384
6,2,48.0,6,0.0,0.0,,0.1535182751093859,0.39346934028736663,0.5654017914929217,0.6762093736350424,0.5933921554581827,0.5443487560691125
6,2,49.0,6,0.0,0.0,,0.1535182751093859,0.39346934028736663,0.5654017914929217,0.5846379405096156,0.6894729373164055,0.5873716443422033
6,2,50.0,6,0.0,0.0,,0.1535182751093859,0.39346934028736663,0.5654017914929217,0.7009659766814567,0.509958585241068,0.529388192240079
6,2,51.0,6,0.0,0.0,,0.1535182751093859,0.39346934028736663,0.5654017914929217,0.6518103424959326,0.6458171498166306,0.7842364353745095
6,2,52.0,6,0.0,0.0,,0.1535182751093859,0.39346934028736663,0.5654017914929217,0.7080284718786964,0.655900750529226,0.6128754444492336
6,2,53.0,6,0.0,0.0,,0.1535182751093859,0.39346934028736663,0.5654017914929217,0.5902924082608909,0.5820005218610644,0.47773619108598175
6,2,54.0,6,0.0,0.0,,0.1535182751093859,0.39346934028736663,0.5654017914929217,0.5573628746810025,0.6412705435989867,0.6394793426271228
6,2,55.0,6,0.0,0.0,,0.1535182751093859,0.39346934028736663,0.5654017914929217,0.6396477013269732,0.5867579397004119,0.3199313194682906
6,2,56.0,6,0.0,0.0,,0.1535182751093859,0.39346934028736663,0.5654017914929217,0.6030054705142142,0.6768485875470006,0.8039010171956942
6,2,57.0,6,0.0,0.0,,0.1535182751093859,0.39346934028736663,0.5654017914929217,0.6338361435110623,0.5864600429246905,0.5007147893304337
6,2,58.0,6,0.0,0.0,,0.1535182751093859,0.39346934028736663,0.5654017914929217,0.6763082741595042,0.7866471395161847,0.6149407816270639
6,2,59.0,6,0.0,0.0,,0.1535182751093859,0.39346934028736663,0.5654017914929217,0.6826525789592301,0.550740877099211,0.6892441880499418
6,2,60.0,6,0.0,0.0,,0.1535182751093859,0.39346934028736663,0.5654017914929217,0.578304586819161,0.8438060866319118,0.5525394199360939
6,2,61.0,6,0.0,0.0,,0.1535182751093859,0.39346934028736663,0.5654017914929217,0.6725778298302771,0.7625889534098447,0.5572541125554319
6,2,62.0,6,0.0,0.0,,0.1535182751093859,0.39346934028736663,0.5654017914929217,0.6122149425992087,0.6231425986369158,0.7607006867401787
6,2,63.0,6,0.0,0.0,,0.1535182751093859,0.39346934028736663,0.5654017914929217,0.6534132265081906,0.7711890273894162,0.6321191758943684
6,2,64.0,6,0.0,0.0,,0.1535182751093859,0.39346934028736663,0.5654017914929217,0.6626885806106239,0.5712898110689963,0.42755202288109534
6,2,65.0,6,0.0,0.0,,0.1535182751093859,0.39346934028736663,0.5654017914929217,0.6119975486521219,0.5587034995313794,0.6673563640214151
6,2,66.0,6,0.0,0.0,,0.1535182751093859,0.39346934028736663,0.5654017914929217,0.6188903825682827,0.39695503105534036,0.8069540488816507
6,2,67.0,6,0.0,0.0,,0.1535182751093859,0.39346934028736663,0.5654017914929217,0.6250742469293598,0.6874012184707079,0.4709546855838546
6,2,68.0,6,0.0,0.0,,0.1535182751093859,0.39346934028736663,0.5654017914929217,0.581498106097769,0.5171084153905652,0.4127682553556774
6,2,69.0,6,0.0,0.0,,0.1535182751093859,0.39346934028736663,0.5654017914929217,0.6997240719973835,0.8182441786676208,0.7450180086482867
6,2,70.0,6,0.0,0.0,,0.1535182751093859,0.39346934028736663,0.5654017914929217,0.720637551101937,0.6142961068350454,0.5597130622556962
6,2,71.0,6,0.0,0.0,,0.1535182751093859,0.39346934028736663,0.5654017914929217,0.6859985566341708,0.46202526591241055,0.554313523244723
6,2,72.0,6,0.0,0.0,,0.1535182751093859,0.39346934028736663,0.5654017914929217,0.574224631688039,0.667232866025908,0.6909146417835008
6,2,73.0,6,0.0,0.0,,0.1535182751093859,0.39346934028736663,0.5654017914929217,0.6380543602555168,0.475819422979435,0.43935696344913006
6,2,74.0,6,0.0,0.0,,0.1535182751093859,0.39346934028736663,0.5654017914929217,0.6352817171034615,0.46606535255879117,0.5450889375808934
6,2,75.0,6,0.0,0.0,,0.1535182751093859,0.39346934028736663,0.5654017914929217,0.6711009960470404,0.6383028729057938,0.6966661176490808
6,2,76.0,6,0.0,0.0,,0.1535182751093859,0.39346934028736663,0.5654017914929217,0.6595828752886173,0.5684261873393055,0.4874394320594366
6,2,77.0,6,0.0,0.0,,0.1535182751093859,0.39346934028736663,0.5654017914929217,0.6038997594206996,0.6891003495936218,0.6177066972286352
6,2,78.0,6,0.0,0.0,,0.1535182751093859,0.39346934028736663,0.5654017914929217,0.6252252252377485,0.5547247411606665,0.3594832415579762
6,2,79.0,6,0.0,0.0,,0.1535182751093859,0.39346934028736663,0.5654017914929217,0.6322446498999484,0.6379830253041309,0.6358349449839886
6,2,80.0,6,0.0,0.0,,0.1535182751093859,0.39346934028736663,0.5654017914929217,0.6691800026239885,0.662971359891608,0.48263469976113066
6,2,81.0,6,0.0,0.0,,0.1535182751093859,0.39346934028736663,0.5654017914929217,0.7051619630303123,0.6117326686508963,0.4998491178480185
6,2,82.0,6,0.0,0.0,,0.1535182751093859,0.39346934028736663,0.5654017914929217,0.6375261916708552,0.5471557137840032,0.47784761268738424
6,2,83.0,6,0.0,0.0,,0.1535182751093859,0.39346934028736663,0.5654017914929217,0.6711885661497451,0.587739794933085,0.5551859079274989
6,2,84.0,6,0.0,0.0,,0.1535182751093859,0.39346934028736663,0.5654017914929217,0.6334746694458927,0.5110127336381723,0.39376545723255374
6,2,85.0,6,0.0,0.0,,0.1535182751093859,0.39346934028736663,0.5654017914929217,0.6565938626235713,0.5494097925987218,0.6558393997048475
6,2,86.0,6,0.0,0.0,,0.1535182751093859,0.39346934028736663,0.5654017914929217,0.5362738877398029,0.5804623716065971,0.40402090616380504
6,2,87.0,6,0.0,0.0,,0.1535182751093859,0.39346934028736663,0.5654017914929217,0.6766468578139098,0.6656330541166489,0.38217172098019525
6,2,88.0,6,0.0,0.0,,0.1535182751093859,0.39346934028736663,0.5654017914929217,0.6814000255915615,0.4305102926992242,0.684007410070846
6,2,89.0,6,0.0,0.0,,0.1535182751093859,0.39346934028736663,0.5654017914929217,0.6160944048467958,0.7746211384100772,0.762193703620899
6,2,90.0,6,0.0,0.0,,0.1535182751093859,0.39346934028736663,0.5654017914929217,0.612726091341065,0.533652092866189,0.5114254967002363
6,2,91.0,6,0.0,0.0,,0.1535182751093859,0.39346934028736663,0.5654017914929217,0.6331998865520715,0.49565093940854377,0.5662271063085188
6,2,92.0,6,0.0,0.0,,0.1535182751093859,0.39346934028736663,0.5654017914929217,0.7206253452990934,0.6997363086576162,0.4261052915565139
6,2,93.0,6,0.0,0.0,,0.1535182751093859,0.39346934028736663,0.5654017914929217,0.593940065222088,0.5367944585025876,0.5726051620719202
6,2,94.0,6,0.0,0.0,,0.1535182751093859,0.39346934028736663,0.5654017914929217,0.6002147847395498,0.6840591674873812,0.6095809793174792
6,2,95.0,6,0.0,0.0,,0.1535182751093859,0.39346934028736663,0.5654017914929217,0.6647631452026832,0.3172908970764251,0.3300498893158458
6,2,96.0,6,0.0,0.0,,0.1535182751093859,0.39346934028736663,0.5654017914929217,0.6665955641920094,0.477414500867838,0.4600229779300606
6,2,97.0,6,0.0,0.0,,0.1535182751093859,0.39346934028736663,0.5654017914929217,0.5546121014504288,0.7814036920996179,0.6095493735531408
6,2,98.0,6,0.0,0.0,,0.1535182751093859,0.39346934028736663,0.5654017914929217,0.7097703856274653,0.49534317330053435,0.26017510780957703
6,2,99.0,6,0.0,0.0,,0.1535182751093859,0.39346934028736663,0.5654017914929217,0.5177484840145458,0.6530640476606647,0.6437675726309084
6,2,100.0,6,0.0,0.0,,0.1535182751093859,0.39346934028736663,0.5654017914929217,0.648823619353434,0.5028148935399885,0.5112986848245807
7,2,1.0,6,0.25,0.0,,0.17921830938396843,0.34825702210943227,0.6631098378413383,0.6991908261656732,0.6935870953146701,0.6898204606218143
7,2,2.0,6,0.25,0.0,,0.14005784343106642,0.3789353148002935,0.6060470700637385,0.5369696137475317,0.5119698130947296,0.5770318060196143
7,2,3.0,6,0.25,0.0,,0.16336503044109496,0.3974757979911271,0.5195575091493649,0.6892902496297452,0.5180359437595892,0.5563690245543844
7,2,4.0,6,0.25,0.0,,0.1699284141597735,0.4372386519735552,0.5331403762739172,0.6359516928149592,0.5433606528783756,0.5226914876150428
7,2,5.0,6,0.25,0.0,,0.14711158780999592,0.3816041563769065,0.49969167896066846,0.7117045561825048,0.5855670142113756,0.43450167398904715
7,2,6.0,6,0.25,0.0,,0.14596382988180573,0.3851556736542049,0.5577203216020002,0.6246870134370723,0.5943933564659212,0.5209278836373331
7,2,7.0,6,0.25,0.0,,0.1488471031483772,0.37167155449302686,0.6065908956058449,0.687412614778116,0.6260703655754026,0.8530373260974791
7,2,8.0,6,0.25,0.0,,0.151786360782605,0.39604615621953493,0.4415274086509277,0.5178626837961537,0.7059127635229083,0.5947972091116923
7,2,9.0,6,0.25,0.0,,0.14253812311396064,0.39055186131519,0.5282525698455649,0.5984599191895603,0.5783154272912328,0.4881433175389521
7,2,10.0,6,0.25,0.0,,0.16149180957810857,0.42131076478556173,0.6083507158997836,0.4981241033745622,0.4909206040778674,0.3946925229921011
7,2,11.0,6,0.25,0.0,,0.1590333118390889,0.40636364218105514,0.5984246206470573,0.7386377896915295,0.5045945424232554,0.6569905120180389
7,2,12.0,6,0.25,0.0,,0.1662351941178832,0.3840738555302895,0.5910844221596514,0.5765217990451013,0.6041192648763218,0.5831099225502593
7,2,13.0,6,0.25,0.0,,0.12464433550885043,0.36477972950362597,0.6057089161423177,0.6462749647173293,0.52871097613517,0.6667238923457444
7,2,14.0,6,0.25,0.0,,0.16675282375658826,0.3665608833527319,0.4739594611173529,0.6460852797899493,0.7229538729447874,0.4298730529951197
7,2,15.0,6,0.25,0.0,,0.16536995875793375,0.365181577598561,0.513705138209709,0.5987561248992985,0.6946842752890091,0.2853604613980719
7,2,16.0,6,0.25,0.0,,0.14321528432045488,0.40086137112872783,0.5998297946204513,0.7466278101855768,0.4963150687209308,0.5018242801121033
7,2,17.0,6,0.25,0.0,,0.14046682866106072,0.41565398062376824,0.6336156093934877,0.6959456662223833,0.3133907457349565,0.5954474470831844
7,2,18.0,6,0.25,0.0,,0.14965234784583928,0.31242759153983257,0.5236322350312786,0.437621189609415,0.6241578638577305,0.46316311212242817
7,2,19.0,6,0.25,0.0,,0.16484316415807604,0.3385750172495186,0.6847945855716858,0.5852459244814069,0.6123383762403096,0.5892835910423908
7,2,20.0,6,0.25,0.0,,0.139182980590012,0.43040785856670266,0.5240241120173939,0.5338999649817486,0.5564083141553935,0.2125216471809889
7,2,21.0,6,0.25,0.0,,0.13639181632070776,0.40911901554792635,0.48128681398580114,0.7920532716887888,0.7622759186688801,0.5556338629573547
7,2,22.0,6,0.25,0.0,,0.16458566332387703,0.4568589741627699,0.5628951506835997,0.706300063553653,0.38223662036413186,0.39986017559520526
7,2,23.0,6,0.25,0.0,,0.13007416800909233,0.3835342349664081,0.5420305140545467,0.7716157828769457,0.5480612552326102,0.4830405154140293
7,2,24.0,6,0.25,0.0,,0.16714122495800404,0.4198885681619358,0.6351437994401989,0.5572770028650637,0.5828635153368017,0.4529531842789917
7,2,25.0,6,0.25,0.0,,0.14036008997874977,0.47245041163542867,0.6685993512925016,0.7100177493480389,0.5989027170018809,0.5662913818617852
7,2,26.0,6,0.25,0.0,,0.15170620823528846,0.4392427668840865,0.4766244362642002,0.5367030304261827,0.506333490885498,0.7228677717188284
7,2,27.0,6,0.25,0.0,,0.14590818654539878,0.37760717745234845,0.6370872157073713,0.6642382497751956,0.4983672055530251,0.6758890524262016
7,2,28.0,6,0.25,0.0,,0.13976336586705332,0.32792212024365125,0.6776150440550592,0.5899942105747675,0.5759894458712218,0.6683084982769589
7,2,29.0,6,0.25,0.0,,0.1575245766784561,0.38195594872023425,0.5054259190242457,0.6631547414901598,0.6253633135409677,0.6845310647656142
7,2,30.0,6,0.25,0.0,,0.1555400927663067,0.402376577751998,0.5315637766925576,0.4687297039367714,0.5276573837826612,0.5973830543719286
7,2,31.0,6,0.25,0.0,,0.13471714717810124,0.36976616750151975,0.6035431234140602,0.6383884938779975,0.7523030764724787,0.8451638161991102
7,2,32.0,6,0.25,0.0,,0.15466071214427216,0.3942680206950881,0.49304749413683435,0.652303026341838,0.6217980288872844,0.6787467925734914
7,2,33.0,6,0.25,0.0,,0.1333097228897116,0.4135899727453105,0.5242881280756743,0.5729764192473339,0.8267146689827614,0.599978632312778
7,2,34.0,6,0.25,0.0,,0.16173200884769628,0.32034459210454547,0.5460559368255316,0.6342241838587424,0.5837059310388946,0.4785310138669563
7,2,35.0,6,0.25,0.0,,0.1332666430918248,0.38579076620629316,0.587629572220956,0.6354841603194125,0.37088306116109604,0.5705599128172605
7,2,36.0,6,0.25,0.0,,0.16032801384053447,0.37436300746121054,0.645574748040442,0.5850657785053739,0.6960546393260605,0.479755184219675
7,2,37.0,6,0.25,0.0,,0.1606530936514657,0.44162145642396383,0.6463760676449535,0.6138033147481518,0.6571158469611988,0.3948052962676538
7,2,38.0,6,0.25,0.0,,0.16492200110454408,0.3380612010616407,0.49871285070068677,0.5589843940591556,0.6631398114039226,0.5640410766217364
7,2,39.0,6,0.25,0.0,,0.1547665934007923,0.4034722327904852,0.5130963239195383,0.4444946322266271,0.7142812041112234,0.564852876934082
7,2,40.0,6,0.25,0.0,,0.1586981084237941,0.40734731547899033,0.6466652552183092,0.6087556096249265,0.5012436760435565,0.5900771593825695
7,2,41.0,6,0.25,0.0,,0.15145056669497675,0.4154467348421472,0.6436946646228316,0.6899124156043739,0.5753589705311049,0.6402700327527105
7,2,42.0,6,0.25,0.0,,0.15990903886159585,0.3571706411100826,0.5975504554005864,0.5841154492584935,0.737224315181505,0.37013064502138715
7,2,43.0,6,0.25,0.0,,0.16124268177151543,0.4235237702553204,0.6322267145241456,0.507252329913056,0.6124905351684975,0.6041487195757707
7,2,44.0,6,0.25,0.0,,0.13841718032934575,0.45012459081388634,0.6742181808021599,0.6420188443435049,0.6615925076804864,0.7026357055180543
7,2,45.0,6,0.25,0.0,,0.13720305124974475,0.3323175335953066,0.5971566938888241,0.7251411990088045,0.5210503894082485,0.471019000087303
7,2,46.0,6,0.25,0.0,,0.13508730913914516,0.4122906779650933,0.5444040305603683,0.585343097964831,0.6432773093316739,0.6
7,2,47.0,6,0.25,0.0,,0.14705884973966388,0.42798361556670395,0.48450052647552183,0.6251220967592425,0.5247814624947009,0.6763595016240306
7,2,48.0,6,0.25,0.0,,0.14694524254422917,0.37914001194890595,0.6521542732718424,0.5692963183213433,0.5488188659647255,0.5379043379110561
7,2,49.0,6,0.25,0.0,,0.14492169965886822,0.38444591152572216,0.6034657632064063,0.6010388880034301,0.5593070680879911,0.6297155040742568
7,2,50.0,6,0.25,0.0,,0.16115849520837422,0.41163929893747175,0.5784441803068804,0.6825957575284614,0.5086888181310962,0.5806417170558292
7,2,51.0,6,0.25,0.0,,0.1390511155708596,0.3190258232841082,0.4807801067894034,0.5666017655987118,0.589764764129575,0.6351447153225687
7,2,52.0,6,0.25,0.0,,0.14121833773135148,0.34185591632593226,0.5888818421061167,0.4985261492143985,0.7208255854560549,0.38838834721287974
7,2,53.0,6,0.25,0.0,,0.15557269946006289,0.32576775398328095,0.6662029237559918,0.5627691312214945,0.4891207245796595,0.6039178219318548
7,2,54.0,6,0.25,0.0,,0.14952750038976542,0.37980362251765193,0.5231710521225684,0.7151398276783922,0.32763429544076905,0.4269685405791844
7,2,55.0,6,0.25,0.0,,0.1547958540983443,0.42072279325268325,0.5273162272710111,0.5313828931276399,0.45081048991035166,0.6668290633516277
7,2,56.0,6,0.25,0.0,,0.16294113879085134,0.4284051084141945,0.5612851476558328,0.5852629715289704,0.5426286280511603,0.36996381043015725
7,2,57.0,6,0.25,0.0,,0.14862384849840338,0.4598572740453094,0.5281847370599004,0.6099894257096204,0.55751350265395,0.715707709831767
7,2,58.0,6,0.25,0.0,,0.16342668359938656,0.4403321267403838,0.4751552917630085,0.5337105920768807,0.649710553822805,0.6520974935920819
7,2,59.0,6,0.25,0.0,,0.166889174964984,0.36935252209871583,0.6225206272434345,0.5925891692976915,0.6087924491865649,0.6597716255399771
7,2,60.0,6,0.25,0.0,,0.15332355350331003,0.3926271229671952,0.4996446120620545,0.44386324848966,0.705332669663695,0.5691665451413358
7,2,61.0,6,0.25,0.0,,0.16659550577508525,0.4468980419481955,0.5510995995044572,0.5309758742720817,0.7418919143367466,0.616693597296176
7,2,62.0,6,0.25,0.0,,0.15734519875681344,0.41930855040811543,0.5162464133654299,0.5620927612321818,0.5013811952483818,0.5389506927929542
7,2,63.0,6,0.25,0.0,,0.14446045924260897,0.3541866175516322,0.6605035135459824,0.6318666013010652,0.3954489790255711,0.5693394587694209
7,2,64.0,6,0.25,0.0,,0.16101245991924215,0.32460450283763925,0.5217445284872061,0.628786214257283,0.6084122968977359,0.7408240098848062
7,2,65.0,6,0.25,0.0,,0.15061931201372547,0.4402986419177231,0.5252861105282844,0.5718311615157607,0.5694971771901984,0.37576220856671017
7,2,66.0,6,0.25,0.0,,0.1770969665686409,0.36333537640088387,0.6363698820781567,0.6429645701304811,0.6468225064158335,0.6222500176863004
7,2,67.0,6,0.25,0.0,,0.18151209638349394,0.3388628869456002,0.6327990037768922,0.53612889540954,0.4451402351114715,0.4399519590322331
7,2,68.0,6,0.25,0.0,,0.150631158822186,0.3933330396092045,0.5014001622176527,0.5853432603046174,0.4762080061930428,0.5155136246873362
7,2,69.0,6,0.25,0.0,,0.14232346703295823,0.40140850649448334,0.5441278846091239,0.586952958707451,0.587071339552719,0.35721903179359393
7,2,70.0,6,0.25,0.0,,0.11562452035175466,0.4018235520962655,0.526308410147823,0.660687667649154,0.6521273066940086,0.7730935772515241
7,2,71.0,6,0.25,0.0,,0.13101139131632938,0.3588048824876705,0.6485971695206639,0.5566491361621304,0.3556543340859388,0.3873605761057023
7,2,72.0,6,0.25,0.0,,0.1452100792976372,0.41781775037341184,0.5300838832665703,0.7981130403854406,0.533698610969242,0.71539222807067
7,2,73.0,6,0.25,0.0,,0.17100481923444505,0.38513576754407763,0.4796485534462855,0.4826177336058861,0.5760325690703356,0.4591256408201289
7,2,74.0,6,0.25,0.0,,0.13636151091696297,0.365064694930783,0.4809781006193389,0.5651767240620985,0.49611813749795974,0.7099410731100144
7,2,75.0,6,0.25,0.0,,0.1607291781097835,0.38508745802880384,0.5959918803268869,0.7138144218151171,0.5316469068862848,0.6597186906467262
7,2,76.0,6,0.25,0.0,,0.16498431719259998,0.451839443560534,0.5904647548449875,0.6679012794412591,0.5218186634923636,0.26296134196685184
7,2,77.0,6,0.25,0.0,,0.15154773048950426,0.407421111750163,0.5639431559098793,0.7671692101875172,0.6767698419126253,0.45797229771539294
7,2,78.0,6,0.25,0.0,,0.14460814009616416,0.42166880533265017,0.5735697017207453,0.5763583435906965,0.44049357443163667,0.46232496438365744
7,2,79.0,6,0.25,0.0,,0.1241643500383067,0.4235619820923298,0.6027751048920627,0.6898369793139543,0.5695376306700364,0.5929367335428581
7,2,80.0,6,0.25,0.0,,0.16223435228274805,0.3653086582800797,0.47868823081088135,0.703092190832258,0.8662382649054893,0.44466077927769565
7,2,81.0,6,0.25,0.0,,0.14517092427712366,0.37616056081662175,0.5951678210897389,0.6642238353352989,0.5057855933646265,0.49392451701818524
7,2,82.0,6,0.25,0.0,,0.13945338782397837,0.3536822879935255,0.5844554624807573,0.47997086612839623,0.5021673399134975,0.6175530170114043
7,2,83.0,6,0.25,0.0,,0.15048136887618282,0.416511243231672,0.48141770219368835,0.5664578939707697,0.3379036253251205,0.5518169695101948
7,2,84.0,6,0.25,0.0,,0.17306377338754292,0.34525695829836794,0.6160057082514331,0.5041539157414511,0.6918360403769511,0.6663692638560639
7,2,85.0,6,0.25,0.0,,0.14722254726744194,0.34224552538924924,0.6265592952378515,0.5862770798474438,0.6393892599130895,0.5135116419992547
7,2,86.0,6,0.25,0.0,,0.1520503314749746,0.35126402916959815,0.6126003715002686,0.5981380876485523,0.4875491406009245,0.5107748697417668
7,2,87.0,6,0.25,0.0,,0.14154589480256746,0.3140864816405597,0.7044458335322316,0.6444397536344398,0.5652242681263207,0.6189244110415686
7,2,88.0,6,0.25,0.0,,0.14649353690244493,0.3474227224293767,0.47252915951570984,0.6167934976200339,0.672527574290805,0.5878065409000972
7,2,89.0,6,0.25,0.0,,0.14581609936218937,0.3588755004639608,0.4782079990775441,0.5853585205162335,0.7083183524196444,0.7624981853661461
7,2,90.0,6,0.25,0.0,,0.14936612316504636,0.4109797077381943,0.6292875141289374,0.5962019735426118,0.550821432578807,0.43323065399361765
7,2,91.0,6,0.25,0.0,,0.15886965145414128,0.39280040761318596,0.5013005149226716,0.6623908554569211,0.2993217016499997,0.6458641415249025
7,2,92.0,6,0.25,0.0,,0.16986782541510775,0.30254094089590683,0.6022264523362447,0.661795553477282,0.7909569415417971,0.6783584889093618
7,2,93.0,6,0.25,0.0,,0.1411617379711986,0.43118189608518903,0.4228600541367725,0.7380967344818281,0.5397115074734605,0.6611937685880835
7,2,94.0,6,0.25,0.0,,0.1409207645147677,0.44894418818119786,0.5916737311591707,0.5046967412458321,0.6048900565894655,0.4897128597308168
7,2,95.0,6,0.25,0.0,,0.15845877182994,0.39258482328181327,0.5783661708354861,0.35074724852458117,0.42813808436167433,0.49433505804313843
7,2,96.0,6,0.25,0.0,,0.14696583712160644,0.4647936847460367,0.5844745394067788,0.5468725745055175,0.37700273486350444,0.6985123528728209
7,2,97.0,6,0.25,0.0,,0.16165147225884263,0.3746781912949933,0.5956139382195647,0.5271366844861152,0.7593075898997483,0.7030239500838686
7,2,98.0,6,0.25,0.0,,0.16020570386813945,0.40149215744682254,0.6819560258190944,0.5519335585806672,0.4975624296559163,0.4770665094418446
7,2,99.0,6,0.25,0.0,,0.16469815765196646,0.35287930963384107,0.5768277446069907,0.7551743061222024,0.6461886051385528,0.5051221421015357
7,2,100.0,6,0.25,0.0,,0.16075900322741915,0.342305942917934,0.5991370406708428,0.6853903669279743,0.5631895514922848,0.39452476231922
8,2,1.0,6,0.5,0.0,,0.13007398572511514,0.512733294321599,0.6630582862143033,0.485169179482045,0.3992064606205899,0.5949465201143049
8,2,2.0,6,0.5,0.0,,0.12540281400164086,0.376858957961314,0.4991229030506196,0.7395978350000466,0.7350548195347393,0.4767474292754099
8,2,3.0,6,0.5,0.0,,0.13621702027329144,0.4025921246853355,0.5882766935826287,0.47987876387508,0.4302361351608709,0.4137221769868698
8,2,4.0,6,0.5,0.0,,0.16748171259886932,0.37249659624747233,0.6130390883134688,0.7106444939778742,0.49980776736752264,0.5884979798005631
8,2,5.0,6,0.5,0.0,,0.17482707938679207,0.29471767885287425,0.6282103285427271,0.655689288782171,0.6781526591021019,0.6572321896312655
8,2,6.0,6,0.5,0.0,,0.19237796647276456,0.4232223637479068,0.6693172993336762,0.3581427862989544,0.7045671601137873,0.8471775040885889
8,2,7.0,6,0.5,0.0,,0.1665283996061398,0.40239845226257487,0.43339311334737773,0.5696976983047598,0.7194689253674998,0.6484928089564671
8,2,8.0,6,0.5,0.0,,0.18296064634724618,0.5257857942148279,0.4528735735977989,0.81907987198549,0.6743158381899106,0.3871781763552085
8,2,9.0,6,0.5,0.0,,0.1560069587195106,0.4584103096452514,0.41914671883469945,0.5710990875097651,0.3726750824114446,0.7182650694180086
8,2,10.0,6,0.5,0.0,,0.14945313014404935,0.3958669411449018,0.6530720697855241,0.6599275071439717,0.6571443130899028,0.6497855983332016
8,2,11.0,6,0.5,0.0,,0.18112706400810724,0.4946427801237373,0.6735246372977739,0.5161444681846227,0.511801441608676,0.8141441097694168
8,2,12.0,6,0.5,0.0,,0.1834666284738746,0.3875964877055344,0.6291000127546117,0.7033617219591823,0.5439322242843498,0.6066438697493288
8,2,13.0,6,0.5,0.0,,0.15040576585136814,0.29849144730683824,0.39393531997808445,0.7021664468153651,0.590717980515491,0.39067502921418545
8,2,14.0,6,0.5,0.0,,0.1402727955028282,0.30286431201866637,0.5968185119981321,0.614575631937216,0.6035086165370809,0.6570098818061566
8,2,15.0,6,0.5,0.0,,0.14925412655359985,0.47682082683417876,0.5418568819636264,0.5041368966894368,0.5755224680102555,0.5361432737038037
8,2,16.0,6,0.5,0.0,,0.19152902646632905,0.4980339450687189,0.5845693495767079,0.7925255310029924,0.5067154268704768,0.6756677901587318
8,2,17.0,6,0.5,0.0,,0.13748964168222552,0.42397675590865835,0.6097434563334031,0.5016510156791878,0.3673426225275643,0.4656808466306878
8,2,18.0,6,0.5,0.0,,0.15419781959493695,0.32352502841158626,0.3311237144806577,0.6613280057605379,0.5618424643926956,0.3571027573476934
8,2,19.0,6,0.5,0.0,,0.20744148401216686,0.3961146026661405,0.5883603472933785,0.5342479189432094,0.4036322570428972,0.4760014781611643
8,2,20.0,6,0.5,0.0,,0.11639038201499959,0.38577508484156703,0.6955840366677658,0.3992082548994727,0.2896352724543783,0.31115490310524974
8,2,21.0,6,0.5,0.0,,0.1652533435410526,0.3864363864240712,0.7866209766051875,0.3331205829301983,0.3839060082858772,0.7653974250731927
8,2,22.0,6,0.5,0.0,,0.16568268126545246,0.5985532572461126,0.6160952786434077,0.6367890161692369,0.476997914696945,0.50933145314641
8,2,23.0,6,0.5,0.0,,0.13283579714047847,0.3680230424116436,0.6665819782622678,0.6739892914861678,0.5666772612320414,0.5847559861827388
8,2,24.0,6,0.5,0.0,,0.15697488038285287,0.4263626786724378,0.4904874954093458,0.38983256657165144,0.4387888967556564,0.6300401058515674
8,2,25.0,6,0.5,0.0,,0.22233446979942015,0.3626447295385897,0.6795448002617698,0.5947563665375967,0.5566072332843481,0.6563325773810236
8,2,26.0,6,0.5,0.0,,0.10560319657842614,0.42944007787868194,0.6033660188671506,0.6056021850309795,0.6189584630384631,0.5461415576792101
8,2,27.0,6,0.5,0.0,,0.1554039891835064,0.3304555326551043,0.3814402641908371,0.7258117658714749,0.6041466363710617,0.5745551413661912
8,2,28.0,6,0.5,0.0,,0.15021956928795568,0.3300707947981734,0.481944627079972,0.7108688458784264,0.6242120560527755,0.666209800823751
8,2,29.0,6,0.5,0.0,,0.14353110962286678,0.41595000383552383,0.36025716429452376,0.417168183828481,0.5691473752125348,0.5043997968316416
8,2,30.0,6,0.5,0.0,,0.1441126472838007,0.41197043218705376,0.3613316215455958,0.34173276447402967,0.49592016518760984,0.33812362468631224
8,2,31.0,6,0.5,0.0,,0.13203563358836531,0.38965789643137816,0.6796578889531422,0.7481248665677567,0.7065572202995566,0.7385631919055872
8,2,32.0,6,0.5,0.0,,0.12496148387040322,0.5021078492055189,0.4555241108753244,0.6261114072425309,0.6825225513255411,0.3505115771704061
8,2,33.0,6,0.5,0.0,,0.15150416798486038,0.31893562292213595,0.6802866226126365,0.661946699016277,0.44288637708894346,0.5289036585506297
8,2,34.0,6,0.5,0.0,,0.11005987234839451,0.36289399036309405,0.48859725040353164,0.5665294572269702,0.5254254582176687,0.525162005331842
8,2,35.0,6,0.5,0.0,,0.15881593445793146,0.4494540861722345,0.45892313360007597,0.28288101494787526,0.5997499943232818,0.43728626157284073
8,2,36.0,6,0.5,0.0,,0.16381741003441405,0.42651876115957454,0.6475692605162245,0.5865776755423425,0.6442949226790975,0.5588821151629005
8,2,37.0,6,0.5,0.0,,0.17197342001297697,0.3512862848901519,0.3609737507820288,0.6924391300128908,0.6121904634287059,0.3714895400340799
8,2,38.0,6,0.5,0.0,,0.1693593040495674,0.47321883125622255,0.6353497865281803,0.5689524895208362,0.43104525215418493,0.5614688792333331
8,2,39.0,6,0.5,0.0,,0.1621396072007948,0.4259017238889135,0.7733198319319539,0.7502144088530217,0.6431081583019764,0.40188983841135484
8,2,40.0,6,0.5,0.0,,0.11390416597184319,0.37083852742561735,0.43577273943812733,0.7041060128591772,0.334619894193242,0.6583116334920837
8,2,41.0,6,0.5,0.0,,0.15644044652550826,0.4132607384700461,0.5831910335914698,0.5592314533595706,0.47216586298218377,0.4158712464118718
8,2,42.0,6,0.5,0.0,,0.1450166180609277,0.390268027486765,0.5612800704215685,0.5745387719179273,0.545231555010392,0.501318309134866
8,2,43.0,6,0.5,0.0,,0.11147200180222994,0.33886798913329835,0.4728044163516506,0.29930863233091387,0.6686687416756498,0.28120943365082063
8,2,44.0,6,0.5,0.0,,0.1107131087006499,0.5400427755237309,0.2945815714285166,0.6304975602797518,0.6067626433105289,0.4175534827265329
8,2,45.0,6,0.5,0.0,,0.1430369829891392,0.4829688544335243,0.3239156177894655,0.6022364592530514,0.749465708147791,0.7943037272838819
8,2,46.0,6,0.5,0.0,,0.1424103516801054,0.4087348845620752,0.7485467630272291,0.5683753219020482,0.5721830865893237,0.4301437559225742
8,2,47.0,6,0.5,0.0,,0.158760358652813,0.4819263469067508,0.6323352324767022,0.5561356113445258,0.73461137348168,0.6458264416907251
8,2,48.0,6,0.5,0.0,,0.1920118829959302,0.31876952535805275,0.4653624999350498,0.6821607359545772,0.7472492817836631,0.6068564362720832
8,2,49.0,6,0.5,0.0,,0.12386116569703717,0.3279453875762481,0.4688054770925241,0.4456700291470943,0.5136800730077239,0.4332407672355652
8,2,50.0,6,0.5,0.0,,0.1769701520416063,0.488946025598363,0.5749512919174812,0.6159491837355101,0.5452304915632517,0.6397880481595338
8,2,51.0,6,0.5,0.0,,0.0963061860981348,0.3298059894312199,0.7805692201502845,0.6918199824789433,0.8526032082711377,0.5832441829709191
8,2,52.0,6,0.5,0.0,,0.12685017550234307,0.5404252294837859,0.3994156163726748,0.5669976393743276,0.2796206832724762,0.3548077194895543
8,2,53.0,6,0.5,0.0,,0.1489324096453856,0.3140096684119183,0.6745633133284281,0.5987661010016827,0.5662015213152816,0.7380767363875351
8,2,54.0,6,0.5,0.0,,0.14036840135477444,0.3941793317430224,0.4839112855123317,0.7360001806927443,0.5408298060660538,0.7768190992276441
8,2,55.0,6,0.5,0.0,,0.11944262597067452,0.2955645039920344,0.5753189997500536,0.6407209431594747,0.6504406599614352,0.4028778712358541
8,2,56.0,6,0.5,0.0,,0.08967967345353618,0.3545016828710269,0.7707822200204886,0.3765755833318918,0.6086839345519165,0.5920559841024965
8,2,57.0,6,0.5,0.0,,0.1457269083784976,0.2889997624990516,0.621209490831966,0.646879074226535,0.509370660507711,0.6765781043155051
8,2,58.0,6,0.5,0.0,,0.1604280248060502,0.4013129663063973,0.4023131122604745,0.5613159738602546,0.5757189799904955,0.6818036728330076
8,2,59.0,6,0.5,0.0,,0.1289740139420709,0.4342245588250517,0.48277687175576334,0.5084683205240863,0.45783603007220747,0.4165427847198352
8,2,60.0,6,0.5,0.0,,0.14242152849084863,0.38186833192349345,0.43016156988260834,0.643975887071295,0.4826357274790841,0.4737033655773816
8,2,61.0,6,0.5,0.0,,0.14952365578567983,0.4104785092509363,0.5642651162123198,0.7263635956554145,0.5313140769875115,0.5660111832326017
8,2,62.0,6,0.5,0.0,,0.11868533977054056,0.37645973849611314,0.4708780063775019,0.5830170510718719,0.6952124554379775,0.5348867109264044
8,2,63.0,6,0.5,0.0,,0.11059202139153383,0.38518151931194955,0.4836296264338366,0.4457134436253173,0.4012419434529025,0.6163995193397742
8,2,64.0,6,0.5,0.0,,0.16771639767305835,0.4144176149484521,0.5250794817447825,0.6480403344671277,0.6777170672442577,0.3980124481208406
8,2,65.0,6,0.5,0.0,,0.17890715094301915,0.5954982969486705,0.6604439522216355,0.5035347235667962,0.5515130558306611,0.532891740103252
8,2,66.0,6,0.5,0.0,,0.15294437163844848,0.43003678955810454,0.5713110470807139,0.5410321485427307,0.7412316186500164,0.6490750054122588
8,2,67.0,6,0.5,0.0,,0.14081026564141527,0.3877925774133303,0.5773414318003401,0.5210693928347646,0.6463940621315393,0.5821413756018494
8,2,68.0,6,0.5,0.0,,0.15837853187069306,0.4805301366367237,0.43061733882758657,0.6207140355617307,0.40678801018375976,0.6125193751705721
8,2,69.0,6,0.5,0.0,,0.16665998009076446,0.4889517955811079,0.5304201785904074,0.6618262584395814,0.3297701580192726,0.24855470387253628
8,2,70.0,6,0.5,0.0,,0.17617188396654218,0.4221838848296109,0.6280439489076742,0.3660952889887745,0.7521281020097902,0.6094185060707952
8,2,71.0,6,0.5,0.0,,0.1841319457478226,0.44727780716347565,0.47457455410248334,0.6326952580356997,0.62537378447868,0.7675665193032278
8,2,72.0,6,0.5,0.0,,0.12915197210631515,0.4126546749560724,0.6588909741870996,0.3616076245109428,0.6652788892198904,0.249089868332677
8,2,73.0,6,0.5,0.0,,0.1653211930647411,0.44881566854547483,0.4014204175557411,0.6574629359507819,0.6664167126055325,0.563854831886814
8,2,74.0,6,0.5,0.0,,0.13733768319699086,0.38943975927515023,0.6546689096252376,0.6396031557808693,0.5676992751110456,0.7211140992309498
8,2,75.0,6,0.5,0.0,,0.14549976808770013,0.4380981504880322,0.4511259207857095,0.5753971177609445,0.7797922843319262,0.6483618802157889
8,2,76.0,6,0.5,0.0,,0.18618010566592633,0.4916298979412902,0.6917991535822444,0.7049606687755692,0.5808840584498464,0.6214428201584141
8,2,77.0,6,0.5,0.0,,0.18335426178434802,0.5134911172386933,0.3974212516715439,0.4479463666181269,0.5285546775597402,0.6238890432095481
8,2,78.0,6,0.5,0.0,,0.13206266735322247,0.47553404603609656,0.6941397387492324,0.7405903494365419,0.4771711220743362,0.5997667139249234
8,2,79.0,6,0.5,0.0,,0.19806845230850528,0.20072388576305547,0.3483590195868593,0.4587689114125594,0.40305054505780874,0.31470622213116806
8,2,80.0,6,0.5,0.0,,0.17178451820100257,0.335850325931637,0.3047206271817612,0.45341920531685603,0.5197867907897735,0.5648057132044504
8,2,81.0,6,0.5,0.0,,0.12912110819670283,0.5896131462032167,0.39430418410057144,0.6979317684771261,0.7023806675556091,0.48156575843469457
8,2,82.0,6,0.5,0.0,,0.1586022976161045,0.3817819906892482,0.589407959297142,0.6579566157637183,0.33899793851176335,0.1712652983354169
8,2,83.0,6,0.5,0.0,,0.14355957978808348,0.4216215840684104,0.5201904172959423,0.7470578559578913,0.6042751759314917,0.47256716456965997
8,2,84.0,6,0.5,0.0,,0.13895456178707793,0.4277052823815205,0.4203598041686756,0.6389365106489786,0.7173990117445148,0.8470009742386069
8,2,85.0,6,0.5,0.0,,0.1845850110032167,0.38457430717955887,0.5599719546808088,0.547510103819029,0.4626890426686939,0.6169040221508624
8,2,86.0,6,0.5,0.0,,0.13986649618865804,0.5405550750061238,0.6674123576320142,0.6948622367990321,0.6028447449263301,0.5660537012350426
8,2,87.0,6,0.5,0.0,,0.16126623414423194,0.40946126119420717,0.6165838663981729,0.6991368045593835,0.5878511465250508,0.4711029535454262
8,2,88.0,6,0.5,0.0,,0.1660234326296808,0.33924427257066814,0.6197137481703135,0.45792844718964154,0.25164801597200065,0.47479423919524083
8,2,89.0,6,0.5,0.0,,0.13711611467780152,0.4413501698741277,0.5289426683368429,0.5129508369516534,0.6229442502874785,0.48804218603167804
8,2,90.0,6,0.5,0.0,,0.1368036924449352,0.3573879986861802,0.5350313819854782,0.6431945193267598,0.6837216013552787,0.3725634686077443
8,2,91.0,6,0.5,0.0,,0.1654427079175659,0.49563097676946954,0.5765993517426959,0.6680855577942014,0.3690977224973987,0.6372275990636942
8,2,92.0,6,0.5,0.0,,0.08930597699440264,0.4804418663199164,0.6538631018273715,0.4576906852704375,0.6711145900948307,0.2682015909969888
8,2,93.0,6,0.5,0.0,,0.14020802488987943,0.30667264856784904,0.5377850356470548,0.579818054722313,0.6204937578739116,0.7526240450970956
8,2,94.0,6,0.5,0.0,,0.15630990449014193,0.5106705557399623,0.4318664204361834,0.728983668222897,0.5894181712545054,0.9060314619277292
8,2,95.0,6,0.5,0.0,,0.19543664231571495,0.31286355480703504,0.5866126391678173,0.6243703103131646,0.40068467260026724,0.8272384398389987
8,2,96.0,6,0.5,0.0,,0.1426310971547669,0.3279857874992898,0.623210557156312,0.5972874246527251,0.737000212307772,0.7
8,2,97.0,6,0.5,0.0,,0.17793131368961795,0.46650264354131493,0.6748089941107192,0.8385271452576196,0.33170644822536227,0.6325632621566204
8,2,98.0,6,0.5,0.0,,0.15994134969394083,0.3149028740171148,0.31841731134022766,0.3828665717521264,0.36193196082753215,0.4969384725985308
8,2,99.0,6,0.5,0.0,,0.16496567157770434,0.45287057501657574,0.6366091717354345,0.5843301963378597,0.6925073857982745,0.6498751216000133
8,2,100.0,6,0.5,0.0,,0.2062719978237808,0.45505287100959413,0.601551433902221,0.49227145096176084,0.5032285962804945,0.766819567788817
9,3,1.0,6,0.0,0.0,,0.1535182751093859,0.39346934028736663,0.5654017914929217,0.6463523631952788,0.5658086819666561,0.7383433466668519
9,3,2.0,6,0.0,0.0,,0.1535182751093859,0.39346934028736663,0.5654017914929217,0.7587105165442128,0.5800276192977177,0.5081062010803359
9,3,3.0,6,0.0,0.0,,0.1535182751093859,0.39346934028736663,0.5654017914929217,0.7174417485932183,0.5421608464161523,0.5129724085688419
9,3,4.0,6,0.0,0.0,,0.1535182751093859,0.39346934028736663,0.5654017914929217,0.6544801597828223,0.663195800939586,0.7218311485266137
9,3,5.0,6,0.0,0.0,,0.1535182751093859,0.39346934028736663,0.5654017914929217,0.6940771931815473,0.5569786648540955,0.5670980535289007
9,3,6.0,6,0.0,0.0,,0.1535182751093859,0.39346934028736663,0.5654017914929217,0.6542579790346833,0.5217485458056066,0.44587984386503354
9,3,7.0,6,0.0,0.0,,0.1535182751093859,0.39346934028736663,0.5654017914929217,0.6372729821309886,0.48892734511411184,0.7111872123909234
9,3,8.0,6,0.0,0.0,,0.1535182751093859,0.39346934028736663,0.5654017914929217,0.5643915769781984,0.47277490284726176,0.44686917825225897
9,3,9.0,6,0.0,0.0,,0.1535182751093859,0.39346934028736663,0.5654017914929217,0.6505804755886618,0.5843383649901408,0.5905019301664449
9,3,10.0,6,0.0,0.0,,0.1535182751093859,0.39346934028736663,0.5654017914929217,0.6739719574580472,0.5815826816875245,0.5957293288132429
9,3,11.0,6,0.0,0.0,,0.1535182751093859,0.39346934028736663,0.5654017914929217,0.5846314808549047,0.8655374600612384,0.5376831168587748
9,3,12.0,6,0.0,0.0,,0.1535182751093859,0.39346934028736663,0.5654017914929217,0.6503762392976007,0.6073816411806809,0.5449035334146612
9,3,13.0,6,0.0,0.0,,0.1535182751093859,0.39346934028736663,0.5654017914929217,0.6394203690938666,0.3324047282847173,0.6563520320451502
9,3,14.0,6,0.0,0.0,,0.1535182751093859,0.39346934028736663,0.5654017914929217,0.5016759371314495,0.5628312100959312,0.3985224240153168
9,3,15.0,6,0.0,0.0,,0.1535182751093859,0.39346934028736663,0.5654017914929217,0.6005247754077745,0.5645801537554067,0.5796949174988411
9,3,16.0,6,0.0,0.0,,0.1535182751093859,0.39346934028736663,0.5654017914929217,0.6193926654583375,0.5796563001007234,0.7255424299174299
9,3,17.0,6,0.0,0.0,,0.1535182751093859,0.39346934028736663,0.5654017914929217,0.657118948730889,0.7258394876237423,0.6312265653799314
9,3,18.0,6,0.0,0.0,,0.1535182751093859,0.39346934028736663,0.5654017914929217,0.6322214229872609,0.5086059099915072,0.7769401277909296
9,3,19.0,6,0.0,0.0,,0.1535182751093859,0.39346934028736663,0.5654017914929217,0.6736081740870072,0.26342436598667013,0.6546632177171952
9,3,20.0,6,0.0,0.0,,0.1535182751093859,0.39346934028736663,0.5654017914929217,0.6635502728279291,0.6481106280510265,0.3852740749067888
9,3,21.0,6,0.0,0.0,,0.1535182751093859,0.39346934028736663,0.5654017914929217,0.5021669957315635,0.7142032734017923,0.36505658255893136
9,3,22.0,6,0.0,0.0,,0.1535182751093859,0.39346934028736663,0.5654017914929217,0.6511223230246762,0.7722074875311515,0.5226334875206384
9,3,23.0,6,0.0,0.0,,0.1535182751093859,0.39346934028736663,0.5654017914929217,0.6825898055763805,0.705009365182707,0.6145059517913509
9,3,24.0,6,0.0,0.0,,0.1535182751093859,0.39346934028736663,0.5654017914929217,0.7238962023813512,0.6491038540168976,0.5177860005945092
9,3,25.0,6,0.0,0.0,,0.1535182751093859,0.39346934028736663,0.5654017914929217,0.6430392811947562,0.5144010647920503,0.4746117366026576
9,3,26.0,6,0.0,0.0,,0.1535182751093859,0.39346934028736663,0.5654017914929217,0.6156729703027446,0.8929736489259177,0.45397942279117764
9,3,27.0,6,0.0,0.0,,0.1535182751093859,0.39346934028736663,0.5654017914929217,0.56969570341828,0.5020592255013592,0.9077857759336254
9,3,28.0,6,0.0,0.0,,0.1535182751093859,0.39346934028736663,0.5654017914929217,0.6181506111385034,0.5838336932829601,0.6381747383488975
9,3,29.0,6,0.0,0.0,,0.1535182751093859,0.39346934028736663,0.5654017914929217,0.5936841218720297,0.6118470363323429,0.6162853119550726
9,3,30.0,6,0.0,0.0,,0.1535182751093859,0.39346934028736663,0.5654017914929217,0.5370044911244277,0.3558182310215253,0.4762182542824302
9,3,31.0,6,0.0,0.0,,0.1535182751093859,0.39346934028736663,0.5654017914929217,0.5563581866804694,0.4897845713185684,0.8265562723843642
9,3,32.0,6,0.0,0.0,,0.1535182751093859,0.39346934028736663,0.5654017914929217,0.6135150383125513,0.5360580538038481,0.6713440646493462
9,3,33.0,6,0.0,0.0,,0.1535182751093859,0.39346934028736663,0.5654017914929217,0.6439815973846695,0.498579392240852,0.5626368238162923
9,3,34.0,6,0.0,0.0,,0.1535182751093859,0.39346934028736663,0.5654017914929217,0.6334767202479599,0.8510930098442888,0.7235342675299256
9,3,35.0,6,0.0,0.0,,0.1535182751093859,0.39346934028736663,0.5654017914929217,0.5852519661408879,0.431381030113618,0.5711618939606398
9,3,36.0,6,0.0,0.0,,0.1535182751093859,0.39346934028736663,0.5654017914929217,0.5779896221104506,0.4578476638620603,0.7713246275269985
9,3,37.0,6,0.0,0.0,,0.1535182751093859,0.39346934028736663,0.5654017914929217,0.5328130606786935,0.6004789152308483,0.6404992139388647
9,3,38.0,6,0.0,0.0,,0.1535182751093859,0.39346934028736663,0.5654017914929217,0.6538115137939691,0.6039605449615384,0.6352758026869096
9,3,39.0,6,0.0,0.0,,0.1535182751093859,0.39346934028736663,0.5654017914929217,0.5854740106102629,0.833867520197715,0.4256149185272721
9,3,40.0,6,0.0,0.0,,0.1535182751093859,0.39346934028736663,0.5654017914929217,0.6465880596324687,0.6020229026578562,0.7991017902695899
9,3,41.0,6,0.0,0.0,,0.1535182751093859,0.39346934028736663,0.5654017914929217,0.6532111913589828,0.48641790190717576,0.5381004795972533
9,3,42.0,6,0.0,0.0,,0.1535182751093859,0.39346934028736663,0.5654017914929217,0.5956600578787266,0.5902953809012772,0.62119022473242
9,3,43.0,6,0.0,0.0,,0.1535182751093859,0.39346934028736663,0.5654017914929217,0.5235204323639687,0.8344855482186258,0.6794437885355075
9,3,44.0,6,0.0,0.0,,0.1535182751093859,0.39346934028736663,0.5654017914929217,0.6688764525726401,0.536630986746402,0.3729681262520789
9,3,45.0,6,0.0,0.0,,0.1535182751093859,0.39346934028736663,0.5654017914929217,0.6400586066723767,0.4690857111157419,0.4785169931998318
9,3,46.0,6,0.0,0.0,,0.1535182751093859,0.39346934028736663,0.5654017914929217,0.5986923114014442,0.7754276652868488,0.7279920742337391
9,3,47.0,6,0.0,0.0,,0.1535182751093859,0.39346934028736663,0.5654017914929217,0.6022441737819135,0.4967297112280596,0.3988436350466426
9,3,48.0,6,0.0,0.0,,0.1535182751093859,0.39346934028736663,0.5654017914929217,0.657473591124882,0.8202306118723073,0.6761606025819551
9,3,49.0,6,0.0,0.0,,0.1535182751093859,0.39346934028736663,0.5654017914929217,0.7152207798791761,0.5279484757660249,0.44685307018507825
9,3,50.0,6,0.0,0.0,,0.1535182751093859,0.39346934028736663,0.5654017914929217,0.5652037447966879,0.6070109374521441,0.24586081610555038
9,3,51.0,6,0.0,0.0,,0.1535182751093859,0.39346934028736663,0.5654017914929217,0.5907479186849636,0.40819276368753493,0.4816042431768369
9,3,52.0,6,0.0,0.0,,0.1535182751093859,0.39346934028736663,0.5654017914929217,0.6822041739468051,0.6614673091753229,0.5600427738348678
9,3,53.0,6,0.0,0.0,,0.1535182751093859,0.39346934028736663,0.5654017914929217,0.692500143621962,0.4478883895513176,0.46706954054710514
9,3,54.0,6,0.0,0.0,,0.1535182751093859,0.39346934028736663,0.5654017914929217,0.6581582199647873,0.7325239941076604,0.655790539370141
9,3,55.0,6,0.0,0.0,,0.1535182751093859,0.39346934028736663,0.5654017914929217,0.6168029246070013,0.6326597073907969,0.6153207138666529
9,3,56.0,6,0.0,0.0,,0.1535182751093859,0.39346934028736663,0.5654017914929217,0.7352101405701605,0.5811381765670585,0.4746244675406504
9,3,57.0,6,0.0,0.0,,0.1535182751093859,0.39346934028736663,0.5654017914929217,0.5586352017608128,0.525230895539192,0.5347683530732221
9,3,58.0,6,0.0,0.0,,0.1535182751093859,0.39346934028736663,0.5654017914929217,0.6329209269094342,0.4871738619797231,0.7784964444856682
9,3,59.0,6,0.0,0.0,,0.1535182751093859,0.39346934028736663,0.5654017914929217,0.6584497235953053,0.5047566717208453,0.7452707369430954
9,3,60.0,6,0.0,0.0,,0.1535182751093859,0.39346934028736663,0.5654017914929217,0.638278248142579,0.7100076028284132,0.5711508868383757
9,3,61.0,6,0.0,0.0,,0.1535182751093859,0.39346934028736663,0.5654017914929217,0.5807710898891874,0.7004438861113365,0.7810387521833626
9,3,62.0,6,0.0,0.0,,0.1535182751093859,0.39346934028736663,0.5654017914929217,0.6430037142329217,0.6515736502782052,0.6877363523645436
9,3,63.0,6,0.0,0.0,,0.1535182751093859,0.39346934028736663,0.5654017914929217,0.7320767219669202,0.4067847202660495,0.6102187620240895
9,3,64.0,6,0.0,0.0,,0.1535182751093859,0.39346934028736663,0.5654017914929217,0.6546389380570069,0.7229400467773768,0.42197926280481085
9,3,65.0,6,0.0,0.0,,0.1535182751093859,0.39346934028736663,0.5654017914929217,0.49877957632658154,0.7408000388224251,0.6827448467138181
9,3,66.0,6,0.0,0.0,,0.1535182751093859,0.39346934028736663,0.5654017914929217,0.6524269681429647,0.6934762549015174,0.465945034773321
9,3,67.0,6,0.0,0.0,,0.1535182751093859,0.39346934028736663,0.5654017914929217,0.6119349520509937,0.4508198884376772,0.7240946397689757
9,3,68.0,6,0.0,0.0,,0.1535182751093859,0.39346934028736663,0.5654017914929217,0.6183000060919299,0.5329988097879732,0.582602441583046
9,3,69.0,6,0.0,0.0,,0.1535182751093859,0.39346934028736663,0.5654017914929217,0.6342414810109515,0.6955957429173004,0.616538762061805
9,3,70.0,6,0.0,0.0,,0.1535182751093859,0.39346934028736663,0.5654017914929217,0.6170168521591366,0.5332590890067652,0.6264896306872038
9,3,71.0,6,0.0,0.0,,0.1535182751093859,0.39346934028736663,0.5654017914929217,0.5426884760304116,0.7906232593323606,0.40760186299712187
9,3,72.0,6,0.0,0.0,,0.1535182751093859,0.39346934028736663,0.5654017914929217,0.768426432206074,0.6200616991770087,0.6490922460044586
9,3,73.0,6,0.0,0.0,,0.1535182751093859,0.39346934028736663,0.5654017914929217,0.6851511736512406,0.6822360649778905,0.6044766856823294
9,3,74.0,6,0.0,0.0,,0.1535182751093859,0.39346934028736663,0.5654017914929217,0.6171478952734799,0.6268046960759829,0.676113613464486
9,3,75.0,6,0.0,0.0,,0.1535182751093859,0.39346934028736663,0.5654017914929217,0.7373754713417342,0.6565837224579065,0.3679515361152987
9,3,76.0,6,0.0,0.0,,0.1535182751093859,0.39346934028736663,0.5654017914929217,0.6581497379679717,0.6060981799522016,0.465814078806129
9,3,77.0,6,0.0,0.0,,0.1535182751093859,0.39346934028736663,0.5654017914929217,0.6853583549851288,0.636720386144629,0.22042955165748818
9,3,78.0,6,0.0,0.0,,0.1535182751093859,0.39346934028736663,0.5654017914929217,0.6580961859069866,0.4982857662262332,0.49142736332694437
9,3,79.0,6,0.0,0.0,,0.1535182751093859,0.39346934028736663,0.5654017914929217,0.5881309605956465,0.48021514785061725,0.23002918538627265
9,3,80.0,6,0.0,0.0,,0.1535182751093859,0.39346934028736663,0.5654017914929217,0.5822323464247858,0.5085360421544006,0.6034565443397049
9,3,81.0,6,0.0,0.0,,0.1535182751093859,0.39346934028736663,0.5654017914929217,0.6797281134966544,0.23407567963722292,0.536997549062961
9,3,82.0,6,0.0,0.0,,0.1535182751093859,0.39346934028736663,0.5654017914929217,0.6486911917132535,0.7428877630979338,0.5936884143237302
9,3,83.0,6,0.0,0.0,,0.1535182751093859,0.39346934028736663,0.5654017914929217,0.6242688109620695,0.6196011585865991,0.7304484710474917
9,3,84.0,6,0.0,0.0,,0.1535182751093859,0.39346934028736663,0.5654017914929217,0.6230428353999788,0.3473016762985214,0.8478372422814143
9,3,85.0,6,0.0,0.0,,0.1535182751093859,0.39346934028736663,0.5654017914929217,0.6261735357107576,0.5725009692685649,0.7636453802722556
9,3,86.0,6,0.0,0.0,,0.1535182751093859,0.39346934028736663,0.5654017914929217,0.764113453032471,0.5992432384323145,0.5803190066187799
9,3,87.0,6,0.0,0.0,,0.1535182751093859,0.39346934028736663,0.5654017914929217,0.6443487751086818,0.6079897290282489,0.4577721222389761
9,3,88.0,6,0.0,0.0,,0.1535182751093859,0.39346934028736663,0.5654017914929217,0.582410405119333,0.4784248415573886,0.383958200174655
9,3,89.0,6,0.0,0.0,,0.1535182751093859,0.39346934028736663,0.5654017914929217,0.5953116835440613,0.7237768824706594,0.32642162330672714
9,3,90.0,6,0.0,0.0,,0.1535182751093859,0.39346934028736663,0.5654017914929217,0.6009924015191128,0.6284873796085357,0.29247821651974226
9,3,91.0,6,0.0,0.0,,0.1535182751093859,0.39346934028736663,0.5654017914929217,0.6135747424606374,0.4733957664876492,0.5719937232576876
9,3,92.0,6,0.0,0.0,,0.1535182751093859,0.39346934028736663,0.5654017914929217,0.648082973173133,0.3336792124331606,0.6319642827512515
9,3,93.0,6,0.0,0.0,,0.1535182751093859,0.39346934028736663,0.5654017914929217,0.6858341605584549,0.4596148981404561,0.6590027296950871
9,3,94.0,6,0.0,0.0,,0.1535182751093859,0.39346934028736663,0.5654017914929217,0.6048414110512443,0.6235762214147229,0.5516038401737322
9,3,95.0,6,0.0,0.0,,0.1535182751093859,0.39346934028736663,0.5654017914929217,0.5985433961142402,0.3974034716996751,0.7422022353107588
9,3,96.0,6,0.0,0.0,,0.1535182751093859,0.39346934028736663,0.5654017914929217,0.6140819939546935,0.6367843867453665,0.552355790617922
9,3,97.0,6,0.0,0.0,,0.1535182751093859,0.39346934028736663,0.5654017914929217,0.6009704481889712,0.528367850638776,0.4801863707970754
9,3,98.0,6,0.0,0.0,,0.1535182751093859,0.39346934028736663,0.5654017914929217,0.6574162118210884,0.434455932033598,0.528072542615946
9,3,99.0,6,0.0,0.0,,0.1535182751093859,0.39346934028736663,0.5654017914929217,0.651872365081333,0.7141866555487656,0.5371231546879042
9,3,100.0,6,0.0,0.0,,0.1535182751093859,0.39346934028736663,0.5654017914929217,0.6875937641817881,0.4705197361650722,0.22849129159797155
10,3,1.0,6,0.25,0.0,,0.15151630739658645,0.4167417401122722,0.6052968228732218,0.643242206269831,0.5557211469764993,0.5836206459590851
10,3,2.0,6,0.25,0.0,,0.17356157157383528,0.3833795058619926,0.5519664613846184,0.5903723403212258,0.5500579418430434,0.4592039076100397
10,3,3.0,6,0.25,0.0,,0.17992936053642722,0.3676039356017024,0.5947085834249688,0.682534479759513,0.7442568445244875,0.6717657180853509
10,3,4.0,6,0.25,0.0,,0.16994305066001875,0.41276667243798926,0.5990730222847429,0.6367112889009597,0.3846305879364262,0.6625044571963061
10,3,5.0,6,0.25,0.0,,0.13610443514315465,0.49725095232595456,0.4647703995780003,0.5865666018569844,0.741753216810774,0.558294994148528
10,3,6.0,6,0.25,0.0,,0.13920997238932176,0.2841255047724552,0.4850626351949986,0.6736152088325411,0.5288568715559072,0.5933963860140654
10,3,7.0,6,0.25,0.0,,0.18081127565999222,0.381585988454021,0.48502680864464276,0.6461718175311875,0.4165796119758928,0.5454238751005003
10,3,8.0,6,0.25,0.0,,0.14361487296664316,0.37133920568965356,0.5852539045448113,0.6187682527617,0.5443816911418776,0.5152360951395337
10,3,9.0,6,0.25,0.0,,0.16052793648814426,0.3984637792950985,0.5512319218258452,0.565027571292821,0.5332195895786978,0.6196085148241071
10,3,10.0,6,0.25,0.0,,0.1453009176713012,0.3997500602324198,0.6825249279749738,0.5433731219268466,0.6751660600663947,0.6
10,3,11.0,6,0.25,0.0,,0.14594034618168386,0.46014627295666477,0.5457884469767496,0.7776812518363887,0.5228569543718149,0.6579745322356519
10,3,12.0,6,0.25,0.0,,0.1373990127007932,0.3475223297919502,0.429593322549971,0.4370784314077604,0.7703541072184119,0.6875539255083805
10,3,13.0,6,0.25,0.0,,0.16646353935960065,0.4153008103461161,0.6992832386494141,0.8866749731638693,0.5983875116494286,0.5406542019663193
10,3,14.0,6,0.25,0.0,,0.17183914176732623,0.43333096694875406,0.5853383340668372,0.6266870682721494,0.3682107654858532,0.41989545196792954
10,3,15.0,6,0.25,0.0,,0.14281793560622666,0.3075338567917639,0.5893109965348717,0.6722845242085622,0.7266975798541275,0.8205859787946113
10,3,16.0,6,0.25,0.0,,0.14779251893293613,0.3761277150994265,0.5904198587206017,0.5814745168890539,0.5861305771422607,0.6015070627640794
10,3,17.0,6,0.25,0.0,,0.18030021487225742,0.3565352548417739,0.5755405921682516,0.5016150304230934,0.7667957171562133,0.3757076500196429
10,3,18.0,6,0.25,0.0,,0.1475592244461248,0.4076830064653126,0.4905386863846509,0.5870241308060339,0.6634861524257374,0.46356523757431295
10,3,19.0,6,0.25,0.0,,0.14432625882772812,0.38952570429487016,0.621873425141311,0.6436335504681946,0.504008065223592,0.5085142316815886
10,3,20.0,6,0.25,0.0,,0.13405804084706927,0.4363497401953097,0.5513111809682273,0.6235779234439246,0.7408271093733766,0.26750492945351667
10,3,21.0,6,0.25,0.0,,0.14568980027739792,0.39561269508554087,0.4462498962172489,0.7115726517502811,0.6465899692648769,0.4434322025966514
10,3,22.0,6,0.25,0.0,,0.11515393439882833,0.4931292956749531,0.4907325878477803,0.7028687748368279,0.38352454790999513,0.3656215234281453
10,3,23.0,6,0.25,0.0,,0.12291598361065195,0.3700348667683261,0.5746827846253094,0.8336963866259248,0.6788710528952425,0.6829236969918168
10,3,24.0,6,0.25,0.0,,0.1592423410979158,0.38344129143315964,0.4531814924940667,0.6609111924595357,0.5061768002536936,0.5028811298766154
10,3,25.0,6,0.25,0.0,,0.15198226258118003,0.40991440331175183,0.5015768444638274,0.625552603907777,0.40889314401565,0.5415234057025912
10,3,26.0,6,0.25,0.0,,0.1408612972648807,0.44562997339399485,0.6019875407879455,0.5368208273804281,0.7001557652055452,0.5131685441032872
10,3,27.0,6,0.25,0.0,,0.15514179107924017,0.42017616074812236,0.4632911510156282,0.5242834820921665,0.6576705587824014,0.4817430755823322
10,3,28.0,6,0.25,0.0,,0.13017206870237694,0.427233897756832,0.49670612656639773,0.6656072098043749,0.5352049019899432,0.2813952708894279
10,3,29.0,6,0.25,0.0,,0.12630438304942554,0.3977438157136014,0.6046957127273789,0.584615869768505,0.588455065778931,0.5565513404333526
10,3,30.0,6,0.25,0.0,,0.15717446850516234,0.4445913014907961,0.5732352322162801,0.6691914284278858,0.6111699224467124,0.5505043170666379
10,3,31.0,6,0.25,0.0,,0.13060498240599017,0.420223207755527,0.4519925526391321,0.5487993592600331,0.41658707273528234,0.7270643021815543
10,3,32.0,6,0.25,0.0,,0.16133338537316882,0.4364358212298759,0.5592035026486725,0.7107369712489136,0.5993075780048631,0.6818168008207266
10,3,33.0,6,0.25,0.0,,0.14422814818322127,0.43786161613627994,0.5253344055104006,0.6565670786693456,0.6161062390613233,0.47918357336124034
10,3,34.0,6,0.25,0.0,,0.1577622311006219,0.39658481478691454,0.6136948431510105,0.6726153149201523,0.7233659371675677,0.49506487030486906
10,3,35.0,6,0.25,0.0,,0.17199406316793897,0.4250649864854739,0.5479997498995669,0.7161921930857135,0.5341389241452805,0.6519438987983299
10,3,36.0,6,0.25,0.0,,0.15716517169182304,0.4880564719516774,0.5625553795269125,0.6669488234020674,0.7533237864221685,0.291096580357822
10,3,37.0,6,0.25,0.0,,0.16317833497188736,0.3688200575683024,0.6487637101613564,0.5805103476489639,0.7530968093948616,0.4504619535418648
10,3,38.0,6,0.25,0.0,,0.1378681451701052,0.3920366859104142,0.49790021842275084,0.6891807475159122,0.7918736652579185,0.6684740561593812
10,3,39.0,6,0.25,0.0,,0.15172781555420264,0.37575407393737864,0.4980259865926243,0.48877369611550125,0.4486453948945354,0.5264625901613513
10,3,40.0,6,0.25,0.0,,0.139109282127628,0.38131031853974323,0.6032011282595944,0.6333673950621239,0.801176512977942,0.5784775180315275
10,3,41.0,6,0.25,0.0,,0.18366135326025027,0.37958310806418744,0.6511774974796675,0.6814847149861311,0.5226238054782044,0.5917180706871851
10,3,42.0,6,0.25,0.0,,0.15937351267057095,0.36419816191794585,0.5820098435524095,0.6970154276986879,0.6613277291704557,0.4683274260023948
10,3,43.0,6,0.25,0.0,,0.15217689744412527,0.4154957827872249,0.6036315598657959,0.6560307857450429,0.3877590122242955,0.5221980539912991
10,3,44.0,6,0.25,0.0,,0.16748548444124384,0.3924567575124296,0.4563716059207975,0.646666426048519,0.36908862001411485,0.3654990629550553
10,3,45.0,6,0.25,0.0,,0.1767826099071694,0.4126145268679545,0.6919960325923593,0.7886359703216723,0.5027962073985126,0.4226056652125865
10,3,46.0,6,0.25,0.0,,0.14438415772266658,0.3487920239183572,0.39213394375037347,0.7264566056788047,0.4933329818338475,0.5373204521816838
10,3,47.0,6,0.25,0.0,,0.1563255897122145,0.34229168272849564,0.49808138919403416,0.5801193538477657,0.7403988040456942,0.5159291902193044
10,3,48.0,6,0.25,0.0,,0.16572359898320116,0.3826855148016769,0.6383343203651515,0.6667292876870401,0.6162331224919796,0.663016765473557
10,3,49.0,6,0.25,0.0,,0.14715925628608365,0.4174727434620647,0.5995178319550072,0.6484709117624596,0.5272867907027338,0.4050109233526665
10,3,50.0,6,0.25,0.0,,0.1292544731455915,0.3165020384891244,0.5417929718545885,0.45356772773958254,0.4180102973040726,0.5555584496440966
10,3,51.0,6,0.25,0.0,,0.156521117375654,0.4356570145563433,0.5730080271062872,0.6521486960552666,0.24763444261535045,0.7931573945537866
10,3,52.0,6,0.25,0.0,,0.1633956592569405,0.4216337211655009,0.501365302938468,0.5308440144063743,0.8568142063592316,0.31020206731896793
10,3,53.0,6,0.25,0.0,,0.1580198318750432,0.3841484627800928,0.5802870301170364,0.6598436341974582,0.4153082108044256,0.8504137612111358
10,3,54.0,6,0.25,0.0,,0.16376110962500595,0.367410513905771,0.5166235483563167,0.5917209270485791,0.5923435837553956,0.5408840164259056
10,3,55.0,6,0.25,0.0,,0.15389423058160412,0.3970344985429435,0.618647663884714,0.7596672661665856,0.5674193773735915,0.4785959679681874
10,3,56.0,6,0.25,0.0,,0.15174890045363126,0.43960719568145246,0.5227616335402026,0.7007557859827837,0.6019080877503149,0.6139678300259968
10,3,57.0,6,0.25,0.0,,0.1715699436226592,0.3516061166875543,0.41974414349607814,0.7264821972613515,0.6840637003919403,0.6153515083063491
10,3,58.0,6,0.25,0.0,,0.1418208980992456,0.3300864879412565,0.5807903867824523,0.5761359706693416,0.5296991728745225,0.6391726952809753
10,3,59.0,6,0.25,0.0,,0.14874139238135736,0.3872892582893806,0.4576628512984726,0.6339600194483328,0.5894174752122737,0.8136150193413483
10,3,60.0,6,0.25,0.0,,0.1509916295253242,0.4688676265068404,0.5110973153402523,0.6342062482207009,0.5983116146272699,0.38304640262553696
10,3,61.0,6,0.25,0.0,,0.1515317905555167,0.47516547206788273,0.7182255541116656,0.6931906527748147,0.6721744145165416,0.48124353775074746
10,3,62.0,6,0.25,0.0,,0.13576018977500273,0.3662523391736712,0.5129905130402952,0.688262274324942,0.6769812828806009,0.6231306034278096
10,3,63.0,6,0.25,0.0,,0.14440467043602048,0.38382584111819107,0.4471483919336249,0.6478134512043315,0.6607225248667608,0.6410173496433617
10,3,64.0,6,0.25,0.0,,0.1628373846616126,0.393770854200724,0.4665580823065275,0.5916703007328932,0.6140927550383017,0.5607419887351069
10,3,65.0,6,0.25,0.0,,0.16664824427435815,0.3706566567152893,0.580737120761414,0.5032842486423865,0.6761626773952594,0.4470542867621952
10,3,66.0,6,0.25,0.0,,0.14458349132384696,0.44733437964555095,0.7037589842969822,0.5396371630253843,0.6166018308848897,0.5512661279691353
10,3,67.0,6,0.25,0.0,,0.16381286802271058,0.37805847125618214,0.6421608065171795,0.5961085949602001,0.5393684032481187,0.6140122757905391
10,3,68.0,6,0.25,0.0,,0.15020825241346958,0.45034489695373636,0.5755580357604614,0.4604233455594294,0.5579259791109664,0.5668752786141176
10,3,69.0,6,0.25,0.0,,0.14065689907043433,0.38853258118273876,0.5003013766407713,0.6128660610929849,0.6022554379985754,0.626008014779333
10,3,70.0,6,0.25,0.0,,0.13827035224018952,0.39819947137091943,0.5404275895435466,0.6652274663896438,0.6807337022492164,0.6747881946433679
10,3,71.0,6,0.25,0.0,,0.14292658921992477,0.3651399439737713,0.5120683910151889,0.5946853405103232,0.5651821850122435,0.7085592545200734
10,3,72.0,6,0.25,0.0,,0.17038749506123557,0.39025133354922464,0.6422895341596315,0.5941404776015459,0.8151194965847118,0.5161328128216086
10,3,73.0,6,0.25,0.0,,0.13017875636406614,0.4217670322256334,0.5078908647883781,0.6336573797339465,0.7322730116951763,0.7353733153870867
10,3,74.0,6,0.25,0.0,,0.17249190071714596,0.39734718643929856,0.6294529144986065,0.6207757030966945,0.7344695080055506,0.7401272951678383
10,3,75.0,6,0.25,0.0,,0.14517544169430416,0.39162755024941215,0.5711411108089643,0.6424814224720226,0.6375995957118964,0.7381514836480034
10,3,76.0,6,0.25,0.0,,0.1596283266719925,0.37413714867649656,0.5724254872526982,0.6995367498311613,0.5347300221377992,0.5746443929041416
10,3,77.0,6,0.25,0.0,,0.15852234840038845,0.4429248482851694,0.6177487840173235,0.47511369671669196,0.4109563990087077,0.5251867308722503
10,3,78.0,6,0.25,0.0,,0.1484796301455741,0.36039543833371895,0.49806209836857035,0.6232809322365762,0.5112625489225426,0.3775410388104707
10,3,79.0,6,0.25,0.0,,0.1535019612958192,0.307536605820533,0.6957302216249325,0.5913223323168691,0.6612550228505947,0.5319564946604075
10,3,80.0,6,0.25,0.0,,0.1557601608584433,0.39515105438307385,0.5653197215251163,0.6408204935398718,0.5793259499174453,0.6945513813212919
10,3,81.0,6,0.25,0.0,,0.13905890258783193,0.3457580879549417,0.6836461620215312,0.6178689556664116,0.5692576020482004,0.5846340192598042
10,3,82.0,6,0.25,0.0,,0.15763487585067568,0.39640503768946,0.6087223630408075,0.6360472822385944,0.6047258173734087,0.49420149719115763
10,3,83.0,6,0.25,0.0,,0.17536392990176947,0.38548140225915783,0.5652767269451472,0.6813662505175544,0.44561870216309474,0.4940001439965583
10,3,84.0,6,0.25,0.0,,0.16602133849368322,0.3275026518292345,0.547281157477521,0.6077985051407514,0.48812601487033963,0.6071844937499036
10,3,85.0,6,0.25,0.0,,0.1504287654325319,0.35618922140899995,0.5291365287490968,0.5953100038725838,0.452109518630035,0.6143630827958696
10,3,86.0,6,0.25,0.0,,0.1581632035217252,0.3779312189318287,0.6055531783700869,0.5542142562258849,0.4273294765774538,0.4306711365728549
10,3,87.0,6,0.25,0.0,,0.14244442048795472,0.4184802358049359,0.4736443840317719,0.5259244176129811,0.7121427587727578,0.49426937220146233
10,3,88.0,6,0.25,0.0,,0.16609521354239903,0.34364690286699284,0.5740008382004546,0.63114874371469,0.43809686904046063,0.6067597566795566
10,3,89.0,6,0.25,0.0,,0.14843449536559583,0.3323640686606737,0.5344226574578625,0.5446846852668035,0.709341651258665,0.6745333432161421
10,3,90.0,6,0.25,0.0,,0.1176354758304762,0.37094416407886255,0.5611718419117588,0.5543498453831537,0.510096772708454,0.3804249677516809
10,3,91.0,6,0.25,0.0,,0.15269370206247304,0.4352398585792665,0.586622292408831,0.713921690669058,0.44227986392602503,0.5411582035820429
10,3,92.0,6,0.25,0.0,,0.16578236308688327,0.4277083435035044,0.48882671067683986,0.6392351016854071,0.5124834863677504,0.6149339688641489
10,3,93.0,6,0.25,0.0,,0.1576383905699954,0.29822127955991873,0.5851596782250301,0.5564217893529564,0.44011004614963295,0.3879364706582481
10,3,94.0,6,0.25,0.0,,0.16814244192850106,0.4312115574667607,0.641633278714129,0.6333648630874971,0.6595385864840606,0.5727515949250527
10,3,95.0,6,0.25,0.0,,0.15049888772886721,0.43609454315779106,0.616285193427221,0.6089347031354173,0.5783295319557322,0.46500662024495487
10,3,96.0,6,0.25,0.0,,0.16601467171727233,0.4228314187155444,0.5947870094789536,0.5775214327843002,0.6713357094692856,0.3918165708737581
10,3,97.0,6,0.25,0.0,,0.16060876473379862,0.4562563852353354,0.4964966124197724,0.6119063554386125,0.7262548134393229,0.5227032759184074
10,3,98.0,6,0.25,0.0,,0.1592890626253022,0.42581772205871965,0.5438587794631007,0.5914464702735318,0.5215864084010567,0.5890950422175836
10,3,99.0,6,0.25,0.0,,0.1545453854754417,0.3462620887041472,0.4644145011368789,0.7246066884370546,0.6225826293356658,0.5437721523370367
10,3,100.0,6,0.25,0.0,,0.13514729838549117,0.46894048869635185,0.5947248104464551,0.6870175640001117,0.5758001017207348,0.6165566144697239
11,3,1.0,6,0.5,0.0,,0.16095713234926878,0.5452236493257454,0.44721910882445204,0.5860471858591069,0.4766770162088144,0.3518538580329463
11,3,2.0,6,0.5,0.0,,0.16331171142097586,0.31358338461242724,0.5131627773910497,0.75345459722478,0.5787438674155818,0.6167309890501811
11,3,3.0,6,0.5,0.0,,0.1564388226542761,0.3630595516260694,0.7210050967936706,0.4620016336748221,0.31495162332633886,0.7343910595668406
11,3,4.0,6,0.5,0.0,,0.1278552536292626,0.3820150561072406,0.4092108975541541,0.7660838367418543,0.2971035736016141,0.45907574739365825
11,3,5.0,6,0.5,0.0,,0.19365888175003043,0.35457881960325943,0.5405368511579012,0.6868967240812932,0.4486239460755995,0.6054380908050657
11,3,6.0,6,0.5,0.0,,0.1470770122315575,0.28130847061392783,0.5044909905083372,0.5350812017474811,0.618132892491593,0.44562979217021725
11,3,7.0,6,0.5,0.0,,0.14294315416271455,0.3849458454834117,0.36012216379654477,0.5244532372245931,0.49481383820481495,0.5693998970042304
11,3,8.0,6,0.5,0.0,,0.1429245018075574,0.4024534783614164,0.4689511686059279,0.8028090591574447,0.7214137257419386,0.8339208382894376
11,3,9.0,6,0.5,0.0,,0.13648629651949468,0.536870727204822,0.6445531980968487,0.614078521271047,0.7406915073986589,0.4371289339227875
11,3,10.0,6,0.5,0.0,,0.11024540818607886,0.350804649361064,0.6366805886992408,0.622994519789841,0.7065647495987925,0.4740413766804877
11,3,11.0,6,0.5,0.0,,0.15912630283878104,0.3424835952234907,0.607690217108923,0.5069835786714426,0.530843150371518,0.545894992729078
11,3,12.0,6,0.5,0.0,,0.18790550251223848,0.5732445388039902,0.4691290402349062,0.6671014575533037,0.3924383272050005,0.5463636122993595
11,3,13.0,6,0.5,0.0,,0.13619016157907476,0.3729374284757593,0.6008942416871019,0.5535474820739881,0.16184636422714088,0.4476409042648683
11,3,14.0,6,0.5,0.0,,0.11877293787473901,0.3889632557950936,0.4953265714675202,0.6452796283341303,0.7200316880005244,0.4749289059538673
11,3,15.0,6,0.5,0.0,,0.15348832008543753,0.38201122158186607,0.4672048572824684,0.5349871574103138,0.5197333449580912,0.349188273116465
11,3,16.0,6,0.5,0.0,,0.11096112091955872,0.38385713514790093,0.681802445132764,0.5699385186007686,0.5090240629461691,0.7786280019986987
11,3,17.0,6,0.5,0.0,,0.11685498429569012,0.4629581783002229,0.428104509074692,0.6542821884111413,0.6915585319239071,0.6488605701201887
11,3,18.0,6,0.5,0.0,,0.17201893278160305,0.4373895668285373,0.4354315864762198,0.6831177285095744,0.4004555661433957,0.4070488200788535
11,3,19.0,6,0.5,0.0,,0.20503457718434953,0.42113314724551476,0.5922069942997173,0.7937878820316865,0.7303184601215424,0.5668935683251489
11,3,20.0,6,0.5,0.0,,0.1455923630131924,0.49473587298285066,0.5879333498240337,0.5753369632072282,0.7520971232080985,0.5775254296304675
11,3,21.0,6,0.5,0.0,,0.14574206454147112,0.48903272814441284,0.5973862126949007,0.7669989670151408,0.43587588725911797,0.6034343884143574
11,3,22.0,6,0.5,0.0,,0.12759881302287282,0.4961282700823462,0.5513249420937764,0.4601522520601378,0.4917442538324292,0.5566896195541473
11,3,23.0,6,0.5,0.0,,0.16339221477183044,0.4300713768906987,0.5055749157728027,0.5227205920295225,0.6066810951238841,0.5766254884233144
11,3,24.0,6,0.5,0.0,,0.12368333051198432,0.3959309548796389,0.539477225481529,0.5336047858875895,0.4827664396825325,0.5
11,3,25.0,6,0.5,0.0,,0.157566566490821,0.2814823962872661,0.6812254304418245,0.3204646890123719,0.5751445447455676,0.3808985017668382
11,3,26.0,6,0.5,0.0,,0.16876720776647283,0.3457397926043707,0.6163954139035188,0.557899077029783,0.6250039090947207,0.6269929979076247
11,3,27.0,6,0.5,0.0,,0.14834114816193533,0.37821884448541604,0.6301195975519029,0.5740119995959388,0.5983098496066038,0.41820980087378024
11,3,28.0,6,0.5,0.0,,0.13930988996216578,0.3508264286885091,0.5898869725437469,0.592376846214439,0.3454364618325498,0.7609874509950781
11,3,29.0,6,0.5,0.0,,0.13864853784999548,0.41952554517548535,0.41635053501611746,0.8331865093866802,0.5183841268703697,0.5991297992643569
11,3,30.0,6,0.5,0.0,,0.15121946209379225,0.3170844232563409,0.5067791132056717,0.485607965162097,0.4587618459414958,0.7084888888430573
11,3,31.0,6,0.5,0.0,,0.15318683815446005,0.51451144767993,0.6132119680258203,0.4535822189401035,0.5941807745827304,0.46574408400003603
11,3,32.0,6,0.5,0.0,,0.18808959976251144,0.2504330443291615,0.7098603349353523,0.7355255230050539,0.6257835133504914,0.634288725016223
11,3,33.0,6,0.5,0.0,,0.18871947068661415,0.3929892907887295,0.3944726865074508,0.40591221069992434,0.5419785761426583,0.590998347155298
11,3,34.0,6,0.5,0.0,,0.20429875789957364,0.6176049414939945,0.4519147899437711,0.4709971002707379,0.6112087171804468,0.5142218555797158
11,3,35.0,6,0.5,0.0,,0.1855255663883864,0.30937601501913825,0.4472635018835412,0.399705587550365,0.7593018566825822,0.6707789465009194
11,3,36.0,6,0.5,0.0,,0.20814367101780196,0.4021019439642948,0.3420001038397124,0.657290174585788,0.7281983453374413,0.5178501591513517
11,3,37.0,6,0.5,0.0,,0.17462821399998113,0.40554067632713364,0.5148955783051684,0.7110348478343667,0.60922184862424,0.7189588991154098
11,3,38.0,6,0.5,0.0,,0.1599027351288044,0.48269811730009754,0.25183645191635845,0.6445054536680631,0.6007242064886638,0.6836156983046706
11,3,39.0,6,0.5,0.0,,0.17174129876758126,0.35096685270939687,0.48546069568235833,0.6624474733384408,0.7959442534847632,0.3861220663143017
11,3,40.0,6,0.5,0.0,,0.16804493302491066,0.4487545091499059,0.6189857676834475,0.5831022817706532,0.6119317712502559,0.6661991974879438
11,3,41.0,6,0.5,0.0,,0.15703657569191212,0.4040929495611037,0.6650339835767942,0.6408368703674293,0.7165836893617741,0.5077189377724688
11,3,42.0,6,0.5,0.0,,0.1351354481602305,0.4600210304068225,0.6236090480947203,0.9112864888001043,0.49514186580504677,0.6011835973781615
11,3,43.0,6,0.5,0.0,,0.15155713880204616,0.425302541590607,0.4137171369736345,0.6036266839593544,0.2570116433373009,0.5558009504688701
11,3,44.0,6,0.5,0.0,,0.12935793272860888,0.4149395276545652,0.69723745298197,0.6870578666362623,0.8163813185811295,0.6224663143525578
11,3,45.0,6,0.5,0.0,,0.13920051294527108,0.48584679207028325,0.6249740502124033,0.46955038196684146,0.7500396321769657,0.5537825214940977
11,3,46.0,6,0.5,0.0,,0.09552952093336556,0.40201364222281366,0.5095945307923813,0.695863243233523,0.6240822153740779,0.724936058911928
11,3,47.0,6,0.5,0.0,,0.12278763053741593,0.5435983528157197,0.4952605623393369,0.5510332892689692,0.44090039879233756,0.5932261648000403
11,3,48.0,6,0.5,0.0,,0.18417739429995428,0.3856753504200389,0.6559589216817893,0.4724577139341547,0.5303165757009938,0.42978687718244946
11,3,49.0,6,0.5,0.0,,0.16253373190697162,0.39561876005047286,0.5890711072704522,0.5726065054123669,0.35700406990284766,0.486821418890126
11,3,50.0,6,0.5,0.0,,0.16313356669361476,0.47245256583043976,0.5197949629185743,0.5293917226054006,0.7037691491152518,0.23810148528352282
11,3,51.0,6,0.5,0.0,,0.12215121854645364,0.4662370397007002,0.5709115315810183,0.5403762024792137,0.47703731911817,0.7084834395316454
11,3,52.0,6,0.5,0.0,,0.1491558489619972,0.3997097290929875,0.6195754933820097,0.41420184197033416,0.8232289134805532,0.6634892159229675
11,3,53.0,6,0.5,0.0,,0.2051362617260993,0.3776259987369328,0.6167853171883008,0.5142745713953852,0.6172407723028244,0.5058001988526515
11,3,54.0,6,0.5,0.0,,0.19120210077475802,0.16572543977145182,0.5987528833724023,0.6081513927844713,0.5057932109759092,0.589989967930997
11,3,55.0,6,0.5,0.0,,0.13772667912307873,0.45476146652230254,0.6088998910629557,0.5424516261739465,0.6668436598993566,0.6636244371620396
11,3,56.0,6,0.5,0.0,,0.17500461615635976,0.42539293911443277,0.452316300387798,0.6394195016434603,0.4917574537386303,0.4276606978593797
11,3,57.0,6,0.5,0.0,,0.14129970007173298,0.4293186226928013,0.5952675014482982,0.7536894394666291,0.7364188426002545,0.6623243571145732
11,3,58.0,6,0.5,0.0,,0.16327677701781843,0.5458726208571689,0.6670599189930699,0.4662339537084351,0.37246634378390864,0.3
11,3,59.0,6,0.5,0.0,,0.1456664881170017,0.378261827915324,0.5945160410454838,0.6563511597852194,0.5335337131884221,0.37114438170806785
11,3,60.0,6,0.5,0.0,,0.12036852093525015,0.390691429326254,0.5016527249658619,0.6615591077006766,0.7575761776506774,0.41134312888709823
11,3,61.0,6,0.5,0.0,,0.1414236718981011,0.2993836732251873,0.4334165272572544,0.581605112281597,0.39602430904178065,0.38923742057283917
11,3,62.0,6,0.5,0.0,,0.11571956865956076,0.48926147160165456,0.8402413256988289,0.6358166346462188,0.6365415068055299,0.5766597848220278
11,3,63.0,6,0.5,0.0,,0.14051391949205308,0.24229149043324857,0.5162308336179431,0.637940014429776,0.6063175364644778,0.5334229420491956
11,3,64.0,6,0.5,0.0,,0.1987633461340597,0.43567618187867085,0.6284813720107538,0.5328827468618627,0.6102235962195426,0.48506422592015747
11,3,65.0,6,0.5,0.0,,0.1606445211590242,0.4664241032718116,0.6156053326924296,0.4482249436545781,0.6767621812950286,0.7636061274133683
11,3,66.0,6,0.5,0.0,,0.16445278742247532,0.5706771107340117,0.5592509685558211,0.63707228932465,0.26404087678465593,0.5330882272997968
11,3,67.0,6,0.5,0.0,,0.23669322957598954,0.32624834997710633,0.4897736939384349,0.43037533771897696,0.48962532918250423,0.6268131032146484
11,3,68.0,6,0.5,0.0,,0.14282326069937107,0.3866407821503747,0.6118458347919332,0.5661266897942191,0.7035905155821511,0.5817766163345754
11,3,69.0,6,0.5,0.0,,0.1458080533704421,0.3532350192603117,0.5599024517999203,0.5301325494268152,0.6243658015319175,0.44769138061531094
11,3,70.0,6,0.5,0.0,,0.14475309757333568,0.21860978202413897,0.6466204927953465,0.6266548471117206,0.6922261221847672,0.4398350356967837
11,3,71.0,6,0.5,0.0,,0.1305354845828114,0.3922666474995474,0.665398423108176,0.587305876788599,0.5423621818383327,0.5634967400091871
11,3,72.0,6,0.5,0.0,,0.16690816054132096,0.48809827863086985,0.6391256690136186,0.5291108360852167,0.7566549033565371,0.4996405135213634
11,3,73.0,6,0.5,0.0,,0.16754053258126742,0.3596196041378675,0.4720407431853513,0.6901660105479421,0.5106693342212855,0.6697304696024476
11,3,74.0,6,0.5,0.0,,0.1505989172893949,0.38399188847168875,0.7142567890717516,0.44123619575429907,0.5799642623826664,0.5573967204223477
11,3,75.0,6,0.5,0.0,,0.10542135025404749,0.45839682357809963,0.2821036115471264,0.6015306381194672,0.5861753937059454,0.7275156085423309
11,3,76.0,6,0.5,0.0,,0.21060864857048553,0.44387427575423244,0.48770194203268513,0.548216783097629,0.7266708381918371,0.5194717900640665
11,3,77.0,6,0.5,0.0,,0.1805315084915303,0.38989391730975353,0.7059504695567405,0.28040476914268,0.6851452184627825,0.7717976565410957
11,3,78.0,6,0.5,0.0,,0.17585327624953534,0.4645999385919916,0.5523036364357192,0.734789603443524,0.5863711160895129,0.7141212446841914
11,3,79.0,6,0.5,0.0,,0.13847837369892416,0.500385670079767,0.5768826943054048,0.4148906663397957,0.501441008518826,0.6226633865871393
11,3,80.0,6,0.5,0.0,,0.17714506311742217,0.32769976576359305,0.4041314647322851,0.43626735710828146,0.5010430936934005,0.326888819980047
11,3,81.0,6,0.5,0.0,,0.1595808535729088,0.3472184081868269,0.44514993040501427,0.5030999045447662,0.3966594320340487,0.7127653682306319
11,3,82.0,6,0.5,0.0,,0.13262831771518896,0.4855763196692095,0.4993977350995461,0.5852457250256249,0.433162011427158,0.49182728495307115
11,3,83.0,6,0.5,0.0,,0.10581335458538939,0.4567226401646639,0.6737000012962546,0.7388622208808775,0.3589654413158908,0.5201249735191817
11,3,84.0,6,0.5,0.0,,0.1634159593627183,0.47941311643346324,0.6604024009745234,0.515361980345612,0.5376860939193422,0.5251202846429056
11,3,85.0,6,0.5,0.0,,0.137790199554437,0.3175144356862978,0.5500044163400848,0.5968487228666274,0.5747587303457771,0.4256983414882144
11,3,86.0,6,0.5,0.0,,0.15686249462128182,0.295895810822932,0.4601028879212644,0.4582715611876599,0.6170337964979792,0.45386633337464133
11,3,87.0,6,0.5,0.0,,0.1867779246055893,0.4658366394406331,0.5918978249611213,0.5318960217719095,0.6155171521728382,0.44483712180356666
11,3,88.0,6,0.5,0.0,,0.14295532932488136,0.45526592963943086,0.4701951855557307,0.5055110700386394,0.23390657975953882,0.3835837166542405
11,3,89.0,6,0.5,0.0,,0.13239594998075344,0.25115754442405214,0.47452473448872334,0.6262302118933766,0.7066419963297652,0.5135632876436239
11,3,90.0,6,0.5,0.0,,0.17088863589119502,0.34767939454340613,0.579426799342876,0.5357173272270479,0.40403643089830743,0.6300445102096125
11,3,91.0,6,0.5,0.0,,0.1695305500560653,0.4454287313454959,0.420226500586448,0.4605325976874809,0.8098472553948127,0.39997304638579845
11,3,92.0,6,0.5,0.0,,0.1237232571748954,0.38535691238319314,0.6201170501983567,0.4087522512275288,0.5825178707664019,0.6167935344443474
11,3,93.0,6,0.5,0.0,,0.17938669305828037,0.47300844172223605,0.3686156392020035,0.694337731743132,0.46123256135962387,0.34721663253732193
11,3,94.0,6,0.5,0.0,,0.13847675987075186,0.44187216902762394,0.440121135334402,0.6882477051965122,0.8156430436093765,0.49839397849125994
11,3,95.0,6,0.5,0.0,,0.1537354668849678,0.3360113886159368,0.4775302595437669,0.5951773767344419,0.44964394915700556,0.30775904241835833
11,3,96.0,6,0.5,0.0,,0.1650834809247121,0.3679341114569755,0.5582641492998006,0.6604457174822547,0.5561968154504362,0.48832799502514473
11,3,97.0,6,0.5,0.0,,0.15212227719686605,0.29782783370565136,0.6250813983070174,0.5826429792149919,0.49889415493370776,0.712702760215481
11,3,98.0,6,0.5,0.0,,0.13222085424307586,0.41761199326020976,0.5649452666639607,0.46497544782966216,0.4830976222039939,0.59784442820328
11,3,99.0,6,0.5,0.0,,0.18600283029474993,0.42810803008821735,0.47271083460582064,0.4105916993379443,0.7068190448647402,0.5330968262139484
11,3,100.0,6,0.5,0.0,,0.12228862734241182,0.3993525109441644,0.5995004085999266,0.6964926763604422,0.7808902317627401,0.5949564871813454
12,4,1.0,6,0.0,0.0,,0.1535182751093859,0.39346934028736663,0.5654017914929217,0.5810597648000502,0.6231093275175368,0.5796690245448416
12,4,2.0,6,0.0,0.0,,0.1535182751093859,0.39346934028736663,0.5654017914929217,0.5215324402525101,0.7396708921601511,0.3434222775305903
12,4,3.0,6,0.0,0.0,,0.1535182751093859,0.39346934028736663,0.5654017914929217,0.562347033030698,0.7493439977856865,0.5197953300802232
12,4,4.0,6,0.0,0.0,,0.1535182751093859,0.39346934028736663,0.5654017914929217,0.5488084542286221,0.588369048463103,0.6089587359513373
12,4,5.0,6,0.0,0.0,,0.1535182751093859,0.39346934028736663,0.5654017914929217,0.6340499681675944,0.5209614479713727,0.6478149784170485
12,4,6.0,6,0.0,0.0,,0.1535182751093859,0.39346934028736663,0.5654017914929217,0.6436528029170329,0.38575601026149764,0.6839164287496862
12,4,7.0,6,0.0,0.0,,0.1535182751093859,0.39346934028736663,0.5654017914929217,0.566907435810621,0.7433700501989116,0.3773679186848199
12,4,8.0,6,0.0,0.0,,0.1535182751093859,0.39346934028736663,0.5654017914929217,0.6481580613321731,0.42135653694289726,0.5381747794113854
12,4,9.0,6,0.0,0.0,,0.1535182751093859,0.39346934028736663,0.5654017914929217,0.5430707537943009,0.4426345912253594,0.7526139314723108
12,4,10.0,6,0.0,0.0,,0.1535182751093859,0.39346934028736663,0.5654017914929217,0.633414423015359,0.6786312785032602,0.5567033885993473
12,4,11.0,6,0.0,0.0,,0.1535182751093859,0.39346934028736663,0.5654017914929217,0.6330080455045219,0.7914849326475499,0.561473999855016
12,4,12.0,6,0.0,0.0,,0.1535182751093859,0.39346934028736663,0.5654017914929217,0.6621723508945597,0.7053938253607959,0.5864450335945999
12,4,13.0,6,0.0,0.0,,0.1535182751093859,0.39346934028736663,0.5654017914929217,0.5896118096382642,0.4263243964871569,0.3468427537119413
12,4,14.0,6,0.0,0.0,,0.1535182751093859,0.39346934028736663,0.5654017914929217,0.5890106012411029,0.5065164228543628,0.49321389061218845
12,4,15.0,6,0.0,0.0,,0.1535182751093859,0.39346934028736663,0.5654017914929217,0.6165164640579998,0.4569119017499698,0.5867020448854008
12,4,16.0,6,0.0,0.0,,0.1535182751093859,0.39346934028736663,0.5654017914929217,0.5576936110762329,0.5974951142157615,0.5167126002805937
12,4,17.0,6,0.0,0.0,,0.1535182751093859,0.39346934028736663,0.5654017914929217,0.5604791554185982,0.6729924511499245,0.4723397518684
12,4,18.0,6,0.0,0.0,,0.1535182751093859,0.39346934028736663,0.5654017914929217,0.6210936166847352,0.5795271466924026,0.49289257293750727
12,4,19.0,6,0.0,0.0,,0.1535182751093859,0.39346934028736663,0.5654017914929217,0.6287864693815768,0.6522380097562468,0.37281191056821
12,4,20.0,6,0.0,0.0,,0.1535182751093859,0.39346934028736663,0.5654017914929217,0.5661119626493015,0.5403144176160166,0.7529153413834393
12,4,21.0,6,0.0,0.0,,0.1535182751093859,0.39346934028736663,0.5654017914929217,0.6917526633046249,0.5060096017380162,0.7585914135619427
12,4,22.0,6,0.0,0.0,,0.1535182751093859,0.39346934028736663,0.5654017914929217,0.6759022324059458,0.6899094727973563,0.41618993629763557
12,4,23.0,6,0.0,0.0,,0.1535182751093859,0.39346934028736663,0.5654017914929217,0.6304395149959039,0.6734624262534081,0.5558947991062841
12,4,24.0,6,0.0,0.0,,0.1535182751093859,0.39346934028736663,0.5654017914929217,0.5655389881093006,0.5146803542684857,0.6053004107272486
12,4,25.0,6,0.0,0.0,,0.1535182751093859,0.39346934028736663,0.5654017914929217,0.5608823061290547,0.5332246274208782,0.6323244580380629
12,4,26.0,6,0.0,0.0,,0.1535182751093859,0.39346934028736663,0.5654017914929217,0.6298861558298674,0.7453575669668109,0.45160365193890045
12,4,27.0,6,0.0,0.0,,0.1535182751093859,0.39346934028736663,0.5654017914929217,0.5722407501336608,0.5600041246591744,0.5429045078685126
12,4,28.0,6,0.0,0.0,,0.1535182751093859,0.39346934028736663,0.5654017914929217,0.5717886678377291,0.7800633759540522,0.49012213114973113
12,4,29.0,6,0.0,0.0,,0.1535182751093859,0.39346934028736663,0.5654017914929217,0.6025460952053884,0.6245302530322648,0.6934813328969242
12,4,30.0,6,0.0,0.0,,0.1535182751093859,0.39346934028736663,0.5654017914929217,0.6279257688543491,0.6147185840943389,0.7238071817897855
12,4,31.0,6,0.0,0.0,,0.1535182751093859,0.39346934028736663,0.5654017914929217,0.693601688144089,0.49098276688141745,0.4985808437250706
12,4,32.0,6,0.0,0.0,,0.1535182751093859,0.39346934028736663,0.5654017914929217,0.6450147413849635,0.39283044849200144,0.5227514276982276
12,4,33.0,6,0.0,0.0,,0.1535182751093859,0.39346934028736663,0.5654017914929217,0.6593935147663215,0.6972432303273226,0.31725181293268373
12,4,34.0,6,0.0,0.0,,0.1535182751093859,0.39346934028736663,0.5654017914929217,0.6411003206757655,0.519584748272137,0.4887325764061322
12,4,35.0,6,0.0,0.0,,0.1535182751093859,0.39346934028736663,0.5654017914929217,0.6242262686866326,0.5175333846640175,0.4605558418811883
12,4,36.0,6,0.0,0.0,,0.1535182751093859,0.39346934028736663,0.5654017914929217,0.609271779793122,0.6525461851657468,0.5501606246108511
12,4,37.0,6,0.0,0.0,,0.1535182751093859,0.39346934028736663,0.5654017914929217,0.6737666105147404,0.510230675453822,0.7558937867362544
12,4,38.0,6,0.0,0.0,,0.1535182751093859,0.39346934028736663,0.5654017914929217,0.6137857128751264,0.60340755048157,0.7738941437018617
12,4,39.0,6,0.0,0.0,,0.1535182751093859,0.39346934028736663,0.5654017914929217,0.628912262006095,0.6565859620823675,0.30957155743204995
12,4,40.0,6,0.0,0.0,,0.1535182751093859,0.39346934028736663,0.5654017914929217,0.6569923405199559,0.5069132634198806,0.67926957044083
12,4,41.0,6,0.0,0.0,,0.1535182751093859,0.39346934028736663,0.5654017914929217,0.6113264804712062,0.5945552313626016,0.5280675955846895
12,4,42.0,6,0.0,0.0,,0.1535182751093859,0.39346934028736663,0.5654017914929217,0.6154984424963003,0.5818851660652912,0.5967399568885877
12,4,43.0,6,0.0,0.0,,0.1535182751093859,0.39346934028736663,0.5654017914929217,0.7155756906660666,0.7752154763101049,0.5491028027693476
12,4,44.0,6,0.0,0.0,,0.1535182751093859,0.39346934028736663,0.5654017914929217,0.7063624206369962,0.7814762228523557,0.38161719583642484
12,4,45.0,6,0.0,0.0,,0.1535182751093859,0.39346934028736663,0.5654017914929217,0.600113315267021,0.5782042211406109,0.7221005738047682
12,4,46.0,6,0.0,0.0,,0.1535182751093859,0.39346934028736663,0.5654017914929217,0.6851905068067607,0.6974828641689673,0.6737545228677767
12,4,47.0,6,0.0,0.0,,0.1535182751093859,0.39346934028736663,0.5654017914929217,0.5338866280097385,0.4292656806306049,0.48278685561610263
12,4,48.0,6,0.0,0.0,,0.1535182751093859,0.39346934028736663,0.5654017914929217,0.6128252023125365,0.46147914727168854,0.6984437409533929
12,4,49.0,6,0.0,0.0,,0.1535182751093859,0.39346934028736663,0.5654017914929217,0.6451341744833636,0.5540506024243672,0.3836357576222595
12,4,50.0,6,0.0,0.0,,0.1535182751093859,0.39346934028736663,0.5654017914929217,0.5770449038905823,0.7012828798980534,0.52727230449972
12,4,51.0,6,0.0,0.0,,0.1535182751093859,0.39346934028736663,0.5654017914929217,0.626669393650727,0.6257752828936207,0.4356924298680969
12,4,52.0,6,0.0,0.0,,0.1535182751093859,0.39346934028736663,0.5654017914929217,0.6426478052447522,0.7441045088335863,0.6391999876393897
12,4,53.0,6,0.0,0.0,,0.1535182751093859,0.39346934028736663,0.5654017914929217,0.5573288510952338,0.6535794272848624,0.6092589233581622
12,4,54.0,6,0.0,0.0,,0.1535182751093859,0.39346934028736663,0.5654017914929217,0.7254530521918501,0.5607662535125251,0.45997912711760314
12,4,55.0,6,0.0,0.0,,0.1535182751093859,0.39346934028736663,0.5654017914929217,0.6214227831267249,0.6323631731164794,0.6166312688752777
12,4,56.0,6,0.0,0.0,,0.1535182751093859,0.39346934028736663,0.5654017914929217,0.6892725467731036,0.6820793038437583,0.5944962502310958
12,4,57.0,6,0.0,0.0,,0.1535182751093859,0.39346934028736663,0.5654017914929217,0.7090991288751551,0.7957480114963996,0.46790783790296303
12,4,58.0,6,0.0,0.0,,0.1535182751093859,0.39346934028736663,0.5654017914929217,0.5502034500477471,0.634919311571133,0.6258356541599427
12,4,59.0,6,0.0,0.0,,0.1535182751093859,0.39346934028736663,0.5654017914929217,0.6135573831612107,0.43222562181454627,0.5686288821402962
12,4,60.0,6,0.0,0.0,,0.1535182751093859,0.39346934028736663,0.5654017914929217,0.6491047155086158,0.5905129063246126,0.3575417313945781
12,4,61.0,6,0.0,0.0,,0.1535182751093859,0.39346934028736663,0.5654017914929217,0.6927174780101751,0.5222079950982813,0.2793832592636884
12,4,62.0,6,0.0,0.0,,0.1535182751093859,0.39346934028736663,0.5654017914929217,0.5928267852446962,0.7255316758920681,0.5577755196443472
12,4,63.0,6,0.0,0.0,,0.1535182751093859,0.39346934028736663,0.5654017914929217,0.5874409291501005,0.5997759780324563,0.7555250952233404
12,4,64.0,6,0.0,0.0,,0.1535182751093859,0.39346934028736663,0.5654017914929217,0.5829113696165874,0.6131371047696558,0.5595750096179637
12,4,65.0,6,0.0,0.0,,0.1535182751093859,0.39346934028736663,0.5654017914929217,0.5962055373347498,0.6045586683530667,0.4007902751756568
12,4,66.0,6,0.0,0.0,,0.1535182751093859,0.39346934028736663,0.5654017914929217,0.6337892896080041,0.5512858543806811,0.6102749960639888
12,4,67.0,6,0.0,0.0,,0.1535182751093859,0.39346934028736663,0.5654017914929217,0.6954996567574279,0.5577743458516029,0.6640886601727689
12,4,68.0,6,0.0,0.0,,0.1535182751093859,0.39346934028736663,0.5654017914929217,0.5975134967815177,0.6195677367771116,0.8307697049233799
12,4,69.0,6,0.0,0.0,,0.1535182751093859,0.39346934028736663,0.5654017914929217,0.5614839391952331,0.4413002248194057,0.4980282665135712
12,4,70.0,6,0.0,0.0,,0.1535182751093859,0.39346934028736663,0.5654017914929217,0.7571528396024081,0.8121492063039806,0.6542265539531056
12,4,71.0,6,0.0,0.0,,0.1535182751093859,0.39346934028736663,0.5654017914929217,0.6433922811497416,0.5616396178596557,0.6178285229415235
12,4,72.0,6,0.0,0.0,,0.1535182751093859,0.39346934028736663,0.5654017914929217,0.5913783999977189,0.6054665270077091,0.5676314005005987
12,4,73.0,6,0.0,0.0,,0.1535182751093859,0.39346934028736663,0.5654017914929217,0.768485049665399,0.5906244836203742,0.24526883969909347
12,4,74.0,6,0.0,0.0,,0.1535182751093859,0.39346934028736663,0.5654017914929217,0.71609955538928,0.5270250780997929,0.15341461884381657
12,4,75.0,6,0.0,0.0,,0.1535182751093859,0.39346934028736663,0.5654017914929217,0.6095558800404783,0.5083286391641253,0.6023954253320929
12,4,76.0,6,0.0,0.0,,0.1535182751093859,0.39346934028736663,0.5654017914929217,0.5994476758727451,0.5939771965646958,0.5625735216576879
12,4,77.0,6,0.0,0.0,,0.1535182751093859,0.39346934028736663,0.5654017914929217,0.7425248401593718,0.4043057370203177,0.6481301526427529
12,4,78.0,6,0.0,0.0,,0.1535182751093859,0.39346934028736663,0.5654017914929217,0.6277767791955127,0.5778213462343424,0.5938896695879653
12,4,79.0,6,0.0,0.0,,0.1535182751093859,0.39346934028736663,0.5654017914929217,0.5712459314195166,0.6903152097922539,0.7038779928502434
12,4,80.0,6,0.0,0.0,,0.1535182751093859,0.39346934028736663,0.5654017914929217,0.6313145417501032,0.8119026279336541,0.607176700580735
12,4,81.0,6,0.0,0.0,,0.1535182751093859,0.39346934028736663,0.5654017914929217,0.6099089678943599,0.5662046730800062,0.6368857431620898
12,4,82.0,6,0.0,0.0,,0.1535182751093859,0.39346934028736663,0.5654017914929217,0.6305697460141617,0.5944636691648009,0.8766618118061424
12,4,83.0,6,0.0,0.0,,0.1535182751093859,0.39346934028736663,0.5654017914929217,0.511840308221964,0.5057902880179177,0.5076648320872551
12,4,84.0,6,0.0,0.0,,0.1535182751093859,0.39346934028736663,0.5654017914929217,0.5492581818098763,0.49349312692818137,0.5834210065120043
12,4,85.0,6,0.0,0.0,,0.1535182751093859,0.39346934028736663,0.5654017914929217,0.5937779403839882,0.5526672234115285,0.5035701223081277
12,4,86.0,6,0.0,0.0,,0.1535182751093859,0.39346934028736663,0.5654017914929217,0.6760155469279798,0.629445930503551,0.2771511169280031
12,4,87.0,6,0.0,0.0,,0.1535182751093859,0.39346934028736663,0.5654017914929217,0.7171124223539728,0.4430054671298261,0.6198240817871377
12,4,88.0,6,0.0,0.0,,0.1535182751093859,0.39346934028736663,0.5654017914929217,0.6174230635549526,0.6109031664848427,0.7606849944937621
12,4,89.0,6,0.0,0.0,,0.1535182751093859,0.39346934028736663,0.5654017914929217,0.6411667032470122,0.204192844324731,0.6887136415337147
12,4,90.0,6,0.0,0.0,,0.1535182751093859,0.39346934028736663,0.5654017914929217,0.5955671812351099,0.6215642644079703,0.5234949811046772
12,4,91.0,6,0.0,0.0,,0.1535182751093859,0.39346934028736663,0.5654017914929217,0.751935852782106,0.703647480825157,0.668951067640428
12,4,92.0,6,0.0,0.0,,0.1535182751093859,0.39346934028736663,0.5654017914929217,0.6515723931072469,0.3337064947298261,0.5804398773937607
12,4,93.0,6,0.0,0.0,,0.1535182751093859,0.39346934028736663,0.5654017914929217,0.6592397651277914,0.6702634097079241,0.4578070394475824
12,4,94.0,6,0.0,0.0,,0.1535182751093859,0.39346934028736663,0.5654017914929217,0.5912854028294957,0.42521366078627904,0.5028060381940674
12,4,95.0,6,0.0,0.0,,0.1535182751093859,0.39346934028736663,0.5654017914929217,0.6165863561712945,0.6677438480337259,0.5482926030401791
12,4,96.0,6,0.0,0.0,,0.1535182751093859,0.39346934028736663,0.5654017914929217,0.7069585963346662,0.5481851815358152,0.511259288530933
12,4,97.0,6,0.0,0.0,,0.1535182751093859,0.39346934028736663,0.5654017914929217,0.6157614108863056,0.666512868863743,0.5327419569549774
12,4,98.0,6,0.0,0.0,,0.1535182751093859,0.39346934028736663,0.5654017914929217,0.5886252427326434,0.5403911970988613,0.6451180484588205
12,4,99.0,6,0.0,0.0,,0.1535182751093859,0.39346934028736663,0.5654017914929217,0.6300611614138545,0.5858700989102196,0.6028716580872936
12,4,100.0,6,0.0,0.0,,0.1535182751093859,0.39346934028736663,0.5654017914929217,0.5768393927084388,0.7187668011491035,0.46004355916468986
13,4,1.0,6,0.25,0.0,,0.147405320483808,0.42945404336616894,0.6504110697655242,0.5857358259605066,0.566415561410896,0.8517045476600709
13,4,2.0,6,0.25,0.0,,0.14072691130777815,0.4413042582071897,0.6399817162124875,0.46720000102424475,0.7829062980381473,0.3521741184123453
13,4,3.0,6,0.25,0.0,,0.1512015522912661,0.43452097478573776,0.6022253278261486,0.713954431937335,0.561075491186006,0.5219694739445663
13,4,4.0,6,0.25,0.0,,0.14554701730322084,0.3563899704650618,0.5480222826811774,0.6936599010290523,0.5935377437212757,0.4377003625462418
13,4,5.0,6,0.25,0.0,,0.12998950433775625,0.3612786116113078,0.607338629529968,0.587456631833376,0.4594449035053166,0.4214979067368178
13,4,6.0,6,0.25,0.0,,0.17126627099096675,0.4084259906950491,0.6331661152213603,0.5416388755105603,0.706149993217752,0.48297316704135634
13,4,7.0,6,0.25,0.0,,0.1494605140214323,0.4257623752034535,0.6228329979280578,0.7596742218619401,0.4417360976851093,0.5295237837971722
13,4,8.0,6,0.25,0.0,,0.16554010964810714,0.3500290145966678,0.6275283612830818,0.67872008782783,0.5469538253030113,0.6175874923882224
13,4,9.0,6,0.25,0.0,,0.16387856121430072,0.40534161667156077,0.45770907361143437,0.6314822158653646,0.507785719077505,0.6319553075761831
13,4,10.0,6,0.25,0.0,,0.13832235508958773,0.4638848783018018,0.5141573466974603,0.5843151932102361,0.6066001449471546,0.5250265425668512
13,4,11.0,6,0.25,0.0,,0.16490108005816884,0.3574046033990867,0.7391165112192382,0.5697895098364334,0.6178973856854653,0.5035072315064126
13,4,12.0,6,0.25,0.0,,0.15282546737676395,0.3969523615258974,0.580048003336541,0.5403320788398435,0.7971177405506747,0.7162603113167865
13,4,13.0,6,0.25,0.0,,0.14699830518403342,0.41117641308808206,0.48493222726714513,0.43308703497904527,0.41899484977121065,0.35990274913564735
13,4,14.0,6,0.25,0.0,,0.16585798515775724,0.4046429826591275,0.5679063595541823,0.6418290398991665,0.49998906590905995,0.3066332102081635
13,4,15.0,6,0.25,0.0,,0.12944745702352395,0.3839544079559719,0.5624813165266286,0.6569536804638076,0.69305188962044,0.3364230806690943
13,4,16.0,6,0.25,0.0,,0.1353759727218697,0.47655232839669015,0.5854068980425334,0.6528947158000069,0.48565477008469743,0.486307626088217
13,4,17.0,6,0.25,0.0,,0.1334182394634044,0.35914942853658577,0.5292119007520739,0.6698595760603603,0.4448897172479569,0.5766296689556187
13,4,18.0,6,0.25,0.0,,0.1571400568975901,0.352338974582496,0.5432734542730223,0.5295360233625023,0.5305591646283292,0.43566925455803707
13,4,19.0,6,0.25,0.0,,0.16051245950671994,0.36243815235499877,0.6268017772576828,0.7687512010342965,0.6570326420900608,0.4023965654004291
13,4,20.0,6,0.25,0.0,,0.14372904882482765,0.39361891244477765,0.50383441013592,0.5625282664026994,0.596106193971722,0.38222563393887754
13,4,21.0,6,0.25,0.0,,0.17073630190242817,0.3419494287133661,0.4804991212065678,0.6515970177540944,0.5569435646238624,0.6598653390485719
13,4,22.0,6,0.25,0.0,,0.1688407058084429,0.4626318320169903,0.6043555671122465,0.6314772823912517,0.6313517557013655,0.49790395559076783
13,4,23.0,6,0.25,0.0,,0.1447423784478415,0.37173781528816524,0.5991459466994221,0.5118927940017712,0.5397742336770057,0.36175956498344136
13,4,24.0,6,0.25,0.0,,0.13417580751756233,0.37739128951267154,0.5520345575399347,0.6055730009718491,0.5889825026558431,0.7469174137923182
13,4,25.0,6,0.25,0.0,,0.13109593074865872,0.39374765317338084,0.5500530932782859,0.517449216055485,0.4259814005797168,0.6176962415935898
13,4,26.0,6,0.25,0.0,,0.1752186758845829,0.43742010603358283,0.5652076141350536,0.5144109567997196,0.544159282289544,0.4333498797420515
13,4,27.0,6,0.25,0.0,,0.1730481315491849,0.4498353523852579,0.5951871433868215,0.5705801810147799,0.6121064760201534,0.6643817130753494
13,4,28.0,6,0.25,0.0,,0.15861339054306212,0.4065736485994301,0.5708495423667812,0.5602142708006626,0.6363970496415969,0.30833891174829686
13,4,29.0,6,0.25,0.0,,0.14902735159097297,0.4151893429530903,0.49110488607782665,0.7061454450218244,0.7593840660198088,0.6531757176124984
13,4,30.0,6,0.25,0.0,,0.1621739323381829,0.36215733693121727,0.6057941637795458,0.6363113569596363,0.5830253380512304,0.7269333728355509
13,4,31.0,6,0.25,0.0,,0.14684307581071193,0.4337313451177735,0.5141229781060799,0.6655957473703854,0.3578678639052133,0.473453196311367
13,4,32.0,6,0.25,0.0,,0.18364809666220988,0.41939935380394733,0.5188886625516748,0.5832375165733197,0.5298940691224627,0.40690030204161526
13,4,33.0,6,0.25,0.0,,0.13054651932094546,0.3694517898639116,0.5021279021573317,0.53677215910056,0.7254836642723769,0.37774159007169106
13,4,34.0,6,0.25,0.0,,0.15999804756392355,0.409485736083154,0.513088306751447,0.503061979271987,0.6229251979197403,0.8077635946408076
13,4,35.0,6,0.25,0.0,,0.13977442859267739,0.3994618231917845,0.502307538977229,0.6142499768786902,0.4436141677385714,0.5877942174326822
13,4,36.0,6,0.25,0.0,,0.14477497634568906,0.4280963127536494,0.6070787580366522,0.5918156670298951,0.40827656058413114,0.5311983340102453
13,4,37.0,6,0.25,0.0,,0.16529449579434316,0.4917675094644169,0.4821259615276099,0.4158715571930527,0.8038831569993625,0.3592251139588022
13,4,38.0,6,0.25,0.0,,0.1666557451841336,0.39943942415985545,0.5826485357113904,0.6018048416454749,0.5531627700248246,0.6431064328978598
13,4,39.0,6,0.25,0.0,,0.13927420761780449,0.32488019892619213,0.47778087229020577,0.592471535380354,0.6771132252165062,0.6127713538479999
13,4,40.0,6,0.25,0.0,,0.13301007754937186,0.3583714146303915,0.4530361433521657,0.5855767006440679,0.36131818927572823,0.7546125453838533
13,4,41.0,6,0.25,0.0,,0.14799345345847714,0.40063434632212197,0.5097856589204465,0.3652086795867939,0.4836034510639645,0.5413071718998446
13,4,42.0,6,0.25,0.0,,0.16298366324518565,0.3945184212280775,0.6991975121677583,0.664072894316487,0.75180196901046,0.6717542322920236
13,4,43.0,6,0.25,0.0,,0.15999992782881564,0.42838380504400647,0.620643691171017,0.5384736469416123,0.545378137024908,0.743560405444392
13,4,44.0,6,0.25,0.0,,0.1466692025316684,0.3664217855806247,0.637069178908344,0.6653979676987419,0.5068986718397733,0.5515864586936935
13,4,45.0,6,0.25,0.0,,0.15903542193377604,0.35360243469679026,0.5885861257033455,0.5085496252311644,0.6077028603159752,0.38913276116508805
13,4,46.0,6,0.25,0.0,,0.14831921024345224,0.37563472420469274,0.5641760825881675,0.6675858686264323,0.7451062375630679,0.620311720207171
13,4,47.0,6,0.25,0.0,,0.15657054174239254,0.411049908861703,0.5124293854440718,0.5371149746052183,0.7763324105539133,0.6203276280083585
13,4,48.0,6,0.25,0.0,,0.13649300195258077,0.3462309908034806,0.5238303898299947,0.43948681525979394,0.5725948317389463,0.36301934335298186
13,4,49.0,6,0.25,0.0,,0.13587850033361565,0.4401314877770862,0.5914227343663494,0.553097869082741,0.7767760645476531,0.47978553672119617
13,4,50.0,6,0.25,0.0,,0.1727945799887599,0.44296858119653904,0.4674004621783408,0.7101850196901303,0.3934952044060541,0.4645024550227962
13,4,51.0,6,0.25,0.0,,0.14854882755364623,0.3704292530216784,0.6360375352456992,0.4993975774487137,0.6487662267768224,0.6888116821899628
13,4,52.0,6,0.25,0.0,,0.13591927694321368,0.36882226770080256,0.5726895234043048,0.4929946045494784,0.7174556636936473,0.4403070173076055
13,4,53.0,6,0.25,0.0,,0.1574073939945712,0.39676930975270996,0.6352955799541208,0.6757518752287636,0.6328028812082,0.44358685121287367
13,4,54.0,6,0.25,0.0,,0.14555490599120155,0.33803248014127246,0.5405524818691483,0.638377766457918,0.6628359795192612,0.5752636138354406
13,4,55.0,6,0.25,0.0,,0.1675954047771979,0.3930274075303661,0.5771732464411513,0.5832708196292582,0.5850445199927901,0.7774929850754754
13,4,56.0,6,0.25,0.0,,0.14452933065674672,0.38491577728937504,0.5780623117712688,0.6203793093647263,0.6307386158319449,0.7099246643594774
13,4,57.0,6,0.25,0.0,,0.15294351365617587,0.4798882377749127,0.5212041789055963,0.6710500819515332,0.5658181880688418,0.5540431713794177
13,4,58.0,6,0.25,0.0,,0.17489769716804665,0.40092942771768103,0.552128334202601,0.6821167942600763,0.39705728541707447,0.5704068314924609
13,4,59.0,6,0.25,0.0,,0.14802905136438754,0.4367787998983048,0.6070466269355552,0.5007657806347348,0.3801648776124599,0.6067330425524128
13,4,60.0,6,0.25,0.0,,0.1601071979876261,0.43043805516484274,0.6259852223676223,0.7866950716799861,0.6184537831705864,0.5887734297521713
13,4,61.0,6,0.25,0.0,,0.13556910299798025,0.42404130732373646,0.570472305428863,0.5606302375555183,0.49734029608255365,0.45442826915139944
13,4,62.0,6,0.25,0.0,,0.14573026483065493,0.4389541301897424,0.5335666038095456,0.7712551950590648,0.5945507018970535,0.7914822379459829
13,4,63.0,6,0.25,0.0,,0.1641506800599552,0.39664001677410027,0.4727280448207867,0.7253995667047713,0.6685230883172838,0.5577062519033127
13,4,64.0,6,0.25,0.0,,0.1570168076266564,0.39270985482676973,0.5758540463031795,0.6711255527928961,0.5374722859678911,0.4470790452696744
13,4,65.0,6,0.25,0.0,,0.17366138033892356,0.38412895350978743,0.5165385129143021,0.7082938446320594,0.33124815303623406,0.5912400040005956
13,4,66.0,6,0.25,0.0,,0.14610569417869304,0.3422371739837914,0.5760568202107756,0.6347415036799304,0.5037982088014044,0.7595006537998017
13,4,67.0,6,0.25,0.0,,0.14637446845278052,0.3769383079175245,0.5916772618929492,0.6441826664331857,0.527964698926707,0.3762805921873571
13,4,68.0,6,0.25,0.0,,0.18777244928803996,0.4615516815086206,0.7201536345349814,0.6341022433131034,0.6279551151190489,0.6445207141695103
13,4,69.0,6,0.25,0.0,,0.1782719563635899,0.42098738656140505,0.5412831551607046,0.6011539178400604,0.698235321343043,0.4924348281600636
13,4,70.0,6,0.25,0.0,,0.16243758487791593,0.3676911383040958,0.5760372883378275,0.5909140457499745,0.699924697566772,0.3853704835722264
13,4,71.0,6,0.25,0.0,,0.1441152390977483,0.4230434751790176,0.6664784449635281,0.5436510473653817,0.6671290526237031,0.6288774889715059
13,4,72.0,6,0.25,0.0,,0.15857060410187016,0.3554576962352136,0.5412450542041264,0.5186742135940061,0.44279582211863816,0.6754646087124571
13,4,73.0,6,0.25,0.0,,0.13124833344458214,0.4387146543112337,0.4987818896936841,0.5899233226053215,0.661358543849978,0.5644457845029098
13,4,74.0,6,0.25,0.0,,0.14351076008509894,0.45456927128231,0.6989594024660725,0.5315666383316782,0.5701433564867224,0.590199816253355
13,4,75.0,6,0.25,0.0,,0.16764221376450156,0.471364752340535,0.5518638695794611,0.5520462016563905,0.496659391739464,0.8114924269192973
13,4,76.0,6,0.25,0.0,,0.1425302548303957,0.35784659504061544,0.6316342439990896,0.6918710557644043,0.6315666525546673,0.6781739443295492
13,4,77.0,6,0.25,0.0,,0.1368638245862707,0.340951818686498,0.5868012862648111,0.5570382613898988,0.3629137975394276,0.5655855558263736
13,4,78.0,6,0.25,0.0,,0.17143516823210964,0.4203077737700201,0.6112687655080464,0.6220537829365428,0.4559125353869774,0.7692582030872637
13,4,79.0,6,0.25,0.0,,0.14429776436635197,0.40956252993799647,0.6270244874913871,0.5481383321950386,0.6152583966123876,0.7554698975005596
13,4,80.0,6,0.25,0.0,,0.14311785375617916,0.3451543346188208,0.6135917949478863,0.5700226656812232,0.38617437768630736,0.5630514346979052
13,4,81.0,6,0.25,0.0,,0.13671297020923515,0.3791079530219651,0.644815094913775,0.6460104179927909,0.44633031323811395,0.6122454902864717
13,4,82.0,6,0.25,0.0,,0.1641540142261902,0.3993182057754328,0.6278296822544893,0.6883685191476235,0.5422173262760872,0.7898287346645398
13,4,83.0,6,0.25,0.0,,0.16493590755229026,0.4266878654378209,0.6187922441128129,0.5150731227997252,0.6593456880845965,0.5476964269612694
13,4,84.0,6,0.25,0.0,,0.1623109459051925,0.37952091074864425,0.5860800640643642,0.5208247092581213,0.6489841286407116,0.40577675576792405
13,4,85.0,6,0.25,0.0,,0.14824013533633001,0.3935543324003363,0.6140963277439216,0.7205970011713801,0.6089208015596974,0.5284785737873728
13,4,86.0,6,0.25,0.0,,0.15082977690535423,0.38434919241458376,0.6187545525232321,0.5964636738778928,0.46407492645075854,0.5476310594467906
13,4,87.0,6,0.25,0.0,,0.1520821011877441,0.4239554210529354,0.5208091083321775,0.6605971817157793,0.4935086892908725,0.6743127864294306
13,4,88.0,6,0.25,0.0,,0.16765205512770726,0.3967376145621319,0.5473522565992098,0.6687472461306591,0.7218778795629636,0.6051332050828524
13,4,89.0,6,0.25,0.0,,0.14963669098597454,0.3895470866958919,0.5064407042991564,0.7330524855862786,0.573826397213059,0.5903980746589129
13,4,90.0,6,0.25,0.0,,0.1477435235762633,0.4112082108111258,0.553278098813624,0.5316622929277851,0.6398620403043825,0.4096241831270134
13,4,91.0,6,0.25,0.0,,0.1671546055908129,0.3805153174226065,0.5142577891884426,0.5509136650866315,0.8147598505001048,0.2592049687214499
13,4,92.0,6,0.25,0.0,,0.16244226573241943,0.4006591202933327,0.47415959345830816,0.6807119854627082,0.679029276748597,0.4924690776175941
13,4,93.0,6,0.25,0.0,,0.13297227074090642,0.41068592175624047,0.4893656197345321,0.6172353033460107,0.42697597889170796,0.40805044580684885
13,4,94.0,6,0.25,0.0,,0.1695155856817177,0.3545109565402599,0.5659957663460915,0.6634601518956831,0.3291819203479016,0.7112138907919107
13,4,95.0,6,0.25,0.0,,0.1509868647721693,0.3478073945575013,0.5244689984854178,0.6147402778331005,0.5340714095384029,0.5462121108434775
13,4,96.0,6,0.25,0.0,,0.1400726970906067,0.4050015010979484,0.5133540838849634,0.7367348207544963,0.5142624500006898,0.5903778573592954
13,4,97.0,6,0.25,0.0,,0.15182864713828723,0.3992988150169391,0.5986859586345851,0.7378772892837521,0.4765756252890937,0.44419001063569635
13,4,98.0,6,0.25,0.0,,0.16765835995912712,0.3166260227967654,0.6638438750546707,0.5967681145378719,0.5800672522752298,0.5783341357150902
13,4,99.0,6,0.25,0.0,,0.16071803167822157,0.5238509640152789,0.5126042012451437,0.5673615206449443,0.5154666512086038,0.31086896262935937
13,4,100.0,6,0.25,0.0,,0.15765319688085094,0.410186935096874,0.4311889541685282,0.6187304323817698,0.6748492271616241,0.621710425267942
14,4,1.0,6,0.5,0.0,,0.19232201922339526,0.36542198613491805,0.5615630602556363,0.5565498247171115,0.6965605841974991,0.656302496713937
14,4,2.0,6,0.5,0.0,,0.1406196713216604,0.45405647266685173,0.5439289193448316,0.621893698180138,0.6060979878730155,0.6651405643084958
14,4,3.0,6,0.5,0.0,,0.1956645030667463,0.3381145411266418,0.37915352406558034,0.7202800233845128,0.4255816562349136,0.862456707114951
14,4,4.0,6,0.5,0.0,,0.1180222736183546,0.4029609495342803,0.582815154827917,0.5167885617615294,0.6948093759249465,0.72921906320856
14,4,5.0,6,0.5,0.0,,0.16331896661076756,0.4723218061853161,0.4664487834137211,0.6355780844130818,0.3979823048016148,0.5524382166492073
14,4,6.0,6,0.5,0.0,,0.13263251287635608,0.3531840557646545,0.5488345023895824,0.5781226486772778,0.7164475430316698,0.6078447704418365
14,4,7.0,6,0.5,0.0,,0.1731543589573941,0.4643411895681263,0.4837336525929768,0.5769120491549282,0.6907432899924146,0.3535177773853336
14,4,8.0,6,0.5,0.0,,0.15128925232443405,0.2838771777598434,0.7682219883269373,0.6107324265130145,0.45703319525810926,0.6092816457005495
14,4,9.0,6,0.5,0.0,,0.14421251764274295,0.38273956278868176,0.3761226340576253,0.4493356290711102,0.5090081504011031,0.563479097873861
14,4,10.0,6,0.5,0.0,,0.20223066343802162,0.49638554738770235,0.4802819242878435,0.6445032548043846,0.7019374961637611,0.35248243461540735
14,4,11.0,6,0.5,0.0,,0.1628591267639592,0.48929922720335045,0.4080326170408622,0.5098887886242142,0.48587340212410657,0.4572323410339664
14,4,12.0,6,0.5,0.0,,0.1834296724972179,0.29397725276414965,0.707692223813962,0.6047914511890513,0.523461158720644,0.5746891411241271
14,4,13.0,6,0.5,0.0,,0.1483397405919485,0.4645529536465367,0.8072250175327028,0.7219907689549352,0.5874720184099327,0.7272287205709609
14,4,14.0,6,0.5,0.0,,0.1357640284118719,0.4151356960703646,0.4078799888549057,0.6267880270310319,0.8036101430660592,0.5826133308330311
14,4,15.0,6,0.5,0.0,,0.18980636071023677,0.3045034264442999,0.5417524020580957,0.7358208784399927,0.2086482349977928,0.6219463296622805
14,4,16.0,6,0.5,0.0,,0.18020254486884424,0.3998267755583855,0.7645821700356976,0.5781968073437799,0.4287822154014712,0.5619680545579502
14,4,17.0,6,0.5,0.0,,0.1493819818475792,0.3503221882401556,0.5753850515488353,0.26732456541048666,0.745546587891923,0.6644114382155509
14,4,18.0,6,0.5,0.0,,0.1659804245818723,0.46631650509040695,0.5280836068972918,0.7078804169808077,0.572324851822161,0.5863527555504445
14,4,19.0,6,0.5,0.0,,0.14005997104949292,0.3798712537509013,0.38016998050915995,0.6157099849012546,0.7218229041330233,0.49585241047381057
14,4,20.0,6,0.5,0.0,,0.11878899519602563,0.4512948076912636,0.5282860898142451,0.8020501101231939,0.5403898823445756,0.6878024310404337
14,4,21.0,6,0.5,0.0,,0.16985451245298122,0.4537239940137541,0.6409709551111892,0.6464226041702774,0.544826425848113,0.7204470673910908
14,4,22.0,6,0.5,0.0,,0.13261960563875386,0.33009414783792607,0.6285031832799938,0.6772099607661166,0.6972127134496651,0.510989256240722
14,4,23.0,6,0.5,0.0,,0.15876052597117934,0.34950864987681657,0.5731102856122767,0.5550594922047152,0.5907438841317103,0.7062729051967477
14,4,24.0,6,0.5,0.0,,0.10822654663218101,0.4339780005836432,0.49579001645869525,0.5600672910335829,0.8229129694485546,0.5787779325230658
14,4,25.0,6,0.5,0.0,,0.15421129996578892,0.48502003012889716,0.656727128185689,0.4321366964348101,0.39658465851150254,0.7322112041288604
14,4,26.0,6,0.5,0.0,,0.12802390121487525,0.41673645199399567,0.545925214956013,0.5688730412574915,0.6651295653842867,0.6296787501165291
14,4,27.0,6,0.5,0.0,,0.15606555481989406,0.3765962573729519,0.6859340091243769,0.6180211582824443,0.4800642633843807,0.5743855103441948
14,4,28.0,6,0.5,0.0,,0.15045754648818452,0.4662029872141087,0.5437783787456825,0.6907698350749347,0.685464979829681,0.26569679866324947
14,4,29.0,6,0.5,0.0,,0.16241376782983843,0.35265140133417594,0.6119921376078338,0.599926834963864,0.5321156096189705,0.43056640588573425
14,4,30.0,6,0.5,0.0,,0.11420015293406731,0.37451226188979203,0.6278002553257284,0.2992943991010004,0.3968020065815405,0.36412843716908794
14,4,31.0,6,0.5,0.0,,0.16273023029083852,0.36084355531076895,0.5577343828823323,0.5483162893416533,0.6539527420887967,0.6677187921847333
14,4,32.0,6,0.5,0.0,,0.16888551467364712,0.3644868286004586,0.49660268344803066,0.5448406128613668,0.636335878208804,0.7573956196781552
14,4,33.0,6,0.5,0.0,,0.1469874627914606,0.27272628229357304,0.5901984397649475,0.42648877020508336,0.3146960717711793,0.6424591088289913
14,4,34.0,6,0.5,0.0,,0.162751389199703,0.33371574281592514,0.48618013938647353,0.6236834840717067,0.8168038514003146,0.3865485407847927
14,4,35.0,6,0.5,0.0,,0.12957932976746536,0.29592145141794257,0.5050399165878957,0.5957853102870454,0.45695309080630786,0.4971307331676842
14,4,36.0,6,0.5,0.0,,0.13916948967183743,0.4880787422393425,0.7342969328680742,0.7287430001313556,0.793265672270324,0.4389692533223427
14,4,37.0,6,0.5,0.0,,0.15258870213544107,0.559542189889577,0.6359751146776185,0.6701349840070043,0.5738701976947762,0.5881003466016901
14,4,38.0,6,0.5,0.0,,0.12926877792931793,0.3137663514269741,0.6090063353251398,0.6047621445232437,0.8383981319046843,0.37655609132935547
14,4,39.0,6,0.5,0.0,,0.12705311497700053,0.39545777749652206,0.6515350548411363,0.6882929072466468,0.6261149880411357,0.3703063297345395
14,4,40.0,6,0.5,0.0,,0.19620886729100462,0.3840505429289813,0.49515412998644015,0.7106319372133666,0.5695203838647449,0.7394806633581581
14,4,41.0,6,0.5,0.0,,0.15934930188593435,0.3476209208958897,0.6144145993774149,0.5694568922900249,0.4644295728067699,0.312805970664418
14,4,42.0,6,0.5,0.0,,0.1717632424262716,0.35141543269604963,0.765867485315162,0.5720399364867881,0.5354980404770033,0.6877861945122452
14,4,43.0,6,0.5,0.0,,0.10221603826714318,0.3736511982241222,0.6521374064902763,0.5580786904960923,0.5092386138289329,0.5227082023194657
14,4,44.0,6,0.5,0.0,,0.16632277743987922,0.255601572427504,0.525421190460143,0.5868229050443332,0.5823675069356278,0.3210906931305287
14,4,45.0,6,0.5,0.0,,0.15555089379056486,0.4141258358933443,0.5668629495184744,0.3876657024618385,0.5414763455785923,0.6310307506651881
14,4,46.0,6,0.5,0.0,,0.15764075908636407,0.5934873649347016,0.7038931990604776,0.5501717744525646,0.47521234349057384,0.6426364460289001
14,4,47.0,6,0.5,0.0,,0.18555025082155108,0.41635264664497323,0.42413434173728676,0.8436079486216826,0.341630408331876,0.46940823407348076
14,4,48.0,6,0.5,0.0,,0.18982758371511577,0.49261204091272487,0.7566752854707015,0.7053457344889246,0.6789396708977682,0.5709489383653737
14,4,49.0,6,0.5,0.0,,0.1308921202718554,0.5064564391688006,0.46451997809560097,0.4944183045495074,0.5592094048264483,0.8014465981711847
14,4,50.0,6,0.5,0.0,,0.18990282106297882,0.38917457874761363,0.4997940009550762,0.6776632265597048,0.7055579114685837,0.5630210697843211
14,4,51.0,6,0.5,0.0,,0.20358728248098285,0.3266003879798058,0.5635658783032411,0.7769463580740144,0.5297972031637149,0.4835494407468621
14,4,52.0,6,0.5,0.0,,0.18542096010771117,0.3176132724220998,0.5052361966083023,0.6915764696417772,0.4826137792713373,0.46697701038236994
14,4,53.0,6,0.5,0.0,,0.14744809388635194,0.3255912324332583,0.4063585053567017,0.5532022126306172,0.43455652877418205,0.5900499952965035
14,4,54.0,6,0.5,0.0,,0.15816937542578474,0.37440839141517834,0.42751864219362723,0.7935215429738637,0.584968810279842,0.5291422720626283
14,4,55.0,6,0.5,0.0,,0.15532665496913964,0.3679003505030472,0.6433191596059359,0.6460826563683053,0.3959698376401796,0.640584009834609
14,4,56.0,6,0.5,0.0,,0.17691941844279427,0.40728344108947045,0.6244498710238051,0.58532118077577,0.4915696293016872,0.35470630660221253
14,4,57.0,6,0.5,0.0,,0.1367154444395861,0.3764351340639589,0.3943695699129327,0.6996885711561102,0.6730321766782985,0.5061852845056894
14,4,58.0,6,0.5,0.0,,0.1396457618466222,0.493073601642709,0.6107581444659227,0.567192971293007,0.6131766723234854,0.7260378031794661
14,4,59.0,6,0.5,0.0,,0.17906419013353778,0.3683882491225682,0.6602556523895375,0.47904154800096965,0.5591855734618648,0.5992304191338934
14,4,60.0,6,0.5,0.0,,0.1676659621429994,0.4137858811256508,0.5033115140009319,0.7063298551153354,0.7104852944809802,0.5459031999150682
14,4,61.0,6,0.5,0.0,,0.1697896542033361,0.35651291883732295,0.6258665163608752,0.5659326633459495,0.5727538683794322,0.5852088991095106
14,4,62.0,6,0.5,0.0,,0.14056844924512718,0.29945129982948726,0.50329315529983,0.3641232673713611,0.47056447147835795,0.6962317231957675
14,4,63.0,6,0.5,0.0,,0.11802927932348414,0.4146384301207665,0.47098039832127514,0.6686728641580434,0.596825438148547,0.8
14,4,64.0,6,0.5,0.0,,0.15228445441347213,0.32694924651009005,0.5971107653336006,0.5190482558767077,0.5604947225721514,0.5772929112566801
14,4,65.0,6,0.5,0.0,,0.16563259046448148,0.46054283894442616,0.6700031672923885,0.5310766661933688,0.6519280203398513,0.5445481478581371
14,4,66.0,6,0.5,0.0,,0.15791167463956185,0.38982013383222514,0.4809155648218102,0.44742212206663956,0.4270640562521402,0.3269565053910436
14,4,67.0,6,0.5,0.0,,0.16166126540406195,0.3509231137864649,0.5819297627334403,0.6010660821321082,0.5501765555883851,0.46366248698310136
14,4,68.0,6,0.5,0.0,,0.1660091089459983,0.32795383082123764,0.42366365732327527,0.44836362692081577,0.45849279477760463,0.345789353279114
14,4,69.0,6,0.5,0.0,,0.14969956913828852,0.3754537882067688,0.5766728837197207,0.5897872980280644,0.5031296980984783,0.5476519685099779
14,4,70.0,6,0.5,0.0,,0.16686640993108637,0.24991871877753083,0.5250638542377364,0.6403816698212945,0.38999137080151947,0.6804248876161747
14,4,71.0,6,0.5,0.0,,0.139776037193508,0.3906163869687579,0.5548884748782316,0.5335365425839884,0.9135783841358533,0.5400884453545054
14,4,72.0,6,0.5,0.0,,0.13694919383017382,0.3802620096847319,0.40931969643822336,0.33344469217646033,0.5137583427742054,0.3371752139898379
14,4,73.0,6,0.5,0.0,,0.1671059872088989,0.29901260910047744,0.636602689691543,0.5629065065155464,0.49002234623808516,0.6514349506181591
14,4,74.0,6,0.5,0.0,,0.14263611766562362,0.2900102070962019,0.48030900967098694,0.7030155974755272,0.6020697273070106,0.5608495123824059
14,4,75.0,6,0.5,0.0,,0.18216290152300368,0.46847550229695284,0.7544260477435972,0.66819557628974,0.5889688023282806,0.6760245699893723
14,4,76.0,6,0.5,0.0,,0.18084626017148966,0.32834228466051196,0.4747700816903645,0.5040453319754993,0.5229018057330965,0.8413169179199992
14,4,77.0,6,0.5,0.0,,0.1489729686848455,0.4459098998845262,0.434232187160294,0.6715365100043451,0.536732251413861,0.3719870672981826
14,4,78.0,6,0.5,0.0,,0.1313809274825744,0.2513611476183649,0.2836773687989746,0.5817041217934941,0.6979714393158656,0.41122780228995415
14,4,79.0,6,0.5,0.0,,0.11800701405872356,0.37084493559208215,0.6102332261080863,0.4711637509901651,0.6834636875475575,0.3601498298117821
14,4,80.0,6,0.5,0.0,,0.1475580857578081,0.2921186511936132,0.4038237582102461,0.4611228841527349,0.43218946701180216,0.6197023447216073
14,4,81.0,6,0.5,0.0,,0.15779234935657344,0.3767284896525268,0.5018542090251339,0.729178999497057,0.6505170886886785,0.604990858886018
14,4,82.0,6,0.5,0.0,,0.15842311540318227,0.4310921486850498,0.40226589917150957,0.7721104481947961,0.49061900784658175,0.43907630260032143
14,4,83.0,6,0.5,0.0,,0.12685002560006048,0.3351985415726405,0.5040746516619083,0.5728815668390143,0.5507184447090523,0.7740465203667941
14,4,84.0,6,0.5,0.0,,0.16972412187295832,0.279178692315512,0.35102984262857495,0.6907632534111338,0.6663920963944527,0.7662993799465391
14,4,85.0,6,0.5,0.0,,0.11988187067963665,0.34681903708733003,0.5310853492939676,0.6086371429184234,0.6434462814758761,0.7429115025653324
14,4,86.0,6,0.5,0.0,,0.18369453610522538,0.4139663292195121,0.5413941881435365,0.4421819385124003,0.514716285330789,0.4828033717048421
14,4,87.0,6,0.5,0.0,,0.1612768898187328,0.395545655063166,0.5143619809013709,0.559305328174725,0.5317901756939085,0.4480345366597156
14,4,88.0,6,0.5,0.0,,0.17459025650912968,0.26564963387229784,0.6725615413856477,0.848472489169027,0.7677066033881047,0.4198435637987119
14,4,89.0,6,0.5,0.0,,0.11416545494593514,0.3621821174398327,0.8100187698199331,0.5570916499168932,0.5324994071636704,0.7016164604811806
14,4,90.0,6,0.5,0.0,,0.1060538295542982,0.4253562420511966,0.7514343831711983,0.5773439115117542,0.44911154432623873,0.6068030672570242
14,4,91.0,6,0.5,0.0,,0.20452272681914394,0.3762622367829174,0.4625779634155343,0.5834397458621469,0.36035014713983915,0.4843966821458648
14,4,92.0,6,0.5,0.0,,0.20302456617255013,0.4153946881020875,0.538943044289347,0.6117709439945955,0.4410351262772396,0.6613960333103369
14,4,93.0,6,0.5,0.0,,0.14792181370206356,0.37604868149147574,0.5852164116986748,0.58879785698227,0.47668277825502603,0.4635129097057444
14,4,94.0,6,0.5,0.0,,0.18272783468092685,0.4458105423051809,0.4852453354109773,0.553300548458582,0.7380397054122957,0.6375243758847181
14,4,95.0,6,0.5,0.0,,0.17962794911087965,0.4487279132293005,0.51950511581537,0.6832222077466575,0.7276402723835164,0.43372999666446627
14,4,96.0,6,0.5,0.0,,0.1473272631894853,0.4800350189390561,0.4993626577066127,0.6766096261837151,0.788492597712666,0.6
14,4,97.0,6,0.5,0.0,,0.1677006669883704,0.45699567596395785,0.49283001773628216,0.6400475234138676,0.5954324704753066,0.44163012180583217
14,4,98.0,6,0.5,0.0,,0.15558340288148712,0.45553233097771023,0.6915873208818907,0.5453258228128945,0.540159634861323,0.6520265475349204
14,4,99.0,6,0.5,0.0,,0.17190333221598716,0.2567860967760657,0.5388572694829759,0.49176981029932615,0.5251717673383395,0.8626293887256388
14,4,100.0,6,0.5,0.0,,0.13903977103634535,0.34515851213589915,0.583514096400436,0.6237013951073382,0.9025611985232798,0.7877880496506332
