RunId,iteration,Step,cognitive_capacity,signal_noise,task_complexity,rng,1,3,5,8,12,18
0,0,1.0,6,0.0,0.0,,0.1535182751093859,0.39346934028736663,0.5654017914929217,0.6905084887975473,0.6759620742912695,0.41520803133751566
0,0,2.0,6,0.0,0.0,,0.1535182751093859,0.39346934028736663,0.5654017914929217,0.6711412536454036,0.8585725835882659,0.5664859581671782
0,0,3.0,6,0.0,0.0,,0.1535182751093859,0.39346934028736663,0.5654017914929217,0.6660017674824734,0.6417758301817935,0.5528271377226517
0,0,4.0,6,0.0,0.0,,0.1535182751093859,0.39346934028736663,0.5654017914929217,0.6917217233844601,0.6379067359326529,0.45186133074269186
0,0,5.0,6,0.0,0.0,,0.1535182751093859,0.39346934028736663,0.5654017914929217,0.5851484525277225,0.8614990653626544,0.7179494640283952
0,0,6.0,6,0.0,0.0,,0.1535182751093859,0.39346934028736663,0.5654017914929217,0.6293483245829873,0.5101374105055558,0.44345811564968385
0,0,7.0,6,0.0,0.0,,0.1535182751093859,0.39346934028736663,0.5654017914929217,0.5141901462476108,0.4027961796051415,0.6867887367125249
0,0,8.0,6,0.0,0.0,,0.1535182751093859,0.39346934028736663,0.5654017914929217,0.6915480393445265,0.5833280521640091,0.6738506191949236
0,0,9.0,6,0.0,0.0,,0.1535182751093859,0.39346934028736663,0.5654017914929217,0.6439655951061332,0.6461085423516252,0.20991527099517465
0,0,10.0,6,0.0,0.0,,0.1535182751093859,0.39346934028736663,0.5654017914929217,0.734217984383559,0.8935819832542823,0.4839762159937962
0,0,11.0,6,0.0,0.0,,0.1535182751093859,0.39346934028736663,0.5654017914929217,0.676612376618857,0.48336259700504725,0.4676538556630758
0,0,12.0,6,0.0,0.0,,0.1535182751093859,0.39346934028736663,0.5654017914929217,0.6430572671431836,0.7180715295533261,0.6908471879560013
0,0,13.0,6,0.0,0.0,,0.1535182751093859,0.39346934028736663,0.5654017914929217,0.5109871300996723,0.6035557536972066,0.4769218685471647
0,0,14.0,6,0.0,0.0,,0.1535182751093859,0.39346934028736663,0.5654017914929217,0.5934385843606027,0.7513073531095484,0.37067017230779487
0,0,15.0,6,0.0,0.0,,0.1535182751093859,0.39346934028736663,0.5654017914929217,0.7025339665719326,0.6731084624317334,0.656266474192146
0,0,16.0,6,0.0,0.0,,0.1535182751093859,0.39346934028736663,0.5654017914929217,0.6047927625640177,0.5590766291113777,0.38371887097738283
0,0,17.0,6,0.0,0.0,,0.1535182751093859,0.39346934028736663,0.5654017914929217,0.650439044791739,0.5022032390355301,0.6045466401216549
0,0,18.0,6,0.0,0.0,,0.1535182751093859,0.39346934028736663,0.5654017914929217,0.6172053419346273,0.5587195863240393,0.33324631121171655
0,0,19.0,6,0.0,0.0,,0.1535182751093859,0.39346934028736663,0.5654017914929217,0.5804963887987653,0.5628572361440837,0.46638527173400784
0,0,20.0,6,0.0,0.0,,0.1535182751093859,0.39346934028736663,0.5654017914929217,0.624944389348511,0.566934043606881,0.5331280731286417
0,0,21.0,6,0.0,0.0,,0.1535182751093859,0.39346934028736663,0.5654017914929217,0.694626052168042,0.7920124202842668,0.48244528546822246
0,0,22.0,6,0.0,0.0,,0.1535182751093859,0.39346934028736663,0.5654017914929217,0.6343320763855579,0.4667125743365328,0.48921574127342116
0,0,23.0,6,0.0,0.0,,0.1535182751093859,0.39346934028736663,0.5654017914929217,0.5727780568195218,0.7624983573524677,0.5015794135934522
0,0,24.0,6,0.0,0.0,,0.1535182751093859,0.39346934028736663,0.5654017914929217,0.6718855147277344,0.5177053022528275,0.5616430258269813
0,0,25.0,6,0.0,0.0,,0.1535182751093859,0.39346934028736663,0.5654017914929217,0.652473877735934,0.7635822461895715,0.5449012412990129
0,0,26.0,6,0.0,0.0,,0.1535182751093859,0.39346934028736663,0.5654017914929217,0.6494207113539868,0.6059361620196699,0.6357612409167126
0,0,27.0,6,0.0,0.0,,0.1535182751093859,0.39346934028736663,0.5654017914929217,0.6584135381283219,0.641717483888423,0.8408595202318973
0,0,28.0,6,0.0,0.0,,0.1535182751093859,0.39346934028736663,0.5654017914929217,0.6550996625081458,0.7760753041517521,0.33777419843641177
0,0,29.0,6,0.0,0.0,,0.1535182751093859,0.39346934028736663,0.5654017914929217,0.5896444975980528,0.683946502826134,0.6598145016291318
0,0,30.0,6,0.0,0.0,,0.1535182751093859,0.39346934028736663,0.5654017914929217,0.6639670076578889,0.4818174057413353,0.5337768675212141
0,0,31.0,6,0.0,0.0,,0.1535182751093859,0.39346934028736663,0.5654017914929217,0.6694991461744559,0.5112717841944973,0.6813062712947119
0,0,32.0,6,0.0,0.0,,0.1535182751093859,0.39346934028736663,0.5654017914929217,0.6495015259746338,0.46051991812604953,0.5492059282538283
0,0,33.0,6,0.0,0.0,,0.1535182751093859,0.39346934028736663,0.5654017914929217,0.6615785243638552,0.4348660548174963,0.5855958745763072
0,0,34.0,6,0.0,0.0,,0.1535182751093859,0.39346934028736663,0.5654017914929217,0.583228800143058,0.5165263390037867,0.45041887559335014
0,0,35.0,6,0.0,0.0,,0.1535182751093859,0.39346934028736663,0.5654017914929217,0.6368173602409334,0.5661367953454127,0.6671229482870257
0,0,36.0,6,0.0,0.0,,0.1535182751093859,0.39346934028736663,0.5654017914929217,0.669175822684853,0.568209454119473,0.5464924513077504
0,0,37.0,6,0.0,0.0,,0.1535182751093859,0.39346934028736663,0.5654017914929217,0.6401035660098814,0.6678062247002505,0.2974413265135764
0,0,38.0,6,0.0,0.0,,0.1535182751093859,0.39346934028736663,0.5654017914929217,0.6468288617166106,0.4485346062482856,0.4008882993421258
0,0,39.0,6,0.0,0.0,,0.1535182751093859,0.39346934028736663,0.5654017914929217,0.5885988534528366,0.6281274534730608,0.5305044575127604
0,0,40.0,6,0.0,0.0,,0.1535182751093859,0.39346934028736663,0.5654017914929217,0.6048932030103925,0.619262632382282,0.7816556602114251
0,0,41.0,6,0.0,0.0,,0.1535182751093859,0.39346934028736663,0.5654017914929217,0.5137722208412974,0.5472564541968697,0.6434312974957848
0,0,42.0,6,0.0,0.0,,0.1535182751093859,0.39346934028736663,0.5654017914929217,0.6374993040784485,0.5822647447052609,0.3849264637709016
0,0,43.0,6,0.0,0.0,,0.1535182751093859,0.39346934028736663,0.5654017914929217,0.6928574004825641,0.6213009003232375,0.7334788237937864
0,0,44.0,6,0.0,0.0,,0.1535182751093859,0.39346934028736663,0.5654017914929217,0.6660853469613205,0.7289883704744152,0.25118116025132253
0,0,45.0,6,0.0,0.0,,0.1535182751093859,0.39346934028736663,0.5654017914929217,0.6740468268215298,0.6080824779325052,0.5795776643060376
0,0,46.0,6,0.0,0.0,,0.1535182751093859,0.39346934028736663,0.5654017914929217,0.5668606707661534,0.5317266302491118,0.37061349260751825
0,0,47.0,6,0.0,0.0,,0.1535182751093859,0.39346934028736663,0.5654017914929217,0.4909455821865832,0.6280756140550412,0.5537151598922773
0,0,48.0,6,0.0,0.0,,0.1535182751093859,0.39346934028736663,0.5654017914929217,0.627747579783695,0.5964784255667436,0.622294163902428
0,0,49.0,6,0.0,0.0,,0.1535182751093859,0.39346934028736663,0.5654017914929217,0.6123132689337226,0.43426241196837473,0.6
0,0,50.0,6,0.0,0.0,,0.1535182751093859,0.39346934028736663,0.5654017914929217,0.6492235546163354,0.5767789014085295,0.5513516689844546
0,0,51.0,6,0.0,0.0,,0.1535182751093859,0.39346934028736663,0.5654017914929217,0.5638436104421196,0.436803405769094,0.6099150540620177
0,0,52.0,6,0.0,0.0,,0.1535182751093859,0.39346934028736663,0.5654017914929217,0.629598413115593,0.4108160282243148,0.37220820911689023
0,0,53.0,6,0.0,0.0,,0.1535182751093859,0.39346934028736663,0.5654017914929217,0.6014857517289374,0.4417200764228591,0.41444695319359415
0,0,54.0,6,0.0,0.0,,0.1535182751093859,0.39346934028736663,0.5654017914929217,0.635770111202525,0.7111197755560198,0.3726346300975456
0,0,55.0,6,0.0,0.0,,0.1535182751093859,0.39346934028736663,0.5654017914929217,0.6948881485790989,0.8064601480088713,0.3217406807806454
0,0,56.0,6,0.0,0.0,,0.1535182751093859,0.39346934028736663,0.5654017914929217,0.5742114856856669,0.43770213224226245,0.5182241103648522
0,0,57.0,6,0.0,0.0,,0.1535182751093859,0.39346934028736663,0.5654017914929217,0.6919066405993484,0.6182800460840138,0.49405756864127615
0,0,58.0,6,0.0,0.0,,0.1535182751093859,0.39346934028736663,0.5654017914929217,0.6369156185333542,0.5008113777868543,0.5582585953650038
0,0,59.0,6,0.0,0.0,,0.1535182751093859,0.39346934028736663,0.5654017914929217,0.6689706016733943,0.8351455433927226,0.5253787879257847
0,0,60.0,6,0.0,0.0,,0.1535182751093859,0.39346934028736663,0.5654017914929217,0.6268174773872317,0.6935174514086493,0.5396511929319266
0,0,61.0,6,0.0,0.0,,0.1535182751093859,0.39346934028736663,0.5654017914929217,0.6507338426061873,0.7658545547954623,0.5564360898705158
0,0,62.0,6,0.0,0.0,,0.1535182751093859,0.39346934028736663,0.5654017914929217,0.6223709059932722,0.5291436623809327,0.5858938489526281
0,0,63.0,6,0.0,0.0,,0.1535182751093859,0.39346934028736663,0.5654017914929217,0.5719475092876485,0.5820108812576779,0.8302057363501796
0,0,64.0,6,0.0,0.0,,0.1535182751093859,0.39346934028736663,0.5654017914929217,0.7152675106175206,0.6231604192134272,0.6502121501401648
0,0,65.0,6,0.0,0.0,,0.1535182751093859,0.39346934028736663,0.5654017914929217,0.6708357547263942,0.6156156961753096,0.5421233525302809
0,0,66.0,6,0.0,0.0,,0.1535182751093859,0.39346934028736663,0.5654017914929217,0.6864813195369138,0.6187327086718016,0.29902427981675067
0,0,67.0,6,0.0,0.0,,0.1535182751093859,0.39346934028736663,0.5654017914929217,0.6684652439871781,0.5002150959021601,0.48351737949345386
0,0,68.0,6,0.0,0.0,,0.1535182751093859,0.39346934028736663,0.5654017914929217,0.6233874126364325,0.5201057077596313,0.3315072654734458
0,0,69.0,6,0.0,0.0,,0.1535182751093859,0.39346934028736663,0.5654017914929217,0.6157718043081375,0.5571365926973091,0.7031481285819435
0,0,70.0,6,0.0,0.0,,0.1535182751093859,0.39346934028736663,0.5654017914929217,0.6397414870428422,0.6760349347220715,0.6389645962928703
0,0,71.0,6,0.0,0.0,,0.1535182751093859,0.39346934028736663,0.5654017914929217,0.6037370907388232,0.5743048238923801,0.6285047077167176
0,0,72.0,6,0.0,0.0,,0.1535182751093859,0.39346934028736663,0.5654017914929217,0.593374646018112,0.7213184220313092,0.24049689393094625
0,0,73.0,6,0.0,0.0,,0.1535182751093859,0.39346934028736663,0.5654017914929217,0.6111157510076857,0.7098631347509887,0.8962078213185615
0,0,74.0,6,0.0,0.0,,0.1535182751093859,0.39346934028736663,0.5654017914929217,0.6326636150602254,0.6555136368194993,0.7094139572450985
0,0,75.0,6,0.0,0.0,,0.1535182751093859,0.39346934028736663,0.5654017914929217,0.6395455424008796,0.6516706937212836,0.7592441564054206
0,0,76.0,6,0.0,0.0,,0.1535182751093859,0.39346934028736663,0.5654017914929217,0.5427618649666928,0.6047822589785891,0.40841938278409007
0,0,77.0,6,0.0,0.0,,0.1535182751093859,0.39346934028736663,0.5654017914929217,0.5820671296437232,0.5987218847124698,0.546113495073739
0,0,78.0,6,0.0,0.0,,0.1535182751093859,0.39346934028736663,0.5654017914929217,0.6561227762039005,0.6234512493858066,0.3163795769065037
0,0,79.0,6,0.0,0.0,,0.1535182751093859,0.39346934028736663,0.5654017914929217,0.6532173928719005,0.5547926822326846,0.6380567502846795
0,0,80.0,6,0.0,0.0,,0.1535182751093859,0.39346934028736663,0.5654017914929217,0.649589824479733,0.57389738949793,0.6641884581548867
0,0,81.0,6,0.0,0.0,,0.1535182751093859,0.39346934028736663,0.5654017914929217,0.6384278431663912,0.6473262176897591,0.5002287356253087
0,0,82.0,6,0.0,0.0,,0.1535182751093859,0.39346934028736663,0.5654017914929217,0.6596170763227286,0.48208479333453624,0.7609238397575621
0,0,83.0,6,0.0,0.0,,0.1535182751093859,0.39346934028736663,0.5654017914929217,0.6994909388943855,0.6465638274716181,0.6705261697898732
0,0,84.0,6,0.0,0.0,,0.1535182751093859,0.39346934028736663,0.5654017914929217,0.661032949953728,0.7015385789546326,0.5705345282816593
0,0,85.0,6,0.0,0.0,,0.1535182751093859,0.39346934028736663,0.5654017914929217,0.5888885623195742,0.6506478848212242,0.5485486244479627
0,0,86.0,6,0.0,0.0,,0.1535182751093859,0.39346934028736663,0.5654017914929217,0.65168846556821,0.6296459383314034,0.5654366397281692
0,0,87.0,6,0.0,0.0,,0.1535182751093859,0.39346934028736663,0.5654017914929217,0.6541374783872931,0.532127346326243,0.46687831705077265
0,0,88.0,6,0.0,0.0,,0.1535182751093859,0.39346934028736663,0.5654017914929217,0.6313826517974349,0.6364138301785107,0.7115852109014672
0,0,89.0,6,0.0,0.0,,0.1535182751093859,0.39346934028736663,0.5654017914929217,0.6216328153505563,0.5120190688406258,0.5585469704056865
0,0,90.0,6,0.0,0.0,,0.1535182751093859,0.39346934028736663,0.5654017914929217,0.6319517485932421,0.5527543020293945,0.763496448207721
0,0,91.0,6,0.0,0.0,,0.1535182751093859,0.39346934028736663,0.5654017914929217,0.5710239096055865,0.5812575113032121,0.22186252190147018
0,0,92.0,6,0.0,0.0,,0.1535182751093859,0.39346934028736663,0.5654017914929217,0.5508738089256308,0.7552336019825083,0.6715862770483135
0,0,93.0,6,0.0,0.0,,0.1535182751093859,0.39346934028736663,0.5654017914929217,0.6875143771184546,0.5222784990606263,0.6051573090812512
0,0,94.0,6,0.0,0.0,,0.1535182751093859,0.39346934028736663,0.5654017914929217,0.6560635747447807,0.7138604210085566,0.6340423760640869
0,0,95.0,6,0.0,0.0,,0.1535182751093859,0.39346934028736663,0.5654017914929217,0.6080067495257121,0.6208920566687516,0.4571234926011263
0,0,96.0,6,0.0,0.0,,0.1535182751093859,0.39346934028736663,0.5654017914929217,0.5482991942330264,0.5799477295590416,0.5893050704824805
0,0,97.0,6,0.0,0.0,,0.1535182751093859,0.39346934028736663,0.5654017914929217,0.6270697800454368,0.6889825317099296,0.5657781762078048
0,0,98.0,6,0.0,0.0,,0.1535182751093859,0.39346934028736663,0.5654017914929217,0.7422732688720421,0.5948201110552571,0.5549457779268746
0,0,99.0,6,0.0,0.0,,0.1535182751093859,0.39346934028736663,0.5654017914929217,0.6517957313777201,0.633185096009032,0.7431589639962106
0,0,100.0,6,0.0,0.0,,0.1535182751093859,0.39346934028736663,0.5654017914929217,0.6314479693792974,0.5238576822176008,0.2491875005809836
1,0,1.0,6,0.0,0.5,,0.1535182751093859,0.28346868942621073,0.28346868942621073,0.4865828809674079,0.6321205588285576,0.6411052485094809
1,0,2.0,6,0.0,0.5,,0.1535182751093859,0.28346868942621073,0.28346868942621073,0.4865828809674079,0.6321205588285576,0.5674240358352958
1,0,3.0,6,0.0,0.5,,0.1535182751093859,0.28346868942621073,0.28346868942621073,0.4865828809674079,0.6321205588285576,0.6551334188548826
1,0,4.0,6,0.0,0.5,,0.1535182751093859,0.28346868942621073,0.28346868942621073,0.4865828809674079,0.6321205588285576,0.5105153092692701
1,0,5.0,6,0.0,0.5,,0.1535182751093859,0.28346868942621073,0.28346868942621073,0.4865828809674079,0.6321205588285576,0.558281865992178
1,0,6.0,6,0.0,0.5,,0.1535182751093859,0.28346868942621073,0.28346868942621073,0.4865828809674079,0.6321205588285576,0.5911143638847303
1,0,7.0,6,0.0,0.5,,0.1535182751093859,0.28346868942621073,0.28346868942621073,0.4865828809674079,0.6321205588285576,0.5307286076640396
1,0,8.0,6,0.0,0.5,,0.1535182751093859,0.28346868942621073,0.28346868942621073,0.4865828809674079,0.6321205588285576,0.6546588764326481
1,0,9.0,6,0.0,0.5,,0.1535182751093859,0.28346868942621073,0.28346868942621073,0.4865828809674079,0.6321205588285576,0.7325405012448426
1,0,10.0,6,0.0,0.5,,0.1535182751093859,0.28346868942621073,0.28346868942621073,0.4865828809674079,0.6321205588285576,0.6402059018173532
1,0,11.0,6,0.0,0.5,,0.1535182751093859,0.28346868942621073,0.28346868942621073,0.4865828809674079,0.6321205588285576,0.6404546365526753
1,0,12.0,6,0.0,0.5,,0.1535182751093859,0.28346868942621073,0.28346868942621073,0.4865828809674079,0.6321205588285576,0.650163144863801
1,0,13.0,6,0.0,0.5,,0.1535182751093859,0.28346868942621073,0.28346868942621073,0.4865828809674079,0.6321205588285576,0.6310911582351924
1,0,14.0,6,0.0,0.5,,0.1535182751093859,0.28346868942621073,0.28346868942621073,0.4865828809674079,0.6321205588285576,0.5518138051735548
1,0,15.0,6,0.0,0.5,,0.1535182751093859,0.28346868942621073,0.28346868942621073,0.4865828809674079,0.6321205588285576,0.5832171397012941
1,0,16.0,6,0.0,0.5,,0.1535182751093859,0.28346868942621073,0.28346868942621073,0.4865828809674079,0.6321205588285576,0.5728493172022687
1,0,17.0,6,0.0,0.5,,0.1535182751093859,0.28346868942621073,0.28346868942621073,0.4865828809674079,0.6321205588285576,0.5837733051729718
1,0,18.0,6,0.0,0.5,,0.1535182751093859,0.28346868942621073,0.28346868942621073,0.4865828809674079,0.6321205588285576,0.6329924917570979
1,0,19.0,6,0.0,0.5,,0.1535182751093859,0.28346868942621073,0.28346868942621073,0.4865828809674079,0.6321205588285576,0.707979535374365
1,0,20.0,6,0.0,0.5,,0.1535182751093859,0.28346868942621073,0.28346868942621073,0.4865828809674079,0.6321205588285576,0.5720821135126798
1,0,21.0,6,0.0,0.5,,0.1535182751093859,0.28346868942621073,0.28346868942621073,0.4865828809674079,0.6321205588285576,0.577816363638261
1,0,22.0,6,0.0,0.5,,0.1535182751093859,0.28346868942621073,0.28346868942621073,0.4865828809674079,0.6321205588285576,0.6420352008992197
1,0,23.0,6,0.0,0.5,,0.1535182751093859,0.28346868942621073,0.28346868942621073,0.4865828809674079,0.6321205588285576,0.6260939421024732
1,0,24.0,6,0.0,0.5,,0.1535182751093859,0.28346868942621073,0.28346868942621073,0.4865828809674079,0.6321205588285576,0.6094312815284837
1,0,25.0,6,0.0,0.5,,0.1535182751093859,0.28346868942621073,0.28346868942621073,0.4865828809674079,0.6321205588285576,0.5200921733259263
1,0,26.0,6,0.0,0.5,,0.1535182751093859,0.28346868942621073,0.28346868942621073,0.4865828809674079,0.6321205588285576,0.6200416239851171
1,0,27.0,6,0.0,0.5,,0.1535182751093859,0.28346868942621073,0.28346868942621073,0.4865828809674079,0.6321205588285576,0.7070568733139946
1,0,28.0,6,0.0,0.5,,0.1535182751093859,0.28346868942621073,0.28346868942621073,0.4865828809674079,0.6321205588285576,0.6563418763925981
1,0,29.0,6,0.0,0.5,,0.1535182751093859,0.28346868942621073,0.28346868942621073,0.4865828809674079,0.6321205588285576,0.6631979769498436
1,0,30.0,6,0.0,0.5,,0.1535182751093859,0.28346868942621073,0.28346868942621073,0.4865828809674079,0.6321205588285576,0.7217748388048759
1,0,31.0,6,0.0,0.5,,0.1535182751093859,0.28346868942621073,0.28346868942621073,0.4865828809674079,0.6321205588285576,0.5477659375977133
1,0,32.0,6,0.0,0.5,,0.1535182751093859,0.28346868942621073,0.28346868942621073,0.4865828809674079,0.6321205588285576,0.5928182578492195
1,0,33.0,6,0.0,0.5,,0.1535182751093859,0.28346868942621073,0.28346868942621073,0.4865828809674079,0.6321205588285576,0.598772654993885
1,0,34.0,6,0.0,0.5,,0.1535182751093859,0.28346868942621073,0.28346868942621073,0.4865828809674079,0.6321205588285576,0.6438518489927076
1,0,35.0,6,0.0,0.5,,0.1535182751093859,0.28346868942621073,0.28346868942621073,0.4865828809674079,0.6321205588285576,0.6258153801485838
1,0,36.0,6,0.0,0.5,,0.1535182751093859,0.28346868942621073,0.28346868942621073,0.4865828809674079,0.6321205588285576,0.6501913249902302
1,0,37.0,6,0.0,0.5,,0.1535182751093859,0.28346868942621073,0.28346868942621073,0.4865828809674079,0.6321205588285576,0.4937822619536355
1,0,38.0,6,0.0,0.5,,0.1535182751093859,0.28346868942621073,0.28346868942621073,0.4865828809674079,0.6321205588285576,0.5617943660916914
1,0,39.0,6,0.0,0.5,,0.1535182751093859,0.28346868942621073,0.28346868942621073,0.4865828809674079,0.6321205588285576,0.6752652538874332
1,0,40.0,6,0.0,0.5,,0.1535182751093859,0.28346868942621073,0.28346868942621073,0.4865828809674079,0.6321205588285576,0.6818787076351011
1,0,41.0,6,0.0,0.5,,0.1535182751093859,0.28346868942621073,0.28346868942621073,0.4865828809674079,0.6321205588285576,0.6874457719641458
1,0,42.0,6,0.0,0.5,,0.1535182751093859,0.28346868942621073,0.28346868942621073,0.4865828809674079,0.6321205588285576,0.7437120353783129
1,0,43.0,6,0.0,0.5,,0.1535182751093859,0.28346868942621073,0.28346868942621073,0.4865828809674079,0.6321205588285576,0.6486398496223968
1,0,44.0,6,0.0,0.5,,0.1535182751093859,0.28346868942621073,0.28346868942621073,0.4865828809674079,0.6321205588285576,0.7852952033763895
1,0,45.0,6,0.0,0.5,,0.1535182751093859,0.28346868942621073,0.28346868942621073,0.4865828809674079,0.6321205588285576,0.5621780650054587
1,0,46.0,6,0.0,0.5,,0.1535182751093859,0.28346868942621073,0.28346868942621073,0.4865828809674079,0.6321205588285576,0.7106298986708708
1,0,47.0,6,0.0,0.5,,0.1535182751093859,0.28346868942621073,0.28346868942621073,0.4865828809674079,0.6321205588285576,0.6247448850516848
1,0,48.0,6,0.0,0.5,,0.1535182751093859,0.28346868942621073,0.28346868942621073,0.4865828809674079,0.6321205588285576,0.6260205267250252
1,0,49.0,6,0.0,0.5,,0.1535182751093859,0.28346868942621073,0.28346868942621073,0.4865828809674079,0.6321205588285576,0.702712070378213
1,0,50.0,6,0.0,0.5,,0.1535182751093859,0.28346868942621073,0.28346868942621073,0.4865828809674079,0.6321205588285576,0.6042009721299935
1,0,51.0,6,0.0,0.5,,0.1535182751093859,0.28346868942621073,0.28346868942621073,0.4865828809674079,0.6321205588285576,0.5501572744468815
1,0,52.0,6,0.0,0.5,,0.1535182751093859,0.28346868942621073,0.28346868942621073,0.4865828809674079,0.6321205588285576,0.4729142967060243
1,0,53.0,6,0.0,0.5,,0.1535182751093859,0.28346868942621073,0.28346868942621073,0.4865828809674079,0.6321205588285576,0.7304814665650936
1,0,54.0,6,0.0,0.5,,0.1535182751093859,0.28346868942621073,0.28346868942621073,0.4865828809674079,0.6321205588285576,0.6457575616386355
1,0,55.0,6,0.0,0.5,,0.1535182751093859,0.28346868942621073,0.28346868942621073,0.4865828809674079,0.6321205588285576,0.5906800140239328
1,0,56.0,6,0.0,0.5,,0.1535182751093859,0.28346868942621073,0.28346868942621073,0.4865828809674079,0.6321205588285576,0.5777665198811957
1,0,57.0,6,0.0,0.5,,0.1535182751093859,0.28346868942621073,0.28346868942621073,0.4865828809674079,0.6321205588285576,0.6374989484508041
1,0,58.0,6,0.0,0.5,,0.1535182751093859,0.28346868942621073,0.28346868942621073,0.4865828809674079,0.6321205588285576,0.7238253023443443
1,0,59.0,6,0.0,0.5,,0.1535182751093859,0.28346868942621073,0.28346868942621073,0.4865828809674079,0.6321205588285576,0.5610218965276794
1,0,60.0,6,0.0,0.5,,0.1535182751093859,0.28346868942621073,0.28346868942621073,0.4865828809674079,0.6321205588285576,0.7257068217105516
1,0,61.0,6,0.0,0.5,,0.1535182751093859,0.28346868942621073,0.28346868942621073,0.4865828809674079,0.6321205588285576,0.6790770140918179
1,0,62.0,6,0.0,0.5,,0.1535182751093859,0.28346868942621073,0.28346868942621073,0.4865828809674079,0.6321205588285576,0.5542703998303364
1,0,63.0,6,0.0,0.5,,0.1535182751093859,0.28346868942621073,0.28346868942621073,0.4865828809674079,0.6321205588285576,0.6253687953947022
1,0,64.0,6,0.0,0.5,,0.1535182751093859,0.28346868942621073,0.28346868942621073,0.4865828809674079,0.6321205588285576,0.7041926426680872
1,0,65.0,6,0.0,0.5,,0.1535182751093859,0.28346868942621073,0.28346868942621073,0.4865828809674079,0.6321205588285576,0.6113105613611951
1,0,66.0,6,0.0,0.5,,0.1535182751093859,0.28346868942621073,0.28346868942621073,0.4865828809674079,0.6321205588285576,0.6192603113080024
1,0,67.0,6,0.0,0.5,,0.1535182751093859,0.28346868942621073,0.28346868942621073,0.4865828809674079,0.6321205588285576,0.6390857569137638
1,0,68.0,6,0.0,0.5,,0.1535182751093859,0.28346868942621073,0.28346868942621073,0.4865828809674079,0.6321205588285576,0.7604489774738291
1,0,69.0,6,0.0,0.5,,0.1535182751093859,0.28346868942621073,0.28346868942621073,0.4865828809674079,0.6321205588285576,0.7631440547476525
1,0,70.0,6,0.0,0.5,,0.1535182751093859,0.28346868942621073,0.28346868942621073,0.4865828809674079,0.6321205588285576,0.6700160608021457
1,0,71.0,6,0.0,0.5,,0.1535182751093859,0.28346868942621073,0.28346868942621073,0.4865828809674079,0.6321205588285576,0.6455643511547795
1,0,72.0,6,0.0,0.5,,0.1535182751093859,0.28346868942621073,0.28346868942621073,0.4865828809674079,0.6321205588285576,0.6019305305867546
1,0,73.0,6,0.0,0.5,,0.1535182751093859,0.28346868942621073,0.28346868942621073,0.4865828809674079,0.6321205588285576,0.6734735355433807
1,0,74.0,6,0.0,0.5,,0.1535182751093859,0.28346868942621073,0.28346868942621073,0.4865828809674079,0.6321205588285576,0.5875825968223235
1,0,75.0,6,0.0,0.5,,0.1535182751093859,0.28346868942621073,0.28346868942621073,0.4865828809674079,0.6321205588285576,0.6219120203405354
1,0,76.0,6,0.0,0.5,,0.1535182751093859,0.28346868942621073,0.28346868942621073,0.4865828809674079,0.6321205588285576,0.6148162651474931
1,0,77.0,6,0.0,0.5,,0.1535182751093859,0.28346868942621073,0.28346868942621073,0.4865828809674079,0.6321205588285576,0.5606923370144349
1,0,78.0,6,0.0,0.5,,0.1535182751093859,0.28346868942621073,0.28346868942621073,0.4865828809674079,0.6321205588285576,0.611796029165609
1,0,79.0,6,0.0,0.5,,0.1535182751093859,0.28346868942621073,0.28346868942621073,0.4865828809674079,0.6321205588285576,0.691831588964486
1,0,80.0,6,0.0,0.5,,0.1535182751093859,0.28346868942621073,0.28346868942621073,0.4865828809674079,0.6321205588285576,0.6251918746307782
1,0,81.0,6,0.0,0.5,,0.1535182751093859,0.28346868942621073,0.28346868942621073,0.4865828809674079,0.6321205588285576,0.5611018706068105
1,0,82.0,6,0.0,0.5,,0.1535182751093859,0.28346868942621073,0.28346868942621073,0.4865828809674079,0.6321205588285576,0.49760962220636584
1,0,83.0,6,0.0,0.5,,0.1535182751093859,0.28346868942621073,0.28346868942621073,0.4865828809674079,0.6321205588285576,0.6261431605751712
1,0,84.0,6,0.0,0.5,,0.1535182751093859,0.28346868942621073,0.28346868942621073,0.4865828809674079,0.6321205588285576,0.5056500069572933
1,0,85.0,6,0.0,0.5,,0.1535182751093859,0.28346868942621073,0.28346868942621073,0.4865828809674079,0.6321205588285576,0.4833854279102341
1,0,86.0,6,0.0,0.5,,0.1535182751093859,0.28346868942621073,0.28346868942621073,0.4865828809674079,0.6321205588285576,0.7145174702219179
1,0,87.0,6,0.0,0.5,,0.1535182751093859,0.28346868942621073,0.28346868942621073,0.4865828809674079,0.6321205588285576,0.6988089968824603
1,0,88.0,6,0.0,0.5,,0.1535182751093859,0.28346868942621073,0.28346868942621073,0.4865828809674079,0.6321205588285576,0.6980023286616125
1,0,89.0,6,0.0,0.5,,0.1535182751093859,0.28346868942621073,0.28346868942621073,0.4865828809674079,0.6321205588285576,0.5575252348318234
1,0,90.0,6,0.0,0.5,,0.1535182751093859,0.28346868942621073,0.28346868942621073,0.4865828809674079,0.6321205588285576,0.6830465276202281
1,0,91.0,6,0.0,0.5,,0.1535182751093859,0.28346868942621073,0.28346868942621073,0.4865828809674079,0.6321205588285576,0.5271560550980772
1,0,92.0,6,0.0,0.5,,0.1535182751093859,0.28346868942621073,0.28346868942621073,0.4865828809674079,0.6321205588285576,0.6567111905565319
1,0,93.0,6,0.0,0.5,,0.1535182751093859,0.28346868942621073,0.28346868942621073,0.4865828809674079,0.6321205588285576,0.6654538714184095
1,0,94.0,6,0.0,0.5,,0.1535182751093859,0.28346868942621073,0.28346868942621073,0.4865828809674079,0.6321205588285576,0.5493439941710637
1,0,95.0,6,0.0,0.5,,0.1535182751093859,0.28346868942621073,0.28346868942621073,0.4865828809674079,0.6321205588285576,0.6407003438320035
1,0,96.0,6,0.0,0.5,,0.1535182751093859,0.28346868942621073,0.28346868942621073,0.4865828809674079,0.6321205588285576,0.6986868616100455
1,0,97.0,6,0.0,0.5,,0.1535182751093859,0.28346868942621073,0.28346868942621073,0.4865828809674079,0.6321205588285576,0.6810742875120663
1,0,98.0,6,0.0,0.5,,0.1535182751093859,0.28346868942621073,0.28346868942621073,0.4865828809674079,0.6321205588285576,0.7046190072163323
1,0,99.0,6,0.0,0.5,,0.1535182751093859,0.28346868942621073,0.28346868942621073,0.4865828809674079,0.6321205588285576,0.6555287426841467
1,0,100.0,6,0.0,0.5,,0.1535182751093859,0.28346868942621073,0.28346868942621073,0.4865828809674079,0.6321205588285576,0.6168249554520946
2,0,1.0,6,0.0,0.9,,0.1535182751093859,0.1535182751093859,0.1535182751093859,0.1535182751093859,0.1535182751093859,0.28346868942621073
2,0,2.0,6,0.0,0.9,,0.1535182751093859,0.1535182751093859,0.1535182751093859,0.1535182751093859,0.1535182751093859,0.28346868942621073
2,0,3.0,6,0.0,0.9,,0.1535182751093859,0.1535182751093859,0.1535182751093859,0.1535182751093859,0.1535182751093859,0.28346868942621073
2,0,4.0,6,0.0,0.9,,0.1535182751093859,0.1535182751093859,0.1535182751093859,0.1535182751093859,0.1535182751093859,0.28346868942621073
2,0,5.0,6,0.0,0.9,,0.1535182751093859,0.1535182751093859,0.1535182751093859,0.1535182751093859,0.1535182751093859,0.28346868942621073
2,0,6.0,6,0.0,0.9,,0.1535182751093859,0.1535182751093859,0.1535182751093859,0.1535182751093859,0.1535182751093859,0.28346868942621073
2,0,7.0,6,0.0,0.9,,0.1535182751093859,0.1535182751093859,0.1535182751093859,0.1535182751093859,0.1535182751093859,0.28346868942621073
2,0,8.0,6,0.0,0.9,,0.1535182751093859,0.1535182751093859,0.1535182751093859,0.1535182751093859,0.1535182751093859,0.28346868942621073
2,0,9.0,6,0.0,0.9,,0.1535182751093859,0.1535182751093859,0.1535182751093859,0.1535182751093859,0.1535182751093859,0.28346868942621073
2,0,10.0,6,0.0,0.9,,0.1535182751093859,0.1535182751093859,0.1535182751093859,0.1535182751093859,0.1535182751093859,0.28346868942621073
2,0,11.0,6,0.0,0.9,,0.1535182751093859,0.1535182751093859,0.1535182751093859,0.1535182751093859,0.1535182751093859,0.28346868942621073
2,0,12.0,6,0.0,0.9,,0.1535182751093859,0.1535182751093859,0.1535182751093859,0.1535182751093859,0.1535182751093859,0.28346868942621073
2,0,13.0,6,0.0,0.9,,0.1535182751093859,0.1535182751093859,0.1535182751093859,0.1535182751093859,0.1535182751093859,0.28346868942621073
2,0,14.0,6,0.0,0.9,,0.1535182751093859,0.1535182751093859,0.1535182751093859,0.1535182751093859,0.1535182751093859,0.28346868942621073
2,0,15.0,6,0.0,0.9,,0.1535182751093859,0.1535182751093859,0.1535182751093859,0.1535182751093859,0.1535182751093859,0.28346868942621073
2,0,16.0,6,0.0,0.9,,0.1535182751093859,0.1535182751093859,0.1535182751093859,0.1535182751093859,0.1535182751093859,0.28346868942621073
2,0,17.0,6,0.0,0.9,,0.1535182751093859,0.1535182751093859,0.1535182751093859,0.1535182751093859,0.1535182751093859,0.28346868942621073
2,0,18.0,6,0.0,0.9,,0.1535182751093859,0.1535182751093859,0.1535182751093859,0.1535182751093859,0.1535182751093859,0.28346868942621073
2,0,19.0,6,0.0,0.9,,0.1535182751093859,0.1535182751093859,0.1535182751093859,0.1535182751093859,0.1535182751093859,0.28346868942621073
2,0,20.0,6,0.0,0.9,,0.1535182751093859,0.1535182751093859,0.1535182751093859,0.1535182751093859,0.1535182751093859,0.28346868942621073
2,0,21.0,6,0.0,0.9,,0.1535182751093859,0.1535182751093859,0.1535182751093859,0.1535182751093859,0.1535182751093859,0.28346868942621073
2,0,22.0,6,0.0,0.9,,0.1535182751093859,0.1535182751093859,0.1535182751093859,0.1535182751093859,0.1535182751093859,0.28346868942621073
2,0,23.0,6,0.0,0.9,,0.1535182751093859,0.1535182751093859,0.1535182751093859,0.1535182751093859,0.1535182751093859,0.28346868942621073
2,0,24.0,6,0.0,0.9,,0.1535182751093859,0.1535182751093859,0.1535182751093859,0.1535182751093859,0.1535182751093859,0.28346868942621073
2,0,25.0,6,0.0,0.9,,0.1535182751093859,0.1535182751093859,0.1535182751093859,0.1535182751093859,0.1535182751093859,0.28346868942621073
2,0,26.0,6,0.0,0.9,,0.1535182751093859,0.1535182751093859,0.1535182751093859,0.1535182751093859,0.1535182751093859,0.28346868942621073
2,0,27.0,6,0.0,0.9,,0.1535182751093859,0.1535182751093859,0.1535182751093859,0.1535182751093859,0.1535182751093859,0.28346868942621073
2,0,28.0,6,0.0,0.9,,0.1535182751093859,0.1535182751093859,0.1535182751093859,0.1535182751093859,0.1535182751093859,0.28346868942621073
2,0,29.0,6,0.0,0.9,,0.1535182751093859,0.1535182751093859,0.1535182751093859,0.1535182751093859,0.1535182751093859,0.28346868942621073
2,0,30.0,6,0.0,0.9,,0.1535182751093859,0.1535182751093859,0.1535182751093859,0.1535182751093859,0.1535182751093859,0.28346868942621073
2,0,31.0,6,0.0,0.9,,0.1535182751093859,0.1535182751093859,0.1535182751093859,0.1535182751093859,0.1535182751093859,0.28346868942621073
2,0,32.0,6,0.0,0.9,,0.1535182751093859,0.1535182751093859,0.1535182751093859,0.1535182751093859,0.1535182751093859,0.28346868942621073
2,0,33.0,6,0.0,0.9,,0.1535182751093859,0.1535182751093859,0.1535182751093859,0.1535182751093859,0.1535182751093859,0.28346868942621073
2,0,34.0,6,0.0,0.9,,0.1535182751093859,0.1535182751093859,0.1535182751093859,0.1535182751093859,0.1535182751093859,0.28346868942621073
2,0,35.0,6,0.0,0.9,,0.1535182751093859,0.1535182751093859,0.1535182751093859,0.1535182751093859,0.1535182751093859,0.28346868942621073
2,0,36.0,6,0.0,0.9,,0.1535182751093859,0.1535182751093859,0.1535182751093859,0.1535182751093859,0.1535182751093859,0.28346868942621073
2,0,37.0,6,0.0,0.9,,0.1535182751093859,0.1535182751093859,0.1535182751093859,0.1535182751093859,0.1535182751093859,0.28346868942621073
2,0,38.0,6,0.0,0.9,,0.1535182751093859,0.1535182751093859,0.1535182751093859,0.1535182751093859,0.1535182751093859,0.28346868942621073
2,0,39.0,6,0.0,0.9,,0.1535182751093859,0.1535182751093859,0.1535182751093859,0.1535182751093859,0.1535182751093859,0.28346868942621073
2,0,40.0,6,0.0,0.9,,0.1535182751093859,0.1535182751093859,0.1535182751093859,0.1535182751093859,0.1535182751093859,0.28346868942621073
2,0,41.0,6,0.0,0.9,,0.1535182751093859,0.1535182751093859,0.1535182751093859,0.1535182751093859,0.1535182751093859,0.28346868942621073
2,0,42.0,6,0.0,0.9,,0.1535182751093859,0.1535182751093859,0.1535182751093859,0.1535182751093859,0.1535182751093859,0.28346868942621073
2,0,43.0,6,0.0,0.9,,0.1535182751093859,0.1535182751093859,0.1535182751093859,0.1535182751093859,0.1535182751093859,0.28346868942621073
2,0,44.0,6,0.0,0.9,,0.1535182751093859,0.1535182751093859,0.1535182751093859,0.1535182751093859,0.1535182751093859,0.28346868942621073
2,0,45.0,6,0.0,0.9,,0.1535182751093859,0.1535182751093859,0.1535182751093859,0.1535182751093859,0.1535182751093859,0.28346868942621073
2,0,46.0,6,0.0,0.9,,0.1535182751093859,0.1535182751093859,0.1535182751093859,0.1535182751093859,0.1535182751093859,0.28346868942621073
2,0,47.0,6,0.0,0.9,,0.1535182751093859,0.1535182751093859,0.1535182751093859,0.1535182751093859,0.1535182751093859,0.28346868942621073
2,0,48.0,6,0.0,0.9,,0.1535182751093859,0.1535182751093859,0.1535182751093859,0.1535182751093859,0.1535182751093859,0.28346868942621073
2,0,49.0,6,0.0,0.9,,0.1535182751093859,0.1535182751093859,0.1535182751093859,0.1535182751093859,0.1535182751093859,0.28346868942621073
2,0,50.0,6,0.0,0.9,,0.1535182751093859,0.1535182751093859,0.1535182751093859,0.1535182751093859,0.1535182751093859,0.28346868942621073
2,0,51.0,6,0.0,0.9,,0.1535182751093859,0.1535182751093859,0.1535182751093859,0.1535182751093859,0.1535182751093859,0.28346868942621073
2,0,52.0,6,0.0,0.9,,0.1535182751093859,0.1535182751093859,0.1535182751093859,0.1535182751093859,0.1535182751093859,0.28346868942621073
2,0,53.0,6,0.0,0.9,,0.1535182751093859,0.1535182751093859,0.1535182751093859,0.1535182751093859,0.1535182751093859,0.28346868942621073
2,0,54.0,6,0.0,0.9,,0.1535182751093859,0.1535182751093859,0.1535182751093859,0.1535182751093859,0.1535182751093859,0.28346868942621073
2,0,55.0,6,0.0,0.9,,0.1535182751093859,0.1535182751093859,0.1535182751093859,0.1535182751093859,0.1535182751093859,0.28346868942621073
2,0,56.0,6,0.0,0.9,,0.1535182751093859,0.1535182751093859,0.1535182751093859,0.1535182751093859,0.1535182751093859,0.28346868942621073
2,0,57.0,6,0.0,0.9,,0.1535182751093859,0.1535182751093859,0.1535182751093859,0.1535182751093859,0.1535182751093859,0.28346868942621073
2,0,58.0,6,0.0,0.9,,0.1535182751093859,0.1535182751093859,0.1535182751093859,0.1535182751093859,0.1535182751093859,0.28346868942621073
2,0,59.0,6,0.0,0.9,,0.1535182751093859,0.1535182751093859,0.1535182751093859,0.1535182751093859,0.1535182751093859,0.28346868942621073
2,0,60.0,6,0.0,0.9,,0.1535182751093859,0.1535182751093859,0.1535182751093859,0.1535182751093859,0.1535182751093859,0.28346868942621073
2,0,61.0,6,0.0,0.9,,0.1535182751093859,0.1535182751093859,0.1535182751093859,0.1535182751093859,0.1535182751093859,0.28346868942621073
2,0,62.0,6,0.0,0.9,,0.1535182751093859,0.1535182751093859,0.1535182751093859,0.1535182751093859,0.1535182751093859,0.28346868942621073
2,0,63.0,6,0.0,0.9,,0.1535182751093859,0.1535182751093859,0.1535182751093859,0.1535182751093859,0.1535182751093859,0.28346868942621073
2,0,64.0,6,0.0,0.9,,0.1535182751093859,0.1535182751093859,0.1535182751093859,0.1535182751093859,0.1535182751093859,0.28346868942621073
2,0,65.0,6,0.0,0.9,,0.1535182751093859,0.1535182751093859,0.1535182751093859,0.1535182751093859,0.1535182751093859,0.28346868942621073
2,0,66.0,6,0.0,0.9,,0.1535182751093859,0.1535182751093859,0.1535182751093859,0.1535182751093859,0.1535182751093859,0.28346868942621073
2,0,67.0,6,0.0,0.9,,0.1535182751093859,0.1535182751093859,0.1535182751093859,0.1535182751093859,0.1535182751093859,0.28346868942621073
2,0,68.0,6,0.0,0.9,,0.1535182751093859,0.1535182751093859,0.1535182751093859,0.1535182751093859,0.1535182751093859,0.28346868942621073
2,0,69.0,6,0.0,0.9,,0.1535182751093859,0.1535182751093859,0.1535182751093859,0.1535182751093859,0.1535182751093859,0.28346868942621073
2,0,70.0,6,0.0,0.9,,0.1535182751093859,0.1535182751093859,0.1535182751093859,0.1535182751093859,0.1535182751093859,0.28346868942621073
2,0,71.0,6,0.0,0.9,,0.1535182751093859,0.1535182751093859,0.1535182751093859,0.1535182751093859,0.1535182751093859,0.28346868942621073
2,0,72.0,6,0.0,0.9,,0.1535182751093859,0.1535182751093859,0.1535182751093859,0.1535182751093859,0.1535182751093859,0.28346868942621073
2,0,73.0,6,0.0,0.9,,0.1535182751093859,0.1535182751093859,0.1535182751093859,0.1535182751093859,0.1535182751093859,0.28346868942621073
2,0,74.0,6,0.0,0.9,,0.1535182751093859,0.1535182751093859,0.1535182751093859,0.1535182751093859,0.1535182751093859,0.28346868942621073
2,0,75.0,6,0.0,0.9,,0.1535182751093859,0.1535182751093859,0.1535182751093859,0.1535182751093859,0.1535182751093859,0.28346868942621073
2,0,76.0,6,0.0,0.9,,0.1535182751093859,0.1535182751093859,0.1535182751093859,0.1535182751093859,0.1535182751093859,0.28346868942621073
2,0,77.0,6,0.0,0.9,,0.1535182751093859,0.1535182751093859,0.1535182751093859,0.1535182751093859,0.1535182751093859,0.28346868942621073
2,0,78.0,6,0.0,0.9,,0.1535182751093859,0.1535182751093859,0.1535182751093859,0.1535182751093859,0.1535182751093859,0.28346868942621073
2,0,79.0,6,0.0,0.9,,0.1535182751093859,0.1535182751093859,0.1535182751093859,0.1535182751093859,0.1535182751093859,0.28346868942621073
2,0,80.0,6,0.0,0.9,,0.1535182751093859,0.1535182751093859,0.1535182751093859,0.1535182751093859,0.1535182751093859,0.28346868942621073
2,0,81.0,6,0.0,0.9,,0.1535182751093859,0.1535182751093859,0.1535182751093859,0.1535182751093859,0.1535182751093859,0.28346868942621073
2,0,82.0,6,0.0,0.9,,0.1535182751093859,0.1535182751093859,0.1535182751093859,0.1535182751093859,0.1535182751093859,0.28346868942621073
2,0,83.0,6,0.0,0.9,,0.1535182751093859,0.1535182751093859,0.1535182751093859,0.1535182751093859,0.1535182751093859,0.28346868942621073
2,0,84.0,6,0.0,0.9,,0.1535182751093859,0.1535182751093859,0.1535182751093859,0.1535182751093859,0.1535182751093859,0.28346868942621073
2,0,85.0,6,0.0,0.9,,0.1535182751093859,0.1535182751093859,0.1535182751093859,0.1535182751093859,0.1535182751093859,0.28346868942621073
2,0,86.0,6,0.0,0.9,,0.1535182751093859,0.1535182751093859,0.1535182751093859,0.1535182751093859,0.1535182751093859,0.28346868942621073
2,0,87.0,6,0.0,0.9,,0.1535182751093859,0.1535182751093859,0.1535182751093859,0.1535182751093859,0.1535182751093859,0.28346868942621073
2,0,88.0,6,0.0,0.9,,0.1535182751093859,0.1535182751093859,0.1535182751093859,0.1535182751093859,0.1535182751093859,0.28346868942621073
2,0,89.0,6,0.0,0.9,,0.1535182751093859,0.1535182751093859,0.1535182751093859,0.1535182751093859,0.1535182751093859,0.28346868942621073
2,0,90.0,6,0.0,0.9,,0.1535182751093859,0.1535182751093859,0.1535182751093859,0.1535182751093859,0.1535182751093859,0.28346868942621073
2,0,91.0,6,0.0,0.9,,0.1535182751093859,0.1535182751093859,0.1535182751093859,0.1535182751093859,0.1535182751093859,0.28346868942621073
2,0,92.0,6,0.0,0.9,,0.1535182751093859,0.1535182751093859,0.1535182751093859,0.1535182751093859,0.1535182751093859,0.28346868942621073
2,0,93.0,6,0.0,0.9,,0.1535182751093859,0.1535182751093859,0.1535182751093859,0.1535182751093859,0.1535182751093859,0.28346868942621073
2,0,94.0,6,0.0,0.9,,0.1535182751093859,0.1535182751093859,0.1535182751093859,0.1535182751093859,0.1535182751093859,0.28346868942621073
2,0,95.0,6,0.0,0.9,,0.1535182751093859,0.1535182751093859,0.1535182751093859,0.1535182751093859,0.1535182751093859,0.28346868942621073
2,0,96.0,6,0.0,0.9,,0.1535182751093859,0.1535182751093859,0.1535182751093859,0.1535182751093859,0.1535182751093859,0.28346868942621073
2,0,97.0,6,0.0,0.9,,0.1535182751093859,0.1535182751093859,0.1535182751093859,0.1535182751093859,0.1535182751093859,0.28346868942621073
2,0,98.0,6,0.0,0.9,,0.1535182751093859,0.1535182751093859,0.1535182751093859,0.1535182751093859,0.1535182751093859,0.28346868942621073
2,0,99.0,6,0.0,0.9,,0.1535182751093859,0.1535182751093859,0.1535182751093859,0.1535182751093859,0.1535182751093859,0.28346868942621073
2,0,100.0,6,0.0,0.9,,0.1535182751093859,0.1535182751093859,0.1535182751093859,0.1535182751093859,0.1535182751093859,0.28346868942621073
3,1,1.0,6,0.0,0.0,,0.1535182751093859,0.39346934028736663,0.5654017914929217,0.7097695342022898,0.7452525022778762,0.8406388122416585
3,1,2.0,6,0.0,0.0,,0.1535182751093859,0.39346934028736663,0.5654017914929217,0.5633834776192019,0.5768254127256277,0.6915141725013136
3,1,3.0,6,0.0,0.0,,0.1535182751093859,0.39346934028736663,0.5654017914929217,0.5783217411639281,0.55673967370316,0.7772487555022425
3,1,4.0,6,0.0,0.0,,0.1535182751093859,0.39346934028736663,0.5654017914929217,0.6092851922177798,0.4495678942143232,0.49104995199244
3,1,5.0,6,0.0,0.0,,0.1535182751093859,0.39346934028736663,0.5654017914929217,0.6488130217034107,0.819901136835227,0.5523185035159107
3,1,6.0,6,0.0,0.0,,0.1535182751093859,0.39346934028736663,0.5654017914929217,0.5834104132567474,0.6442447542505623,0.6389054653266457
3,1,7.0,6,0.0,0.0,,0.1535182751093859,0.39346934028736663,0.5654017914929217,0.6355527066439653,0.7318216520367749,0.2906633170510726
3,1,8.0,6,0.0,0.0,,0.1535182751093859,0.39346934028736663,0.5654017914929217,0.6411654390015068,0.7320779474786401,0.5720888713594334
3,1,9.0,6,0.0,0.0,,0.1535182751093859,0.39346934028736663,0.5654017914929217,0.6209366871060666,0.5736777419944508,0.6165139175457849
3,1,10.0,6,0.0,0.0,,0.1535182751093859,0.39346934028736663,0.5654017914929217,0.7282510257214414,0.6750676575566887,0.40623722603948487
3,1,11.0,6,0.0,0.0,,0.1535182751093859,0.39346934028736663,0.5654017914929217,0.7350842762325978,0.409978406321578,0.7948083377919943
3,1,12.0,6,0.0,0.0,,0.1535182751093859,0.39346934028736663,0.5654017914929217,0.6102445974159408,0.5856412840163201,0.6450587783439452
3,1,13.0,6,0.0,0.0,,0.1535182751093859,0.39346934028736663,0.5654017914929217,0.6261439479037471,0.5677855293611127,0.6417371843672516
3,1,14.0,6,0.0,0.0,,0.1535182751093859,0.39346934028736663,0.5654017914929217,0.6000471366711333,0.5405575763177946,0.5544112243344026
3,1,15.0,6,0.0,0.0,,0.1535182751093859,0.39346934028736663,0.5654017914929217,0.6015997732662925,0.6966138162938356,0.24078944496268967
3,1,16.0,6,0.0,0.0,,0.1535182751093859,0.39346934028736663,0.5654017914929217,0.5990010931648142,0.6004322033904763,0.7012940917785506
3,1,17.0,6,0.0,0.0,,0.1535182751093859,0.39346934028736663,0.5654017914929217,0.5656203702481513,0.630684799775952,0.5617488135608364
3,1,18.0,6,0.0,0.0,,0.1535182751093859,0.39346934028736663,0.5654017914929217,0.5895273034306359,0.5398049363515065,0.7757762055327767
3,1,19.0,6,0.0,0.0,,0.1535182751093859,0.39346934028736663,0.5654017914929217,0.589653568176741,0.4718642101669374,0.5591649848521654
3,1,20.0,6,0.0,0.0,,0.1535182751093859,0.39346934028736663,0.5654017914929217,0.545715145112821,0.4940226257260467,0.7181432974443859
3,1,21.0,6,0.0,0.0,,0.1535182751093859,0.39346934028736663,0.5654017914929217,0.5855229673323289,0.7367601379564033,0.7525524058883412
3,1,22.0,6,0.0,0.0,,0.1535182751093859,0.39346934028736663,0.5654017914929217,0.6539697879108965,0.5537150925199262,0.38675934019208735
3,1,23.0,6,0.0,0.0,,0.1535182751093859,0.39346934028736663,0.5654017914929217,0.6182841704907798,0.5504511390056249,0.5209608797532639
3,1,24.0,6,0.0,0.0,,0.1535182751093859,0.39346934028736663,0.5654017914929217,0.6586159448243287,0.7373585514228859,0.47827108867078294
3,1,25.0,6,0.0,0.0,,0.1535182751093859,0.39346934028736663,0.5654017914929217,0.6422275430404175,0.717536521039151,0.436654833380378
3,1,26.0,6,0.0,0.0,,0.1535182751093859,0.39346934028736663,0.5654017914929217,0.5642458278100391,0.5913330742258169,0.48646486999157607
3,1,27.0,6,0.0,0.0,,0.1535182751093859,0.39346934028736663,0.5654017914929217,0.662347457693936,0.7306416965017255,0.38290253635890525
3,1,28.0,6,0.0,0.0,,0.1535182751093859,0.39346934028736663,0.5654017914929217,0.6117940755720273,0.42433946935405853,0.6234784931773231
3,1,29.0,6,0.0,0.0,,0.1535182751093859,0.39346934028736663,0.5654017914929217,0.5771361567164701,0.7205670963975337,0.4237959779132391
3,1,30.0,6,0.0,0.0,,0.1535182751093859,0.39346934028736663,0.5654017914929217,0.5964644869151214,0.5549052246620894,0.6893246083257146
3,1,31.0,6,0.0,0.0,,0.1535182751093859,0.39346934028736663,0.5654017914929217,0.6644509492019739,0.479602738999513,0.531437364553238
3,1,32.0,6,0.0,0.0,,0.1535182751093859,0.39346934028736663,0.5654017914929217,0.7218767851697754,0.5566717359976809,0.3
3,1,33.0,6,0.0,0.0,,0.1535182751093859,0.39346934028736663,0.5654017914929217,0.6074375153011021,0.6113892673879363,0.6909961662176249
3,1,34.0,6,0.0,0.0,,0.1535182751093859,0.39346934028736663,0.5654017914929217,0.696003911036258,0.4361522549966509,0.7793872064861883
3,1,35.0,6,0.0,0.0,,0.1535182751093859,0.39346934028736663,0.5654017914929217,0.6815299348270262,0.5795100411293856,0.5726717218744627
3,1,36.0,6,0.0,0.0,,0.1535182751093859,0.39346934028736663,0.5654017914929217,0.5465566045206945,0.4195017450263556,0.341229605020114
3,1,37.0,6,0.0,0.0,,0.1535182751093859,0.39346934028736663,0.5654017914929217,0.6506736187701664,0.610310433309868,0.48336423736438255
3,1,38.0,6,0.0,0.0,,0.1535182751093859,0.39346934028736663,0.5654017914929217,0.6922541195956465,0.8630014360312431,0.7898195068433637
3,1,39.0,6,0.0,0.0,,0.1535182751093859,0.39346934028736663,0.5654017914929217,0.6035139795606721,0.3680335040212376,0.6214386661472148
3,1,40.0,6,0.0,0.0,,0.1535182751093859,0.39346934028736663,0.5654017914929217,0.5149900254123734,0.6117395489172,0.39842397456591205
3,1,41.0,6,0.0,0.0,,0.1535182751093859,0.39346934028736663,0.5654017914929217,0.6142777570707778,0.6203549528035568,0.49612153739939285
3,1,42.0,6,0.0,0.0,,0.1535182751093859,0.39346934028736663,0.5654017914929217,0.6135075088060402,0.6064725079103364,0.6398096158920034
3,1,43.0,6,0.0,0.0,,0.1535182751093859,0.39346934028736663,0.5654017914929217,0.6492864633536379,0.667534763154247,0.41370167533011626
3,1,44.0,6,0.0,0.0,,0.1535182751093859,0.39346934028736663,0.5654017914929217,0.6118657482368499,0.5806497325731177,0.6900860116807968
3,1,45.0,6,0.0,0.0,,0.1535182751093859,0.39346934028736663,0.5654017914929217,0.5368771495779884,0.6180678918686212,0.5912677927573089
3,1,46.0,6,0.0,0.0,,0.1535182751093859,0.39346934028736663,0.5654017914929217,0.6609637769346339,0.6139548580189251,0.7421298999294439
3,1,47.0,6,0.0,0.0,,0.1535182751093859,0.39346934028736663,0.5654017914929217,0.5365553086810394,0.8252049589166063,0.5042070854773296
3,1,48.0,6,0.0,0.0,,0.1535182751093859,0.39346934028736663,0.5654017914929217,0.5699628150157996,0.5874030755483264,0.4465187252231916
3,1,49.0,6,0.0,0.0,,0.1535182751093859,0.39346934028736663,0.5654017914929217,0.6434688230577396,0.7219893958865036,0.7509087898908869
3,1,50.0,6,0.0,0.0,,0.1535182751093859,0.39346934028736663,0.5654017914929217,0.6573438076007019,0.5057630244474083,0.44663224185542044
3,1,51.0,6,0.0,0.0,,0.1535182751093859,0.39346934028736663,0.5654017914929217,0.5872263252045687,0.6090183240540762,0.5498137115380048
3,1,52.0,6,0.0,0.0,,0.1535182751093859,0.39346934028736663,0.5654017914929217,0.5968914796976204,0.7150597759848665,0.6214741902200975
3,1,53.0,6,0.0,0.0,,0.1535182751093859,0.39346934028736663,0.5654017914929217,0.6311712523065263,0.5944834109573016,0.48237517615414305
3,1,54.0,6,0.0,0.0,,0.1535182751093859,0.39346934028736663,0.5654017914929217,0.7024139076656005,0.8078653916869365,0.48206819064130285
3,1,55.0,6,0.0,0.0,,0.1535182751093859,0.39346934028736663,0.5654017914929217,0.6104780129912049,0.8257209033030541,0.6644074721479352
3,1,56.0,6,0.0,0.0,,0.1535182751093859,0.39346934028736663,0.5654017914929217,0.6296982304278487,0.6829793729114926,0.6743741250178644
3,1,57.0,6,0.0,0.0,,0.1535182751093859,0.39346934028736663,0.5654017914929217,0.6042050224740609,0.5269075801243187,0.6495138781460364
3,1,58.0,6,0.0,0.0,,0.1535182751093859,0.39346934028736663,0.5654017914929217,0.7073697335259058,0.5163789713037733,0.49072100701929405
3,1,59.0,6,0.0,0.0,,0.1535182751093859,0.39346934028736663,0.5654017914929217,0.6996490080542729,0.5920873139527493,0.7299726299921379
3,1,60.0,6,0.0,0.0,,0.1535182751093859,0.39346934028736663,0.5654017914929217,0.6399086751073746,0.555132465954134,0.5041140131281487
3,1,61.0,6,0.0,0.0,,0.1535182751093859,0.39346934028736663,0.5654017914929217,0.5699333300529592,0.5054198881440234,0.684363652262461
3,1,62.0,6,0.0,0.0,,0.1535182751093859,0.39346934028736663,0.5654017914929217,0.6212033939837174,0.6900883330809356,0.3471288061798815
3,1,63.0,6,0.0,0.0,,0.1535182751093859,0.39346934028736663,0.5654017914929217,0.501737819273499,0.4567502673029814,0.5054056276959996
3,1,64.0,6,0.0,0.0,,0.1535182751093859,0.39346934028736663,0.5654017914929217,0.632919482474137,0.7501680208196412,0.45812692278915745
3,1,65.0,6,0.0,0.0,,0.1535182751093859,0.39346934028736663,0.5654017914929217,0.7302295868067048,0.7097928115387437,0.49736124412567834
3,1,66.0,6,0.0,0.0,,0.1535182751093859,0.39346934028736663,0.5654017914929217,0.5741065163638803,0.6528402302505657,0.3693383182067358
3,1,67.0,6,0.0,0.0,,0.1535182751093859,0.39346934028736663,0.5654017914929217,0.681574909494466,0.6111763479546373,0.5569652078116808
3,1,68.0,6,0.0,0.0,,0.1535182751093859,0.39346934028736663,0.5654017914929217,0.6182112313388466,0.6742625967073834,0.2812293443170121
3,1,69.0,6,0.0,0.0,,0.1535182751093859,0.39346934028736663,0.5654017914929217,0.5537038689645506,0.6404339425002883,0.3143909831988613
3,1,70.0,6,0.0,0.0,,0.1535182751093859,0.39346934028736663,0.5654017914929217,0.6969950666861644,0.5703559053408265,0.5736954543586954
3,1,71.0,6,0.0,0.0,,0.1535182751093859,0.39346934028736663,0.5654017914929217,0.6786561117926203,0.5581313342265053,0.5664458460482005
3,1,72.0,6,0.0,0.0,,0.1535182751093859,0.39346934028736663,0.5654017914929217,0.6439240245095299,0.6504095845789757,0.6960787876841223
3,1,73.0,6,0.0,0.0,,0.1535182751093859,0.39346934028736663,0.5654017914929217,0.6566369084574569,0.590852951404718,0.6694444300168547
3,1,74.0,6,0.0,0.0,,0.1535182751093859,0.39346934028736663,0.5654017914929217,0.588194003675435,0.5535721217420302,0.6993098970159671
3,1,75.0,6,0.0,0.0,,0.1535182751093859,0.39346934028736663,0.5654017914929217,0.6241673765010135,0.5607099654336364,0.29950321307702615
3,1,76.0,6,0.0,0.0,,0.1535182751093859,0.39346934028736663,0.5654017914929217,0.6019002570308782,0.6098948522764973,0.4404839212049418
3,1,77.0,6,0.0,0.0,,0.1535182751093859,0.39346934028736663,0.5654017914929217,0.6311653816816518,0.6715463764593302,0.7131340636349572
3,1,78.0,6,0.0,0.0,,0.1535182751093859,0.39346934028736663,0.5654017914929217,0.5539436481209321,0.5482917926467366,0.5058927098647145
3,1,79.0,6,0.0,0.0,,0.1535182751093859,0.39346934028736663,0.5654017914929217,0.6396649950679636,0.6550452693616584,0.6998786496243097
3,1,80.0,6,0.0,0.0,,0.1535182751093859,0.39346934028736663,0.5654017914929217,0.5313292495974137,0.6929418712194066,0.58123300985285
3,1,81.0,6,0.0,0.0,,0.1535182751093859,0.39346934028736663,0.5654017914929217,0.5928089454815326,0.4878770118330403,0.588517416892197
3,1,82.0,6,0.0,0.0,,0.1535182751093859,0.39346934028736663,0.5654017914929217,0.6623382614287787,0.39250687529963024,0.3556760335165263
3,1,83.0,6,0.0,0.0,,0.1535182751093859,0.39346934028736663,0.5654017914929217,0.6507781702117676,0.7627477440665742,0.8303349050032688
3,1,84.0,6,0.0,0.0,,0.1535182751093859,0.39346934028736663,0.5654017914929217,0.655291930800846,0.6563709368793361,0.40784408610557454
3,1,85.0,6,0.0,0.0,,0.1535182751093859,0.39346934028736663,0.5654017914929217,0.6244003142267881,0.7824257641733503,0.5103103679546936
3,1,86.0,6,0.0,0.0,,0.1535182751093859,0.39346934028736663,0.5654017914929217,0.6524570680733539,0.5672913919243561,0.611382528021309
3,1,87.0,6,0.0,0.0,,0.1535182751093859,0.39346934028736663,0.5654017914929217,0.6544793051796399,0.5673158524229557,0.7109605953331466
3,1,88.0,6,0.0,0.0,,0.1535182751093859,0.39346934028736663,0.5654017914929217,0.6244239335229294,0.5129152088405037,0.7164492543051802
3,1,89.0,6,0.0,0.0,,0.1535182751093859,0.39346934028736663,0.5654017914929217,0.6323121315078096,0.49606616809298976,0.35090939665452964
3,1,90.0,6,0.0,0.0,,0.1535182751093859,0.39346934028736663,0.5654017914929217,0.6217026078579997,0.6643510071083025,0.5003789097590454
3,1,91.0,6,0.0,0.0,,0.1535182751093859,0.39346934028736663,0.5654017914929217,0.6467551670238851,0.5055201438524073,0.37461321923652624
3,1,92.0,6,0.0,0.0,,0.1535182751093859,0.39346934028736663,0.5654017914929217,0.7416668507945015,0.7452465034800345,0.5334192205729421
3,1,93.0,6,0.0,0.0,,0.1535182751093859,0.39346934028736663,0.5654017914929217,0.6667576083898761,0.4767239263141757,0.47332416762032753
3,1,94.0,6,0.0,0.0,,0.1535182751093859,0.39346934028736663,0.5654017914929217,0.6777797295290137,0.47556226146215713,0.6573087235816997
3,1,95.0,6,0.0,0.0,,0.1535182751093859,0.39346934028736663,0.5654017914929217,0.6393710981097075,0.6923371421611115,0.4562610977085562
3,1,96.0,6,0.0,0.0,,0.1535182751093859,0.39346934028736663,0.5654017914929217,0.6293463168229216,0.49619110414129236,0.499627064871382
3,1,97.0,6,0.0,0.0,,0.1535182751093859,0.39346934028736663,0.5654017914929217,0.6390954857012343,0.4451651949758991,0.6903578476213065
3,1,98.0,6,0.0,0.0,,0.1535182751093859,0.39346934028736663,0.5654017914929217,0.6105837761414107,0.6132693344073231,0.5523851534776967
3,1,99.0,6,0.0,0.0,,0.1535182751093859,0.39346934028736663,0.5654017914929217,0.7002160623271525,0.618604735604844,0.658165882964612
3,1,100.0,6,0.0,0.0,,0.1535182751093859,0.39346934028736663,0.5654017914929217,0.6345866392259407,0.5878702544521227,0.5370786987902841
4,1,1.0,6,0.0,0.5,,0.1535182751093859,0.28346868942621073,0.28346868942621073,0.4865828809674079,0.6321205588285576,0.7323815149449168
4,1,2.0,6,0.0,0.5,,0.1535182751093859,0.28346868942621073,0.28346868942621073,0.4865828809674079,0.6321205588285576,0.6459415903913974
4,1,3.0,6,0.0,0.5,,0.1535182751093859,0.28346868942621073,0.28346868942621073,0.4865828809674079,0.6321205588285576,0.5840339299160726
4,1,4.0,6,0.0,0.5,,0.1535182751093859,0.28346868942621073,0.28346868942621073,0.4865828809674079,0.6321205588285576,0.7423019922411094
4,1,5.0,6,0.0,0.5,,0.1535182751093859,0.28346868942621073,0.28346868942621073,0.4865828809674079,0.6321205588285576,0.5328950079835011
4,1,6.0,6,0.0,0.5,,0.1535182751093859,0.28346868942621073,0.28346868942621073,0.4865828809674079,0.6321205588285576,0.5844544819614945
4,1,7.0,6,0.0,0.5,,0.1535182751093859,0.28346868942621073,0.28346868942621073,0.4865828809674079,0.6321205588285576,0.5445878639308261
4,1,8.0,6,0.0,0.5,,0.1535182751093859,0.28346868942621073,0.28346868942621073,0.4865828809674079,0.6321205588285576,0.44555277455950903
4,1,9.0,6,0.0,0.5,,0.1535182751093859,0.28346868942621073,0.28346868942621073,0.4865828809674079,0.6321205588285576,0.5523593568610912
4,1,10.0,6,0.0,0.5,,0.1535182751093859,0.28346868942621073,0.28346868942621073,0.4865828809674079,0.6321205588285576,0.6866270795731018
4,1,11.0,6,0.0,0.5,,0.1535182751093859,0.28346868942621073,0.28346868942621073,0.4865828809674079,0.6321205588285576,0.5804811036817412
4,1,12.0,6,0.0,0.5,,0.1535182751093859,0.28346868942621073,0.28346868942621073,0.4865828809674079,0.6321205588285576,0.7212704736963068
4,1,13.0,6,0.0,0.5,,0.1535182751093859,0.28346868942621073,0.28346868942621073,0.4865828809674079,0.6321205588285576,0.7703258511473918
4,1,14.0,6,0.0,0.5,,0.1535182751093859,0.28346868942621073,0.28346868942621073,0.4865828809674079,0.6321205588285576,0.6287845451818814
4,1,15.0,6,0.0,0.5,,0.1535182751093859,0.28346868942621073,0.28346868942621073,0.4865828809674079,0.6321205588285576,0.7081645155283463
4,1,16.0,6,0.0,0.5,,0.1535182751093859,0.28346868942621073,0.28346868942621073,0.4865828809674079,0.6321205588285576,0.7634696060508737
4,1,17.0,6,0.0,0.5,,0.1535182751093859,0.28346868942621073,0.28346868942621073,0.4865828809674079,0.6321205588285576,0.5589037318071559
4,1,18.0,6,0.0,0.5,,0.1535182751093859,0.28346868942621073,0.28346868942621073,0.4865828809674079,0.6321205588285576,0.7399670417524684
4,1,19.0,6,0.0,0.5,,0.1535182751093859,0.28346868942621073,0.28346868942621073,0.4865828809674079,0.6321205588285576,0.4677467385833026
4,1,20.0,6,0.0,0.5,,0.1535182751093859,0.28346868942621073,0.28346868942621073,0.4865828809674079,0.6321205588285576,0.6370167609273008
4,1,21.0,6,0.0,0.5,,0.1535182751093859,0.28346868942621073,0.28346868942621073,0.4865828809674079,0.6321205588285576,0.72912522188478
4,1,22.0,6,0.0,0.5,,0.1535182751093859,0.28346868942621073,0.28346868942621073,0.4865828809674079,0.6321205588285576,0.598748776943272
4,1,23.0,6,0.0,0.5,,0.1535182751093859,0.28346868942621073,0.28346868942621073,0.4865828809674079,0.6321205588285576,0.6015868592425516
4,1,24.0,6,0.0,0.5,,0.1535182751093859,0.28346868942621073,0.28346868942621073,0.4865828809674079,0.6321205588285576,0.531900951811129
4,1,25.0,6,0.0,0.5,,0.1535182751093859,0.28346868942621073,0.28346868942621073,0.4865828809674079,0.6321205588285576,0.608248157014569
4,1,26.0,6,0.0,0.5,,0.1535182751093859,0.28346868942621073,0.28346868942621073,0.4865828809674079,0.6321205588285576,0.6647412203355109
4,1,27.0,6,0.0,0.5,,0.1535182751093859,0.28346868942621073,0.28346868942621073,0.4865828809674079,0.6321205588285576,0.7024635792233423
4,1,28.0,6,0.0,0.5,,0.1535182751093859,0.28346868942621073,0.28346868942621073,0.4865828809674079,0.6321205588285576,0.7075056834873367
4,1,29.0,6,0.0,0.5,,0.1535182751093859,0.28346868942621073,0.28346868942621073,0.4865828809674079,0.6321205588285576,0.6933514856716168
4,1,30.0,6,0.0,0.5,,0.1535182751093859,0.28346868942621073,0.28346868942621073,0.4865828809674079,0.6321205588285576,0.6700754163344065
4,1,31.0,6,0.0,0.5,,0.1535182751093859,0.28346868942621073,0.28346868942621073,0.4865828809674079,0.6321205588285576,0.5875635837467618
4,1,32.0,6,0.0,0.5,,0.1535182751093859,0.28346868942621073,0.28346868942621073,0.4865828809674079,0.6321205588285576,0.5849648756662644
4,1,33.0,6,0.0,0.5,,0.1535182751093859,0.28346868942621073,0.28346868942621073,0.4865828809674079,0.6321205588285576,0.5633184078724401
4,1,34.0,6,0.0,0.5,,0.1535182751093859,0.28346868942621073,0.28346868942621073,0.4865828809674079,0.6321205588285576,0.548553357497376
4,1,35.0,6,0.0,0.5,,0.1535182751093859,0.28346868942621073,0.28346868942621073,0.4865828809674079,0.6321205588285576,0.652758354937365
4,1,36.0,6,0.0,0.5,,0.1535182751093859,0.28346868942621073,0.28346868942621073,0.4865828809674079,0.6321205588285576,0.5404780983809114
4,1,37.0,6,0.0,0.5,,0.1535182751093859,0.28346868942621073,0.28346868942621073,0.4865828809674079,0.6321205588285576,0.508192305903868
4,1,38.0,6,0.0,0.5,,0.1535182751093859,0.28346868942621073,0.28346868942621073,0.4865828809674079,0.6321205588285576,0.6692131865398976
4,1,39.0,6,0.0,0.5,,0.1535182751093859,0.28346868942621073,0.28346868942621073,0.4865828809674079,0.6321205588285576,0.6523313843392302
4,1,40.0,6,0.0,0.5,,0.1535182751093859,0.28346868942621073,0.28346868942621073,0.4865828809674079,0.6321205588285576,0.5261366646225032
4,1,41.0,6,0.0,0.5,,0.1535182751093859,0.28346868942621073,0.28346868942621073,0.4865828809674079,0.6321205588285576,0.7360634103920894
4,1,42.0,6,0.0,0.5,,0.1535182751093859,0.28346868942621073,0.28346868942621073,0.4865828809674079,0.6321205588285576,0.5161789794266545
4,1,43.0,6,0.0,0.5,,0.1535182751093859,0.28346868942621073,0.28346868942621073,0.4865828809674079,0.6321205588285576,0.6187915660078736
4,1,44.0,6,0.0,0.5,,0.1535182751093859,0.28346868942621073,0.28346868942621073,0.4865828809674079,0.6321205588285576,0.5565493092117675
4,1,45.0,6,0.0,0.5,,0.1535182751093859,0.28346868942621073,0.28346868942621073,0.4865828809674079,0.6321205588285576,0.6143643466189841
4,1,46.0,6,0.0,0.5,,0.1535182751093859,0.28346868942621073,0.28346868942621073,0.4865828809674079,0.6321205588285576,0.5783721262607986
4,1,47.0,6,0.0,0.5,,0.1535182751093859,0.28346868942621073,0.28346868942621073,0.4865828809674079,0.6321205588285576,0.501120538035445
4,1,48.0,6,0.0,0.5,,0.1535182751093859,0.28346868942621073,0.28346868942621073,0.4865828809674079,0.6321205588285576,0.5575338033647934
4,1,49.0,6,0.0,0.5,,0.1535182751093859,0.28346868942621073,0.28346868942621073,0.4865828809674079,0.6321205588285576,0.5908536912448047
4,1,50.0,6,0.0,0.5,,0.1535182751093859,0.28346868942621073,0.28346868942621073,0.4865828809674079,0.6321205588285576,0.41551032155270295
4,1,51.0,6,0.0,0.5,,0.1535182751093859,0.28346868942621073,0.28346868942621073,0.4865828809674079,0.6321205588285576,0.5898751663813493
4,1,52.0,6,0.0,0.5,,0.1535182751093859,0.28346868942621073,0.28346868942621073,0.4865828809674079,0.6321205588285576,0.6100628746275508
4,1,53.0,6,0.0,0.5,,0.1535182751093859,0.28346868942621073,0.28346868942621073,0.4865828809674079,0.6321205588285576,0.6322096858429735
4,1,54.0,6,0.0,0.5,,0.1535182751093859,0.28346868942621073,0.28346868942621073,0.4865828809674079,0.6321205588285576,0.5859319656822941
4,1,55.0,6,0.0,0.5,,0.1535182751093859,0.28346868942621073,0.28346868942621073,0.4865828809674079,0.6321205588285576,0.6853729133100968
4,1,56.0,6,0.0,0.5,,0.1535182751093859,0.28346868942621073,0.28346868942621073,0.4865828809674079,0.6321205588285576,0.6207041069412809
4,1,57.0,6,0.0,0.5,,0.1535182751093859,0.28346868942621073,0.28346868942621073,0.4865828809674079,0.6321205588285576,0.6406927241458138
4,1,58.0,6,0.0,0.5,,0.1535182751093859,0.28346868942621073,0.28346868942621073,0.4865828809674079,0.6321205588285576,0.6384748607525746
4,1,59.0,6,0.0,0.5,,0.1535182751093859,0.28346868942621073,0.28346868942621073,0.4865828809674079,0.6321205588285576,0.6226211089557963
4,1,60.0,6,0.0,0.5,,0.1535182751093859,0.28346868942621073,0.28346868942621073,0.4865828809674079,0.6321205588285576,0.665726607518683
4,1,61.0,6,0.0,0.5,,0.1535182751093859,0.28346868942621073,0.28346868942621073,0.4865828809674079,0.6321205588285576,0.5854454687434887
4,1,62.0,6,0.0,0.5,,0.1535182751093859,0.28346868942621073,0.28346868942621073,0.4865828809674079,0.6321205588285576,0.6321049254083327
4,1,63.0,6,0.0,0.5,,0.1535182751093859,0.28346868942621073,0.28346868942621073,0.4865828809674079,0.6321205588285576,0.49814236543839197
4,1,64.0,6,0.0,0.5,,0.1535182751093859,0.28346868942621073,0.28346868942621073,0.4865828809674079,0.6321205588285576,0.6769962336268331
4,1,65.0,6,0.0,0.5,,0.1535182751093859,0.28346868942621073,0.28346868942621073,0.4865828809674079,0.6321205588285576,0.6144445776882247
4,1,66.0,6,0.0,0.5,,0.1535182751093859,0.28346868942621073,0.28346868942621073,0.4865828809674079,0.6321205588285576,0.6312082477201274
4,1,67.0,6,0.0,0.5,,0.1535182751093859,0.28346868942621073,0.28346868942621073,0.4865828809674079,0.6321205588285576,0.6451342569116847
4,1,68.0,6,0.0,0.5,,0.1535182751093859,0.28346868942621073,0.28346868942621073,0.4865828809674079,0.6321205588285576,0.6496067268245231
4,1,69.0,6,0.0,0.5,,0.1535182751093859,0.28346868942621073,0.28346868942621073,0.4865828809674079,0.6321205588285576,0.6119893161217241
4,1,70.0,6,0.0,0.5,,0.1535182751093859,0.28346868942621073,0.28346868942621073,0.4865828809674079,0.6321205588285576,0.5722138111273808
4,1,71.0,6,0.0,0.5,,0.1535182751093859,0.28346868942621073,0.28346868942621073,0.4865828809674079,0.6321205588285576,0.6560972595115938
4,1,72.0,6,0.0,0.5,,0.1535182751093859,0.28346868942621073,0.28346868942621073,0.4865828809674079,0.6321205588285576,0.5683199842587847
4,1,73.0,6,0.0,0.5,,0.1535182751093859,0.28346868942621073,0.28346868942621073,0.4865828809674079,0.6321205588285576,0.5533091835106794
4,1,74.0,6,0.0,0.5,,0.1535182751093859,0.28346868942621073,0.28346868942621073,0.4865828809674079,0.6321205588285576,0.6954846036745491
4,1,75.0,6,0.0,0.5,,0.1535182751093859,0.28346868942621073,0.28346868942621073,0.4865828809674079,0.6321205588285576,0.7883929432413945
4,1,76.0,6,0.0,0.5,,0.1535182751093859,0.28346868942621073,0.28346868942621073,0.4865828809674079,0.6321205588285576,0.5494974625928569
4,1,77.0,6,0.0,0.5,,0.1535182751093859,0.28346868942621073,0.28346868942621073,0.4865828809674079,0.6321205588285576,0.6347717909581172
4,1,78.0,6,0.0,0.5,,0.1535182751093859,0.28346868942621073,0.28346868942621073,0.4865828809674079,0.6321205588285576,0.6202393830175467
4,1,79.0,6,0.0,0.5,,0.1535182751093859,0.28346868942621073,0.28346868942621073,0.4865828809674079,0.6321205588285576,0.5351618715620194
4,1,80.0,6,0.0,0.5,,0.1535182751093859,0.28346868942621073,0.28346868942621073,0.4865828809674079,0.6321205588285576,0.5884657046784689
4,1,81.0,6,0.0,0.5,,0.1535182751093859,0.28346868942621073,0.28346868942621073,0.4865828809674079,0.6321205588285576,0.6149951607977334
4,1,82.0,6,0.0,0.5,,0.1535182751093859,0.28346868942621073,0.28346868942621073,0.4865828809674079,0.6321205588285576,0.620711480328741
4,1,83.0,6,0.0,0.5,,0.1535182751093859,0.28346868942621073,0.28346868942621073,0.4865828809674079,0.6321205588285576,0.4806631689984206
4,1,84.0,6,0.0,0.5,,0.1535182751093859,0.28346868942621073,0.28346868942621073,0.4865828809674079,0.6321205588285576,0.7272737296532605
4,1,85.0,6,0.0,0.5,,0.1535182751093859,0.28346868942621073,0.28346868942621073,0.4865828809674079,0.6321205588285576,0.815058980522859
4,1,86.0,6,0.0,0.5,,0.1535182751093859,0.28346868942621073,0.28346868942621073,0.4865828809674079,0.6321205588285576,0.7131887516705053
4,1,87.0,6,0.0,0.5,,0.1535182751093859,0.28346868942621073,0.28346868942621073,0.4865828809674079,0.6321205588285576,0.6081029129795513
4,1,88.0,6,0.0,0.5,,0.1535182751093859,0.28346868942621073,0.28346868942621073,0.4865828809674079,0.6321205588285576,0.6963413514817901
4,1,89.0,6,0.0,0.5,,0.1535182751093859,0.28346868942621073,0.28346868942621073,0.4865828809674079,0.6321205588285576,0.7075707505061902
4,1,90.0,6,0.0,0.5,,0.1535182751093859,0.28346868942621073,0.28346868942621073,0.4865828809674079,0.6321205588285576,0.6537479569695166
4,1,91.0,6,0.0,0.5,,0.1535182751093859,0.28346868942621073,0.28346868942621073,0.4865828809674079,0.6321205588285576,0.6535472249847065
4,1,92.0,6,0.0,0.5,,0.1535182751093859,0.28346868942621073,0.28346868942621073,0.4865828809674079,0.6321205588285576,0.602272535379182
4,1,93.0,6,0.0,0.5,,0.1535182751093859,0.28346868942621073,0.28346868942621073,0.4865828809674079,0.6321205588285576,0.6939215176789187
4,1,94.0,6,0.0,0.5,,0.1535182751093859,0.28346868942621073,0.28346868942621073,0.4865828809674079,0.6321205588285576,0.5196034996138036
4,1,95.0,6,0.0,0.5,,0.1535182751093859,0.28346868942621073,0.28346868942621073,0.4865828809674079,0.6321205588285576,0.636260374855136
4,1,96.0,6,0.0,0.5,,0.1535182751093859,0.28346868942621073,0.28346868942621073,0.4865828809674079,0.6321205588285576,0.5401766202815452
4,1,97.0,6,0.0,0.5,,0.1535182751093859,0.28346868942621073,0.28346868942621073,0.4865828809674079,0.6321205588285576,0.6947966765333866
4,1,98.0,6,0.0,0.5,,0.1535182751093859,0.28346868942621073,0.28346868942621073,0.4865828809674079,0.6321205588285576,0.718723381627455
4,1,99.0,6,0.0,0.5,,0.1535182751093859,0.28346868942621073,0.28346868942621073,0.4865828809674079,0.6321205588285576,0.7978837210416339
4,1,100.0,6,0.0,0.5,,0.1535182751093859,0.28346868942621073,0.28346868942621073,0.4865828809674079,0.6321205588285576,0.4945843247471082
5,1,1.0,6,0.0,0.9,,0.1535182751093859,0.1535182751093859,0.1535182751093859,0.1535182751093859,0.1535182751093859,0.28346868942621073
5,1,2.0,6,0.0,0.9,,0.1535182751093859,0.1535182751093859,0.1535182751093859,0.1535182751093859,0.1535182751093859,0.28346868942621073
5,1,3.0,6,0.0,0.9,,0.1535182751093859,0.1535182751093859,0.1535182751093859,0.1535182751093859,0.1535182751093859,0.28346868942621073
5,1,4.0,6,0.0,0.9,,0.1535182751093859,0.1535182751093859,0.1535182751093859,0.1535182751093859,0.1535182751093859,0.28346868942621073
5,1,5.0,6,0.0,0.9,,0.1535182751093859,0.1535182751093859,0.1535182751093859,0.1535182751093859,0.1535182751093859,0.28346868942621073
5,1,6.0,6,0.0,0.9,,0.1535182751093859,0.1535182751093859,0.1535182751093859,0.1535182751093859,0.1535182751093859,0.28346868942621073
5,1,7.0,6,0.0,0.9,,0.1535182751093859,0.1535182751093859,0.1535182751093859,0.1535182751093859,0.1535182751093859,0.28346868942621073
5,1,8.0,6,0.0,0.9,,0.1535182751093859,0.1535182751093859,0.1535182751093859,0.1535182751093859,0.1535182751093859,0.28346868942621073
5,1,9.0,6,0.0,0.9,,0.1535182751093859,0.1535182751093859,0.1535182751093859,0.1535182751093859,0.1535182751093859,0.28346868942621073
5,1,10.0,6,0.0,0.9,,0.1535182751093859,0.1535182751093859,0.1535182751093859,0.1535182751093859,0.1535182751093859,0.28346868942621073
5,1,11.0,6,0.0,0.9,,0.1535182751093859,0.1535182751093859,0.1535182751093859,0.1535182751093859,0.1535182751093859,0.28346868942621073
5,1,12.0,6,0.0,0.9,,0.1535182751093859,0.1535182751093859,0.1535182751093859,0.1535182751093859,0.1535182751093859,0.28346868942621073
5,1,13.0,6,0.0,0.9,,0.1535182751093859,0.1535182751093859,0.1535182751093859,0.1535182751093859,0.1535182751093859,0.28346868942621073
5,1,14.0,6,0.0,0.9,,0.1535182751093859,0.1535182751093859,0.1535182751093859,0.1535182751093859,0.1535182751093859,0.28346868942621073
5,1,15.0,6,0.0,0.9,,0.1535182751093859,0.1535182751093859,0.1535182751093859,0.1535182751093859,0.1535182751093859,0.28346868942621073
5,1,16.0,6,0.0,0.9,,0.1535182751093859,0.1535182751093859,0.1535182751093859,0.1535182751093859,0.1535182751093859,0.28346868942621073
5,1,17.0,6,0.0,0.9,,0.1535182751093859,0.1535182751093859,0.1535182751093859,0.1535182751093859,0.1535182751093859,0.28346868942621073
5,1,18.0,6,0.0,0.9,,0.1535182751093859,0.1535182751093859,0.1535182751093859,0.1535182751093859,0.1535182751093859,0.28346868942621073
5,1,19.0,6,0.0,0.9,,0.1535182751093859,0.1535182751093859,0.1535182751093859,0.1535182751093859,0.1535182751093859,0.28346868942621073
5,1,20.0,6,0.0,0.9,,0.1535182751093859,0.1535182751093859,0.1535182751093859,0.1535182751093859,0.1535182751093859,0.28346868942621073
5,1,21.0,6,0.0,0.9,,0.1535182751093859,0.1535182751093859,0.1535182751093859,0.1535182751093859,0.1535182751093859,0.28346868942621073
5,1,22.0,6,0.0,0.9,,0.1535182751093859,0.1535182751093859,0.1535182751093859,0.1535182751093859,0.1535182751093859,0.28346868942621073
5,1,23.0,6,0.0,0.9,,0.1535182751093859,0.1535182751093859,0.1535182751093859,0.1535182751093859,0.1535182751093859,0.28346868942621073
5,1,24.0,6,0.0,0.9,,0.1535182751093859,0.1535182751093859,0.1535182751093859,0.1535182751093859,0.1535182751093859,0.28346868942621073
5,1,25.0,6,0.0,0.9,,0.1535182751093859,0.1535182751093859,0.1535182751093859,0.1535182751093859,0.1535182751093859,0.28346868942621073
5,1,26.0,6,0.0,0.9,,0.1535182751093859,0.1535182751093859,0.1535182751093859,0.1535182751093859,0.1535182751093859,0.28346868942621073
5,1,27.0,6,0.0,0.9,,0.1535182751093859,0.1535182751093859,0.1535182751093859,0.1535182751093859,0.1535182751093859,0.28346868942621073
5,1,28.0,6,0.0,0.9,,0.1535182751093859,0.1535182751093859,0.1535182751093859,0.1535182751093859,0.1535182751093859,0.28346868942621073
5,1,29.0,6,0.0,0.9,,0.1535182751093859,0.1535182751093859,0.1535182751093859,0.1535182751093859,0.1535182751093859,0.28346868942621073
5,1,30.0,6,0.0,0.9,,0.1535182751093859,0.1535182751093859,0.1535182751093859,0.1535182751093859,0.1535182751093859,0.28346868942621073
5,1,31.0,6,0.0,0.9,,0.1535182751093859,0.1535182751093859,0.1535182751093859,0.1535182751093859,0.1535182751093859,0.28346868942621073
5,1,32.0,6,0.0,0.9,,0.1535182751093859,0.1535182751093859,0.1535182751093859,0.1535182751093859,0.1535182751093859,0.28346868942621073
5,1,33.0,6,0.0,0.9,,0.1535182751093859,0.1535182751093859,0.1535182751093859,0.1535182751093859,0.1535182751093859,0.28346868942621073
5,1,34.0,6,0.0,0.9,,0.1535182751093859,0.1535182751093859,0.1535182751093859,0.1535182751093859,0.1535182751093859,0.28346868942621073
5,1,35.0,6,0.0,0.9,,0.1535182751093859,0.1535182751093859,0.1535182751093859,0.1535182751093859,0.1535182751093859,0.28346868942621073
5,1,36.0,6,0.0,0.9,,0.1535182751093859,0.1535182751093859,0.1535182751093859,0.1535182751093859,0.1535182751093859,0.28346868942621073
5,1,37.0,6,0.0,0.9,,0.1535182751093859,0.1535182751093859,0.1535182751093859,0.1535182751093859,0.1535182751093859,0.28346868942621073
5,1,38.0,6,0.0,0.9,,0.1535182751093859,0.1535182751093859,0.1535182751093859,0.1535182751093859,0.1535182751093859,0.28346868942621073
5,1,39.0,6,0.0,0.9,,0.1535182751093859,0.1535182751093859,0.1535182751093859,0.1535182751093859,0.1535182751093859,0.28346868942621073
5,1,40.0,6,0.0,0.9,,0.1535182751093859,0.1535182751093859,0.1535182751093859,0.1535182751093859,0.1535182751093859,0.28346868942621073
5,1,41.0,6,0.0,0.9,,0.1535182751093859,0.1535182751093859,0.1535182751093859,0.1535182751093859,0.1535182751093859,0.28346868942621073
5,1,42.0,6,0.0,0.9,,0.1535182751093859,0.1535182751093859,0.1535182751093859,0.1535182751093859,0.1535182751093859,0.28346868942621073
5,1,43.0,6,0.0,0.9,,0.1535182751093859,0.1535182751093859,0.1535182751093859,0.1535182751093859,0.1535182751093859,0.28346868942621073
5,1,44.0,6,0.0,0.9,,0.1535182751093859,0.1535182751093859,0.1535182751093859,0.1535182751093859,0.1535182751093859,0.28346868942621073
5,1,45.0,6,0.0,0.9,,0.1535182751093859,0.1535182751093859,0.1535182751093859,0.1535182751093859,0.1535182751093859,0.28346868942621073
5,1,46.0,6,0.0,0.9,,0.1535182751093859,0.1535182751093859,0.1535182751093859,0.1535182751093859,0.1535182751093859,0.28346868942621073
5,1,47.0,6,0.0,0.9,,0.1535182751093859,0.1535182751093859,0.1535182751093859,0.1535182751093859,0.1535182751093859,0.28346868942621073
5,1,48.0,6,0.0,0.9,,0.1535182751093859,0.1535182751093859,0.1535182751093859,0.1535182751093859,0.1535182751093859,0.28346868942621073
5,1,49.0,6,0.0,0.9,,0.1535182751093859,0.1535182751093859,0.1535182751093859,0.1535182751093859,0.1535182751093859,0.28346868942621073
5,1,50.0,6,0.0,0.9,,0.1535182751093859,0.1535182751093859,0.1535182751093859,0.1535182751093859,0.1535182751093859,0.28346868942621073
5,1,51.0,6,0.0,0.9,,0.1535182751093859,0.1535182751093859,0.1535182751093859,0.1535182751093859,0.1535182751093859,0.28346868942621073
5,1,52.0,6,0.0,0.9,,0.1535182751093859,0.1535182751093859,0.1535182751093859,0.1535182751093859,0.1535182751093859,0.28346868942621073
5,1,53.0,6,0.0,0.9,,0.1535182751093859,0.1535182751093859,0.1535182751093859,0.1535182751093859,0.1535182751093859,0.28346868942621073
5,1,54.0,6,0.0,0.9,,0.1535182751093859,0.1535182751093859,0.1535182751093859,0.1535182751093859,0.1535182751093859,0.28346868942621073
5,1,55.0,6,0.0,0.9,,0.1535182751093859,0.1535182751093859,0.1535182751093859,0.1535182751093859,0.1535182751093859,0.28346868942621073
5,1,56.0,6,0.0,0.9,,0.1535182751093859,0.1535182751093859,0.1535182751093859,0.1535182751093859,0.1535182751093859,0.28346868942621073
5,1,57.0,6,0.0,0.9,,0.1535182751093859,0.1535182751093859,0.1535182751093859,0.1535182751093859,0.1535182751093859,0.28346868942621073
5,1,58.0,6,0.0,0.9,,0.1535182751093859,0.1535182751093859,0.1535182751093859,0.1535182751093859,0.1535182751093859,0.28346868942621073
5,1,59.0,6,0.0,0.9,,0.1535182751093859,0.1535182751093859,0.1535182751093859,0.1535182751093859,0.1535182751093859,0.28346868942621073
5,1,60.0,6,0.0,0.9,,0.1535182751093859,0.1535182751093859,0.1535182751093859,0.1535182751093859,0.1535182751093859,0.28346868942621073
5,1,61.0,6,0.0,0.9,,0.1535182751093859,0.1535182751093859,0.1535182751093859,0.1535182751093859,0.1535182751093859,0.28346868942621073
5,1,62.0,6,0.0,0.9,,0.1535182751093859,0.1535182751093859,0.1535182751093859,0.1535182751093859,0.1535182751093859,0.28346868942621073
5,1,63.0,6,0.0,0.9,,0.1535182751093859,0.1535182751093859,0.1535182751093859,0.1535182751093859,0.1535182751093859,0.28346868942621073
5,1,64.0,6,0.0,0.9,,0.1535182751093859,0.1535182751093859,0.1535182751093859,0.1535182751093859,0.1535182751093859,0.28346868942621073
5,1,65.0,6,0.0,0.9,,0.1535182751093859,0.1535182751093859,0.1535182751093859,0.1535182751093859,0.1535182751093859,0.28346868942621073
5,1,66.0,6,0.0,0.9,,0.1535182751093859,0.1535182751093859,0.1535182751093859,0.1535182751093859,0.1535182751093859,0.28346868942621073
5,1,67.0,6,0.0,0.9,,0.1535182751093859,0.1535182751093859,0.1535182751093859,0.1535182751093859,0.1535182751093859,0.28346868942621073
5,1,68.0,6,0.0,0.9,,0.1535182751093859,0.1535182751093859,0.1535182751093859,0.1535182751093859,0.1535182751093859,0.28346868942621073
5,1,69.0,6,0.0,0.9,,0.1535182751093859,0.1535182751093859,0.1535182751093859,0.1535182751093859,0.1535182751093859,0.28346868942621073
5,1,70.0,6,0.0,0.9,,0.1535182751093859,0.1535182751093859,0.1535182751093859,0.1535182751093859,0.1535182751093859,0.28346868942621073
5,1,71.0,6,0.0,0.9,,0.1535182751093859,0.1535182751093859,0.1535182751093859,0.1535182751093859,0.1535182751093859,0.28346868942621073
5,1,72.0,6,0.0,0.9,,0.1535182751093859,0.1535182751093859,0.1535182751093859,0.1535182751093859,0.1535182751093859,0.28346868942621073
5,1,73.0,6,0.0,0.9,,0.1535182751093859,0.1535182751093859,0.1535182751093859,0.1535182751093859,0.1535182751093859,0.28346868942621073
5,1,74.0,6,0.0,0.9,,0.1535182751093859,0.1535182751093859,0.1535182751093859,0.1535182751093859,0.1535182751093859,0.28346868942621073
5,1,75.0,6,0.0,0.9,,0.1535182751093859,0.1535182751093859,0.1535182751093859,0.1535182751093859,0.1535182751093859,0.28346868942621073
5,1,76.0,6,0.0,0.9,,0.1535182751093859,0.1535182751093859,0.1535182751093859,0.1535182751093859,0.1535182751093859,0.28346868942621073
5,1,77.0,6,0.0,0.9,,0.1535182751093859,0.1535182751093859,0.1535182751093859,0.1535182751093859,0.1535182751093859,0.28346868942621073
5,1,78.0,6,0.0,0.9,,0.1535182751093859,0.1535182751093859,0.1535182751093859,0.1535182751093859,0.1535182751093859,0.28346868942621073
5,1,79.0,6,0.0,0.9,,0.1535182751093859,0.1535182751093859,0.1535182751093859,0.1535182751093859,0.1535182751093859,0.28346868942621073
5,1,80.0,6,0.0,0.9,,0.1535182751093859,0.1535182751093859,0.1535182751093859,0.1535182751093859,0.1535182751093859,0.28346868942621073
5,1,81.0,6,0.0,0.9,,0.1535182751093859,0.1535182751093859,0.1535182751093859,0.1535182751093859,0.1535182751093859,0.28346868942621073
5,1,82.0,6,0.0,0.9,,0.1535182751093859,0.1535182751093859,0.1535182751093859,0.1535182751093859,0.1535182751093859,0.28346868942621073
5,1,83.0,6,0.0,0.9,,0.1535182751093859,0.1535182751093859,0.1535182751093859,0.1535182751093859,0.1535182751093859,0.28346868942621073
5,1,84.0,6,0.0,0.9,,0.1535182751093859,0.1535182751093859,0.1535182751093859,0.1535182751093859,0.1535182751093859,0.28346868942621073
5,1,85.0,6,0.0,0.9,,0.1535182751093859,0.1535182751093859,0.1535182751093859,0.1535182751093859,0.1535182751093859,0.28346868942621073
5,1,86.0,6,0.0,0.9,,0.1535182751093859,0.1535182751093859,0.1535182751093859,0.1535182751093859,0.1535182751093859,0.28346868942621073
5,1,87.0,6,0.0,0.9,,0.1535182751093859,0.1535182751093859,0.1535182751093859,0.1535182751093859,0.1535182751093859,0.28346868942621073
5,1,88.0,6,0.0,0.9,,0.1535182751093859,0.1535182751093859,0.1535182751093859,0.1535182751093859,0.1535182751093859,0.28346868942621073
5,1,89.0,6,0.0,0.9,,0.1535182751093859,0.1535182751093859,0.1535182751093859,0.1535182751093859,0.1535182751093859,0.28346868942621073
5,1,90.0,6,0.0,0.9,,0.1535182751093859,0.1535182751093859,0.1535182751093859,0.1535182751093859,0.1535182751093859,0.28346868942621073
5,1,91.0,6,0.0,0.9,,0.1535182751093859,0.1535182751093859,0.1535182751093859,0.1535182751093859,0.1535182751093859,0.28346868942621073
5,1,92.0,6,0.0,0.9,,0.1535182751093859,0.1535182751093859,0.1535182751093859,0.1535182751093859,0.1535182751093859,0.28346868942621073
5,1,93.0,6,0.0,0.9,,0.1535182751093859,0.1535182751093859,0.1535182751093859,0.1535182751093859,0.1535182751093859,0.28346868942621073
5,1,94.0,6,0.0,0.9,,0.1535182751093859,0.1535182751093859,0.1535182751093859,0.1535182751093859,0.1535182751093859,0.28346868942621073
5,1,95.0,6,0.0,0.9,,0.1535182751093859,0.1535182751093859,0.1535182751093859,0.1535182751093859,0.1535182751093859,0.28346868942621073
5,1,96.0,6,0.0,0.9,,0.1535182751093859,0.1535182751093859,0.1535182751093859,0.1535182751093859,0.1535182751093859,0.28346868942621073
5,1,97.0,6,0.0,0.9,,0.1535182751093859,0.1535182751093859,0.1535182751093859,0.1535182751093859,0.1535182751093859,0.28346868942621073
5,1,98.0,6,0.0,0.9,,0.1535182751093859,0.1535182751093859,0.1535182751093859,0.1535182751093859,0.1535182751093859,0.28346868942621073
5,1,99.0,6,0.0,0.9,,0.1535182751093859,0.1535182751093859,0.1535182751093859,0.1535182751093859,0.1535182751093859,0.28346868942621073
5,1,100.0,6,0.0,0.9,,0.1535182751093859,0.1535182751093859,0.1535182751093859,0.1535182751093859,0.1535182751093859,0.28346868942621073
6,2,1.0,6,0.0,0.0,,0.1535182751093859,0.39346934028736663,0.5654017914929217,0.6760705289592385,0.5833176511955565,0.23796400667796944
6,2,2.0,6,0.0,0.0,,0.1535182751093859,0.39346934028736663,0.5654017914929217,0.6291747490914218,0.6794374997731532,0.5993739967846908
6,2,3.0,6,0.0,0.0,,0.1535182751093859,0.39346934028736663,0.5654017914929217,0.6268784444300473,0.659794009193743,0.5652418918821294
6,2,4.0,6,0.0,0.0,,0.1535182751093859,0.39346934028736663,0.5654017914929217,0.5735729841081146,0.5457819051911433,0.5810860500062127
6,2,5.0,6,0.0,0.0,,0.1535182751093859,0.39346934028736663,0.5654017914929217,0.6254086593908549,0.5193695203961446,0.6796064426351194
6,2,6.0,6,0.0,0.0,,0.1535182751093859,0.39346934028736663,0.5654017914929217,0.6314297278300527,0.8403182471923822,0.645684871851857
6,2,7.0,6,0.0,0.0,,0.1535182751093859,0.39346934028736663,0.5654017914929217,0.6890162384829867,0.5007920931242301,0.6424925205308064
6,2,8.0,6,0.0,0.0,,0.1535182751093859,0.39346934028736663,0.5654017914929217,0.6502631245419945,0.6737507851736089,0.7061342546815768
6,2,9.0,6,0.0,0.0,,0.1535182751093859,0.39346934028736663,0.5654017914929217,0.6053410964221406,0.5237004796028699,0.6248343292077396
6,2,10.0,6,0.0,0.0,,0.1535182751093859,0.39346934028736663,0.5654017914929217,0.6966124732600325,0.5041351049569485,0.6749236933890842
6,2,11.0,6,0.0,0.0,,0.1535182751093859,0.39346934028736663,0.5654017914929217,0.7223359447391957,0.5041314422592736,0.5745621069193999
6,2,12.0,6,0.0,0.0,,0.1535182751093859,0.39346934028736663,0.5654017914929217,0.6050811801244624,0.49809923879673723,0.4595293874673379
6,2,13.0,6,0.0,0.0,,0.1535182751093859,0.39346934028736663,0.5654017914929217,0.6551679632218779,0.718398493766618,0.6524018843617084
6,2,14.0,6,0.0,0.0,,0.1535182751093859,0.39346934028736663,0.5654017914929217,0.6217100138086551,0.6698596107908669,0.7101609041053664
6,2,15.0,6,0.0,0.0,,0.1535182751093859,0.39346934028736663,0.5654017914929217,0.6554223997164037,0.650578580277497,0.29542020408992326
6,2,16.0,6,0.0,0.0,,0.1535182751093859,0.39346934028736663,0.5654017914929217,0.6000088642470812,0.49087882516468095,0.4288635994182333
6,2,17.0,6,0.0,0.0,,0.1535182751093859,0.39346934028736663,0.5654017914929217,0.583052999672127,0.6058812952346441,0.5809531284383556
6,2,18.0,6,0.0,0.0,,0.1535182751093859,0.39346934028736663,0.5654017914929217,0.6209973089058753,0.5847281504390398,0.5178554812849263
6,2,19.0,6,0.0,0.0,,0.1535182751093859,0.39346934028736663,0.5654017914929217,0.6962741186691586,0.4357974489466308,0.7608041571139629
6,2,20.0,6,0.0,0.0,,0.1535182751093859,0.39346934028736663,0.5654017914929217,0.5558540754215499,0.5196203042735106,0.5265755908038093
6,2,21.0,6,0.0,0.0,,0.1535182751093859,0.39346934028736663,0.5654017914929217,0.6165027070954456,0.4846643117218042,0.4544239342549763
6,2,22.0,6,0.0,0.0,,0.1535182751093859,0.39346934028736663,0.5654017914929217,0.6749033824322785,0.3657626649895999,0.3486178910419861
6,2,23.0,6,0.0,0.0,,0.1535182751093859,0.39346934028736663,0.5654017914929217,0.584870551098061,0.5183223406793067,0.48838612162004036
6,2,24.0,6,0.0,0.0,,0.1535182751093859,0.39346934028736663,0.5654017914929217,0.6704709793659543,0.7318924062678458,0.6062550389153976
6,2,25.0,6,0.0,0.0,,0.1535182751093859,0.39346934028736663,0.5654017914929217,0.5612842416834128,0.5503718847822392,0.48558619972010264
6,2,26.0,6,0.0,0.0,,0.1535182751093859,0.39346934028736663,0.5654017914929217,0.6143324698579942,0.6511069433368373,0.6535702471188942
6,2,27.0,6,0.0,0.0,,0.1535182751093859,0.39346934028736663,0.5654017914929217,0.5358209136029861,0.6482683320364085,0.37705952246962404
6,2,28.0,6,0.0,0.0,,0.1535182751093859,0.39346934028736663,0.5654017914929217,0.6432218055493604,0.5188947615730315,0.4675944672393979
6,2,29.0,6,0.0,0.0,,0.1535182751093859,0.39346934028736663,0.5654017914929217,0.6576593327680574,0.48736927615228903,0.32044559721875043
6,2,30.0,6,0.0,0.0,,0.1535182751093859,0.39346934028736663,0.5654017914929217,0.634934073284932,0.6162747112953444,0.3782659875687783
6,2,31.0,6,0.0,0.0,,0.1535182751093859,0.39346934028736663,0.5654017914929217,0.6908561909540829,0.5890857753751517,0.6570992407929548
6,2,32.0,6,0.0,0.0,,0.1535182751093859,0.39346934028736663,0.5654017914929217,0.6957113852490837,0.42830550565622777,0.4622595217462295
6,2,33.0,6,0.0,0.0,,0.1535182751093859,0.39346934028736663,0.5654017914929217,0.5765023890977059,0.5029240751431256,0.6208377149939059
6,2,34.0,6,0.0,0.0,,0.1535182751093859,0.39346934028736663,0.5654017914929217,0.6149137102616634,0.6220785581859016,0.7781886149112296
6,2,35.0,6,0.0,0.0,,0.1535182751093859,0.39346934028736663,0.5654017914929217,0.743000933761225,0.48973742863778186,0.6478980907425729
6,2,36.0,6,0.0,0.0,,0.1535182751093859,0.39346934028736663,0.5654017914929217,0.6512804066532935,0.7193627913903865,0.5374850772759988
6,2,37.0,6,0.0,0.0,,0.1535182751093859,0.39346934028736663,0.5654017914929217,0.5842718118944553,0.618804231377011,0.37761988809506064
6,2,38.0,6,0.0,0.0,,0.1535182751093859,0.39346934028736663,0.5654017914929217,0.6277937112559083,0.6964944408488218,0.5575311748557062
6,2,39.0,6,0.0,0.0,,0.1535182751093859,0.39346934028736663,0.5654017914929217,0.7022903524234048,0.7076740891365576,0.6510242837258596
6,2,40.0,6,0.0,0.0,,0.1535182751093859,0.39346934028736663,0.5654017914929217,0.7484981793220189,0.48211072029517943,0.5618396785439399
6,2,41.0,6,0.0,0.0,,0.1535182751093859,0.39346934028736663,0.5654017914929217,0.5430815305144929,0.5856864819870816,0.5327448582361947
6,2,42.0,6,0.0,0.0,,0.1535182751093859,0.39346934028736663,0.5654017914929217,0.6321070279988458,0.7107725942169841,0.4468091876811632
6,2,43.0,6,0.0,0.0,,0.1535182751093859,0.39346934028736663,0.5654017914929217,0.6644972509535327,0.5600353432202474,0.7556285891047508
6,2,44.0,6,0.0,0.0,,0.1535182751093859,0.39346934028736663,0.5654017914929217,0.6371778465095087,0.5053205221700505,0.4176103376148349
6,2,45.0,6,0.0,0.0,,0.1535182751093859,0.39346934028736663,0.5654017914929217,0.6512486439597387,0.49742584969262016,0.49568965612963617
6,2,46.0,6,0.0,0.0,,0.1535182751093859,0.39346934028736663,0.5654017914929217,0.6351418908994894,0.5632704608712101,0.4415806456908191
6,2,47.0,6,0.0,0.0,,0.1535182751093859,0.39346934028736663,0.5654017914929217,0.6532055869105328,0.5239861007874593,0.5231300560501624
6,2,48.0,6,0.0,0.0,,0.1535182751093859,0.39346934028736663,0.5654017914929217,0.6232498743793384,0.6455496661499177,0.7462741989992401
6,2,49.0,6,0.0,0.0,,0.1535182751093859,0.39346934028736663,0.5654017914929217,0.6542277806039012,0.49679892481732385,0.5608999041200263
6,2,50.0,6,0.0,0.0,,0.1535182751093859,0.39346934028736663,0.5654017914929217,0.5599521716961093,0.39484694248649327,0.30466233090169287
6,2,51.0,6,0.0,0.0,,0.1535182751093859,0.39346934028736663,0.5654017914929217,0.5973849433912692,0.7070534320179787,0.4125638064649773
6,2,52.0,6,0.0,0.0,,0.1535182751093859,0.39346934028736663,0.5654017914929217,0.6402738650583255,0.3843008129292592,0.45137087217351085
6,2,53.0,6,0.0,0.0,,0.1535182751093859,0.39346934028736663,0.5654017914929217,0.6639100004616794,0.5341032058701438,0.6269936846108738
6,2,54.0,6,0.0,0.0,,0.1535182751093859,0.39346934028736663,0.5654017914929217,0.6846351260031472,0.6643283023802149,0.4647826374912672
6,2,55.0,6,0.0,0.0,,0.1535182751093859,0.39346934028736663,0.5654017914929217,0.7286066868607585,0.4095856467676914,0.7289241397375312
6,2,56.0,6,0.0,0.0,,0.1535182751093859,0.39346934028736663,0.5654017914929217,0.6592141164890518,0.6084007250102672,0.4905879316466407
6,2,57.0,6,0.0,0.0,,0.1535182751093859,0.39346934028736663,0.5654017914929217,0.6272537679293176,0.5024873690426175,0.6502978109823073
6,2,58.0,6,0.0,0.0,,0.1535182751093859,0.39346934028736663,0.5654017914929217,0.5735330692661471,0.35776353417204926,0.5776163337697297
6,2,59.0,6,0.0,0.0,,0.1535182751093859,0.39346934028736663,0.5654017914929217,0.6070397498069263,0.6065263958492326,0.665652826927715
6,2,60.0,6,0.0,0.0,,0.1535182751093859,0.39346934028736663,0.5654017914929217,0.6048770294552915,0.6394606047672975,0.38892072414375045
6,2,61.0,6,0.0,0.0,,0.1535182751093859,0.39346934028736663,0.5654017914929217,0.6074763977253849,0.5171237422034698,0.7222171792948837
6,2,62.0,6,0.0,0.0,,0.1535182751093859,0.39346934028736663,0.5654017914929217,0.6190804739987337,0.7545436100392688,0.6074592051840514
6,2,63.0,6,0.0,0.0,,0.1535182751093859,0.39346934028736663,0.5654017914929217,0.6638561682050137,0.6995313528381089,0.5852402848345906
6,2,64.0,6,0.0,0.0,,0.1535182751093859,0.39346934028736663,0.5654017914929217,0.7181398729926375,0.6235129541191874,0.5815438741043132
6,2,65.0,6,0.0,0.0,,0.1535182751093859,0.39346934028736663,0.5654017914929217,0.6418825949715826,0.4866119164546426,0.2529286193405658
6,2,66.0,6,0.0,0.0,,0.1535182751093859,0.39346934028736663,0.5654017914929217,0.6211695263060383,0.8496083566869654,0.3783087451898834
6,2,67.0,6,0.0,0.0,,0.1535182751093859,0.39346934028736663,0.5654017914929217,0.6228300076247631,0.7093472897653283,0.5556780595339419
6,2,68.0,6,0.0,0.0,,0.1535182751093859,0.39346934028736663,0.5654017914929217,0.6292136708176582,0.6486827807407505,0.42312281362600784
6,2,69.0,6,0.0,0.0,,0.1535182751093859,0.39346934028736663,0.5654017914929217,0.6293828365479321,0.6466857735153557,0.5207197509862951
6,2,70.0,6,0.0,0.0,,0.1535182751093859,0.39346934028736663,0.5654017914929217,0.6127635916561578,0.475901755366094,0.5620135792646398
6,2,71.0,6,0.0,0.0,,0.1535182751093859,0.39346934028736663,0.5654017914929217,0.6453549831341792,0.5433323905592091,0.603782798599265
6,2,72.0,6,0.0,0.0,,0.1535182751093859,0.39346934028736663,0.5654017914929217,0.6171026207210744,0.46815222673096535,0.5742373842534635
6,2,73.0,6,0.0,0.0,,0.1535182751093859,0.39346934028736663,0.5654017914929217,0.5605330662702257,0.6148367802357949,0.39957642871195753
6,2,74.0,6,0.0,0.0,,0.1535182751093859,0.39346934028736663,0.5654017914929217,0.6721980349716216,0.7176219256597114,0.4855657636253861
6,2,75.0,6,0.0,0.0,,0.1535182751093859,0.39346934028736663,0.5654017914929217,0.600648451422695,0.605054525527317,0.6821395805057071
6,2,76.0,6,0.0,0.0,,0.1535182751093859,0.39346934028736663,0.5654017914929217,0.6497894476425765,0.7694649670522848,0.38656984366792335
6,2,77.0,6,0.0,0.0,,0.1535182751093859,0.39346934028736663,0.5654017914929217,0.6876470175849506,0.7146754370405292,0.5336602864569407
6,2,78.0,6,0.0,0.0,,0.1535182751093859,0.39346934028736663,0.5654017914929217,0.5958880524808186,0.6079437544202175,0.6557799802743876
6,2,79.0,6,0.0,0.0,,0.1535182751093859,0.39346934028736663,0.5654017914929217,0.6445154407884328,0.607659574333445,0.2792667182261684
6,2,80.0,6,0.0,0.0,,0.1535182751093859,0.39346934028736663,0.5654017914929217,0.6823691457487666,0.5814178096493356,0.7719013663010306
6,2,81.0,6,0.0,0.0,,0.1535182751093859,0.39346934028736663,0.5654017914929217,0.6126402315810688,0.5203123479906916,0.4633651067972072
6,2,82.0,6,0.0,0.0,,0.1535182751093859,0.39346934028736663,0.5654017914929217,0.613860978862058,0.6390706802653255,0.3002299679122108
6,2,83.0,6,0.0,0.0,,0.1535182751093859,0.39346934028736663,0.5654017914929217,0.5690316998071665,0.6629078188502475,0.4738379006311325
6,2,84.0,6,0.0,0.0,,0.1535182751093859,0.39346934028736663,0.5654017914929217,0.7130838508687484,0.6716018264063826,0.2278239294335834
6,2,85.0,6,0.0,0.0,,0.1535182751093859,0.39346934028736663,0.5654017914929217,0.6280776988835755,0.6747526578732301,0.7357650038822517
6,2,86.0,6,0.0,0.0,,0.1535182751093859,0.39346934028736663,0.5654017914929217,0.696821834146011,0.39350030375094014,0.6219271091396635
6,2,87.0,6,0.0,0.0,,0.1535182751093859,0.39346934028736663,0.5654017914929217,0.5740123141253899,0.3553990395356629,0.4700329794095519
6,2,88.0,6,0.0,0.0,,0.1535182751093859,0.39346934028736663,0.5654017914929217,0.6607469169157387,0.5909830057559878,0.6834086540386922
6,2,89.0,6,0.0,0.0,,0.1535182751093859,0.39346934028736663,0.5654017914929217,0.5476789471350947,0.6455426484888112,0.38138410586336424
6,2,90.0,6,0.0,0.0,,0.1535182751093859,0.39346934028736663,0.5654017914929217,0.669460518187168,0.5067528309016903,0.5759544979348912
6,2,91.0,6,0.0,0.0,,0.1535182751093859,0.39346934028736663,0.5654017914929217,0.5617981047898863,0.6749738665588833,0.4566100642077958
6,2,92.0,6,0.0,0.0,,0.1535182751093859,0.39346934028736663,0.5654017914929217,0.6529547872833839,0.7326109868417873,0.8076559007686879
6,2,93.0,6,0.0,0.0,,0.1535182751093859,0.39346934028736663,0.5654017914929217,0.6001525780342067,0.46134772073815833,0.4237490630588418
6,2,94.0,6,0.0,0.0,,0.1535182751093859,0.39346934028736663,0.5654017914929217,0.5943423538953795,0.5002822257928675,0.49561105109604736
6,2,95.0,6,0.0,0.0,,0.1535182751093859,0.39346934028736663,0.5654017914929217,0.7366580656577949,0.6644417613490513,0.5404814297573732
6,2,96.0,6,0.0,0.0,,0.1535182751093859,0.39346934028736663,0.5654017914929217,0.6123907585611957,0.34340943077651437,0.7328030672873217
6,2,97.0,6,0.0,0.0,,0.1535182751093859,0.39346934028736663,0.5654017914929217,0.6160229924954074,0.41146330263946335,0.5773508575437026
6,2,98.0,6,0.0,0.0,,0.1535182751093859,0.39346934028736663,0.5654017914929217,0.598379060691427,0.5833121943919986,0.6214304802456835
6,2,99.0,6,0.0,0.0,,0.1535182751093859,0.39346934028736663,0.5654017914929217,0.7055556407378154,0.5691006771827896,0.5925207087556379
6,2,100.0,6,0.0,0.0,,0.1535182751093859,0.39346934028736663,0.5654017914929217,0.6724740573314323,0.6700471802827779,0.5420852863296283
7,2,1.0,6,0.0,0.5,,0.1535182751093859,0.28346868942621073,0.28346868942621073,0.4865828809674079,0.6321205588285576,0.6079928893248182
7,2,2.0,6,0.0,0.5,,0.1535182751093859,0.28346868942621073,0.28346868942621073,0.4865828809674079,0.6321205588285576,0.785287334422758
7,2,3.0,6,0.0,0.5,,0.1535182751093859,0.28346868942621073,0.28346868942621073,0.4865828809674079,0.6321205588285576,0.4400231693940221
7,2,4.0,6,0.0,0.5,,0.1535182751093859,0.28346868942621073,0.28346868942621073,0.4865828809674079,0.6321205588285576,0.6414433389661415
7,2,5.0,6,0.0,0.5,,0.1535182751093859,0.28346868942621073,0.28346868942621073,0.4865828809674079,0.6321205588285576,0.5459926443122292
7,2,6.0,6,0.0,0.5,,0.1535182751093859,0.28346868942621073,0.28346868942621073,0.4865828809674079,0.6321205588285576,0.7407460505642287
7,2,7.0,6,0.0,0.5,,0.1535182751093859,0.28346868942621073,0.28346868942621073,0.4865828809674079,0.6321205588285576,0.6908088578361071
7,2,8.0,6,0.0,0.5,,0.1535182751093859,0.28346868942621073,0.28346868942621073,0.4865828809674079,0.6321205588285576,0.5855898150331372
7,2,9.0,6,0.0,0.5,,0.1535182751093859,0.28346868942621073,0.28346868942621073,0.4865828809674079,0.6321205588285576,0.7259342469181609
7,2,10.0,6,0.0,0.5,,0.1535182751093859,0.28346868942621073,0.28346868942621073,0.4865828809674079,0.6321205588285576,0.6704964634560038
7,2,11.0,6,0.0,0.5,,0.1535182751093859,0.28346868942621073,0.28346868942621073,0.4865828809674079,0.6321205588285576,0.713949933336252
7,2,12.0,6,0.0,0.5,,0.1535182751093859,0.28346868942621073,0.28346868942621073,0.4865828809674079,0.6321205588285576,0.6395322211273593
7,2,13.0,6,0.0,0.5,,0.1535182751093859,0.28346868942621073,0.28346868942621073,0.4865828809674079,0.6321205588285576,0.7623635206261066
7,2,14.0,6,0.0,0.5,,0.1535182751093859,0.28346868942621073,0.28346868942621073,0.4865828809674079,0.6321205588285576,0.6711745139292155
7,2,15.0,6,0.0,0.5,,0.1535182751093859,0.28346868942621073,0.28346868942621073,0.4865828809674079,0.6321205588285576,0.5297064192593427
7,2,16.0,6,0.0,0.5,,0.1535182751093859,0.28346868942621073,0.28346868942621073,0.4865828809674079,0.6321205588285576,0.5549035343782325
7,2,17.0,6,0.0,0.5,,0.1535182751093859,0.28346868942621073,0.28346868942621073,0.4865828809674079,0.6321205588285576,0.5717585164075276
7,2,18.0,6,0.0,0.5,,0.1535182751093859,0.28346868942621073,0.28346868942621073,0.4865828809674079,0.6321205588285576,0.6900734918027249
7,2,19.0,6,0.0,0.5,,0.1535182751093859,0.28346868942621073,0.28346868942621073,0.4865828809674079,0.6321205588285576,0.5441307049976062
7,2,20.0,6,0.0,0.5,,0.1535182751093859,0.28346868942621073,0.28346868942621073,0.4865828809674079,0.6321205588285576,0.692149786529292
7,2,21.0,6,0.0,0.5,,0.1535182751093859,0.28346868942621073,0.28346868942621073,0.4865828809674079,0.6321205588285576,0.7441537091696168
7,2,22.0,6,0.0,0.5,,0.1535182751093859,0.28346868942621073,0.28346868942621073,0.4865828809674079,0.6321205588285576,0.638247410490112
7,2,23.0,6,0.0,0.5,,0.1535182751093859,0.28346868942621073,0.28346868942621073,0.4865828809674079,0.6321205588285576,0.6247599336734216
7,2,24.0,6,0.0,0.5,,0.1535182751093859,0.28346868942621073,0.28346868942621073,0.4865828809674079,0.6321205588285576,0.661918741398687
7,2,25.0,6,0.0,0.5,,0.1535182751093859,0.28346868942621073,0.28346868942621073,0.4865828809674079,0.6321205588285576,0.5461051002133643
7,2,26.0,6,0.0,0.5,,0.1535182751093859,0.28346868942621073,0.28346868942621073,0.4865828809674079,0.6321205588285576,0.4603219237474897
7,2,27.0,6,0.0,0.5,,0.1535182751093859,0.28346868942621073,0.28346868942621073,0.4865828809674079,0.6321205588285576,0.6506536259481754
7,2,28.0,6,0.0,0.5,,0.1535182751093859,0.28346868942621073,0.28346868942621073,0.4865828809674079,0.6321205588285576,0.6509219419909622
7,2,29.0,6,0.0,0.5,,0.1535182751093859,0.28346868942621073,0.28346868942621073,0.4865828809674079,0.6321205588285576,0.6726245494953125
7,2,30.0,6,0.0,0.5,,0.1535182751093859,0.28346868942621073,0.28346868942621073,0.4865828809674079,0.6321205588285576,0.6274813509437707
7,2,31.0,6,0.0,0.5,,0.1535182751093859,0.28346868942621073,0.28346868942621073,0.4865828809674079,0.6321205588285576,0.6581465622325015
7,2,32.0,6,0.0,0.5,,0.1535182751093859,0.28346868942621073,0.28346868942621073,0.4865828809674079,0.6321205588285576,0.6891331708198584
7,2,33.0,6,0.0,0.5,,0.1535182751093859,0.28346868942621073,0.28346868942621073,0.4865828809674079,0.6321205588285576,0.6379884459281303
7,2,34.0,6,0.0,0.5,,0.1535182751093859,0.28346868942621073,0.28346868942621073,0.4865828809674079,0.6321205588285576,0.6377857658388344
7,2,35.0,6,0.0,0.5,,0.1535182751093859,0.28346868942621073,0.28346868942621073,0.4865828809674079,0.6321205588285576,0.6428636072584558
7,2,36.0,6,0.0,0.5,,0.1535182751093859,0.28346868942621073,0.28346868942621073,0.4865828809674079,0.6321205588285576,0.5727867816785703
7,2,37.0,6,0.0,0.5,,0.1535182751093859,0.28346868942621073,0.28346868942621073,0.4865828809674079,0.6321205588285576,0.6905123908321238
7,2,38.0,6,0.0,0.5,,0.1535182751093859,0.28346868942621073,0.28346868942621073,0.4865828809674079,0.6321205588285576,0.5488225407110102
7,2,39.0,6,0.0,0.5,,0.1535182751093859,0.28346868942621073,0.28346868942621073,0.4865828809674079,0.6321205588285576,0.5503844244794109
7,2,40.0,6,0.0,0.5,,0.1535182751093859,0.28346868942621073,0.28346868942621073,0.4865828809674079,0.6321205588285576,0.49553083695496836
7,2,41.0,6,0.0,0.5,,0.1535182751093859,0.28346868942621073,0.28346868942621073,0.4865828809674079,0.6321205588285576,0.6087012608166673
7,2,42.0,6,0.0,0.5,,0.1535182751093859,0.28346868942621073,0.28346868942621073,0.4865828809674079,0.6321205588285576,0.7416459946338916
7,2,43.0,6,0.0,0.5,,0.1535182751093859,0.28346868942621073,0.28346868942621073,0.4865828809674079,0.6321205588285576,0.5738198813286354
7,2,44.0,6,0.0,0.5,,0.1535182751093859,0.28346868942621073,0.28346868942621073,0.4865828809674079,0.6321205588285576,0.5462768760608222
7,2,45.0,6,0.0,0.5,,0.1535182751093859,0.28346868942621073,0.28346868942621073,0.4865828809674079,0.6321205588285576,0.5138933814381179
7,2,46.0,6,0.0,0.5,,0.1535182751093859,0.28346868942621073,0.28346868942621073,0.4865828809674079,0.6321205588285576,0.6023821809725016
7,2,47.0,6,0.0,0.5,,0.1535182751093859,0.28346868942621073,0.28346868942621073,0.4865828809674079,0.6321205588285576,0.623792923423526
7,2,48.0,6,0.0,0.5,,0.1535182751093859,0.28346868942621073,0.28346868942621073,0.4865828809674079,0.6321205588285576,0.5647302499348477
7,2,49.0,6,0.0,0.5,,0.1535182751093859,0.28346868942621073,0.28346868942621073,0.4865828809674079,0.6321205588285576,0.6298585894248074
7,2,50.0,6,0.0,0.5,,0.1535182751093859,0.28346868942621073,0.28346868942621073,0.4865828809674079,0.6321205588285576,0.7048546456290816
7,2,51.0,6,0.0,0.5,,0.1535182751093859,0.28346868942621073,0.28346868942621073,0.4865828809674079,0.6321205588285576,0.6507234504089661
7,2,52.0,6,0.0,0.5,,0.1535182751093859,0.28346868942621073,0.28346868942621073,0.4865828809674079,0.6321205588285576,0.650490590731398
7,2,53.0,6,0.0,0.5,,0.1535182751093859,0.28346868942621073,0.28346868942621073,0.4865828809674079,0.6321205588285576,0.6021651107537082
7,2,54.0,6,0.0,0.5,,0.1535182751093859,0.28346868942621073,0.28346868942621073,0.4865828809674079,0.6321205588285576,0.6230850975191495
7,2,55.0,6,0.0,0.5,,0.1535182751093859,0.28346868942621073,0.28346868942621073,0.4865828809674079,0.6321205588285576,0.6639357383942778
7,2,56.0,6,0.0,0.5,,0.1535182751093859,0.28346868942621073,0.28346868942621073,0.4865828809674079,0.6321205588285576,0.6772189317889558
7,2,57.0,6,0.0,0.5,,0.1535182751093859,0.28346868942621073,0.28346868942621073,0.4865828809674079,0.6321205588285576,0.5295173967157871
7,2,58.0,6,0.0,0.5,,0.1535182751093859,0.28346868942621073,0.28346868942621073,0.4865828809674079,0.6321205588285576,0.7767847608392889
7,2,59.0,6,0.0,0.5,,0.1535182751093859,0.28346868942621073,0.28346868942621073,0.4865828809674079,0.6321205588285576,0.6861599280999993
7,2,60.0,6,0.0,0.5,,0.1535182751093859,0.28346868942621073,0.28346868942621073,0.4865828809674079,0.6321205588285576,0.6716459657872642
7,2,61.0,6,0.0,0.5,,0.1535182751093859,0.28346868942621073,0.28346868942621073,0.4865828809674079,0.6321205588285576,0.5918213875919658
7,2,62.0,6,0.0,0.5,,0.1535182751093859,0.28346868942621073,0.28346868942621073,0.4865828809674079,0.6321205588285576,0.5892029461824781
7,2,63.0,6,0.0,0.5,,0.1535182751093859,0.28346868942621073,0.28346868942621073,0.4865828809674079,0.6321205588285576,0.4803584092373285
7,2,64.0,6,0.0,0.5,,0.1535182751093859,0.28346868942621073,0.28346868942621073,0.4865828809674079,0.6321205588285576,0.6633748532771558
7,2,65.0,6,0.0,0.5,,0.1535182751093859,0.28346868942621073,0.28346868942621073,0.4865828809674079,0.6321205588285576,0.7128248455668317
7,2,66.0,6,0.0,0.5,,0.1535182751093859,0.28346868942621073,0.28346868942621073,0.4865828809674079,0.6321205588285576,0.5575222621861475
7,2,67.0,6,0.0,0.5,,0.1535182751093859,0.28346868942621073,0.28346868942621073,0.4865828809674079,0.6321205588285576,0.7063168484371907
7,2,68.0,6,0.0,0.5,,0.1535182751093859,0.28346868942621073,0.28346868942621073,0.4865828809674079,0.6321205588285576,0.5275436605910373
7,2,69.0,6,0.0,0.5,,0.1535182751093859,0.28346868942621073,0.28346868942621073,0.4865828809674079,0.6321205588285576,0.4924061908610701
7,2,70.0,6,0.0,0.5,,0.1535182751093859,0.28346868942621073,0.28346868942621073,0.4865828809674079,0.6321205588285576,0.5177564737215874
7,2,71.0,6,0.0,0.5,,0.1535182751093859,0.28346868942621073,0.28346868942621073,0.4865828809674079,0.6321205588285576,0.38162534620605026
7,2,72.0,6,0.0,0.5,,0.1535182751093859,0.28346868942621073,0.28346868942621073,0.4865828809674079,0.6321205588285576,0.6522362096925297
7,2,73.0,6,0.0,0.5,,0.1535182751093859,0.28346868942621073,0.28346868942621073,0.4865828809674079,0.6321205588285576,0.6730209123828217
7,2,74.0,6,0.0,0.5,,0.1535182751093859,0.28346868942621073,0.28346868942621073,0.4865828809674079,0.6321205588285576,0.5890107731094525
7,2,75.0,6,0.0,0.5,,0.1535182751093859,0.28346868942621073,0.28346868942621073,0.4865828809674079,0.6321205588285576,0.7172181248068978
7,2,76.0,6,0.0,0.5,,0.1535182751093859,0.28346868942621073,0.28346868942621073,0.4865828809674079,0.6321205588285576,0.6745601441686307
7,2,77.0,6,0.0,0.5,,0.1535182751093859,0.28346868942621073,0.28346868942621073,0.4865828809674079,0.6321205588285576,0.6475957572737594
7,2,78.0,6,0.0,0.5,,0.1535182751093859,0.28346868942621073,0.28346868942621073,0.4865828809674079,0.6321205588285576,0.6095734143940429
7,2,79.0,6,0.0,0.5,,0.1535182751093859,0.28346868942621073,0.28346868942621073,0.4865828809674079,0.6321205588285576,0.5449328948604635
7,2,80.0,6,0.0,0.5,,0.1535182751093859,0.28346868942621073,0.28346868942621073,0.4865828809674079,0.6321205588285576,0.5195514985184865
7,2,81.0,6,0.0,0.5,,0.1535182751093859,0.28346868942621073,0.28346868942621073,0.4865828809674079,0.6321205588285576,0.6536945732723037
7,2,82.0,6,0.0,0.5,,0.1535182751093859,0.28346868942621073,0.28346868942621073,0.4865828809674079,0.6321205588285576,0.629436456813955
7,2,83.0,6,0.0,0.5,,0.1535182751093859,0.28346868942621073,0.28346868942621073,0.4865828809674079,0.6321205588285576,0.6748977172685738
7,2,84.0,6,0.0,0.5,,0.1535182751093859,0.28346868942621073,0.28346868942621073,0.4865828809674079,0.6321205588285576,0.5154862536479683
7,2,85.0,6,0.0,0.5,,0.1535182751093859,0.28346868942621073,0.28346868942621073,0.4865828809674079,0.6321205588285576,0.6927299615746098
7,2,86.0,6,0.0,0.5,,0.1535182751093859,0.28346868942621073,0.28346868942621073,0.4865828809674079,0.6321205588285576,0.6218317935226741
7,2,87.0,6,0.0,0.5,,0.1535182751093859,0.28346868942621073,0.28346868942621073,0.4865828809674079,0.6321205588285576,0.5278682633380546
7,2,88.0,6,0.0,0.5,,0.1535182751093859,0.28346868942621073,0.28346868942621073,0.4865828809674079,0.6321205588285576,0.5982904594632107
7,2,89.0,6,0.0,0.5,,0.1535182751093859,0.28346868942621073,0.28346868942621073,0.4865828809674079,0.6321205588285576,0.6926199767724026
7,2,90.0,6,0.0,0.5,,0.1535182751093859,0.28346868942621073,0.28346868942621073,0.4865828809674079,0.6321205588285576,0.5652186071907377
7,2,91.0,6,0.0,0.5,,0.1535182751093859,0.28346868942621073,0.28346868942621073,0.4865828809674079,0.6321205588285576,0.46684792515257395
7,2,92.0,6,0.0,0.5,,0.1535182751093859,0.28346868942621073,0.28346868942621073,0.4865828809674079,0.6321205588285576,0.609588403529888
7,2,93.0,6,0.0,0.5,,0.1535182751093859,0.28346868942621073,0.28346868942621073,0.4865828809674079,0.6321205588285576,0.5648359606061045
7,2,94.0,6,0.0,0.5,,0.1535182751093859,0.28346868942621073,0.28346868942621073,0.4865828809674079,0.6321205588285576,0.6336251910942013
7,2,95.0,6,0.0,0.5,,0.1535182751093859,0.28346868942621073,0.28346868942621073,0.4865828809674079,0.6321205588285576,0.6257657382416741
7,2,96.0,6,0.0,0.5,,0.1535182751093859,0.28346868942621073,0.28346868942621073,0.4865828809674079,0.6321205588285576,0.6417147553832155
7,2,97.0,6,0.0,0.5,,0.1535182751093859,0.28346868942621073,0.28346868942621073,0.4865828809674079,0.6321205588285576,0.5395344049493918
7,2,98.0,6,0.0,0.5,,0.1535182751093859,0.28346868942621073,0.28346868942621073,0.4865828809674079,0.6321205588285576,0.7730600968456811
7,2,99.0,6,0.0,0.5,,0.1535182751093859,0.28346868942621073,0.28346868942621073,0.4865828809674079,0.6321205588285576,0.6039549293993138
7,2,100.0,6,0.0,0.5,,0.1535182751093859,0.28346868942621073,0.28346868942621073,0.4865828809674079,0.6321205588285576,0.6489369853584032
8,2,1.0,6,0.0,0.9,,0.1535182751093859,0.1535182751093859,0.1535182751093859,0.1535182751093859,0.1535182751093859,0.28346868942621073
8,2,2.0,6,0.0,0.9,,0.1535182751093859,0.1535182751093859,0.1535182751093859,0.1535182751093859,0.1535182751093859,0.28346868942621073
8,2,3.0,6,0.0,0.9,,0.1535182751093859,0.1535182751093859,0.1535182751093859,0.1535182751093859,0.1535182751093859,0.28346868942621073
8,2,4.0,6,0.0,0.9,,0.1535182751093859,0.1535182751093859,0.1535182751093859,0.1535182751093859,0.1535182751093859,0.28346868942621073
8,2,5.0,6,0.0,0.9,,0.1535182751093859,0.1535182751093859,0.1535182751093859,0.1535182751093859,0.1535182751093859,0.28346868942621073
8,2,6.0,6,0.0,0.9,,0.1535182751093859,0.1535182751093859,0.1535182751093859,0.1535182751093859,0.1535182751093859,0.28346868942621073
8,2,7.0,6,0.0,0.9,,0.1535182751093859,0.1535182751093859,0.1535182751093859,0.1535182751093859,0.1535182751093859,0.28346868942621073
8,2,8.0,6,0.0,0.9,,0.1535182751093859,0.1535182751093859,0.1535182751093859,0.1535182751093859,0.1535182751093859,0.28346868942621073
8,2,9.0,6,0.0,0.9,,0.1535182751093859,0.1535182751093859,0.1535182751093859,0.1535182751093859,0.1535182751093859,0.28346868942621073
8,2,10.0,6,0.0,0.9,,0.1535182751093859,0.1535182751093859,0.1535182751093859,0.1535182751093859,0.1535182751093859,0.28346868942621073
8,2,11.0,6,0.0,0.9,,0.1535182751093859,0.1535182751093859,0.1535182751093859,0.1535182751093859,0.1535182751093859,0.28346868942621073
8,2,12.0,6,0.0,0.9,,0.1535182751093859,0.1535182751093859,0.1535182751093859,0.1535182751093859,0.1535182751093859,0.28346868942621073
8,2,13.0,6,0.0,0.9,,0.1535182751093859,0.1535182751093859,0.1535182751093859,0.1535182751093859,0.1535182751093859,0.28346868942621073
8,2,14.0,6,0.0,0.9,,0.1535182751093859,0.1535182751093859,0.1535182751093859,0.1535182751093859,0.1535182751093859,0.28346868942621073
8,2,15.0,6,0.0,0.9,,0.1535182751093859,0.1535182751093859,0.1535182751093859,0.1535182751093859,0.1535182751093859,0.28346868942621073
8,2,16.0,6,0.0,0.9,,0.1535182751093859,0.1535182751093859,0.1535182751093859,0.1535182751093859,0.1535182751093859,0.28346868942621073
8,2,17.0,6,0.0,0.9,,0.1535182751093859,0.1535182751093859,0.1535182751093859,0.1535182751093859,0.1535182751093859,0.28346868942621073
8,2,18.0,6,0.0,0.9,,0.1535182751093859,0.1535182751093859,0.1535182751093859,0.1535182751093859,0.1535182751093859,0.28346868942621073
8,2,19.0,6,0.0,0.9,,0.1535182751093859,0.1535182751093859,0.1535182751093859,0.1535182751093859,0.1535182751093859,0.28346868942621073
8,2,20.0,6,0.0,0.9,,0.1535182751093859,0.1535182751093859,0.1535182751093859,0.1535182751093859,0.1535182751093859,0.28346868942621073
8,2,21.0,6,0.0,0.9,,0.1535182751093859,0.1535182751093859,0.1535182751093859,0.1535182751093859,0.1535182751093859,0.28346868942621073
8,2,22.0,6,0.0,0.9,,0.1535182751093859,0.1535182751093859,0.1535182751093859,0.1535182751093859,0.1535182751093859,0.28346868942621073
8,2,23.0,6,0.0,0.9,,0.1535182751093859,0.1535182751093859,0.1535182751093859,0.1535182751093859,0.1535182751093859,0.28346868942621073
8,2,24.0,6,0.0,0.9,,0.1535182751093859,0.1535182751093859,0.1535182751093859,0.1535182751093859,0.1535182751093859,0.28346868942621073
8,2,25.0,6,0.0,0.9,,0.1535182751093859,0.1535182751093859,0.1535182751093859,0.1535182751093859,0.1535182751093859,0.28346868942621073
8,2,26.0,6,0.0,0.9,,0.1535182751093859,0.1535182751093859,0.1535182751093859,0.1535182751093859,0.1535182751093859,0.28346868942621073
8,2,27.0,6,0.0,0.9,,0.1535182751093859,0.1535182751093859,0.1535182751093859,0.1535182751093859,0.1535182751093859,0.28346868942621073
8,2,28.0,6,0.0,0.9,,0.1535182751093859,0.1535182751093859,0.1535182751093859,0.1535182751093859,0.1535182751093859,0.28346868942621073
8,2,29.0,6,0.0,0.9,,0.1535182751093859,0.1535182751093859,0.1535182751093859,0.1535182751093859,0.1535182751093859,0.28346868942621073
8,2,30.0,6,0.0,0.9,,0.1535182751093859,0.1535182751093859,0.1535182751093859,0.1535182751093859,0.1535182751093859,0.28346868942621073
8,2,31.0,6,0.0,0.9,,0.1535182751093859,0.1535182751093859,0.1535182751093859,0.1535182751093859,0.1535182751093859,0.28346868942621073
8,2,32.0,6,0.0,0.9,,0.1535182751093859,0.1535182751093859,0.1535182751093859,0.1535182751093859,0.1535182751093859,0.28346868942621073
8,2,33.0,6,0.0,0.9,,0.1535182751093859,0.1535182751093859,0.1535182751093859,0.1535182751093859,0.1535182751093859,0.28346868942621073
8,2,34.0,6,0.0,0.9,,0.1535182751093859,0.1535182751093859,0.1535182751093859,0.1535182751093859,0.1535182751093859,0.28346868942621073
8,2,35.0,6,0.0,0.9,,0.1535182751093859,0.1535182751093859,0.1535182751093859,0.1535182751093859,0.1535182751093859,0.28346868942621073
8,2,36.0,6,0.0,0.9,,0.1535182751093859,0.1535182751093859,0.1535182751093859,0.1535182751093859,0.1535182751093859,0.28346868942621073
8,2,37.0,6,0.0,0.9,,0.1535182751093859,0.1535182751093859,0.1535182751093859,0.1535182751093859,0.1535182751093859,0.28346868942621073
8,2,38.0,6,0.0,0.9,,0.1535182751093859,0.1535182751093859,0.1535182751093859,0.1535182751093859,0.1535182751093859,0.28346868942621073
8,2,39.0,6,0.0,0.9,,0.1535182751093859,0.1535182751093859,0.1535182751093859,0.1535182751093859,0.1535182751093859,0.28346868942621073
8,2,40.0,6,0.0,0.9,,0.1535182751093859,0.1535182751093859,0.1535182751093859,0.1535182751093859,0.1535182751093859,0.28346868942621073
8,2,41.0,6,0.0,0.9,,0.1535182751093859,0.1535182751093859,0.1535182751093859,0.1535182751093859,0.1535182751093859,0.28346868942621073
8,2,42.0,6,0.0,0.9,,0.1535182751093859,0.1535182751093859,0.1535182751093859,0.1535182751093859,0.1535182751093859,0.28346868942621073
8,2,43.0,6,0.0,0.9,,0.1535182751093859,0.1535182751093859,0.1535182751093859,0.1535182751093859,0.1535182751093859,0.28346868942621073
8,2,44.0,6,0.0,0.9,,0.1535182751093859,0.1535182751093859,0.1535182751093859,0.1535182751093859,0.1535182751093859,0.28346868942621073
8,2,45.0,6,0.0,0.9,,0.1535182751093859,0.1535182751093859,0.1535182751093859,0.1535182751093859,0.1535182751093859,0.28346868942621073
8,2,46.0,6,0.0,0.9,,0.1535182751093859,0.1535182751093859,0.1535182751093859,0.1535182751093859,0.1535182751093859,0.28346868942621073
8,2,47.0,6,0.0,0.9,,0.1535182751093859,0.1535182751093859,0.1535182751093859,0.1535182751093859,0.1535182751093859,0.28346868942621073
8,2,48.0,6,0.0,0.9,,0.1535182751093859,0.1535182751093859,0.1535182751093859,0.1535182751093859,0.1535182751093859,0.28346868942621073
8,2,49.0,6,0.0,0.9,,0.1535182751093859,0.1535182751093859,0.1535182751093859,0.1535182751093859,0.1535182751093859,0.28346868942621073
8,2,50.0,6,0.0,0.9,,0.1535182751093859,0.1535182751093859,0.1535182751093859,0.1535182751093859,0.1535182751093859,0.28346868942621073
8,2,51.0,6,0.0,0.9,,0.1535182751093859,0.1535182751093859,0.1535182751093859,0.1535182751093859,0.1535182751093859,0.28346868942621073
8,2,52.0,6,0.0,0.9,,0.1535182751093859,0.1535182751093859,0.1535182751093859,0.1535182751093859,0.1535182751093859,0.28346868942621073
8,2,53.0,6,0.0,0.9,,0.1535182751093859,0.1535182751093859,0.1535182751093859,0.1535182751093859,0.1535182751093859,0.28346868942621073
8,2,54.0,6,0.0,0.9,,0.1535182751093859,0.1535182751093859,0.1535182751093859,0.1535182751093859,0.1535182751093859,0.28346868942621073
8,2,55.0,6,0.0,0.9,,0.1535182751093859,0.1535182751093859,0.1535182751093859,0.1535182751093859,0.1535182751093859,0.28346868942621073
8,2,56.0,6,0.0,0.9,,0.1535182751093859,0.1535182751093859,0.1535182751093859,0.1535182751093859,0.1535182751093859,0.28346868942621073
8,2,57.0,6,0.0,0.9,,0.1535182751093859,0.1535182751093859,0.1535182751093859,0.1535182751093859,0.1535182751093859,0.28346868942621073
8,2,58.0,6,0.0,0.9,,0.1535182751093859,0.1535182751093859,0.1535182751093859,0.1535182751093859,0.1535182751093859,0.28346868942621073
8,2,59.0,6,0.0,0.9,,0.1535182751093859,0.1535182751093859,0.1535182751093859,0.1535182751093859,0.1535182751093859,0.28346868942621073
8,2,60.0,6,0.0,0.9,,0.1535182751093859,0.1535182751093859,0.1535182751093859,0.1535182751093859,0.1535182751093859,0.28346868942621073
8,2,61.0,6,0.0,0.9,,0.1535182751093859,0.1535182751093859,0.1535182751093859,0.1535182751093859,0.1535182751093859,0.28346868942621073
8,2,62.0,6,0.0,0.9,,0.1535182751093859,0.1535182751093859,0.1535182751093859,0.1535182751093859,0.1535182751093859,0.28346868942621073
8,2,63.0,6,0.0,0.9,,0.1535182751093859,0.1535182751093859,0.1535182751093859,0.1535182751093859,0.1535182751093859,0.28346868942621073
8,2,64.0,6,0.0,0.9,,0.1535182751093859,0.1535182751093859,0.1535182751093859,0.1535182751093859,0.1535182751093859,0.28346868942621073
8,2,65.0,6,0.0,0.9,,0.1535182751093859,0.1535182751093859,0.1535182751093859,0.1535182751093859,0.1535182751093859,0.28346868942621073
8,2,66.0,6,0.0,0.9,,0.1535182751093859,0.1535182751093859,0.1535182751093859,0.1535182751093859,0.1535182751093859,0.28346868942621073
8,2,67.0,6,0.0,0.9,,0.1535182751093859,0.1535182751093859,0.1535182751093859,0.1535182751093859,0.1535182751093859,0.28346868942621073
8,2,68.0,6,0.0,0.9,,0.1535182751093859,0.1535182751093859,0.1535182751093859,0.1535182751093859,0.1535182751093859,0.28346868942621073
8,2,69.0,6,0.0,0.9,,0.1535182751093859,0.1535182751093859,0.1535182751093859,0.1535182751093859,0.1535182751093859,0.28346868942621073
8,2,70.0,6,0.0,0.9,,0.1535182751093859,0.1535182751093859,0.1535182751093859,0.1535182751093859,0.1535182751093859,0.28346868942621073
8,2,71.0,6,0.0,0.9,,0.1535182751093859,0.1535182751093859,0.1535182751093859,0.1535182751093859,0.1535182751093859,0.28346868942621073
8,2,72.0,6,0.0,0.9,,0.1535182751093859,0.1535182751093859,0.1535182751093859,0.1535182751093859,0.1535182751093859,0.28346868942621073
8,2,73.0,6,0.0,0.9,,0.1535182751093859,0.1535182751093859,0.1535182751093859,0.1535182751093859,0.1535182751093859,0.28346868942621073
8,2,74.0,6,0.0,0.9,,0.1535182751093859,0.1535182751093859,0.1535182751093859,0.1535182751093859,0.1535182751093859,0.28346868942621073
8,2,75.0,6,0.0,0.9,,0.1535182751093859,0.1535182751093859,0.1535182751093859,0.1535182751093859,0.1535182751093859,0.28346868942621073
8,2,76.0,6,0.0,0.9,,0.1535182751093859,0.1535182751093859,0.1535182751093859,0.1535182751093859,0.1535182751093859,0.28346868942621073
8,2,77.0,6,0.0,0.9,,0.1535182751093859,0.1535182751093859,0.1535182751093859,0.1535182751093859,0.1535182751093859,0.28346868942621073
8,2,78.0,6,0.0,0.9,,0.1535182751093859,0.1535182751093859,0.1535182751093859,0.1535182751093859,0.1535182751093859,0.28346868942621073
8,2,79.0,6,0.0,0.9,,0.1535182751093859,0.1535182751093859,0.1535182751093859,0.1535182751093859,0.1535182751093859,0.28346868942621073
8,2,80.0,6,0.0,0.9,,0.1535182751093859,0.1535182751093859,0.1535182751093859,0.1535182751093859,0.1535182751093859,0.28346868942621073
8,2,81.0,6,0.0,0.9,,0.1535182751093859,0.1535182751093859,0.1535182751093859,0.1535182751093859,0.1535182751093859,0.28346868942621073
8,2,82.0,6,0.0,0.9,,0.1535182751093859,0.1535182751093859,0.1535182751093859,0.1535182751093859,0.1535182751093859,0.28346868942621073
8,2,83.0,6,0.0,0.9,,0.1535182751093859,0.1535182751093859,0.1535182751093859,0.1535182751093859,0.1535182751093859,0.28346868942621073
8,2,84.0,6,0.0,0.9,,0.1535182751093859,0.1535182751093859,0.1535182751093859,0.1535182751093859,0.1535182751093859,0.28346868942621073
8,2,85.0,6,0.0,0.9,,0.1535182751093859,0.1535182751093859,0.1535182751093859,0.1535182751093859,0.1535182751093859,0.28346868942621073
8,2,86.0,6,0.0,0.9,,0.1535182751093859,0.1535182751093859,0.1535182751093859,0.1535182751093859,0.1535182751093859,0.28346868942621073
8,2,87.0,6,0.0,0.9,,0.1535182751093859,0.1535182751093859,0.1535182751093859,0.1535182751093859,0.1535182751093859,0.28346868942621073
8,2,88.0,6,0.0,0.9,,0.1535182751093859,0.1535182751093859,0.1535182751093859,0.1535182751093859,0.1535182751093859,0.28346868942621073
8,2,89.0,6,0.0,0.9,,0.1535182751093859,0.1535182751093859,0.1535182751093859,0.1535182751093859,0.1535182751093859,0.28346868942621073
8,2,90.0,6,0.0,0.9,,0.1535182751093859,0.1535182751093859,0.1535182751093859,0.1535182751093859,0.1535182751093859,0.28346868942621073
8,2,91.0,6,0.0,0.9,,0.1535182751093859,0.1535182751093859,0.1535182751093859,0.1535182751093859,0.1535182751093859,0.28346868942621073
8,2,92.0,6,0.0,0.9,,0.1535182751093859,0.1535182751093859,0.1535182751093859,0.1535182751093859,0.1535182751093859,0.28346868942621073
8,2,93.0,6,0.0,0.9,,0.1535182751093859,0.1535182751093859,0.1535182751093859,0.1535182751093859,0.1535182751093859,0.28346868942621073
8,2,94.0,6,0.0,0.9,,0.1535182751093859,0.1535182751093859,0.1535182751093859,0.1535182751093859,0.1535182751093859,0.28346868942621073
8,2,95.0,6,0.0,0.9,,0.1535182751093859,0.1535182751093859,0.1535182751093859,0.1535182751093859,0.1535182751093859,0.28346868942621073
8,2,96.0,6,0.0,0.9,,0.1535182751093859,0.1535182751093859,0.1535182751093859,0.1535182751093859,0.1535182751093859,0.28346868942621073
8,2,97.0,6,0.0,0.9,,0.1535182751093859,0.1535182751093859,0.1535182751093859,0.1535182751093859,0.1535182751093859,0.28346868942621073
8,2,98.0,6,0.0,0.9,,0.1535182751093859,0.1535182751093859,0.1535182751093859,0.1535182751093859,0.1535182751093859,0.28346868942621073
8,2,99.0,6,0.0,0.9,,0.1535182751093859,0.1535182751093859,0.1535182751093859,0.1535182751093859,0.1535182751093859,0.28346868942621073
8,2,100.0,6,0.0,0.9,,0.1535182751093859,0.1535182751093859,0.1535182751093859,0.1535182751093859,0.1535182751093859,0.28346868942621073
9,3,1.0,6,0.0,0.0,,0.1535182751093859,0.39346934028736663,0.5654017914929217,0.6644471817834863,0.6513949093476761,0.6617116254766356
9,3,2.0,6,0.0,0.0,,0.1535182751093859,0.39346934028736663,0.5654017914929217,0.5503596567915907,0.46315965286843663,0.6806768403393478
9,3,3.0,6,0.0,0.0,,0.1535182751093859,0.39346934028736663,0.5654017914929217,0.6844897764877407,0.6381985879894422,0.6902888820505205
9,3,4.0,6,0.0,0.0,,0.1535182751093859,0.39346934028736663,0.5654017914929217,0.648398696578753,0.5983613134989231,0.5602202855111069
9,3,5.0,6,0.0,0.0,,0.1535182751093859,0.39346934028736663,0.5654017914929217,0.6072161220945533,0.7114371894021064,0.4038955926548028
9,3,6.0,6,0.0,0.0,,0.1535182751093859,0.39346934028736663,0.5654017914929217,0.6720670708802199,0.5624051849266882,0.6337513300446009
9,3,7.0,6,0.0,0.0,,0.1535182751093859,0.39346934028736663,0.5654017914929217,0.5789557012510193,0.3151584901716851,0.47987436026323904
9,3,8.0,6,0.0,0.0,,0.1535182751093859,0.39346934028736663,0.5654017914929217,0.6849906713462149,0.7938262465738254,0.5865450667029499
9,3,9.0,6,0.0,0.0,,0.1535182751093859,0.39346934028736663,0.5654017914929217,0.743126531491532,0.7748080670388002,0.8400780516301383
9,3,10.0,6,0.0,0.0,,0.1535182751093859,0.39346934028736663,0.5654017914929217,0.716204731625106,0.6042431666486097,0.4608031767944228
9,3,11.0,6,0.0,0.0,,0.1535182751093859,0.39346934028736663,0.5654017914929217,0.6731563413188268,0.6277262067230763,0.8581949870251531
9,3,12.0,6,0.0,0.0,,0.1535182751093859,0.39346934028736663,0.5654017914929217,0.6003560897241002,0.6099687614465467,0.5527153895892423
9,3,13.0,6,0.0,0.0,,0.1535182751093859,0.39346934028736663,0.5654017914929217,0.7222226601205806,0.6661398421300464,0.6733993200214698
9,3,14.0,6,0.0,0.0,,0.1535182751093859,0.39346934028736663,0.5654017914929217,0.6310055534828092,0.5503153395852416,0.5395980636391806
9,3,15.0,6,0.0,0.0,,0.1535182751093859,0.39346934028736663,0.5654017914929217,0.6973792885569333,0.4752558133031993,0.7045542811337335
9,3,16.0,6,0.0,0.0,,0.1535182751093859,0.39346934028736663,0.5654017914929217,0.7034946690457847,0.6557422227607674,0.33139614501322023
9,3,17.0,6,0.0,0.0,,0.1535182751093859,0.39346934028736663,0.5654017914929217,0.6669765015630311,0.6555142956187349,0.426615284775568
9,3,18.0,6,0.0,0.0,,0.1535182751093859,0.39346934028736663,0.5654017914929217,0.6045592742403386,0.6547309494594236,0.39219861074209544
9,3,19.0,6,0.0,0.0,,0.1535182751093859,0.39346934028736663,0.5654017914929217,0.6527950474486088,0.6054759514026442,0.47039829596975097
9,3,20.0,6,0.0,0.0,,0.1535182751093859,0.39346934028736663,0.5654017914929217,0.6469801260734297,0.612840873160613,0.6400386088176978
9,3,21.0,6,0.0,0.0,,0.1535182751093859,0.39346934028736663,0.5654017914929217,0.6782184132662821,0.5563718019952713,0.7348691435678043
9,3,22.0,6,0.0,0.0,,0.1535182751093859,0.39346934028736663,0.5654017914929217,0.6163544427943044,0.5232299933868048,0.46639949322879
9,3,23.0,6,0.0,0.0,,0.1535182751093859,0.39346934028736663,0.5654017914929217,0.5707734082214682,0.5025606430536517,0.5266032990426878
9,3,24.0,6,0.0,0.0,,0.1535182751093859,0.39346934028736663,0.5654017914929217,0.6485367213982844,0.6496684751123345,0.7017235908405469
9,3,25.0,6,0.0,0.0,,0.1535182751093859,0.39346934028736663,0.5654017914929217,0.6456142390009247,0.5437879530330165,0.6888051901141251
9,3,26.0,6,0.0,0.0,,0.1535182751093859,0.39346934028736663,0.5654017914929217,0.6694340338716541,0.6539414776962073,0.473066791079205
9,3,27.0,6,0.0,0.0,,0.1535182751093859,0.39346934028736663,0.5654017914929217,0.6336729356988647,0.6015844587492813,0.4885769903647198
9,3,28.0,6,0.0,0.0,,0.1535182751093859,0.39346934028736663,0.5654017914929217,0.5792491592494426,0.8099653479363305,0.4338227575425969
9,3,29.0,6,0.0,0.0,,0.1535182751093859,0.39346934028736663,0.5654017914929217,0.6786392436833696,0.766446828576982,0.41319735280223735
9,3,30.0,6,0.0,0.0,,0.1535182751093859,0.39346934028736663,0.5654017914929217,0.6978163112416265,0.7854486874010391,0.5780287337694772
9,3,31.0,6,0.0,0.0,,0.1535182751093859,0.39346934028736663,0.5654017914929217,0.6404259427074386,0.7617986553942784,0.4795056049017431
9,3,32.0,6,0.0,0.0,,0.1535182751093859,0.39346934028736663,0.5654017914929217,0.6129952358547536,0.6114280473920463,0.6365704634760225
9,3,33.0,6,0.0,0.0,,0.1535182751093859,0.39346934028736663,0.5654017914929217,0.6882994018278465,0.6346008696880242,0.5319737133923021
9,3,34.0,6,0.0,0.0,,0.1535182751093859,0.39346934028736663,0.5654017914929217,0.6705313464977152,0.5088222249082892,0.5405722525813589
9,3,35.0,6,0.0,0.0,,0.1535182751093859,0.39346934028736663,0.5654017914929217,0.5785311080303116,0.7280249971335745,0.688141271115151
9,3,36.0,6,0.0,0.0,,0.1535182751093859,0.39346934028736663,0.5654017914929217,0.5816136767334079,0.5897897100167011,0.5424908586248376
9,3,37.0,6,0.0,0.0,,0.1535182751093859,0.39346934028736663,0.5654017914929217,0.6570204620841904,0.4405232562912779,0.4415779083861283
9,3,38.0,6,0.0,0.0,,0.1535182751093859,0.39346934028736663,0.5654017914929217,0.6336586977163491,0.7342095890378568,0.6452960229665229
9,3,39.0,6,0.0,0.0,,0.1535182751093859,0.39346934028736663,0.5654017914929217,0.6374318097342544,0.6286628732994478,0.4190719461644328
9,3,40.0,6,0.0,0.0,,0.1535182751093859,0.39346934028736663,0.5654017914929217,0.6413377466377705,0.8250394942483148,0.6884741751553396
9,3,41.0,6,0.0,0.0,,0.1535182751093859,0.39346934028736663,0.5654017914929217,0.6708354272270967,0.7210829243653274,0.4513432724976566
9,3,42.0,6,0.0,0.0,,0.1535182751093859,0.39346934028736663,0.5654017914929217,0.7043453447520545,0.6453354484546894,0.33927450233170997
9,3,43.0,6,0.0,0.0,,0.1535182751093859,0.39346934028736663,0.5654017914929217,0.5702995626269295,0.6226278496933201,0.32703291208307383
9,3,44.0,6,0.0,0.0,,0.1535182751093859,0.39346934028736663,0.5654017914929217,0.6951220806258465,0.6231575500825427,0.4364161979697867
9,3,45.0,6,0.0,0.0,,0.1535182751093859,0.39346934028736663,0.5654017914929217,0.6859243906461062,0.6550953713077499,0.30998024650749034
9,3,46.0,6,0.0,0.0,,0.1535182751093859,0.39346934028736663,0.5654017914929217,0.6857798045845865,0.6093271084344105,0.7101841596354574
9,3,47.0,6,0.0,0.0,,0.1535182751093859,0.39346934028736663,0.5654017914929217,0.6101717719227948,0.6537646531408184,0.7363829970280765
9,3,48.0,6,0.0,0.0,,0.1535182751093859,0.39346934028736663,0.5654017914929217,0.7112100119451978,0.6215713675860681,0.8138714977924776
9,3,49.0,6,0.0,0.0,,0.1535182751093859,0.39346934028736663,0.5654017914929217,0.6782437558620221,0.555485041036867,0.4670516936217566
9,3,50.0,6,0.0,0.0,,0.1535182751093859,0.39346934028736663,0.5654017914929217,0.6100163396880968,0.8229675235487666,0.6416351863673644
9,3,51.0,6,0.0,0.0,,0.1535182751093859,0.39346934028736663,0.5654017914929217,0.46658085340038385,0.5997827966831,0.4066815528886094
9,3,52.0,6,0.0,0.0,,0.1535182751093859,0.39346934028736663,0.5654017914929217,0.740780221434041,0.6452920254043782,0.5967350613601634
9,3,53.0,6,0.0,0.0,,0.1535182751093859,0.39346934028736663,0.5654017914929217,0.6438077814605796,0.5342079986991394,0.49457557787749273
9,3,54.0,6,0.0,0.0,,0.1535182751093859,0.39346934028736663,0.5654017914929217,0.7284677848321913,0.4720159431078318,0.6262103727855339
9,3,55.0,6,0.0,0.0,,0.1535182751093859,0.39346934028736663,0.5654017914929217,0.6747025544326328,0.7880162668998446,0.611511665612783
9,3,56.0,6,0.0,0.0,,0.1535182751093859,0.39346934028736663,0.5654017914929217,0.6461161516281532,0.5948683456529874,0.6109865037355261
9,3,57.0,6,0.0,0.0,,0.1535182751093859,0.39346934028736663,0.5654017914929217,0.6150616211171672,0.5996963395964445,0.6212564716247012
9,3,58.0,6,0.0,0.0,,0.1535182751093859,0.39346934028736663,0.5654017914929217,0.6555275268833005,0.6906495511605659,0.5814384563075424
9,3,59.0,6,0.0,0.0,,0.1535182751093859,0.39346934028736663,0.5654017914929217,0.6624837764823936,0.6105788144753669,0.5034428369468218
9,3,60.0,6,0.0,0.0,,0.1535182751093859,0.39346934028736663,0.5654017914929217,0.7447449509452444,0.6114498232477155,0.5102643313565445
9,3,61.0,6,0.0,0.0,,0.1535182751093859,0.39346934028736663,0.5654017914929217,0.6610985032676894,0.7333839375202111,0.5692947280338198
9,3,62.0,6,0.0,0.0,,0.1535182751093859,0.39346934028736663,0.5654017914929217,0.511096171451275,0.48907185427358363,0.6589503363408813
9,3,63.0,6,0.0,0.0,,0.1535182751093859,0.39346934028736663,0.5654017914929217,0.6568759172541142,0.6244832456548539,0.4871285561965581
9,3,64.0,6,0.0,0.0,,0.1535182751093859,0.39346934028736663,0.5654017914929217,0.5949557614599762,0.6295527434535385,0.37983925906773536
9,3,65.0,6,0.0,0.0,,0.1535182751093859,0.39346934028736663,0.5654017914929217,0.6213083758871004,0.5908585219007458,0.7083700168590322
9,3,66.0,6,0.0,0.0,,0.1535182751093859,0.39346934028736663,0.5654017914929217,0.6806494578409807,0.4442677973896544,0.6089116742157622
9,3,67.0,6,0.0,0.0,,0.1535182751093859,0.39346934028736663,0.5654017914929217,0.6294853220266861,0.5239812147949774,0.6353168661124239
9,3,68.0,6,0.0,0.0,,0.1535182751093859,0.39346934028736663,0.5654017914929217,0.6075933688975738,0.49897495791712354,0.6577321220777733
9,3,69.0,6,0.0,0.0,,0.1535182751093859,0.39346934028736663,0.5654017914929217,0.65964183016028,0.6263037911177011,0.6241575390164559
9,3,70.0,6,0.0,0.0,,0.1535182751093859,0.39346934028736663,0.5654017914929217,0.6646588480721974,0.6503288998105594,0.4752680943448633
9,3,71.0,6,0.0,0.0,,0.1535182751093859,0.39346934028736663,0.5654017914929217,0.6070374954625085,0.28465007556521355,0.46313503377759135
9,3,72.0,6,0.0,0.0,,0.1535182751093859,0.39346934028736663,0.5654017914929217,0.5999309419820398,0.5999158703091878,0.6344643170684081
9,3,73.0,6,0.0,0.0,,0.1535182751093859,0.39346934028736663,0.5654017914929217,0.7158356576197116,0.6258856034497792,0.5694860920002135
9,3,74.0,6,0.0,0.0,,0.1535182751093859,0.39346934028736663,0.5654017914929217,0.5719763285176913,0.8160896064447016,0.5328128079229643
9,3,75.0,6,0.0,0.0,,0.1535182751093859,0.39346934028736663,0.5654017914929217,0.5630239057916263,0.5652226383430976,0.4591007285363385
9,3,76.0,6,0.0,0.0,,0.1535182751093859,0.39346934028736663,0.5654017914929217,0.59370035404985,0.5746412874498369,0.5270785939498636
9,3,77.0,6,0.0,0.0,,0.1535182751093859,0.39346934028736663,0.5654017914929217,0.6162727356486772,0.6134703945109246,0.6134120360743108
9,3,78.0,6,0.0,0.0,,0.1535182751093859,0.39346934028736663,0.5654017914929217,0.5845190751207701,0.5775830237997567,0.5472553547031522
9,3,79.0,6,0.0,0.0,,0.1535182751093859,0.39346934028736663,0.5654017914929217,0.6251609113001437,0.42984033112433273,0.4185894302294484
9,3,80.0,6,0.0,0.0,,0.1535182751093859,0.39346934028736663,0.5654017914929217,0.69154841311316,0.5386818405929447,0.8606462821582435
9,3,81.0,6,0.0,0.0,,0.1535182751093859,0.39346934028736663,0.5654017914929217,0.7211202084322113,0.5291404200180169,0.43301118542097594
9,3,82.0,6,0.0,0.0,,0.1535182751093859,0.39346934028736663,0.5654017914929217,0.6130206217043522,0.7633508276168606,0.3322443296178509
9,3,83.0,6,0.0,0.0,,0.1535182751093859,0.39346934028736663,0.5654017914929217,0.6435726847741827,0.7248646898204422,0.5846884715516724
9,3,84.0,6,0.0,0.0,,0.1535182751093859,0.39346934028736663,0.5654017914929217,0.6701213488078461,0.6367325098937935,0.7873307233505991
9,3,85.0,6,0.0,0.0,,0.1535182751093859,0.39346934028736663,0.5654017914929217,0.6079081218937153,0.6404285419967853,0.47385840632513465
9,3,86.0,6,0.0,0.0,,0.1535182751093859,0.39346934028736663,0.5654017914929217,0.6993964800778538,0.6364208475218537,0.5089719277273184
9,3,87.0,6,0.0,0.0,,0.1535182751093859,0.39346934028736663,0.5654017914929217,0.5988765725744283,0.7644469983727964,0.5764063409763096
9,3,88.0,6,0.0,0.0,,0.1535182751093859,0.39346934028736663,0.5654017914929217,0.6863821997666082,0.6908043653048977,0.7812756404215869
9,3,89.0,6,0.0,0.0,,0.1535182751093859,0.39346934028736663,0.5654017914929217,0.6113983108333005,0.5316619347983451,0.5496063215574871
9,3,90.0,6,0.0,0.0,,0.1535182751093859,0.39346934028736663,0.5654017914929217,0.5901621155266088,0.38766835842989555,0.5565571637680159
9,3,91.0,6,0.0,0.0,,0.1535182751093859,0.39346934028736663,0.5654017914929217,0.6959762318676157,0.7374324781497943,0.6887536229414508
9,3,92.0,6,0.0,0.0,,0.1535182751093859,0.39346934028736663,0.5654017914929217,0.5495184760538379,0.7811633539169724,0.5817300113797671
9,3,93.0,6,0.0,0.0,,0.1535182751093859,0.39346934028736663,0.5654017914929217,0.5809029456865258,0.5464597113120433,0.701133685582147
9,3,94.0,6,0.0,0.0,,0.1535182751093859,0.39346934028736663,0.5654017914929217,0.6005483913929552,0.7852219649372184,0.4823028304602154
9,3,95.0,6,0.0,0.0,,0.1535182751093859,0.39346934028736663,0.5654017914929217,0.6127130565435928,0.5201971582645959,0.5169989071496156
9,3,96.0,6,0.0,0.0,,0.1535182751093859,0.39346934028736663,0.5654017914929217,0.6293176187939394,0.5497910037322908,0.3470145084922086
9,3,97.0,6,0.0,0.0,,0.1535182751093859,0.39346934028736663,0.5654017914929217,0.6873816658691827,0.564852319879111,0.3672627878295969
9,3,98.0,6,0.0,0.0,,0.1535182751093859,0.39346934028736663,0.5654017914929217,0.6999434091954472,0.6327648837588906,0.6100523372844391
9,3,99.0,6,0.0,0.0,,0.1535182751093859,0.39346934028736663,0.5654017914929217,0.6028126794433961,0.5591001344421851,0.6529817529058233
9,3,100.0,6,0.0,0.0,,0.1535182751093859,0.39346934028736663,0.5654017914929217,0.6607067525103903,0.6447026854424832,0.5571861409372785
10,3,1.0,6,0.0,0.5,,0.1535182751093859,0.28346868942621073,0.28346868942621073,0.4865828809674079,0.6321205588285576,0.6736077921209869
10,3,2.0,6,0.0,0.5,,0.1535182751093859,0.28346868942621073,0.28346868942621073,0.4865828809674079,0.6321205588285576,0.5572777042342338
10,3,3.0,6,0.0,0.5,,0.1535182751093859,0.28346868942621073,0.28346868942621073,0.4865828809674079,0.6321205588285576,0.7114478422799688
10,3,4.0,6,0.0,0.5,,0.1535182751093859,0.28346868942621073,0.28346868942621073,0.4865828809674079,0.6321205588285576,0.7376143728020002
10,3,5.0,6,0.0,0.5,,0.1535182751093859,0.28346868942621073,0.28346868942621073,0.4865828809674079,0.6321205588285576,0.5077549417335885
10,3,6.0,6,0.0,0.5,,0.1535182751093859,0.28346868942621073,0.28346868942621073,0.4865828809674079,0.6321205588285576,0.641559992989118
10,3,7.0,6,0.0,0.5,,0.1535182751093859,0.28346868942621073,0.28346868942621073,0.4865828809674079,0.6321205588285576,0.7463956161716908
10,3,8.0,6,0.0,0.5,,0.1535182751093859,0.28346868942621073,0.28346868942621073,0.4865828809674079,0.6321205588285576,0.6449448708524625
10,3,9.0,6,0.0,0.5,,0.1535182751093859,0.28346868942621073,0.28346868942621073,0.4865828809674079,0.6321205588285576,0.711413207376356
10,3,10.0,6,0.0,0.5,,0.1535182751093859,0.28346868942621073,0.28346868942621073,0.4865828809674079,0.6321205588285576,0.5893808224793001
10,3,11.0,6,0.0,0.5,,0.1535182751093859,0.28346868942621073,0.28346868942621073,0.4865828809674079,0.6321205588285576,0.600287472923801
10,3,12.0,6,0.0,0.5,,0.1535182751093859,0.28346868942621073,0.28346868942621073,0.4865828809674079,0.6321205588285576,0.6751025510068767
10,3,13.0,6,0.0,0.5,,0.1535182751093859,0.28346868942621073,0.28346868942621073,0.4865828809674079,0.6321205588285576,0.5452014437322639
10,3,14.0,6,0.0,0.5,,0.1535182751093859,0.28346868942621073,0.28346868942621073,0.4865828809674079,0.6321205588285576,0.5577905184199762
10,3,15.0,6,0.0,0.5,,0.1535182751093859,0.28346868942621073,0.28346868942621073,0.4865828809674079,0.6321205588285576,0.4995698428790233
10,3,16.0,6,0.0,0.5,,0.1535182751093859,0.28346868942621073,0.28346868942621073,0.4865828809674079,0.6321205588285576,0.5024795529982418
10,3,17.0,6,0.0,0.5,,0.1535182751093859,0.28346868942621073,0.28346868942621073,0.4865828809674079,0.6321205588285576,0.7140446664864911
10,3,18.0,6,0.0,0.5,,0.1535182751093859,0.28346868942621073,0.28346868942621073,0.4865828809674079,0.6321205588285576,0.5808999146385706
10,3,19.0,6,0.0,0.5,,0.1535182751093859,0.28346868942621073,0.28346868942621073,0.4865828809674079,0.6321205588285576,0.646150326978152
10,3,20.0,6,0.0,0.5,,0.1535182751093859,0.28346868942621073,0.28346868942621073,0.4865828809674079,0.6321205588285576,0.6621759305307211
10,3,21.0,6,0.0,0.5,,0.1535182751093859,0.28346868942621073,0.28346868942621073,0.4865828809674079,0.6321205588285576,0.7113068594654719
10,3,22.0,6,0.0,0.5,,0.1535182751093859,0.28346868942621073,0.28346868942621073,0.4865828809674079,0.6321205588285576,0.6746424074196062
10,3,23.0,6,0.0,0.5,,0.1535182751093859,0.28346868942621073,0.28346868942621073,0.4865828809674079,0.6321205588285576,0.7284776061479934
10,3,24.0,6,0.0,0.5,,0.1535182751093859,0.28346868942621073,0.28346868942621073,0.4865828809674079,0.6321205588285576,0.512307521039726
10,3,25.0,6,0.0,0.5,,0.1535182751093859,0.28346868942621073,0.28346868942621073,0.4865828809674079,0.6321205588285576,0.7194567929351915
10,3,26.0,6,0.0,0.5,,0.1535182751093859,0.28346868942621073,0.28346868942621073,0.4865828809674079,0.6321205588285576,0.6769109130074397
10,3,27.0,6,0.0,0.5,,0.1535182751093859,0.28346868942621073,0.28346868942621073,0.4865828809674079,0.6321205588285576,0.6204469367194363
10,3,28.0,6,0.0,0.5,,0.1535182751093859,0.28346868942621073,0.28346868942621073,0.4865828809674079,0.6321205588285576,0.7067686002397877
10,3,29.0,6,0.0,0.5,,0.1535182751093859,0.28346868942621073,0.28346868942621073,0.4865828809674079,0.6321205588285576,0.602030920253577
10,3,30.0,6,0.0,0.5,,0.1535182751093859,0.28346868942621073,0.28346868942621073,0.4865828809674079,0.6321205588285576,0.567642193484813
10,3,31.0,6,0.0,0.5,,0.1535182751093859,0.28346868942621073,0.28346868942621073,0.4865828809674079,0.6321205588285576,0.5832171668976012
10,3,32.0,6,0.0,0.5,,0.1535182751093859,0.28346868942621073,0.28346868942621073,0.4865828809674079,0.6321205588285576,0.5418536904232214
10,3,33.0,6,0.0,0.5,,0.1535182751093859,0.28346868942621073,0.28346868942621073,0.4865828809674079,0.6321205588285576,0.5615967615057232
10,3,34.0,6,0.0,0.5,,0.1535182751093859,0.28346868942621073,0.28346868942621073,0.4865828809674079,0.6321205588285576,0.6216600437083984
10,3,35.0,6,0.0,0.5,,0.1535182751093859,0.28346868942621073,0.28346868942621073,0.4865828809674079,0.6321205588285576,0.6419549719716054
10,3,36.0,6,0.0,0.5,,0.1535182751093859,0.28346868942621073,0.28346868942621073,0.4865828809674079,0.6321205588285576,0.7065220386588098
10,3,37.0,6,0.0,0.5,,0.1535182751093859,0.28346868942621073,0.28346868942621073,0.4865828809674079,0.6321205588285576,0.7056843413516265
10,3,38.0,6,0.0,0.5,,0.1535182751093859,0.28346868942621073,0.28346868942621073,0.4865828809674079,0.6321205588285576,0.5282712660460707
10,3,39.0,6,0.0,0.5,,0.1535182751093859,0.28346868942621073,0.28346868942621073,0.4865828809674079,0.6321205588285576,0.703089224755177
10,3,40.0,6,0.0,0.5,,0.1535182751093859,0.28346868942621073,0.28346868942621073,0.4865828809674079,0.6321205588285576,0.4789864803653915
10,3,41.0,6,0.0,0.5,,0.1535182751093859,0.28346868942621073,0.28346868942621073,0.4865828809674079,0.6321205588285576,0.60191501361048
10,3,42.0,6,0.0,0.5,,0.1535182751093859,0.28346868942621073,0.28346868942621073,0.4865828809674079,0.6321205588285576,0.5732164446967413
10,3,43.0,6,0.0,0.5,,0.1535182751093859,0.28346868942621073,0.28346868942621073,0.4865828809674079,0.6321205588285576,0.7088184672704487
10,3,44.0,6,0.0,0.5,,0.1535182751093859,0.28346868942621073,0.28346868942621073,0.4865828809674079,0.6321205588285576,0.5394282293526158
10,3,45.0,6,0.0,0.5,,0.1535182751093859,0.28346868942621073,0.28346868942621073,0.4865828809674079,0.6321205588285576,0.7050083962405355
10,3,46.0,6,0.0,0.5,,0.1535182751093859,0.28346868942621073,0.28346868942621073,0.4865828809674079,0.6321205588285576,0.5440481186979828
10,3,47.0,6,0.0,0.5,,0.1535182751093859,0.28346868942621073,0.28346868942621073,0.4865828809674079,0.6321205588285576,0.7327282384060283
10,3,48.0,6,0.0,0.5,,0.1535182751093859,0.28346868942621073,0.28346868942621073,0.4865828809674079,0.6321205588285576,0.6765045020587124
10,3,49.0,6,0.0,0.5,,0.1535182751093859,0.28346868942621073,0.28346868942621073,0.4865828809674079,0.6321205588285576,0.7877251965477703
10,3,50.0,6,0.0,0.5,,0.1535182751093859,0.28346868942621073,0.28346868942621073,0.4865828809674079,0.6321205588285576,0.5862225705820127
10,3,51.0,6,0.0,0.5,,0.1535182751093859,0.28346868942621073,0.28346868942621073,0.4865828809674079,0.6321205588285576,0.7840310623397728
10,3,52.0,6,0.0,0.5,,0.1535182751093859,0.28346868942621073,0.28346868942621073,0.4865828809674079,0.6321205588285576,0.6062918395117818
10,3,53.0,6,0.0,0.5,,0.1535182751093859,0.28346868942621073,0.28346868942621073,0.4865828809674079,0.6321205588285576,0.6970661411698603
10,3,54.0,6,0.0,0.5,,0.1535182751093859,0.28346868942621073,0.28346868942621073,0.4865828809674079,0.6321205588285576,0.5282129545218053
10,3,55.0,6,0.0,0.5,,0.1535182751093859,0.28346868942621073,0.28346868942621073,0.4865828809674079,0.6321205588285576,0.6586287485644469
10,3,56.0,6,0.0,0.5,,0.1535182751093859,0.28346868942621073,0.28346868942621073,0.4865828809674079,0.6321205588285576,0.5317518960465485
10,3,57.0,6,0.0,0.5,,0.1535182751093859,0.28346868942621073,0.28346868942621073,0.4865828809674079,0.6321205588285576,0.7388331235887333
10,3,58.0,6,0.0,0.5,,0.1535182751093859,0.28346868942621073,0.28346868942621073,0.4865828809674079,0.6321205588285576,0.4754731144024141
10,3,59.0,6,0.0,0.5,,0.1535182751093859,0.28346868942621073,0.28346868942621073,0.4865828809674079,0.6321205588285576,0.5353620387002384
10,3,60.0,6,0.0,0.5,,0.1535182751093859,0.28346868942621073,0.28346868942621073,0.4865828809674079,0.6321205588285576,0.6511654899041042
10,3,61.0,6,0.0,0.5,,0.1535182751093859,0.28346868942621073,0.28346868942621073,0.4865828809674079,0.6321205588285576,0.5948293330536216
10,3,62.0,6,0.0,0.5,,0.1535182751093859,0.28346868942621073,0.28346868942621073,0.4865828809674079,0.6321205588285576,0.6943640257400668
10,3,63.0,6,0.0,0.5,,0.1535182751093859,0.28346868942621073,0.28346868942621073,0.4865828809674079,0.6321205588285576,0.6586862124516522
10,3,64.0,6,0.0,0.5,,0.1535182751093859,0.28346868942621073,0.28346868942621073,0.4865828809674079,0.6321205588285576,0.574250970591419
10,3,65.0,6,0.0,0.5,,0.1535182751093859,0.28346868942621073,0.28346868942621073,0.4865828809674079,0.6321205588285576,0.5823496666360046
10,3,66.0,6,0.0,0.5,,0.1535182751093859,0.28346868942621073,0.28346868942621073,0.4865828809674079,0.6321205588285576,0.677495355289867
10,3,67.0,6,0.0,0.5,,0.1535182751093859,0.28346868942621073,0.28346868942621073,0.4865828809674079,0.6321205588285576,0.602418623316956
10,3,68.0,6,0.0,0.5,,0.1535182751093859,0.28346868942621073,0.28346868942621073,0.4865828809674079,0.6321205588285576,0.6221624175609618
10,3,69.0,6,0.0,0.5,,0.1535182751093859,0.28346868942621073,0.28346868942621073,0.4865828809674079,0.6321205588285576,0.6326736990008668
10,3,70.0,6,0.0,0.5,,0.1535182751093859,0.28346868942621073,0.28346868942621073,0.4865828809674079,0.6321205588285576,0.6141668794768892
10,3,71.0,6,0.0,0.5,,0.1535182751093859,0.28346868942621073,0.28346868942621073,0.4865828809674079,0.6321205588285576,0.6239726915883017
10,3,72.0,6,0.0,0.5,,0.1535182751093859,0.28346868942621073,0.28346868942621073,0.4865828809674079,0.6321205588285576,0.6008015549707006
10,3,73.0,6,0.0,0.5,,0.1535182751093859,0.28346868942621073,0.28346868942621073,0.4865828809674079,0.6321205588285576,0.5719671443439682
10,3,74.0,6,0.0,0.5,,0.1535182751093859,0.28346868942621073,0.28346868942621073,0.4865828809674079,0.6321205588285576,0.7289067579744445
10,3,75.0,6,0.0,0.5,,0.1535182751093859,0.28346868942621073,0.28346868942621073,0.4865828809674079,0.6321205588285576,0.56596429016177
10,3,76.0,6,0.0,0.5,,0.1535182751093859,0.28346868942621073,0.28346868942621073,0.4865828809674079,0.6321205588285576,0.7081298782629696
10,3,77.0,6,0.0,0.5,,0.1535182751093859,0.28346868942621073,0.28346868942621073,0.4865828809674079,0.6321205588285576,0.6214642610412933
10,3,78.0,6,0.0,0.5,,0.1535182751093859,0.28346868942621073,0.28346868942621073,0.4865828809674079,0.6321205588285576,0.6893777074140541
10,3,79.0,6,0.0,0.5,,0.1535182751093859,0.28346868942621073,0.28346868942621073,0.4865828809674079,0.6321205588285576,0.6180159397917243
10,3,80.0,6,0.0,0.5,,0.1535182751093859,0.28346868942621073,0.28346868942621073,0.4865828809674079,0.6321205588285576,0.592258698734067
10,3,81.0,6,0.0,0.5,,0.1535182751093859,0.28346868942621073,0.28346868942621073,0.4865828809674079,0.6321205588285576,0.6660054040063714
10,3,82.0,6,0.0,0.5,,0.1535182751093859,0.28346868942621073,0.28346868942621073,0.4865828809674079,0.6321205588285576,0.577845000867097
10,3,83.0,6,0.0,0.5,,0.1535182751093859,0.28346868942621073,0.28346868942621073,0.4865828809674079,0.6321205588285576,0.7053270717376608
10,3,84.0,6,0.0,0.5,,0.1535182751093859,0.28346868942621073,0.28346868942621073,0.4865828809674079,0.6321205588285576,0.596144719833372
10,3,85.0,6,0.0,0.5,,0.1535182751093859,0.28346868942621073,0.28346868942621073,0.4865828809674079,0.6321205588285576,0.5044034374523202
10,3,86.0,6,0.0,0.5,,0.1535182751093859,0.28346868942621073,0.28346868942621073,0.4865828809674079,0.6321205588285576,0.6826996892158881
10,3,87.0,6,0.0,0.5,,0.1535182751093859,0.28346868942621073,0.28346868942621073,0.4865828809674079,0.6321205588285576,0.738477724479459
10,3,88.0,6,0.0,0.5,,0.1535182751093859,0.28346868942621073,0.28346868942621073,0.4865828809674079,0.6321205588285576,0.6357251196765825
10,3,89.0,6,0.0,0.5,,0.1535182751093859,0.28346868942621073,0.28346868942621073,0.4865828809674079,0.6321205588285576,0.7115398269904094
10,3,90.0,6,0.0,0.5,,0.1535182751093859,0.28346868942621073,0.28346868942621073,0.4865828809674079,0.6321205588285576,0.5572492756430956
10,3,91.0,6,0.0,0.5,,0.1535182751093859,0.28346868942621073,0.28346868942621073,0.4865828809674079,0.6321205588285576,0.6293629407685587
10,3,92.0,6,0.0,0.5,,0.1535182751093859,0.28346868942621073,0.28346868942621073,0.4865828809674079,0.6321205588285576,0.7198255387532599
10,3,93.0,6,0.0,0.5,,0.1535182751093859,0.28346868942621073,0.28346868942621073,0.4865828809674079,0.6321205588285576,0.641094772322951
10,3,94.0,6,0.0,0.5,,0.1535182751093859,0.28346868942621073,0.28346868942621073,0.4865828809674079,0.6321205588285576,0.5027416699484644
10,3,95.0,6,0.0,0.5,,0.1535182751093859,0.28346868942621073,0.28346868942621073,0.4865828809674079,0.6321205588285576,0.7578862540690705
10,3,96.0,6,0.0,0.5,,0.1535182751093859,0.28346868942621073,0.28346868942621073,0.4865828809674079,0.6321205588285576,0.5528630003615065
10,3,97.0,6,0.0,0.5,,0.1535182751093859,0.28346868942621073,0.28346868942621073,0.4865828809674079,0.6321205588285576,0.5510690606495786
10,3,98.0,6,0.0,0.5,,0.1535182751093859,0.28346868942621073,0.28346868942621073,0.4865828809674079,0.6321205588285576,0.5977828429542382
10,3,99.0,6,0.0,0.5,,0.1535182751093859,0.28346868942621073,0.28346868942621073,0.4865828809674079,0.6321205588285576,0.534703167841155
10,3,100.0,6,0.0,0.5,,0.1535182751093859,0.28346868942621073,0.28346868942621073,0.4865828809674079,0.6321205588285576,0.6720662560497247
11,3,1.0,6,0.0,0.9,,0.1535182751093859,0.1535182751093859,0.1535182751093859,0.1535182751093859,0.1535182751093859,0.28346868942621073
11,3,2.0,6,0.0,0.9,,0.1535182751093859,0.1535182751093859,0.1535182751093859,0.1535182751093859,0.1535182751093859,0.28346868942621073
11,3,3.0,6,0.0,0.9,,0.1535182751093859,0.1535182751093859,0.1535182751093859,0.1535182751093859,0.1535182751093859,0.28346868942621073
11,3,4.0,6,0.0,0.9,,0.1535182751093859,0.1535182751093859,0.1535182751093859,0.1535182751093859,0.1535182751093859,0.28346868942621073
11,3,5.0,6,0.0,0.9,,0.1535182751093859,0.1535182751093859,0.1535182751093859,0.1535182751093859,0.1535182751093859,0.28346868942621073
11,3,6.0,6,0.0,0.9,,0.1535182751093859,0.1535182751093859,0.1535182751093859,0.1535182751093859,0.1535182751093859,0.28346868942621073
11,3,7.0,6,0.0,0.9,,0.1535182751093859,0.1535182751093859,0.1535182751093859,0.1535182751093859,0.1535182751093859,0.28346868942621073
11,3,8.0,6,0.0,0.9,,0.1535182751093859,0.1535182751093859,0.1535182751093859,0.1535182751093859,0.1535182751093859,0.28346868942621073
11,3,9.0,6,0.0,0.9,,0.1535182751093859,0.1535182751093859,0.1535182751093859,0.1535182751093859,0.1535182751093859,0.28346868942621073
11,3,10.0,6,0.0,0.9,,0.1535182751093859,0.1535182751093859,0.1535182751093859,0.1535182751093859,0.1535182751093859,0.28346868942621073
11,3,11.0,6,0.0,0.9,,0.1535182751093859,0.1535182751093859,0.1535182751093859,0.1535182751093859,0.1535182751093859,0.28346868942621073
11,3,12.0,6,0.0,0.9,,0.1535182751093859,0.1535182751093859,0.1535182751093859,0.1535182751093859,0.1535182751093859,0.28346868942621073
11,3,13.0,6,0.0,0.9,,0.1535182751093859,0.1535182751093859,0.1535182751093859,0.1535182751093859,0.1535182751093859,0.28346868942621073
11,3,14.0,6,0.0,0.9,,0.1535182751093859,0.1535182751093859,0.1535182751093859,0.1535182751093859,0.1535182751093859,0.28346868942621073
11,3,15.0,6,0.0,0.9,,0.1535182751093859,0.1535182751093859,0.1535182751093859,0.1535182751093859,0.1535182751093859,0.28346868942621073
11,3,16.0,6,0.0,0.9,,0.1535182751093859,0.1535182751093859,0.1535182751093859,0.1535182751093859,0.1535182751093859,0.28346868942621073
11,3,17.0,6,0.0,0.9,,0.1535182751093859,0.1535182751093859,0.1535182751093859,0.1535182751093859,0.1535182751093859,0.28346868942621073
11,3,18.0,6,0.0,0.9,,0.1535182751093859,0.1535182751093859,0.1535182751093859,0.1535182751093859,0.1535182751093859,0.28346868942621073
11,3,19.0,6,0.0,0.9,,0.1535182751093859,0.1535182751093859,0.1535182751093859,0.1535182751093859,0.1535182751093859,0.28346868942621073
11,3,20.0,6,0.0,0.9,,0.1535182751093859,0.1535182751093859,0.1535182751093859,0.1535182751093859,0.1535182751093859,0.28346868942621073
11,3,21.0,6,0.0,0.9,,0.1535182751093859,0.1535182751093859,0.1535182751093859,0.1535182751093859,0.1535182751093859,0.28346868942621073
11,3,22.0,6,0.0,0.9,,0.1535182751093859,0.1535182751093859,0.1535182751093859,0.1535182751093859,0.1535182751093859,0.28346868942621073
11,3,23.0,6,0.0,0.9,,0.1535182751093859,0.1535182751093859,0.1535182751093859,0.1535182751093859,0.1535182751093859,0.28346868942621073
11,3,24.0,6,0.0,0.9,,0.1535182751093859,0.1535182751093859,0.1535182751093859,0.1535182751093859,0.1535182751093859,0.28346868942621073
11,3,25.0,6,0.0,0.9,,0.1535182751093859,0.1535182751093859,0.1535182751093859,0.1535182751093859,0.1535182751093859,0.28346868942621073
11,3,26.0,6,0.0,0.9,,0.1535182751093859,0.1535182751093859,0.1535182751093859,0.1535182751093859,0.1535182751093859,0.28346868942621073
11,3,27.0,6,0.0,0.9,,0.1535182751093859,0.1535182751093859,0.1535182751093859,0.1535182751093859,0.1535182751093859,0.28346868942621073
11,3,28.0,6,0.0,0.9,,0.1535182751093859,0.1535182751093859,0.1535182751093859,0.1535182751093859,0.1535182751093859,0.28346868942621073
11,3,29.0,6,0.0,0.9,,0.1535182751093859,0.1535182751093859,0.1535182751093859,0.1535182751093859,0.1535182751093859,0.28346868942621073
11,3,30.0,6,0.0,0.9,,0.1535182751093859,0.1535182751093859,0.1535182751093859,0.1535182751093859,0.1535182751093859,0.28346868942621073
11,3,31.0,6,0.0,0.9,,0.1535182751093859,0.1535182751093859,0.1535182751093859,0.1535182751093859,0.1535182751093859,0.28346868942621073
11,3,32.0,6,0.0,0.9,,0.1535182751093859,0.1535182751093859,0.1535182751093859,0.1535182751093859,0.1535182751093859,0.28346868942621073
11,3,33.0,6,0.0,0.9,,0.1535182751093859,0.1535182751093859,0.1535182751093859,0.1535182751093859,0.1535182751093859,0.28346868942621073
11,3,34.0,6,0.0,0.9,,0.1535182751093859,0.1535182751093859,0.1535182751093859,0.1535182751093859,0.1535182751093859,0.28346868942621073
11,3,35.0,6,0.0,0.9,,0.1535182751093859,0.1535182751093859,0.1535182751093859,0.1535182751093859,0.1535182751093859,0.28346868942621073
11,3,36.0,6,0.0,0.9,,0.1535182751093859,0.1535182751093859,0.1535182751093859,0.1535182751093859,0.1535182751093859,0.28346868942621073
11,3,37.0,6,0.0,0.9,,0.1535182751093859,0.1535182751093859,0.1535182751093859,0.1535182751093859,0.1535182751093859,0.28346868942621073
11,3,38.0,6,0.0,0.9,,0.1535182751093859,0.1535182751093859,0.1535182751093859,0.1535182751093859,0.1535182751093859,0.28346868942621073
11,3,39.0,6,0.0,0.9,,0.1535182751093859,0.1535182751093859,0.1535182751093859,0.1535182751093859,0.1535182751093859,0.28346868942621073
11,3,40.0,6,0.0,0.9,,0.1535182751093859,0.1535182751093859,0.1535182751093859,0.1535182751093859,0.1535182751093859,0.28346868942621073
11,3,41.0,6,0.0,0.9,,0.1535182751093859,0.1535182751093859,0.1535182751093859,0.1535182751093859,0.1535182751093859,0.28346868942621073
11,3,42.0,6,0.0,0.9,,0.1535182751093859,0.1535182751093859,0.1535182751093859,0.1535182751093859,0.1535182751093859,0.28346868942621073
11,3,43.0,6,0.0,0.9,,0.1535182751093859,0.1535182751093859,0.1535182751093859,0.1535182751093859,0.1535182751093859,0.28346868942621073
11,3,44.0,6,0.0,0.9,,0.1535182751093859,0.1535182751093859,0.1535182751093859,0.1535182751093859,0.1535182751093859,0.28346868942621073
11,3,45.0,6,0.0,0.9,,0.1535182751093859,0.1535182751093859,0.1535182751093859,0.1535182751093859,0.1535182751093859,0.28346868942621073
11,3,46.0,6,0.0,0.9,,0.1535182751093859,0.1535182751093859,0.1535182751093859,0.1535182751093859,0.1535182751093859,0.28346868942621073
11,3,47.0,6,0.0,0.9,,0.1535182751093859,0.1535182751093859,0.1535182751093859,0.1535182751093859,0.1535182751093859,0.28346868942621073
11,3,48.0,6,0.0,0.9,,0.1535182751093859,0.1535182751093859,0.1535182751093859,0.1535182751093859,0.1535182751093859,0.28346868942621073
11,3,49.0,6,0.0,0.9,,0.1535182751093859,0.1535182751093859,0.1535182751093859,0.1535182751093859,0.1535182751093859,0.28346868942621073
11,3,50.0,6,0.0,0.9,,0.1535182751093859,0.1535182751093859,0.1535182751093859,0.1535182751093859,0.1535182751093859,0.28346868942621073
11,3,51.0,6,0.0,0.9,,0.1535182751093859,0.1535182751093859,0.1535182751093859,0.1535182751093859,0.1535182751093859,0.28346868942621073
11,3,52.0,6,0.0,0.9,,0.1535182751093859,0.1535182751093859,0.1535182751093859,0.1535182751093859,0.1535182751093859,0.28346868942621073
11,3,53.0,6,0.0,0.9,,0.1535182751093859,0.1535182751093859,0.1535182751093859,0.1535182751093859,0.1535182751093859,0.28346868942621073
11,3,54.0,6,0.0,0.9,,0.1535182751093859,0.1535182751093859,0.1535182751093859,0.1535182751093859,0.1535182751093859,0.28346868942621073
11,3,55.0,6,0.0,0.9,,0.1535182751093859,0.1535182751093859,0.1535182751093859,0.1535182751093859,0.1535182751093859,0.28346868942621073
11,3,56.0,6,0.0,0.9,,0.1535182751093859,0.1535182751093859,0.1535182751093859,0.1535182751093859,0.1535182751093859,0.28346868942621073
11,3,57.0,6,0.0,0.9,,0.1535182751093859,0.1535182751093859,0.1535182751093859,0.1535182751093859,0.1535182751093859,0.28346868942621073
11,3,58.0,6,0.0,0.9,,0.1535182751093859,0.1535182751093859,0.1535182751093859,0.1535182751093859,0.1535182751093859,0.28346868942621073
11,3,59.0,6,0.0,0.9,,0.1535182751093859,0.1535182751093859,0.1535182751093859,0.1535182751093859,0.1535182751093859,0.28346868942621073
11,3,60.0,6,0.0,0.9,,0.1535182751093859,0.1535182751093859,0.1535182751093859,0.1535182751093859,0.1535182751093859,0.28346868942621073
11,3,61.0,6,0.0,0.9,,0.1535182751093859,0.1535182751093859,0.1535182751093859,0.1535182751093859,0.1535182751093859,0.28346868942621073
11,3,62.0,6,0.0,0.9,,0.1535182751093859,0.1535182751093859,0.1535182751093859,0.1535182751093859,0.1535182751093859,0.28346868942621073
11,3,63.0,6,0.0,0.9,,0.1535182751093859,0.1535182751093859,0.1535182751093859,0.1535182751093859,0.1535182751093859,0.28346868942621073
11,3,64.0,6,0.0,0.9,,0.1535182751093859,0.1535182751093859,0.1535182751093859,0.1535182751093859,0.1535182751093859,0.28346868942621073
11,3,65.0,6,0.0,0.9,,0.1535182751093859,0.1535182751093859,0.1535182751093859,0.1535182751093859,0.1535182751093859,0.28346868942621073
11,3,66.0,6,0.0,0.9,,0.1535182751093859,0.1535182751093859,0.1535182751093859,0.1535182751093859,0.1535182751093859,0.28346868942621073
11,3,67.0,6,0.0,0.9,,0.1535182751093859,0.1535182751093859,0.1535182751093859,0.1535182751093859,0.1535182751093859,0.28346868942621073
11,3,68.0,6,0.0,0.9,,0.1535182751093859,0.1535182751093859,0.1535182751093859,0.1535182751093859,0.1535182751093859,0.28346868942621073
11,3,69.0,6,0.0,0.9,,0.1535182751093859,0.1535182751093859,0.1535182751093859,0.1535182751093859,0.1535182751093859,0.28346868942621073
11,3,70.0,6,0.0,0.9,,0.1535182751093859,0.1535182751093859,0.1535182751093859,0.1535182751093859,0.1535182751093859,0.28346868942621073
11,3,71.0,6,0.0,0.9,,0.1535182751093859,0.1535182751093859,0.1535182751093859,0.1535182751093859,0.1535182751093859,0.28346868942621073
11,3,72.0,6,0.0,0.9,,0.1535182751093859,0.1535182751093859,0.1535182751093859,0.1535182751093859,0.1535182751093859,0.28346868942621073
11,3,73.0,6,0.0,0.9,,0.1535182751093859,0.1535182751093859,0.1535182751093859,0.1535182751093859,0.1535182751093859,0.28346868942621073
11,3,74.0,6,0.0,0.9,,0.1535182751093859,0.1535182751093859,0.1535182751093859,0.1535182751093859,0.1535182751093859,0.28346868942621073
11,3,75.0,6,0.0,0.9,,0.1535182751093859,0.1535182751093859,0.1535182751093859,0.1535182751093859,0.1535182751093859,0.28346868942621073
11,3,76.0,6,0.0,0.9,,0.1535182751093859,0.1535182751093859,0.1535182751093859,0.1535182751093859,0.1535182751093859,0.28346868942621073
11,3,77.0,6,0.0,0.9,,0.1535182751093859,0.1535182751093859,0.1535182751093859,0.1535182751093859,0.1535182751093859,0.28346868942621073
11,3,78.0,6,0.0,0.9,,0.1535182751093859,0.1535182751093859,0.1535182751093859,0.1535182751093859,0.1535182751093859,0.28346868942621073
11,3,79.0,6,0.0,0.9,,0.1535182751093859,0.1535182751093859,0.1535182751093859,0.1535182751093859,0.1535182751093859,0.28346868942621073
11,3,80.0,6,0.0,0.9,,0.1535182751093859,0.1535182751093859,0.1535182751093859,0.1535182751093859,0.1535182751093859,0.28346868942621073
11,3,81.0,6,0.0,0.9,,0.1535182751093859,0.1535182751093859,0.1535182751093859,0.1535182751093859,0.1535182751093859,0.28346868942621073
11,3,82.0,6,0.0,0.9,,0.1535182751093859,0.1535182751093859,0.1535182751093859,0.1535182751093859,0.1535182751093859,0.28346868942621073
11,3,83.0,6,0.0,0.9,,0.1535182751093859,0.1535182751093859,0.1535182751093859,0.1535182751093859,0.1535182751093859,0.28346868942621073
11,3,84.0,6,0.0,0.9,,0.1535182751093859,0.1535182751093859,0.1535182751093859,0.1535182751093859,0.1535182751093859,0.28346868942621073
11,3,85.0,6,0.0,0.9,,0.1535182751093859,0.1535182751093859,0.1535182751093859,0.1535182751093859,0.1535182751093859,0.28346868942621073
11,3,86.0,6,0.0,0.9,,0.1535182751093859,0.1535182751093859,0.1535182751093859,0.1535182751093859,0.1535182751093859,0.28346868942621073
11,3,87.0,6,0.0,0.9,,0.1535182751093859,0.1535182751093859,0.1535182751093859,0.1535182751093859,0.1535182751093859,0.28346868942621073
11,3,88.0,6,0.0,0.9,,0.1535182751093859,0.1535182751093859,0.1535182751093859,0.1535182751093859,0.1535182751093859,0.28346868942621073
11,3,89.0,6,0.0,0.9,,0.1535182751093859,0.1535182751093859,0.1535182751093859,0.1535182751093859,0.1535182751093859,0.28346868942621073
11,3,90.0,6,0.0,0.9,,0.1535182751093859,0.1535182751093859,0.1535182751093859,0.1535182751093859,0.1535182751093859,0.28346868942621073
11,3,91.0,6,0.0,0.9,,0.1535182751093859,0.1535182751093859,0.1535182751093859,0.1535182751093859,0.1535182751093859,0.28346868942621073
11,3,92.0,6,0.0,0.9,,0.1535182751093859,0.1535182751093859,0.1535182751093859,0.1535182751093859,0.1535182751093859,0.28346868942621073
11,3,93.0,6,0.0,0.9,,0.1535182751093859,0.1535182751093859,0.1535182751093859,0.1535182751093859,0.1535182751093859,0.28346868942621073
11,3,94.0,6,0.0,0.9,,0.1535182751093859,0.1535182751093859,0.1535182751093859,0.1535182751093859,0.1535182751093859,0.28346868942621073
11,3,95.0,6,0.0,0.9,,0.1535182751093859,0.1535182751093859,0.1535182751093859,0.1535182751093859,0.1535182751093859,0.28346868942621073
11,3,96.0,6,0.0,0.9,,0.1535182751093859,0.1535182751093859,0.1535182751093859,0.1535182751093859,0.1535182751093859,0.28346868942621073
11,3,97.0,6,0.0,0.9,,0.1535182751093859,0.1535182751093859,0.1535182751093859,0.1535182751093859,0.1535182751093859,0.28346868942621073
11,3,98.0,6,0.0,0.9,,0.1535182751093859,0.1535182751093859,0.1535182751093859,0.1535182751093859,0.1535182751093859,0.28346868942621073
11,3,99.0,6,0.0,0.9,,0.1535182751093859,0.1535182751093859,0.1535182751093859,0.1535182751093859,0.1535182751093859,0.28346868942621073
11,3,100.0,6,0.0,0.9,,0.1535182751093859,0.1535182751093859,0.1535182751093859,0.1535182751093859,0.1535182751093859,0.28346868942621073
12,4,1.0,6,0.0,0.0,,0.1535182751093859,0.39346934028736663,0.5654017914929217,0.5318708173998083,0.46533461680517824,0.4893156173763676
12,4,2.0,6,0.0,0.0,,0.1535182751093859,0.39346934028736663,0.5654017914929217,0.6336515792988254,0.5283206565003431,0.5101225240895833
12,4,3.0,6,0.0,0.0,,0.1535182751093859,0.39346934028736663,0.5654017914929217,0.6159139198585839,0.516865475005555,0.5449268437941363
12,4,4.0,6,0.0,0.0,,0.1535182751093859,0.39346934028736663,0.5654017914929217,0.6676970894421339,0.5750650143161982,0.49779966708795964
12,4,5.0,6,0.0,0.0,,0.1535182751093859,0.39346934028736663,0.5654017914929217,0.6709812819003365,0.382989030299423,0.5085747589090053
12,4,6.0,6,0.0,0.0,,0.1535182751093859,0.39346934028736663,0.5654017914929217,0.6408558415291152,0.5537320123924868,0.4992633548436691
12,4,7.0,6,0.0,0.0,,0.1535182751093859,0.39346934028736663,0.5654017914929217,0.6388990312228503,0.59619343434319,0.45887481719381445
12,4,8.0,6,0.0,0.0,,0.1535182751093859,0.39346934028736663,0.5654017914929217,0.5941436443305131,0.6796511144987154,0.6854643017838228
12,4,9.0,6,0.0,0.0,,0.1535182751093859,0.39346934028736663,0.5654017914929217,0.6454001072769135,0.3916143183229501,0.5074838901790877
12,4,10.0,6,0.0,0.0,,0.1535182751093859,0.39346934028736663,0.5654017914929217,0.6730121285915021,0.4264516134607816,0.6079556537117243
12,4,11.0,6,0.0,0.0,,0.1535182751093859,0.39346934028736663,0.5654017914929217,0.565470679848217,0.5968375941198303,0.6287735946481449
12,4,12.0,6,0.0,0.0,,0.1535182751093859,0.39346934028736663,0.5654017914929217,0.6467013382614836,0.5412046863069451,0.4662205430722935
12,4,13.0,6,0.0,0.0,,0.1535182751093859,0.39346934028736663,0.5654017914929217,0.6701218691981686,0.43925142830498903,0.6120695379279294
12,4,14.0,6,0.0,0.0,,0.1535182751093859,0.39346934028736663,0.5654017914929217,0.5401495095461892,0.590354605145913,0.4700395277906605
12,4,15.0,6,0.0,0.0,,0.1535182751093859,0.39346934028736663,0.5654017914929217,0.6602161215038198,0.6879497110723164,0.5110897653192709
12,4,16.0,6,0.0,0.0,,0.1535182751093859,0.39346934028736663,0.5654017914929217,0.6228275947011521,0.5809052683778937,0.45891689339808883
12,4,17.0,6,0.0,0.0,,0.1535182751093859,0.39346934028736663,0.5654017914929217,0.7571927636176624,0.5925761242574089,0.6274376887515413
12,4,18.0,6,0.0,0.0,,0.1535182751093859,0.39346934028736663,0.5654017914929217,0.5766112986555949,0.34617424781271905,0.39875377104357723
12,4,19.0,6,0.0,0.0,,0.1535182751093859,0.39346934028736663,0.5654017914929217,0.5832177828889705,0.5753007188836502,0.6
12,4,20.0,6,0.0,0.0,,0.1535182751093859,0.39346934028736663,0.5654017914929217,0.6568430314883532,0.522473129270576,0.8050545504154666
12,4,21.0,6,0.0,0.0,,0.1535182751093859,0.39346934028736663,0.5654017914929217,0.6389891431502652,0.616795901512901,0.4963640379872717
12,4,22.0,6,0.0,0.0,,0.1535182751093859,0.39346934028736663,0.5654017914929217,0.5788989031438474,0.6966891590356136,0.6161560358652294
12,4,23.0,6,0.0,0.0,,0.1535182751093859,0.39346934028736663,0.5654017914929217,0.5475813105411973,0.6749010440576781,0.3953660377344066
12,4,24.0,6,0.0,0.0,,0.1535182751093859,0.39346934028736663,0.5654017914929217,0.6692999908610606,0.49834901704721907,0.5620702437293326
12,4,25.0,6,0.0,0.0,,0.1535182751093859,0.39346934028736663,0.5654017914929217,0.7298698697379497,0.5445255078006391,0.7341568345945358
12,4,26.0,6,0.0,0.0,,0.1535182751093859,0.39346934028736663,0.5654017914929217,0.6039637006432655,0.6629210781481524,0.5430117780012214
12,4,27.0,6,0.0,0.0,,0.1535182751093859,0.39346934028736663,0.5654017914929217,0.6373424430476871,0.5939258571493571,0.5539610930632162
12,4,28.0,6,0.0,0.0,,0.1535182751093859,0.39346934028736663,0.5654017914929217,0.5719314105916734,0.6035180093307514,0.41076738653871636
12,4,29.0,6,0.0,0.0,,0.1535182751093859,0.39346934028736663,0.5654017914929217,0.5994515579860332,0.4949618115954264,0.7866534017187476
12,4,30.0,6,0.0,0.0,,0.1535182751093859,0.39346934028736663,0.5654017914929217,0.5698900334389839,0.5739487213034449,0.6311730339893743
12,4,31.0,6,0.0,0.0,,0.1535182751093859,0.39346934028736663,0.5654017914929217,0.6792844999369445,0.6440654312939376,0.5250000293955227
12,4,32.0,6,0.0,0.0,,0.1535182751093859,0.39346934028736663,0.5654017914929217,0.6713555302705243,0.7292590407287612,0.6192117425889877
12,4,33.0,6,0.0,0.0,,0.1535182751093859,0.39346934028736663,0.5654017914929217,0.5390937069053952,0.6617978476085637,0.28498388970156185
12,4,34.0,6,0.0,0.0,,0.1535182751093859,0.39346934028736663,0.5654017914929217,0.576227014008915,0.6978901933280454,0.5882719999304123
12,4,35.0,6,0.0,0.0,,0.1535182751093859,0.39346934028736663,0.5654017914929217,0.6003118449765116,0.5446255134435746,0.46319414045270035
12,4,36.0,6,0.0,0.0,,0.1535182751093859,0.39346934028736663,0.5654017914929217,0.5864096873253094,0.3494979422111312,0.7871490487312738
12,4,37.0,6,0.0,0.0,,0.1535182751093859,0.39346934028736663,0.5654017914929217,0.5067565862498212,0.6131023637589481,0.46222715411904547
12,4,38.0,6,0.0,0.0,,0.1535182751093859,0.39346934028736663,0.5654017914929217,0.6366138074696714,0.5603853841166724,0.3552715837532546
12,4,39.0,6,0.0,0.0,,0.1535182751093859,0.39346934028736663,0.5654017914929217,0.646524406376283,0.6011043136219335,0.5358395589597172
12,4,40.0,6,0.0,0.0,,0.1535182751093859,0.39346934028736663,0.5654017914929217,0.7316389412904383,0.7161302588772883,0.5592850292566902
12,4,41.0,6,0.0,0.0,,0.1535182751093859,0.39346934028736663,0.5654017914929217,0.6742362421840725,0.5214788443517765,0.7378561346594287
12,4,42.0,6,0.0,0.0,,0.1535182751093859,0.39346934028736663,0.5654017914929217,0.631127005820455,0.7258592594083446,0.5220434674229212
12,4,43.0,6,0.0,0.0,,0.1535182751093859,0.39346934028736663,0.5654017914929217,0.554048777543357,0.43841190208069836,0.6694291262906481
12,4,44.0,6,0.0,0.0,,0.1535182751093859,0.39346934028736663,0.5654017914929217,0.6900561329226463,0.6589906869752191,0.7759407823543883
12,4,45.0,6,0.0,0.0,,0.1535182751093859,0.39346934028736663,0.5654017914929217,0.5738460776748657,0.4603642120215471,0.4988937952040288
12,4,46.0,6,0.0,0.0,,0.1535182751093859,0.39346934028736663,0.5654017914929217,0.552301793616192,0.6435473083221842,0.507244132290204
12,4,47.0,6,0.0,0.0,,0.1535182751093859,0.39346934028736663,0.5654017914929217,0.5964315180493335,0.6492529708967514,0.32469117003604425
12,4,48.0,6,0.0,0.0,,0.1535182751093859,0.39346934028736663,0.5654017914929217,0.6558797992910369,0.650695865064499,0.3588421540768816
12,4,49.0,6,0.0,0.0,,0.1535182751093859,0.39346934028736663,0.5654017914929217,0.6394737327863188,0.6881100550043862,0.7893761777369669
12,4,50.0,6,0.0,0.0,,0.1535182751093859,0.39346934028736663,0.5654017914929217,0.551523023257964,0.5622366844965262,0.4385396877743661
12,4,51.0,6,0.0,0.0,,0.1535182751093859,0.39346934028736663,0.5654017914929217,0.6463857911368367,0.5415005674428464,0.41432951794229556
12,4,52.0,6,0.0,0.0,,0.1535182751093859,0.39346934028736663,0.5654017914929217,0.5465964471278743,0.43679540638651926,0.37311819688587156
12,4,53.0,6,0.0,0.0,,0.1535182751093859,0.39346934028736663,0.5654017914929217,0.5615497171124232,0.5996083757704058,0.6500109157017531
12,4,54.0,6,0.0,0.0,,0.1535182751093859,0.39346934028736663,0.5654017914929217,0.6130051448268542,0.8258044546611037,0.3228053361689765
12,4,55.0,6,0.0,0.0,,0.1535182751093859,0.39346934028736663,0.5654017914929217,0.649609274736077,0.6126479446942827,0.6031381177728876
12,4,56.0,6,0.0,0.0,,0.1535182751093859,0.39346934028736663,0.5654017914929217,0.5542157989027963,0.824843024045555,0.49094183422782633
12,4,57.0,6,0.0,0.0,,0.1535182751093859,0.39346934028736663,0.5654017914929217,0.7163691729283299,0.5459361016804205,0.6002929355510089
12,4,58.0,6,0.0,0.0,,0.1535182751093859,0.39346934028736663,0.5654017914929217,0.5855911013478318,0.5104578550369151,0.6107776731335621
12,4,59.0,6,0.0,0.0,,0.1535182751093859,0.39346934028736663,0.5654017914929217,0.7187696304358804,0.6805740720755669,0.6202142003978199
12,4,60.0,6,0.0,0.0,,0.1535182751093859,0.39346934028736663,0.5654017914929217,0.5852032624460506,0.5291600386897151,0.6629268650782689
12,4,61.0,6,0.0,0.0,,0.1535182751093859,0.39346934028736663,0.5654017914929217,0.662035727505818,0.7671111574573855,0.3356906898256887
12,4,62.0,6,0.0,0.0,,0.1535182751093859,0.39346934028736663,0.5654017914929217,0.6227168626195378,0.5140152697030785,0.6672172747235317
12,4,63.0,6,0.0,0.0,,0.1535182751093859,0.39346934028736663,0.5654017914929217,0.6264232751051415,0.6389477039097291,0.48195769246989073
12,4,64.0,6,0.0,0.0,,0.1535182751093859,0.39346934028736663,0.5654017914929217,0.6679218408442845,0.6066061434553451,0.5208721288583746
12,4,65.0,6,0.0,0.0,,0.1535182751093859,0.39346934028736663,0.5654017914929217,0.6531409023140398,0.5139105882617833,0.5983910732406597
12,4,66.0,6,0.0,0.0,,0.1535182751093859,0.39346934028736663,0.5654017914929217,0.5691671943728599,0.7029994774111401,0.44568717273115743
12,4,67.0,6,0.0,0.0,,0.1535182751093859,0.39346934028736663,0.5654017914929217,0.6548419643722042,0.5995199687142511,0.6282450456833134
12,4,68.0,6,0.0,0.0,,0.1535182751093859,0.39346934028736663,0.5654017914929217,0.5778168324146714,0.6198457135008874,0.43869019474504184
12,4,69.0,6,0.0,0.0,,0.1535182751093859,0.39346934028736663,0.5654017914929217,0.6566068726954852,0.5798672128629347,0.9265546717790902
12,4,70.0,6,0.0,0.0,,0.1535182751093859,0.39346934028736663,0.5654017914929217,0.7290708354442631,0.6679491657753006,0.5714454330749394
12,4,71.0,6,0.0,0.0,,0.1535182751093859,0.39346934028736663,0.5654017914929217,0.6751832919195397,0.5132184471760326,0.724980625123456
12,4,72.0,6,0.0,0.0,,0.1535182751093859,0.39346934028736663,0.5654017914929217,0.601882713050805,0.6606848049703243,0.4107654410726028
12,4,73.0,6,0.0,0.0,,0.1535182751093859,0.39346934028736663,0.5654017914929217,0.6921334586910197,0.4228603158814104,0.6290103662937223
12,4,74.0,6,0.0,0.0,,0.1535182751093859,0.39346934028736663,0.5654017914929217,0.5538891029303652,0.4470356808700428,0.6227048596928701
12,4,75.0,6,0.0,0.0,,0.1535182751093859,0.39346934028736663,0.5654017914929217,0.6953597164196588,0.6188407381948389,0.6021140586098539
12,4,76.0,6,0.0,0.0,,0.1535182751093859,0.39346934028736663,0.5654017914929217,0.5418860585210092,0.6808221602335491,0.3887775627596608
12,4,77.0,6,0.0,0.0,,0.1535182751093859,0.39346934028736663,0.5654017914929217,0.6162260633429408,0.734076107040771,0.6188656965846263
12,4,78.0,6,0.0,0.0,,0.1535182751093859,0.39346934028736663,0.5654017914929217,0.6820388349763743,0.4128753539419086,0.559541034157036
12,4,79.0,6,0.0,0.0,,0.1535182751093859,0.39346934028736663,0.5654017914929217,0.664146845877496,0.5555591056649025,0.29902482325599394
12,4,80.0,6,0.0,0.0,,0.1535182751093859,0.39346934028736663,0.5654017914929217,0.5850190352978736,0.7097075141750355,0.6932601276149905
12,4,81.0,6,0.0,0.0,,0.1535182751093859,0.39346934028736663,0.5654017914929217,0.6969657018414097,0.518996230407955,0.42235005218276883
12,4,82.0,6,0.0,0.0,,0.1535182751093859,0.39346934028736663,0.5654017914929217,0.6492050176852032,0.6085649800629113,0.6671234465730718
12,4,83.0,6,0.0,0.0,,0.1535182751093859,0.39346934028736663,0.5654017914929217,0.6412938402891694,0.6866595168100351,0.8015741066829836
12,4,84.0,6,0.0,0.0,,0.1535182751093859,0.39346934028736663,0.5654017914929217,0.7238395436215679,0.5331026283960422,0.3804526506889422
12,4,85.0,6,0.0,0.0,,0.1535182751093859,0.39346934028736663,0.5654017914929217,0.6140578079900182,0.6500714497946055,0.45489856063849465
12,4,86.0,6,0.0,0.0,,0.1535182751093859,0.39346934028736663,0.5654017914929217,0.5395392165396043,0.8768886006576331,0.5824539027358211
12,4,87.0,6,0.0,0.0,,0.1535182751093859,0.39346934028736663,0.5654017914929217,0.4934804143869802,0.6069303931791908,0.5851371700087051
12,4,88.0,6,0.0,0.0,,0.1535182751093859,0.39346934028736663,0.5654017914929217,0.6777327546394372,0.6540232790869619,0.623286122951715
12,4,89.0,6,0.0,0.0,,0.1535182751093859,0.39346934028736663,0.5654017914929217,0.696332516704067,0.5881078895196636,0.42094732975103755
12,4,90.0,6,0.0,0.0,,0.1535182751093859,0.39346934028736663,0.5654017914929217,0.5290935684629663,0.6155199084840657,0.6569457290560151
12,4,91.0,6,0.0,0.0,,0.1535182751093859,0.39346934028736663,0.5654017914929217,0.6200022770738932,0.6727566412105677,0.5813958775927728
12,4,92.0,6,0.0,0.0,,0.1535182751093859,0.39346934028736663,0.5654017914929217,0.5302070004847672,0.5110709782309277,0.5043381765704902
12,4,93.0,6,0.0,0.0,,0.1535182751093859,0.39346934028736663,0.5654017914929217,0.5721894819283115,0.5234138417139622,0.484119107290055
12,4,94.0,6,0.0,0.0,,0.1535182751093859,0.39346934028736663,0.5654017914929217,0.6510762112167388,0.582681507963016,0.44457128647583144
12,4,95.0,6,0.0,0.0,,0.1535182751093859,0.39346934028736663,0.5654017914929217,0.6589635301882975,0.32753797683275476,0.2843851026656921
12,4,96.0,6,0.0,0.0,,0.1535182751093859,0.39346934028736663,0.5654017914929217,0.6744002304395862,0.5722670591161141,0.47502764748627174
12,4,97.0,6,0.0,0.0,,0.1535182751093859,0.39346934028736663,0.5654017914929217,0.602743053320739,0.5056659466937374,0.6824419832493522
12,4,98.0,6,0.0,0.0,,0.1535182751093859,0.39346934028736663,0.5654017914929217,0.694767236649556,0.7703133165384666,0.8474419233098429
12,4,99.0,6,0.0,0.0,,0.1535182751093859,0.39346934028736663,0.5654017914929217,0.7007842703979218,0.5030864276227538,0.5391748674677137
12,4,100.0,6,0.0,0.0,,0.1535182751093859,0.39346934028736663,0.5654017914929217,0.6087823323331112,0.7401971042676141,0.6555123002423265
13,4,1.0,6,0.0,0.5,,0.1535182751093859,0.28346868942621073,0.28346868942621073,0.4865828809674079,0.6321205588285576,0.676840217004801
13,4,2.0,6,0.0,0.5,,0.1535182751093859,0.28346868942621073,0.28346868942621073,0.4865828809674079,0.6321205588285576,0.5395050359850746
13,4,3.0,6,0.0,0.5,,0.1535182751093859,0.28346868942621073,0.28346868942621073,0.4865828809674079,0.6321205588285576,0.4444564542923537
13,4,4.0,6,0.0,0.5,,0.1535182751093859,0.28346868942621073,0.28346868942621073,0.4865828809674079,0.6321205588285576,0.6098964538336478
13,4,5.0,6,0.0,0.5,,0.1535182751093859,0.28346868942621073,0.28346868942621073,0.4865828809674079,0.6321205588285576,0.5185601734856083
13,4,6.0,6,0.0,0.5,,0.1535182751093859,0.28346868942621073,0.28346868942621073,0.4865828809674079,0.6321205588285576,0.6017659803248767
13,4,7.0,6,0.0,0.5,,0.1535182751093859,0.28346868942621073,0.28346868942621073,0.4865828809674079,0.6321205588285576,0.5160928499625028
13,4,8.0,6,0.0,0.5,,0.1535182751093859,0.28346868942621073,0.28346868942621073,0.4865828809674079,0.6321205588285576,0.5585811470565429
13,4,9.0,6,0.0,0.5,,0.1535182751093859,0.28346868942621073,0.28346868942621073,0.4865828809674079,0.6321205588285576,0.7019455693050198
13,4,10.0,6,0.0,0.5,,0.1535182751093859,0.28346868942621073,0.28346868942621073,0.4865828809674079,0.6321205588285576,0.7466266468126916
13,4,11.0,6,0.0,0.5,,0.1535182751093859,0.28346868942621073,0.28346868942621073,0.4865828809674079,0.6321205588285576,0.5643669955181316
13,4,12.0,6,0.0,0.5,,0.1535182751093859,0.28346868942621073,0.28346868942621073,0.4865828809674079,0.6321205588285576,0.6010880114228827
13,4,13.0,6,0.0,0.5,,0.1535182751093859,0.28346868942621073,0.28346868942621073,0.4865828809674079,0.6321205588285576,0.6745142779404877
13,4,14.0,6,0.0,0.5,,0.1535182751093859,0.28346868942621073,0.28346868942621073,0.4865828809674079,0.6321205588285576,0.5051564322219267
13,4,15.0,6,0.0,0.5,,0.1535182751093859,0.28346868942621073,0.28346868942621073,0.4865828809674079,0.6321205588285576,0.740157202611863
13,4,16.0,6,0.0,0.5,,0.1535182751093859,0.28346868942621073,0.28346868942621073,0.4865828809674079,0.6321205588285576,0.5958163508071351
13,4,17.0,6,0.0,0.5,,0.1535182751093859,0.28346868942621073,0.28346868942621073,0.4865828809674079,0.6321205588285576,0.5214597473647318
13,4,18.0,6,0.0,0.5,,0.1535182751093859,0.28346868942621073,0.28346868942621073,0.4865828809674079,0.6321205588285576,0.623274810509307
13,4,19.0,6,0.0,0.5,,0.1535182751093859,0.28346868942621073,0.28346868942621073,0.4865828809674079,0.6321205588285576,0.7080089454562899
13,4,20.0,6,0.0,0.5,,0.1535182751093859,0.28346868942621073,0.28346868942621073,0.4865828809674079,0.6321205588285576,0.6197255159986952
13,4,21.0,6,0.0,0.5,,0.1535182751093859,0.28346868942621073,0.28346868942621073,0.4865828809674079,0.6321205588285576,0.6227575648049336
13,4,22.0,6,0.0,0.5,,0.1535182751093859,0.28346868942621073,0.28346868942621073,0.4865828809674079,0.6321205588285576,0.656243859955383
13,4,23.0,6,0.0,0.5,,0.1535182751093859,0.28346868942621073,0.28346868942621073,0.4865828809674079,0.6321205588285576,0.560288770174579
13,4,24.0,6,0.0,0.5,,0.1535182751093859,0.28346868942621073,0.28346868942621073,0.4865828809674079,0.6321205588285576,0.6181295456728162
13,4,25.0,6,0.0,0.5,,0.1535182751093859,0.28346868942621073,0.28346868942621073,0.4865828809674079,0.6321205588285576,0.5412300262501817
13,4,26.0,6,0.0,0.5,,0.1535182751093859,0.28346868942621073,0.28346868942621073,0.4865828809674079,0.6321205588285576,0.6667591091417678
13,4,27.0,6,0.0,0.5,,0.1535182751093859,0.28346868942621073,0.28346868942621073,0.4865828809674079,0.6321205588285576,0.6690039766221847
13,4,28.0,6,0.0,0.5,,0.1535182751093859,0.28346868942621073,0.28346868942621073,0.4865828809674079,0.6321205588285576,0.684423668140921
13,4,29.0,6,0.0,0.5,,0.1535182751093859,0.28346868942621073,0.28346868942621073,0.4865828809674079,0.6321205588285576,0.6774246607291489
13,4,30.0,6,0.0,0.5,,0.1535182751093859,0.28346868942621073,0.28346868942621073,0.4865828809674079,0.6321205588285576,0.5774743022457879
13,4,31.0,6,0.0,0.5,,0.1535182751093859,0.28346868942621073,0.28346868942621073,0.4865828809674079,0.6321205588285576,0.6223649481493738
13,4,32.0,6,0.0,0.5,,0.1535182751093859,0.28346868942621073,0.28346868942621073,0.4865828809674079,0.6321205588285576,0.6087134235911591
13,4,33.0,6,0.0,0.5,,0.1535182751093859,0.28346868942621073,0.28346868942621073,0.4865828809674079,0.6321205588285576,0.7065701908370776
13,4,34.0,6,0.0,0.5,,0.1535182751093859,0.28346868942621073,0.28346868942621073,0.4865828809674079,0.6321205588285576,0.6072099406693819
13,4,35.0,6,0.0,0.5,,0.1535182751093859,0.28346868942621073,0.28346868942621073,0.4865828809674079,0.6321205588285576,0.7262457008800765
13,4,36.0,6,0.0,0.5,,0.1535182751093859,0.28346868942621073,0.28346868942621073,0.4865828809674079,0.6321205588285576,0.717296978473479
13,4,37.0,6,0.0,0.5,,0.1535182751093859,0.28346868942621073,0.28346868942621073,0.4865828809674079,0.6321205588285576,0.5580686268982363
13,4,38.0,6,0.0,0.5,,0.1535182751093859,0.28346868942621073,0.28346868942621073,0.4865828809674079,0.6321205588285576,0.6357163838827129
13,4,39.0,6,0.0,0.5,,0.1535182751093859,0.28346868942621073,0.28346868942621073,0.4865828809674079,0.6321205588285576,0.6480522694241121
13,4,40.0,6,0.0,0.5,,0.1535182751093859,0.28346868942621073,0.28346868942621073,0.4865828809674079,0.6321205588285576,0.7359389769087311
13,4,41.0,6,0.0,0.5,,0.1535182751093859,0.28346868942621073,0.28346868942621073,0.4865828809674079,0.6321205588285576,0.6052877419134658
13,4,42.0,6,0.0,0.5,,0.1535182751093859,0.28346868942621073,0.28346868942621073,0.4865828809674079,0.6321205588285576,0.5761639033352646
13,4,43.0,6,0.0,0.5,,0.1535182751093859,0.28346868942621073,0.28346868942621073,0.4865828809674079,0.6321205588285576,0.5508694706865505
13,4,44.0,6,0.0,0.5,,0.1535182751093859,0.28346868942621073,0.28346868942621073,0.4865828809674079,0.6321205588285576,0.6173531888018224
13,4,45.0,6,0.0,0.5,,0.1535182751093859,0.28346868942621073,0.28346868942621073,0.4865828809674079,0.6321205588285576,0.7155778792120697
13,4,46.0,6,0.0,0.5,,0.1535182751093859,0.28346868942621073,0.28346868942621073,0.4865828809674079,0.6321205588285576,0.517681364062415
13,4,47.0,6,0.0,0.5,,0.1535182751093859,0.28346868942621073,0.28346868942621073,0.4865828809674079,0.6321205588285576,0.6558461192924698
13,4,48.0,6,0.0,0.5,,0.1535182751093859,0.28346868942621073,0.28346868942621073,0.4865828809674079,0.6321205588285576,0.5847417098899299
13,4,49.0,6,0.0,0.5,,0.1535182751093859,0.28346868942621073,0.28346868942621073,0.4865828809674079,0.6321205588285576,0.6907495404208004
13,4,50.0,6,0.0,0.5,,0.1535182751093859,0.28346868942621073,0.28346868942621073,0.4865828809674079,0.6321205588285576,0.6583646927824156
13,4,51.0,6,0.0,0.5,,0.1535182751093859,0.28346868942621073,0.28346868942621073,0.4865828809674079,0.6321205588285576,0.7326908280654515
13,4,52.0,6,0.0,0.5,,0.1535182751093859,0.28346868942621073,0.28346868942621073,0.4865828809674079,0.6321205588285576,0.6479820851650875
13,4,53.0,6,0.0,0.5,,0.1535182751093859,0.28346868942621073,0.28346868942621073,0.4865828809674079,0.6321205588285576,0.635706191757383
13,4,54.0,6,0.0,0.5,,0.1535182751093859,0.28346868942621073,0.28346868942621073,0.4865828809674079,0.6321205588285576,0.6105327641124828
13,4,55.0,6,0.0,0.5,,0.1535182751093859,0.28346868942621073,0.28346868942621073,0.4865828809674079,0.6321205588285576,0.5484324682154014
13,4,56.0,6,0.0,0.5,,0.1535182751093859,0.28346868942621073,0.28346868942621073,0.4865828809674079,0.6321205588285576,0.6390128809299467
13,4,57.0,6,0.0,0.5,,0.1535182751093859,0.28346868942621073,0.28346868942621073,0.4865828809674079,0.6321205588285576,0.6067860287351778
13,4,58.0,6,0.0,0.5,,0.1535182751093859,0.28346868942621073,0.28346868942621073,0.4865828809674079,0.6321205588285576,0.762916830831825
13,4,59.0,6,0.0,0.5,,0.1535182751093859,0.28346868942621073,0.28346868942621073,0.4865828809674079,0.6321205588285576,0.6736785255873194
13,4,60.0,6,0.0,0.5,,0.1535182751093859,0.28346868942621073,0.28346868942621073,0.4865828809674079,0.6321205588285576,0.5634285064265339
13,4,61.0,6,0.0,0.5,,0.1535182751093859,0.28346868942621073,0.28346868942621073,0.4865828809674079,0.6321205588285576,0.6113618721648976
13,4,62.0,6,0.0,0.5,,0.1535182751093859,0.28346868942621073,0.28346868942621073,0.4865828809674079,0.6321205588285576,0.5852440638593288
13,4,63.0,6,0.0,0.5,,0.1535182751093859,0.28346868942621073,0.28346868942621073,0.4865828809674079,0.6321205588285576,0.6652543892537837
13,4,64.0,6,0.0,0.5,,0.1535182751093859,0.28346868942621073,0.28346868942621073,0.4865828809674079,0.6321205588285576,0.6900334909876866
13,4,65.0,6,0.0,0.5,,0.1535182751093859,0.28346868942621073,0.28346868942621073,0.4865828809674079,0.6321205588285576,0.6196501080372742
13,4,66.0,6,0.0,0.5,,0.1535182751093859,0.28346868942621073,0.28346868942621073,0.4865828809674079,0.6321205588285576,0.6462219876270947
13,4,67.0,6,0.0,0.5,,0.1535182751093859,0.28346868942621073,0.28346868942621073,0.4865828809674079,0.6321205588285576,0.5862433006944626
13,4,68.0,6,0.0,0.5,,0.1535182751093859,0.28346868942621073,0.28346868942621073,0.4865828809674079,0.6321205588285576,0.6768915374032111
13,4,69.0,6,0.0,0.5,,0.1535182751093859,0.28346868942621073,0.28346868942621073,0.4865828809674079,0.6321205588285576,0.5721710341366815
13,4,70.0,6,0.0,0.5,,0.1535182751093859,0.28346868942621073,0.28346868942621073,0.4865828809674079,0.6321205588285576,0.736689385349855
13,4,71.0,6,0.0,0.5,,0.1535182751093859,0.28346868942621073,0.28346868942621073,0.4865828809674079,0.6321205588285576,0.5552347217466316
13,4,72.0,6,0.0,0.5,,0.1535182751093859,0.28346868942621073,0.28346868942621073,0.4865828809674079,0.6321205588285576,0.5871259905177559
13,4,73.0,6,0.0,0.5,,0.1535182751093859,0.28346868942621073,0.28346868942621073,0.4865828809674079,0.6321205588285576,0.561806830669245
13,4,74.0,6,0.0,0.5,,0.1535182751093859,0.28346868942621073,0.28346868942621073,0.4865828809674079,0.6321205588285576,0.7212541768786292
13,4,75.0,6,0.0,0.5,,0.1535182751093859,0.28346868942621073,0.28346868942621073,0.4865828809674079,0.6321205588285576,0.6694062900639148
13,4,76.0,6,0.0,0.5,,0.1535182751093859,0.28346868942621073,0.28346868942621073,0.4865828809674079,0.6321205588285576,0.5370768096871441
13,4,77.0,6,0.0,0.5,,0.1535182751093859,0.28346868942621073,0.28346868942621073,0.4865828809674079,0.6321205588285576,0.595275756491886
13,4,78.0,6,0.0,0.5,,0.1535182751093859,0.28346868942621073,0.28346868942621073,0.4865828809674079,0.6321205588285576,0.6167292882319819
13,4,79.0,6,0.0,0.5,,0.1535182751093859,0.28346868942621073,0.28346868942621073,0.4865828809674079,0.6321205588285576,0.6361643006598239
13,4,80.0,6,0.0,0.5,,0.1535182751093859,0.28346868942621073,0.28346868942621073,0.4865828809674079,0.6321205588285576,0.6040568394954101
13,4,81.0,6,0.0,0.5,,0.1535182751093859,0.28346868942621073,0.28346868942621073,0.4865828809674079,0.6321205588285576,0.5672894338638236
13,4,82.0,6,0.0,0.5,,0.1535182751093859,0.28346868942621073,0.28346868942621073,0.4865828809674079,0.6321205588285576,0.6988714038388274
13,4,83.0,6,0.0,0.5,,0.1535182751093859,0.28346868942621073,0.28346868942621073,0.4865828809674079,0.6321205588285576,0.6144979648789958
13,4,84.0,6,0.0,0.5,,0.1535182751093859,0.28346868942621073,0.28346868942621073,0.4865828809674079,0.6321205588285576,0.6638775435164994
13,4,85.0,6,0.0,0.5,,0.1535182751093859,0.28346868942621073,0.28346868942621073,0.4865828809674079,0.6321205588285576,0.6815720567518926
13,4,86.0,6,0.0,0.5,,0.1535182751093859,0.28346868942621073,0.28346868942621073,0.4865828809674079,0.6321205588285576,0.6571524329862493
13,4,87.0,6,0.0,0.5,,0.1535182751093859,0.28346868942621073,0.28346868942621073,0.4865828809674079,0.6321205588285576,0.5814114557313357
13,4,88.0,6,0.0,0.5,,0.1535182751093859,0.28346868942621073,0.28346868942621073,0.4865828809674079,0.6321205588285576,0.5119627854680588
13,4,89.0,6,0.0,0.5,,0.1535182751093859,0.28346868942621073,0.28346868942621073,0.4865828809674079,0.6321205588285576,0.734560960576524
13,4,90.0,6,0.0,0.5,,0.1535182751093859,0.28346868942621073,0.28346868942621073,0.4865828809674079,0.6321205588285576,0.6241986288085057
13,4,91.0,6,0.0,0.5,,0.1535182751093859,0.28346868942621073,0.28346868942621073,0.4865828809674079,0.6321205588285576,0.6349656911696347
13,4,92.0,6,0.0,0.5,,0.1535182751093859,0.28346868942621073,0.28346868942621073,0.4865828809674079,0.6321205588285576,0.7157726308627306
13,4,93.0,6,0.0,0.5,,0.1535182751093859,0.28346868942621073,0.28346868942621073,0.4865828809674079,0.6321205588285576,0.6196004406677392
13,4,94.0,6,0.0,0.5,,0.1535182751093859,0.28346868942621073,0.28346868942621073,0.4865828809674079,0.6321205588285576,0.6265287171333175
13,4,95.0,6,0.0,0.5,,0.1535182751093859,0.28346868942621073,0.28346868942621073,0.4865828809674079,0.6321205588285576,0.5798960045157819
13,4,96.0,6,0.0,0.5,,0.1535182751093859,0.28346868942621073,0.28346868942621073,0.4865828809674079,0.6321205588285576,0.5887305154167606
13,4,97.0,6,0.0,0.5,,0.1535182751093859,0.28346868942621073,0.28346868942621073,0.4865828809674079,0.6321205588285576,0.5564581025599677
13,4,98.0,6,0.0,0.5,,0.1535182751093859,0.28346868942621073,0.28346868942621073,0.4865828809674079,0.6321205588285576,0.6001194053196456
13,4,99.0,6,0.0,0.5,,0.1535182751093859,0.28346868942621073,0.28346868942621073,0.4865828809674079,0.6321205588285576,0.6772177655783075
13,4,100.0,6,0.0,0.5,,0.1535182751093859,0.28346868942621073,0.28346868942621073,0.4865828809674079,0.6321205588285576,0.5085705127767944
14,4,1.0,6,0.0,0.9,,0.1535182751093859,0.1535182751093859,0.1535182751093859,0.1535182751093859,0.1535182751093859,0.28346868942621073
14,4,2.0,6,0.0,0.9,,0.1535182751093859,0.1535182751093859,0.1535182751093859,0.1535182751093859,0.1535182751093859,0.28346868942621073
14,4,3.0,6,0.0,0.9,,0.1535182751093859,0.1535182751093859,0.1535182751093859,0.1535182751093859,0.1535182751093859,0.28346868942621073
14,4,4.0,6,0.0,0.9,,0.1535182751093859,0.1535182751093859,0.1535182751093859,0.1535182751093859,0.1535182751093859,0.28346868942621073
14,4,5.0,6,0.0,0.9,,0.1535182751093859,0.1535182751093859,0.1535182751093859,0.1535182751093859,0.1535182751093859,0.28346868942621073
14,4,6.0,6,0.0,0.9,,0.1535182751093859,0.1535182751093859,0.1535182751093859,0.1535182751093859,0.1535182751093859,0.28346868942621073
14,4,7.0,6,0.0,0.9,,0.1535182751093859,0.1535182751093859,0.1535182751093859,0.1535182751093859,0.1535182751093859,0.28346868942621073
14,4,8.0,6,0.0,0.9,,0.1535182751093859,0.1535182751093859,0.1535182751093859,0.1535182751093859,0.1535182751093859,0.28346868942621073
14,4,9.0,6,0.0,0.9,,0.1535182751093859,0.1535182751093859,0.1535182751093859,0.1535182751093859,0.1535182751093859,0.28346868942621073
14,4,10.0,6,0.0,0.9,,0.1535182751093859,0.1535182751093859,0.1535182751093859,0.1535182751093859,0.1535182751093859,0.28346868942621073
14,4,11.0,6,0.0,0.9,,0.1535182751093859,0.1535182751093859,0.1535182751093859,0.1535182751093859,0.1535182751093859,0.28346868942621073
14,4,12.0,6,0.0,0.9,,0.1535182751093859,0.1535182751093859,0.1535182751093859,0.1535182751093859,0.1535182751093859,0.28346868942621073
14,4,13.0,6,0.0,0.9,,0.1535182751093859,0.1535182751093859,0.1535182751093859,0.1535182751093859,0.1535182751093859,0.28346868942621073
14,4,14.0,6,0.0,0.9,,0.1535182751093859,0.1535182751093859,0.1535182751093859,0.1535182751093859,0.1535182751093859,0.28346868942621073
14,4,15.0,6,0.0,0.9,,0.1535182751093859,0.1535182751093859,0.1535182751093859,0.1535182751093859,0.1535182751093859,0.28346868942621073
14,4,16.0,6,0.0,0.9,,0.1535182751093859,0.1535182751093859,0.1535182751093859,0.1535182751093859,0.1535182751093859,0.28346868942621073
14,4,17.0,6,0.0,0.9,,0.1535182751093859,0.1535182751093859,0.1535182751093859,0.1535182751093859,0.1535182751093859,0.28346868942621073
14,4,18.0,6,0.0,0.9,,0.1535182751093859,0.1535182751093859,0.1535182751093859,0.1535182751093859,0.1535182751093859,0.28346868942621073
14,4,19.0,6,0.0,0.9,,0.1535182751093859,0.1535182751093859,0.1535182751093859,0.1535182751093859,0.1535182751093859,0.28346868942621073
14,4,20.0,6,0.0,0.9,,0.1535182751093859,0.1535182751093859,0.1535182751093859,0.1535182751093859,0.1535182751093859,0.28346868942621073
14,4,21.0,6,0.0,0.9,,0.1535182751093859,0.1535182751093859,0.1535182751093859,0.1535182751093859,0.1535182751093859,0.28346868942621073
14,4,22.0,6,0.0,0.9,,0.1535182751093859,0.1535182751093859,0.1535182751093859,0.1535182751093859,0.1535182751093859,0.28346868942621073
14,4,23.0,6,0.0,0.9,,0.1535182751093859,0.1535182751093859,0.1535182751093859,0.1535182751093859,0.1535182751093859,0.28346868942621073
14,4,24.0,6,0.0,0.9,,0.1535182751093859,0.1535182751093859,0.1535182751093859,0.1535182751093859,0.1535182751093859,0.28346868942621073
14,4,25.0,6,0.0,0.9,,0.1535182751093859,0.1535182751093859,0.1535182751093859,0.1535182751093859,0.1535182751093859,0.28346868942621073
14,4,26.0,6,0.0,0.9,,0.1535182751093859,0.1535182751093859,0.1535182751093859,0.1535182751093859,0.1535182751093859,0.28346868942621073
14,4,27.0,6,0.0,0.9,,0.1535182751093859,0.1535182751093859,0.1535182751093859,0.1535182751093859,0.1535182751093859,0.28346868942621073
14,4,28.0,6,0.0,0.9,,0.1535182751093859,0.1535182751093859,0.1535182751093859,0.1535182751093859,0.1535182751093859,0.28346868942621073
14,4,29.0,6,0.0,0.9,,0.1535182751093859,0.1535182751093859,0.1535182751093859,0.1535182751093859,0.1535182751093859,0.28346868942621073
14,4,30.0,6,0.0,0.9,,0.1535182751093859,0.1535182751093859,0.1535182751093859,0.1535182751093859,0.1535182751093859,0.28346868942621073
14,4,31.0,6,0.0,0.9,,0.1535182751093859,0.1535182751093859,0.1535182751093859,0.1535182751093859,0.1535182751093859,0.28346868942621073
14,4,32.0,6,0.0,0.9,,0.1535182751093859,0.1535182751093859,0.1535182751093859,0.1535182751093859,0.1535182751093859,0.28346868942621073
14,4,33.0,6,0.0,0.9,,0.1535182751093859,0.1535182751093859,0.1535182751093859,0.1535182751093859,0.1535182751093859,0.28346868942621073
14,4,34.0,6,0.0,0.9,,0.1535182751093859,0.1535182751093859,0.1535182751093859,0.1535182751093859,0.1535182751093859,0.28346868942621073
14,4,35.0,6,0.0,0.9,,0.1535182751093859,0.1535182751093859,0.1535182751093859,0.1535182751093859,0.1535182751093859,0.28346868942621073
14,4,36.0,6,0.0,0.9,,0.1535182751093859,0.1535182751093859,0.1535182751093859,0.1535182751093859,0.1535182751093859,0.28346868942621073
14,4,37.0,6,0.0,0.9,,0.1535182751093859,0.1535182751093859,0.1535182751093859,0.1535182751093859,0.1535182751093859,0.28346868942621073
14,4,38.0,6,0.0,0.9,,0.1535182751093859,0.1535182751093859,0.1535182751093859,0.1535182751093859,0.1535182751093859,0.28346868942621073
14,4,39.0,6,0.0,0.9,,0.1535182751093859,0.1535182751093859,0.1535182751093859,0.1535182751093859,0.1535182751093859,0.28346868942621073
14,4,40.0,6,0.0,0.9,,0.1535182751093859,0.1535182751093859,0.1535182751093859,0.1535182751093859,0.1535182751093859,0.28346868942621073
14,4,41.0,6,0.0,0.9,,0.1535182751093859,0.1535182751093859,0.1535182751093859,0.1535182751093859,0.1535182751093859,0.28346868942621073
14,4,42.0,6,0.0,0.9,,0.1535182751093859,0.1535182751093859,0.1535182751093859,0.1535182751093859,0.1535182751093859,0.28346868942621073
14,4,43.0,6,0.0,0.9,,0.1535182751093859,0.1535182751093859,0.1535182751093859,0.1535182751093859,0.1535182751093859,0.28346868942621073
14,4,44.0,6,0.0,0.9,,0.1535182751093859,0.1535182751093859,0.1535182751093859,0.1535182751093859,0.1535182751093859,0.28346868942621073
14,4,45.0,6,0.0,0.9,,0.1535182751093859,0.1535182751093859,0.1535182751093859,0.1535182751093859,0.1535182751093859,0.28346868942621073
14,4,46.0,6,0.0,0.9,,0.1535182751093859,0.1535182751093859,0.1535182751093859,0.1535182751093859,0.1535182751093859,0.28346868942621073
14,4,47.0,6,0.0,0.9,,0.1535182751093859,0.1535182751093859,0.1535182751093859,0.1535182751093859,0.1535182751093859,0.28346868942621073
14,4,48.0,6,0.0,0.9,,0.1535182751093859,0.1535182751093859,0.1535182751093859,0.1535182751093859,0.1535182751093859,0.28346868942621073
14,4,49.0,6,0.0,0.9,,0.1535182751093859,0.1535182751093859,0.1535182751093859,0.1535182751093859,0.1535182751093859,0.28346868942621073
14,4,50.0,6,0.0,0.9,,0.1535182751093859,0.1535182751093859,0.1535182751093859,0.1535182751093859,0.1535182751093859,0.28346868942621073
14,4,51.0,6,0.0,0.9,,0.1535182751093859,0.1535182751093859,0.1535182751093859,0.1535182751093859,0.1535182751093859,0.28346868942621073
14,4,52.0,6,0.0,0.9,,0.1535182751093859,0.1535182751093859,0.1535182751093859,0.1535182751093859,0.1535182751093859,0.28346868942621073
14,4,53.0,6,0.0,0.9,,0.1535182751093859,0.1535182751093859,0.1535182751093859,0.1535182751093859,0.1535182751093859,0.28346868942621073
14,4,54.0,6,0.0,0.9,,0.1535182751093859,0.1535182751093859,0.1535182751093859,0.1535182751093859,0.1535182751093859,0.28346868942621073
14,4,55.0,6,0.0,0.9,,0.1535182751093859,0.1535182751093859,0.1535182751093859,0.1535182751093859,0.1535182751093859,0.28346868942621073
14,4,56.0,6,0.0,0.9,,0.1535182751093859,0.1535182751093859,0.1535182751093859,0.1535182751093859,0.1535182751093859,0.28346868942621073
14,4,57.0,6,0.0,0.9,,0.1535182751093859,0.1535182751093859,0.1535182751093859,0.1535182751093859,0.1535182751093859,0.28346868942621073
14,4,58.0,6,0.0,0.9,,0.1535182751093859,0.1535182751093859,0.1535182751093859,0.1535182751093859,0.1535182751093859,0.28346868942621073
14,4,59.0,6,0.0,0.9,,0.1535182751093859,0.1535182751093859,0.1535182751093859,0.1535182751093859,0.1535182751093859,0.28346868942621073
14,4,60.0,6,0.0,0.9,,0.1535182751093859,0.1535182751093859,0.1535182751093859,0.1535182751093859,0.1535182751093859,0.28346868942621073
14,4,61.0,6,0.0,0.9,,0.1535182751093859,0.1535182751093859,0.1535182751093859,0.1535182751093859,0.1535182751093859,0.28346868942621073
14,4,62.0,6,0.0,0.9,,0.1535182751093859,0.1535182751093859,0.1535182751093859,0.1535182751093859,0.1535182751093859,0.28346868942621073
14,4,63.0,6,0.0,0.9,,0.1535182751093859,0.1535182751093859,0.1535182751093859,0.1535182751093859,0.1535182751093859,0.28346868942621073
14,4,64.0,6,0.0,0.9,,0.1535182751093859,0.1535182751093859,0.1535182751093859,0.1535182751093859,0.1535182751093859,0.28346868942621073
14,4,65.0,6,0.0,0.9,,0.1535182751093859,0.1535182751093859,0.1535182751093859,0.1535182751093859,0.1535182751093859,0.28346868942621073
14,4,66.0,6,0.0,0.9,,0.1535182751093859,0.1535182751093859,0.1535182751093859,0.1535182751093859,0.1535182751093859,0.28346868942621073
14,4,67.0,6,0.0,0.9,,0.1535182751093859,0.1535182751093859,0.1535182751093859,0.1535182751093859,0.1535182751093859,0.28346868942621073
14,4,68.0,6,0.0,0.9,,0.1535182751093859,0.1535182751093859,0.1535182751093859,0.1535182751093859,0.1535182751093859,0.28346868942621073
14,4,69.0,6,0.0,0.9,,0.1535182751093859,0.1535182751093859,0.1535182751093859,0.1535182751093859,0.1535182751093859,0.28346868942621073
14,4,70.0,6,0.0,0.9,,0.1535182751093859,0.1535182751093859,0.1535182751093859,0.1535182751093859,0.1535182751093859,0.28346868942621073
14,4,71.0,6,0.0,0.9,,0.1535182751093859,0.1535182751093859,0.1535182751093859,0.1535182751093859,0.1535182751093859,0.28346868942621073
14,4,72.0,6,0.0,0.9,,0.1535182751093859,0.1535182751093859,0.1535182751093859,0.1535182751093859,0.1535182751093859,0.28346868942621073
14,4,73.0,6,0.0,0.9,,0.1535182751093859,0.1535182751093859,0.1535182751093859,0.1535182751093859,0.1535182751093859,0.28346868942621073
14,4,74.0,6,0.0,0.9,,0.1535182751093859,0.1535182751093859,0.1535182751093859,0.1535182751093859,0.1535182751093859,0.28346868942621073
14,4,75.0,6,0.0,0.9,,0.1535182751093859,0.1535182751093859,0.1535182751093859,0.1535182751093859,0.1535182751093859,0.28346868942621073
14,4,76.0,6,0.0,0.9,,0.1535182751093859,0.1535182751093859,0.1535182751093859,0.1535182751093859,0.1535182751093859,0.28346868942621073
14,4,77.0,6,0.0,0.9,,0.1535182751093859,0.1535182751093859,0.1535182751093859,0.1535182751093859,0.1535182751093859,0.28346868942621073
14,4,78.0,6,0.0,0.9,,0.1535182751093859,0.1535182751093859,0.1535182751093859,0.1535182751093859,0.1535182751093859,0.28346868942621073
14,4,79.0,6,0.0,0.9,,0.1535182751093859,0.1535182751093859,0.1535182751093859,0.1535182751093859,0.1535182751093859,0.28346868942621073
14,4,80.0,6,0.0,0.9,,0.1535182751093859,0.1535182751093859,0.1535182751093859,0.1535182751093859,0.1535182751093859,0.28346868942621073
14,4,81.0,6,0.0,0.9,,0.1535182751093859,0.1535182751093859,0.1535182751093859,0.1535182751093859,0.1535182751093859,0.28346868942621073
14,4,82.0,6,0.0,0.9,,0.1535182751093859,0.1535182751093859,0.1535182751093859,0.1535182751093859,0.1535182751093859,0.28346868942621073
14,4,83.0,6,0.0,0.9,,0.1535182751093859,0.1535182751093859,0.1535182751093859,0.1535182751093859,0.1535182751093859,0.28346868942621073
14,4,84.0,6,0.0,0.9,,0.1535182751093859,0.1535182751093859,0.1535182751093859,0.1535182751093859,0.1535182751093859,0.28346868942621073
14,4,85.0,6,0.0,0.9,,0.1535182751093859,0.1535182751093859,0.1535182751093859,0.1535182751093859,0.1535182751093859,0.28346868942621073
14,4,86.0,6,0.0,0.9,,0.1535182751093859,0.1535182751093859,0.1535182751093859,0.1535182751093859,0.1535182751093859,0.28346868942621073
14,4,87.0,6,0.0,0.9,,0.1535182751093859,0.1535182751093859,0.1535182751093859,0.1535182751093859,0.1535182751093859,0.28346868942621073
14,4,88.0,6,0.0,0.9,,0.1535182751093859,0.1535182751093859,0.1535182751093859,0.1535182751093859,0.1535182751093859,0.28346868942621073
14,4,89.0,6,0.0,0.9,,0.1535182751093859,0.1535182751093859,0.1535182751093859,0.1535182751093859,0.1535182751093859,0.28346868942621073
14,4,90.0,6,0.0,0.9,,0.1535182751093859,0.1535182751093859,0.1535182751093859,0.1535182751093859,0.1535182751093859,0.28346868942621073
14,4,91.0,6,0.0,0.9,,0.1535182751093859,0.1535182751093859,0.1535182751093859,0.1535182751093859,0.1535182751093859,0.28346868942621073
14,4,92.0,6,0.0,0.9,,0.1535182751093859,0.1535182751093859,0.1535182751093859,0.1535182751093859,0.1535182751093859,0.28346868942621073
14,4,93.0,6,0.0,0.9,,0.1535182751093859,0.1535182751093859,0.1535182751093859,0.1535182751093859,0.1535182751093859,0.28346868942621073
14,4,94.0,6,0.0,0.9,,0.1535182751093859,0.1535182751093859,0.1535182751093859,0.1535182751093859,0.1535182751093859,0.28346868942621073
14,4,95.0,6,0.0,0.9,,0.1535182751093859,0.1535182751093859,0.1535182751093859,0.1535182751093859,0.1535182751093859,0.28346868942621073
14,4,96.0,6,0.0,0.9,,0.1535182751093859,0.1535182751093859,0.1535182751093859,0.1535182751093859,0.1535182751093859,0.28346868942621073
14,4,97.0,6,0.0,0.9,,0.1535182751093859,0.1535182751093859,0.1535182751093859,0.1535182751093859,0.1535182751093859,0.28346868942621073
14,4,98.0,6,0.0,0.9,,0.1535182751093859,0.1535182751093859,0.1535182751093859,0.1535182751093859,0.1535182751093859,0.28346868942621073
14,4,99.0,6,0.0,0.9,,0.1535182751093859,0.1535182751093859,0.1535182751093859,0.1535182751093859,0.1535182751093859,0.28346868942621073
14,4,100.0,6,0.0,0.9,,0.1535182751093859,0.1535182751093859,0.1535182751093859,0.1535182751093859,0.1535182751093859,0.28346868942621073
