RunId,iteration,Step,cognitive_capacity,signal_noise,task_complexity,rng,1,3,5,8,12,18
0,0,21.0,2,0.0,0.0,,0.5673940419354985,0.6332650735220755,0.668358427096264,0.5691949058895338,0.5579949137253127,0.5429361372308036
0,0,22.0,2,0.0,0.0,,0.5644371405480643,0.6259435658109818,0.6604661009007777,0.596713184658909,0.5547482910932082,0.5311839019329064
0,0,23.0,2,0.0,0.0,,0.5592547250572453,0.6209904900217906,0.6561596973460369,0.6299375325455396,0.5340045287089119,0.5325352878536312
0,0,24.0,2,0.0,0.0,,0.5608364406026844,0.6246021484190696,0.653010798539295,0.5965118869549461,0.5114866042615145,0.5418795662519329
0,0,25.0,2,0.0,0.0,,0.559901800021813,0.6317062870899881,0.622906081809932,0.5774715394545707,0.5140011826552107,0.5365211302434125
0,0,26.0,2,0.0,0.0,,0.5556264526362444,0.6343583480339088,0.6285552307796984,0.5600167045194964,0.5249974544670516,0.5778644504208923
0,0,27.0,2,0.0,0.0,,0.5591792121158362,0.6293479776204856,0.6244548903426576,0.5417999895090355,0.5430654575619867,0.5517585707423012
0,0,28.0,2,0.0,0.0,,0.5689944570875566,0.6356207118820494,0.624783145230794,0.5278003595666512,0.5782524970286668,0.5375135828319128
0,0,29.0,2,0.0,0.0,,0.5630108490746708,0.6302383970726254,0.6260448260889347,0.5177114171283514,0.5716871644273183,0.5300823825621376
0,0,30.0,2,0.0,0.0,,0.554668289411355,0.6310799345462096,0.6169674829519488,0.514311205612272,0.5527925545246053,0.547413969618663
0,0,31.0,2,0.0,0.0,,0.5454212303271017,0.6304966119294275,0.6015849858141198,0.5370034854072406,0.5876831963842222,0.5923834722063154
0,0,32.0,2,0.0,0.0,,0.5511253050543538,0.6346721323620499,0.6003743523384215,0.5526711652813299,0.584484570341561,0.5864106705869205
0,0,33.0,2,0.0,0.0,,0.5555782940503238,0.6326197413515408,0.6115679164621819,0.58707929921704,0.619327780315149,0.5946929672514099
0,0,34.0,2,0.0,0.0,,0.5500779056276615,0.6239987746634338,0.5855813532481545,0.5422578830709522,0.5974894794101753,0.5572663516334879
0,0,35.0,2,0.0,0.0,,0.5569403875261931,0.6237522932209949,0.5643530585072503,0.5418250608583974,0.5971645530974696,0.5576902107965065
0,0,36.0,2,0.0,0.0,,0.565003384398619,0.6216666813511009,0.5508467416663742,0.5709699303224159,0.604260666584509,0.5930724802210126
0,0,37.0,2,0.0,0.0,,0.568880770542959,0.6193738947840037,0.5695172853544236,0.5929668131997697,0.5805317166237065,0.5412219457795674
0,0,38.0,2,0.0,0.0,,0.569782666441208,0.6311777103243338,0.5510897318302131,0.6134212360967943,0.543594614485339,0.5694674560940698
0,0,39.0,2,0.0,0.0,,0.5705041831598072,0.6325295283528175,0.5767441292106381,0.5885906632452353,0.5791373496129326,0.5359694012948728
0,0,40.0,2,0.0,0.0,,0.5710813965346865,0.6353799259075175,0.6016287737648953,0.5931870663227061,0.5828743605007511,0.5004559513249298
0,0,41.0,2,0.0,0.0,,0.5785162046226369,0.6348428977525478,0.5947968181521982,0.5822238420042594,0.5774668401626255,0.5066090799888128
0,0,42.0,2,0.0,0.0,,0.5740456112377749,0.6420598004409535,0.6007298285261224,0.5819755943992337,0.5805227720026823,0.49201177842588606
0,0,43.0,2,0.0,0.0,,0.5786875633678845,0.6384546607821926,0.5988822297423102,0.5870451939159609,0.5622887067657574,0.5536094227407087
0,0,44.0,2,0.0,0.0,,0.5754280876839253,0.6390634755114394,0.6041626933515609,0.6021686839643541,0.557396055634232,0.5549012431200001
0,0,45.0,2,0.0,0.0,,0.5867665819128516,0.6428852281202158,0.6077865141959584,0.6048365550991187,0.5879558530838336,0.5767842855068589
0,0,46.0,2,0.0,0.0,,0.5937476350646014,0.6394504633110473,0.6124716997171217,0.5615989932731351,0.5755319108581824,0.6037354150459351
0,0,47.0,2,0.0,0.0,,0.5862307555913465,0.6355506559862292,0.6135413572698682,0.5700222379666747,0.6116689550402212,0.5912933210448761
0,0,48.0,2,0.0,0.0,,0.5754442276419187,0.6261526558378165,0.6069132604335171,0.5883802366570587,0.6224348428666635,0.6046349771259677
0,0,49.0,2,0.0,0.0,,0.5737880426704234,0.6295091358504832,0.6199818771081411,0.5748485585908354,0.6052387530842308,0.6242194862091858
0,0,50.0,2,0.0,0.0,,0.5772361190640509,0.6315733689793129,0.6372239314589593,0.5605067431993633,0.5574348878980284,0.6303451942898926
0,0,51.0,2,0.0,0.0,,0.5812399696289053,0.6273632106398569,0.6170220314299434,0.5643996619844802,0.5833424641814872,0.5579943292818813
0,0,52.0,2,0.0,0.0,,0.5844430500807889,0.6303298612780963,0.6100098565184918,0.5856340745874646,0.6047320121141548,0.5842099834132914
0,0,53.0,2,0.0,0.0,,0.5704864283126011,0.635163866368792,0.614861356614542,0.6095956536513587,0.6244722295441815,0.5325735028098564
0,0,54.0,2,0.0,0.0,,0.5710671926569216,0.6283161229101735,0.6154361140072513,0.6422552288742792,0.6472341067310674,0.5669308678000846
0,0,55.0,2,0.0,0.0,,0.558540352923555,0.6380336422068754,0.6286093356496386,0.6496598178124774,0.6309798522474933,0.5477006191238695
0,0,56.0,2,0.0,0.0,,0.556737307974861,0.628728053152115,0.6213390914503757,0.6434628404462355,0.5900992268067711,0.6053059189514147
0,0,57.0,2,0.0,0.0,,0.5635955313076011,0.6226351144892847,0.6156416616186153,0.6430593503545692,0.5916278012621937,0.5660738194987098
0,0,58.0,2,0.0,0.0,,0.5703274994237454,0.6291116370956491,0.6260359992190081,0.5912544444617467,0.5762392122918361,0.5153198751270764
0,0,59.0,2,0.0,0.0,,0.5826861113047079,0.6319643270533439,0.6257099505927173,0.5803065071535234,0.5663460782577718,0.529101202387088
0,0,60.0,2,0.0,0.0,,0.5877999764386541,0.6366310500951906,0.6488121648011531,0.6077985080582471,0.5619219434561924,0.5588626909643214
0,0,61.0,2,0.0,0.0,,0.5884456660786356,0.6390431525748959,0.6593264409472057,0.6001741418595873,0.512338556585241,0.5924876234755552
0,0,62.0,2,0.0,0.0,,0.590207607240573,0.646715322883644,0.6322371305793908,0.6178776793911681,0.5036091415427177,0.5994477075286383
0,0,63.0,2,0.0,0.0,,0.5786257089612998,0.6408232815467515,0.6261475604338405,0.6264366725027389,0.521832255354847,0.6038938163622621
0,0,64.0,2,0.0,0.0,,0.58723493670336,0.6315422907935364,0.6501769827083097,0.6090689105491295,0.46544183955252505,0.6068018765243034
0,0,65.0,2,0.0,0.0,,0.579692974998705,0.6356683104351031,0.6312990285622839,0.6073229245891775,0.5278583509314657,0.5786535141689868
0,0,66.0,2,0.0,0.0,,0.5749870275386294,0.6405659615539157,0.6430873954346678,0.6178035297667173,0.487592599153354,0.5829228113351894
0,0,67.0,2,0.0,0.0,,0.566449245199745,0.6400907529809667,0.6350906802449573,0.6214958522081174,0.5405321829151816,0.5676838993011342
0,0,68.0,2,0.0,0.0,,0.5656374331494136,0.6347398487463749,0.6406576425051391,0.6035645381760254,0.5337333550155561,0.5645031466717372
0,0,69.0,2,0.0,0.0,,0.5589695696883725,0.6401551408982348,0.6379395050602599,0.5597859358099109,0.523002779527522,0.5685847447426332
0,0,70.0,2,0.0,0.0,,0.5488622545487157,0.6456583635612386,0.6499884159970496,0.5865813527592427,0.5411805514688319,0.586619820777223
0,0,71.0,2,0.0,0.0,,0.5525224641958609,0.6436346980175948,0.6328949447873008,0.546023002332143,0.5029702503137067,0.5771394195633122
0,0,72.0,2,0.0,0.0,,0.5544960083463064,0.6318297459791439,0.6456034468034584,0.5333944179246799,0.5259350480165247,0.5227731736127664
0,0,73.0,2,0.0,0.0,,0.5630478810547097,0.6376469975553555,0.6455858557516193,0.5592878919322785,0.5036936629724454,0.5574881424519593
0,0,74.0,2,0.0,0.0,,0.5698893792214325,0.651396146334957,0.6622257147589778,0.5578190554504527,0.5204235651159353,0.5891579544169839
0,0,75.0,2,0.0,0.0,,0.5705895533839866,0.6461451914209496,0.6387358764606499,0.5462313818666511,0.5035688319391289,0.5790753911672357
0,0,76.0,2,0.0,0.0,,0.558158241505207,0.6405165044478378,0.6184764369015683,0.5839976126811302,0.5073960492061026,0.569408004544645
0,0,77.0,2,0.0,0.0,,0.5507862033557839,0.6380791033847393,0.6124010858753594,0.6090635991970492,0.5578803952858423,0.542228658583881
0,0,78.0,2,0.0,0.0,,0.555307012691468,0.6336436665678017,0.6158271064026383,0.6597743371353839,0.544704482806934,0.583092772616393
0,0,79.0,2,0.0,0.0,,0.558923660160015,0.6147502021724621,0.6139936312153249,0.6550608706165141,0.5613564411827974,0.6064742180931144
0,0,80.0,2,0.0,0.0,,0.5563332132240293,0.6155215315913769,0.6013897306099585,0.5987787386007827,0.5870041343881816,0.625829719363864
0,0,81.0,2,0.0,0.0,,0.5584992311361118,0.6271060092807734,0.6234135182878238,0.6250306702590094,0.6000342281651019,0.6282863190875249
0,0,82.0,2,0.0,0.0,,0.5551212788913318,0.6233980664866141,0.6224463958644993,0.6053113041522973,0.5994108301499902,0.636657734505514
0,0,83.0,2,0.0,0.0,,0.5553296706527309,0.6297221053242401,0.6306967986319707,0.6052321270127184,0.6120060455108705,0.5395591372634224
0,0,84.0,2,0.0,0.0,,0.5567417735118023,0.6287676318686365,0.6315015888737168,0.5805380525886245,0.6057099735699806,0.5724139955362235
0,0,85.0,2,0.0,0.0,,0.5600714688162827,0.6308169756877186,0.6367128587422133,0.5774227324235298,0.5826040705339397,0.5271535477847774
0,0,86.0,2,0.0,0.0,,0.5531891763182192,0.6385803051929602,0.6317858698718749,0.5662164699555677,0.637768269142842,0.502997584564086
0,0,87.0,2,0.0,0.0,,0.564202428449463,0.6361302357904317,0.6233067113587116,0.5845263793629,0.6113727969836996,0.504717376492254
0,0,88.0,2,0.0,0.0,,0.5612669683955875,0.6432637120171538,0.6188174795337201,0.5707185884919149,0.5993473258507532,0.47839281164864544
0,0,89.0,2,0.0,0.0,,0.5415271231092176,0.6292432920966314,0.6319951600520924,0.6072658330796952,0.5960167181085236,0.49451607825003796
0,0,90.0,2,0.0,0.0,,0.5514273834150863,0.6298481587550394,0.6182839893824859,0.6259566155144227,0.6088159135524978,0.4895916595731059
0,0,91.0,2,0.0,0.0,,0.5498015429181338,0.6295381084810925,0.6054856779941366,0.635650295692318,0.6124744121016368,0.49902989986303303
0,0,92.0,2,0.0,0.0,,0.5662653461002185,0.6298811149437243,0.6177988614402669,0.616934285097485,0.6133264369397391,0.5054527575757721
0,0,93.0,2,0.0,0.0,,0.5594719000490164,0.6335327656995565,0.6277936068860283,0.6144095523797253,0.5815372903883762,0.5244582361448545
0,0,94.0,2,0.0,0.0,,0.5552825326580069,0.6359588963479463,0.6252288824989811,0.5967524638285698,0.5779694033863809,0.5104239523301819
0,0,95.0,2,0.0,0.0,,0.5567040631160232,0.633739303854574,0.6157904359017123,0.6268215061397027,0.5794922965151331,0.48004409945334114
0,0,96.0,2,0.0,0.0,,0.5600413004996593,0.6333115408254211,0.6127852879069426,0.6417058720723303,0.5614684485919698,0.49354036709211196
0,0,97.0,2,0.0,0.0,,0.556692676585792,0.6263563231333632,0.6020529039596159,0.6396027692157642,0.5857543888760828,0.48825793648295857
0,0,98.0,2,0.0,0.0,,0.5622322042926976,0.6291042938833281,0.5714113614196823,0.6143412133112699,0.5841448094048254,0.509933448386055
0,0,99.0,2,0.0,0.0,,0.5623740712096074,0.6291434258991367,0.58069290638738,0.6056944672013167,0.5703870379972654,0.5387530122223619
0,0,100.0,2,0.0,0.0,,0.5541588671193043,0.6252481337187425,0.5877337004668648,0.5679945993368941,0.6009062138354726,0.5423600314258528
1,0,21.0,4,0.0,0.0,,0.47915299202511064,0.5976355901171113,0.6162728787062624,0.5999834367328243,0.6270932786078875,0.4717280817722653
1,0,22.0,4,0.0,0.0,,0.4842926254716707,0.595932410430628,0.620934228670862,0.604921338827918,0.607854100831186,0.43306045171035573
1,0,23.0,4,0.0,0.0,,0.4918497346960942,0.5984783298299956,0.6128104665555848,0.6275697917000375,0.6291936903133606,0.46355298854507543
1,0,24.0,4,0.0,0.0,,0.4916299751101375,0.6008581549697244,0.6095277008203586,0.6343534761640865,0.6195720107446384,0.44082281159895603
1,0,25.0,4,0.0,0.0,,0.4934438208809081,0.6008816003480419,0.6160209934795973,0.6195078950134676,0.6587635266415025,0.4521754959758867
1,0,26.0,4,0.0,0.0,,0.5129607416324389,0.6082390301249143,0.6080162431854779,0.620895949068629,0.6202532478039628,0.46438983902374115
1,0,27.0,4,0.0,0.0,,0.5066303181912335,0.6067461091714685,0.609001828008202,0.6091011014494803,0.6072201957624606,0.4853556914759805
1,0,28.0,4,0.0,0.0,,0.5009724395302284,0.6041396442699314,0.6169257018287535,0.6155619140970088,0.6082558117989281,0.514387767502843
1,0,29.0,4,0.0,0.0,,0.5004205615721166,0.6129139315423027,0.6118343599967699,0.6286503720669938,0.6218642527451861,0.536712995216375
1,0,30.0,4,0.0,0.0,,0.4856964651655441,0.6130723798184107,0.61756392039198,0.6197622614221602,0.6276515414782019,0.5197493970099496
1,0,31.0,4,0.0,0.0,,0.4553260747283721,0.615278718097813,0.6157398562690113,0.6340378637397518,0.6358224529544737,0.5579229885488864
1,0,32.0,4,0.0,0.0,,0.469475093501587,0.601505061770418,0.6221181210240778,0.6256840350413378,0.6368828533534326,0.5601813660617085
1,0,33.0,4,0.0,0.0,,0.4606705138125058,0.600454028322867,0.6297678884508334,0.6270172888095046,0.634000683057357,0.549655259330499
1,0,34.0,4,0.0,0.0,,0.464733618530763,0.5958031941094049,0.6279032959256937,0.609009749169432,0.6177754329506386,0.5247352753340592
1,0,35.0,4,0.0,0.0,,0.4687827017055004,0.6012682111685376,0.6232759163732051,0.6077560355856425,0.603004752864048,0.5695193452871867
1,0,36.0,4,0.0,0.0,,0.46913362661376734,0.6004088941053715,0.6249874771284676,0.6224666946520697,0.5979993210722274,0.6181239937995197
1,0,37.0,4,0.0,0.0,,0.4633655544430968,0.5993021538672374,0.616989194937701,0.6196195580807573,0.6207021197210196,0.6032397805856431
1,0,38.0,4,0.0,0.0,,0.45309960042628133,0.6033228893806981,0.6104567860048948,0.6113739676026632,0.5949398542550428,0.5839286586620719
1,0,39.0,4,0.0,0.0,,0.45947548722191495,0.6072353848139308,0.6088472446149986,0.6063919971325509,0.6013093146109927,0.5811780343719778
1,0,40.0,4,0.0,0.0,,0.4577134300562067,0.603760928752491,0.6179285402183436,0.5912918146639701,0.6065702850017334,0.59766501006153
1,0,41.0,4,0.0,0.0,,0.4541495246877246,0.6029820577198903,0.6222560815839342,0.58653145716141,0.5973036610479737,0.6038909770693296
1,0,42.0,4,0.0,0.0,,0.45951682723093795,0.6070342801342672,0.6270277957702228,0.600803374502558,0.5991314589082248,0.5274966681949753
1,0,43.0,4,0.0,0.0,,0.4596311848027259,0.6099617936417336,0.6349758364924718,0.6286800018581257,0.5987649083363834,0.4731247049299462
1,0,44.0,4,0.0,0.0,,0.485910632769893,0.6143038411425057,0.6330356744067421,0.6465572614553504,0.5952879360662029,0.5092529749066345
1,0,45.0,4,0.0,0.0,,0.4883711161638483,0.6163192059687366,0.6429142923262912,0.6335444093840648,0.6177050871478389,0.5037128193522352
1,0,46.0,4,0.0,0.0,,0.46836750450444703,0.6147795342598528,0.6343448043373092,0.6622059270011842,0.5866800201478343,0.4915331213928133
1,0,47.0,4,0.0,0.0,,0.4661181867134923,0.6134585770498299,0.6366346576776178,0.6490746342936093,0.5854118418313227,0.47256600070694343
1,0,48.0,4,0.0,0.0,,0.45056516094416227,0.6081888115281765,0.6340403286841695,0.6428903556689501,0.5718246437939686,0.5229266814727048
1,0,49.0,4,0.0,0.0,,0.444186907530782,0.6019593768079492,0.6280798052034353,0.6279839258916609,0.5610839434030572,0.519188635143991
1,0,50.0,4,0.0,0.0,,0.42870786499964614,0.6021419460209019,0.6272578301832205,0.663347416997417,0.5999662861284075,0.5408692607575691
1,0,51.0,4,0.0,0.0,,0.4426089019476508,0.6132889168258139,0.6229028179844395,0.6440977172047175,0.5817547196878616,0.5524977620222271
1,0,52.0,4,0.0,0.0,,0.44683892657170354,0.6120990954838426,0.6064891505920655,0.6337566932734351,0.5734986978319682,0.5335548458238748
1,0,53.0,4,0.0,0.0,,0.46665979994694434,0.607664635234504,0.6133560317806415,0.6204977511413718,0.5564891247353467,0.5518957218401775
1,0,54.0,4,0.0,0.0,,0.45228959436218386,0.6181786114507621,0.6076148119086756,0.6415441295428976,0.5431193199905782,0.53225220926265
1,0,55.0,4,0.0,0.0,,0.4697291913480687,0.6146977742321469,0.6151294721610872,0.641273432578781,0.5536441348965123,0.5477558753450503
1,0,56.0,4,0.0,0.0,,0.46853515809203794,0.610659335897701,0.6177139707743133,0.6170885116673976,0.5515972572982312,0.5649748289873672
1,0,57.0,4,0.0,0.0,,0.44212605157308404,0.6107720960210894,0.6216034585806036,0.6395014850131462,0.5580214753740513,0.5711187736025503
1,0,58.0,4,0.0,0.0,,0.4196711444542725,0.6168971580147666,0.6205090546631076,0.6615178080161862,0.600083380869304,0.512141995708316
1,0,59.0,4,0.0,0.0,,0.4319341230441765,0.6147797006907731,0.6149499538981005,0.6446919867513639,0.5580984505346436,0.5021488306289517
1,0,60.0,4,0.0,0.0,,0.45213254749481413,0.6138586864684503,0.6182087289032745,0.6226402693247802,0.5413552723229054,0.47143227000887516
1,0,61.0,4,0.0,0.0,,0.46267626984743354,0.6120518901743475,0.6181236764221678,0.6261121814230762,0.6067322773373025,0.5039012352721074
1,0,62.0,4,0.0,0.0,,0.47275183996672754,0.6103994373778836,0.6249330019799235,0.6328219876256052,0.6120180389004446,0.49231023033822785
1,0,63.0,4,0.0,0.0,,0.48261710629213966,0.604155535016788,0.6243305928905107,0.6400069395653489,0.6096852259288795,0.5111329654110067
1,0,64.0,4,0.0,0.0,,0.4602824150675163,0.6048894928679986,0.6247168517058834,0.6363376509208016,0.6225744685782347,0.5154438480836134
1,0,65.0,4,0.0,0.0,,0.47344016577290227,0.6107998578226447,0.6197602569417029,0.6361601964153039,0.6091558064348922,0.4951830022687929
1,0,66.0,4,0.0,0.0,,0.4797223644699041,0.6148327736626618,0.6215032843576915,0.6338299693512979,0.6200878943282089,0.4988390553317987
1,0,67.0,4,0.0,0.0,,0.48474812342750545,0.6200118673943866,0.6238047538370287,0.6257030249214488,0.637299871457383,0.5308033751024684
1,0,68.0,4,0.0,0.0,,0.49221413306076195,0.6208988436512236,0.6129489419309888,0.6322673671533314,0.6203688859280251,0.555237884664993
1,0,69.0,4,0.0,0.0,,0.5154223938434973,0.6210119420363309,0.6065718572234127,0.6440681507483913,0.6374019623517376,0.5652780820481932
1,0,70.0,4,0.0,0.0,,0.4900085266481664,0.6191278556056313,0.606273102050283,0.6127128159376745,0.6323396032273806,0.5802886256496874
1,0,71.0,4,0.0,0.0,,0.48422960382859925,0.6182596414941435,0.6166440761801454,0.6123098740006067,0.6232329337692863,0.6163918810750657
1,0,72.0,4,0.0,0.0,,0.4753624637056385,0.6217293899490792,0.6276467311493403,0.6343507368940353,0.6291373673796479,0.6225745895979502
1,0,73.0,4,0.0,0.0,,0.4810869613848167,0.6131767576663782,0.6347773372102363,0.6341705378025073,0.5984888674342741,0.6034497677785591
1,0,74.0,4,0.0,0.0,,0.4900838028267427,0.6103037410821839,0.6320155168080299,0.6361801649507478,0.6009547559048078,0.5665201969122411
1,0,75.0,4,0.0,0.0,,0.458835944857331,0.6100591189946012,0.6271803555899933,0.6431661768542751,0.5918554184266032,0.5239372209517994
1,0,76.0,4,0.0,0.0,,0.45720179616453943,0.607648090520686,0.6301280815177667,0.6550920133418552,0.5877939236077735,0.5237004474069187
1,0,77.0,4,0.0,0.0,,0.4447231913362599,0.6049170213530118,0.6295932951823829,0.6492736647132171,0.5820373710732691,0.5186733260383828
1,0,78.0,4,0.0,0.0,,0.43609596770942033,0.6100820938221757,0.6331373971782494,0.6588605680052131,0.6000434960538407,0.5326320470001924
1,0,79.0,4,0.0,0.0,,0.44566752155633554,0.6139784342208543,0.623131722296075,0.6300178215123834,0.598172127242335,0.4965817688499234
1,0,80.0,4,0.0,0.0,,0.45273122472582683,0.616867626459108,0.6273797137878714,0.6274977616867904,0.5922307646414315,0.5009666760137742
1,0,81.0,4,0.0,0.0,,0.455735384194376,0.6144113254197666,0.6254092532726638,0.6036176193108604,0.5994966320288578,0.5245018318803528
1,0,82.0,4,0.0,0.0,,0.4401046592929537,0.6114120694121192,0.6324244940499052,0.5897813871817148,0.6306587609218774,0.5319104574933098
1,0,83.0,4,0.0,0.0,,0.4564993617531206,0.6132658507451447,0.6305778994637764,0.5795065731828565,0.587781166417023,0.5280129350600052
1,0,84.0,4,0.0,0.0,,0.4834051743302088,0.606983741697322,0.6257380623276331,0.5623330618421263,0.5742062294727204,0.5699839507309579
1,0,85.0,4,0.0,0.0,,0.46621116304579535,0.6072950930410915,0.6195604977276992,0.5727576944492442,0.5574954362835716,0.5839503114356903
1,0,86.0,4,0.0,0.0,,0.4713203975533101,0.6057212982535284,0.6255852089364886,0.5804427190471084,0.5717221065137489,0.6080752664673545
1,0,87.0,4,0.0,0.0,,0.459463474914452,0.6062728452411543,0.6215458508811189,0.5846912667166935,0.534264098320335,0.5971589441991403
1,0,88.0,4,0.0,0.0,,0.44733113373632155,0.607011437367388,0.6185406331544335,0.5616539500249991,0.513247403009515,0.6074317578783919
1,0,89.0,4,0.0,0.0,,0.4506167120026402,0.6050064235829526,0.619897268659215,0.598344380106856,0.5054991957140793,0.5907331947967887
1,0,90.0,4,0.0,0.0,,0.4566905770828706,0.6031256461137382,0.6191550913587299,0.600588523051567,0.5273728624460616,0.6147066317568429
1,0,91.0,4,0.0,0.0,,0.45810426667987947,0.6070459716001266,0.6280145380002873,0.6174329709847003,0.5552607960587552,0.6685769248433524
1,0,92.0,4,0.0,0.0,,0.45870619585396966,0.6041263661474204,0.6149800653063707,0.6360644783245384,0.5778426104574778,0.6260816776600413
1,0,93.0,4,0.0,0.0,,0.4851706416108881,0.6089634905887746,0.6169242835849549,0.6448728528520034,0.5426453334793282,0.5977849003443368
1,0,94.0,4,0.0,0.0,,0.4520170742531243,0.6042472323588415,0.6182800311730092,0.641194416411817,0.5608642108651467,0.5857273762556773
1,0,95.0,4,0.0,0.0,,0.45916652711904177,0.6021173373366665,0.6218203213432556,0.6291770189166186,0.5860517559295748,0.5718578357628871
1,0,96.0,4,0.0,0.0,,0.4691020529469473,0.6000995235350699,0.6187346033299117,0.6243812483105623,0.5680760922611955,0.5364070644454304
1,0,97.0,4,0.0,0.0,,0.46461608323610093,0.5999312694821393,0.6054799755297183,0.614432364976594,0.5976007829237729,0.4989515185971295
1,0,98.0,4,0.0,0.0,,0.4472092185263337,0.6063691273514229,0.6143169058076283,0.613754146529439,0.5949726923861329,0.49273937113169086
1,0,99.0,4,0.0,0.0,,0.44365641323243465,0.6093261140094902,0.6059354884854905,0.6275607855862076,0.5924695275904933,0.5140943183467386
1,0,100.0,4,0.0,0.0,,0.46835779114283616,0.6074017079898604,0.5959804971606477,0.6147120490928296,0.5814355993412587,0.5328076518452868
2,0,21.0,6,0.0,0.0,,0.3303760476699646,0.49783047767132393,0.6010134693725627,0.6154971510359923,0.5811502678164588,0.580555494822947
2,0,22.0,6,0.0,0.0,,0.3187256735044476,0.49260160544415443,0.6039531384509956,0.6214458421069232,0.5721237668005242,0.6109102651043021
2,0,23.0,6,0.0,0.0,,0.3357351421173842,0.49319153203324273,0.6109583600038284,0.6227700958217387,0.567110663339809,0.5646926255296131
2,0,24.0,6,0.0,0.0,,0.3422290737226318,0.4807549931804177,0.611187673728636,0.6252714685191385,0.5798402107077225,0.5487223291838719
2,0,25.0,6,0.0,0.0,,0.3405125553126642,0.47333292051344167,0.6034860254027394,0.6207404842079662,0.5813096061164952,0.5723550891195084
2,0,26.0,6,0.0,0.0,,0.3519328865253196,0.47373438222039566,0.5987877673090665,0.6404164196692749,0.6169271798244759,0.5745493149775119
2,0,27.0,6,0.0,0.0,,0.3610157587786766,0.4768251044398979,0.6023889471566106,0.6235239072415335,0.6161328906744137,0.5821276649971533
2,0,28.0,6,0.0,0.0,,0.3581727235616955,0.48309748964512156,0.6073206507427867,0.6247510239153179,0.6191240110058865,0.5734417167082555
2,0,29.0,6,0.0,0.0,,0.32519919750767085,0.4917522204757061,0.6025860491634571,0.6278439373965371,0.6330391968758645,0.5516699947625617
2,0,30.0,6,0.0,0.0,,0.3160558297405811,0.49076480519432153,0.6020565806886289,0.6169927376349646,0.5829449829705716,0.5235571438753317
2,0,31.0,6,0.0,0.0,,0.2935496713008631,0.5015110504278258,0.5999487706851567,0.6190809554934609,0.5937443844158196,0.5720590932089857
2,0,32.0,6,0.0,0.0,,0.27954395125385334,0.49065477073656644,0.5970070609299895,0.6251390453412287,0.5660138435965739,0.5459338955593188
2,0,33.0,6,0.0,0.0,,0.3050386919337109,0.49764777996159354,0.5947004893890627,0.607139083503285,0.5847640420061092,0.5253684032256063
2,0,34.0,6,0.0,0.0,,0.3137946937926165,0.508426926709778,0.5998826572353663,0.6114252882577189,0.6041812905577076,0.5549142113129685
2,0,35.0,6,0.0,0.0,,0.3193940418275675,0.5231449944053428,0.5968890841913084,0.6194752780062197,0.6547974225548415,0.5399203821834352
2,0,36.0,6,0.0,0.0,,0.3076769452166944,0.514482209290285,0.6039353791187582,0.629018215974913,0.6272410263237422,0.5469670814705243
2,0,37.0,6,0.0,0.0,,0.3075191299726796,0.5271539475025845,0.5998007071745943,0.6373918451632401,0.6453049598156119,0.5482032346184333
2,0,38.0,6,0.0,0.0,,0.2952027616079553,0.5204834370042793,0.5949846391019136,0.6320397478779423,0.6649878152096552,0.5278199466220729
2,0,39.0,6,0.0,0.0,,0.29303673361131166,0.5098886999433548,0.5962953200785279,0.6336810529302441,0.6349136482097788,0.5344390806981622
2,0,40.0,6,0.0,0.0,,0.32395113361061056,0.5107027465202592,0.5951930697633958,0.6266539707432772,0.6648541833913001,0.5648479452125692
2,0,41.0,6,0.0,0.0,,0.3371937342081065,0.5020012525669342,0.5908350299399112,0.6189204830838023,0.6187932374018167,0.5678973012826265
2,0,42.0,6,0.0,0.0,,0.34536875806451484,0.4896889461404383,0.59709610129115,0.6337331422931018,0.6318086364027994,0.5277750418556766
2,0,43.0,6,0.0,0.0,,0.34199250099925804,0.48409872677990984,0.5996152566805624,0.6326223905498702,0.6245297141174325,0.5089635431618931
2,0,44.0,6,0.0,0.0,,0.3568924546742268,0.48348758962859373,0.5985349025660918,0.6236125603714193,0.6301784887181338,0.4924887697695226
2,0,45.0,6,0.0,0.0,,0.3318242020533207,0.49029886269364853,0.6025832831251596,0.6199604032653134,0.6488914426473891,0.5070560199333691
2,0,46.0,6,0.0,0.0,,0.3176665095973572,0.4956663975319196,0.6029862192557692,0.6288842361418199,0.6271774619327756,0.5440925069744088
2,0,47.0,6,0.0,0.0,,0.31728302153862786,0.4980629498816863,0.5956173565622297,0.622366432181189,0.6290861952151724,0.5300963861179266
2,0,48.0,6,0.0,0.0,,0.31669512026837654,0.4957491756936774,0.595477289353589,0.617599839998429,0.6088516507394621,0.5354817034558073
2,0,49.0,6,0.0,0.0,,0.29704619527127785,0.4908182953200716,0.6001085883227815,0.6034249628272942,0.6304857021403898,0.5715399182673362
2,0,50.0,6,0.0,0.0,,0.2880309367441567,0.48933785444726646,0.5976267216676343,0.6213896574419262,0.650548254245318,0.565547831381914
2,0,51.0,6,0.0,0.0,,0.2953242216199441,0.49382469407621465,0.5965127404814602,0.6338392741295922,0.6608796585519315,0.5878811005387516
2,0,52.0,6,0.0,0.0,,0.29228196079688445,0.49357716454710054,0.5971979337430314,0.6244042222212283,0.6234646863951602,0.5956452600779634
2,0,53.0,6,0.0,0.0,,0.29695947341281703,0.49203140278791907,0.6029432503070671,0.6216287984558908,0.6203815502922609,0.5778761711128398
2,0,54.0,6,0.0,0.0,,0.32698886373251485,0.4962128131034219,0.6047489930189752,0.6230634180100426,0.6232357859736664,0.5348513726102802
2,0,55.0,6,0.0,0.0,,0.32993266914278896,0.5048146897971613,0.6013047472311344,0.6356532399516235,0.626287943370127,0.515912203144436
2,0,56.0,6,0.0,0.0,,0.3598970728900938,0.500972346076112,0.5982484348981635,0.6428465205387709,0.6450153327835446,0.5583762937681958
2,0,57.0,6,0.0,0.0,,0.34527015822677765,0.5010425451478996,0.6021350206232251,0.651038185127108,0.6554804206445853,0.5816919114101411
2,0,58.0,6,0.0,0.0,,0.3312039114108306,0.5002868071634679,0.5994179520642862,0.6366051194745536,0.6506894981759203,0.562258794771223
2,0,59.0,6,0.0,0.0,,0.31653150842363337,0.4916650295646162,0.6077817743405503,0.6349534597617035,0.6410522446162085,0.5409561568481964
2,0,60.0,6,0.0,0.0,,0.3421415470286503,0.4827779540459988,0.6112172206206763,0.6345267119622171,0.6327663872928285,0.5598366656415829
2,0,61.0,6,0.0,0.0,,0.35473474512046504,0.4890141498023743,0.6043240883031886,0.6379205163932442,0.5951896536642204,0.5777026489423214
2,0,62.0,6,0.0,0.0,,0.3461361576043984,0.4976634636692089,0.6050155993814094,0.6269022586812315,0.625516474544955,0.5097686217260246
2,0,63.0,6,0.0,0.0,,0.351223834033778,0.5067299773901153,0.6036503609860937,0.6265584736558649,0.5885788077345839,0.5349768882557586
2,0,64.0,6,0.0,0.0,,0.32377541388909054,0.489121526176555,0.6024114778361611,0.6199804684176036,0.5725330584626324,0.4900788914383242
2,0,65.0,6,0.0,0.0,,0.3401898163469099,0.4743549545831593,0.6015854835253028,0.6203653245906413,0.5835289906008565,0.5277873029566481
2,0,66.0,6,0.0,0.0,,0.32925484770929525,0.48661139855575264,0.599571892954496,0.6179689649662606,0.6180037085309136,0.5611458126712273
2,0,67.0,6,0.0,0.0,,0.33406998135213595,0.47900605339040875,0.5979528357855852,0.6255284540703343,0.6325576930707738,0.5675647633689808
2,0,68.0,6,0.0,0.0,,0.3572467982862859,0.48265761375747507,0.5990478221621253,0.6220655037960878,0.6496244176570881,0.5689875773659295
2,0,69.0,6,0.0,0.0,,0.3584250932324696,0.495306074323946,0.5978916237408505,0.6349709078616753,0.6447761181651308,0.5574750916743294
2,0,70.0,6,0.0,0.0,,0.3377548480860431,0.5086061106284006,0.5996044166281436,0.6344755953389971,0.6144982783783532,0.5585399757913343
2,0,71.0,6,0.0,0.0,,0.3523761137748599,0.5076505903668989,0.6010056500070908,0.6398840946149824,0.6098787076552946,0.5509270740220009
2,0,72.0,6,0.0,0.0,,0.3359525298436631,0.5080941868729509,0.5953404064255032,0.6365394526721646,0.6205226856196118,0.534621233612965
2,0,73.0,6,0.0,0.0,,0.33787950103412046,0.4997732041458035,0.5940612021590559,0.6406124555258316,0.6105163559283673,0.5146950027678191
2,0,74.0,6,0.0,0.0,,0.3253186473208434,0.5067004799947775,0.5879295321413915,0.6292426952277139,0.6203715959354545,0.5212534179259681
2,0,75.0,6,0.0,0.0,,0.3372784417971756,0.5132048233102458,0.5842098188544724,0.6255494813618846,0.6073892489764503,0.5474463913230094
2,0,76.0,6,0.0,0.0,,0.326682168105629,0.5176912935374218,0.5857174035420636,0.6340210685010363,0.611649325520412,0.5113067031309363
2,0,77.0,6,0.0,0.0,,0.3611851588318001,0.5185599937770796,0.589606422744249,0.6276806563997412,0.6089072948065166,0.5346128652686624
2,0,78.0,6,0.0,0.0,,0.35471448046655485,0.5212446074083419,0.5941061239209727,0.6219539638055362,0.5993979021057769,0.5625283645395897
2,0,79.0,6,0.0,0.0,,0.3627428482086832,0.519818491550618,0.5978168703223122,0.6264541688227685,0.6179421201264264,0.5718172991651875
2,0,80.0,6,0.0,0.0,,0.34668307974292023,0.5079840057742326,0.5998082004593474,0.6211422024547718,0.6276143942297555,0.5787796376149283
2,0,81.0,6,0.0,0.0,,0.34180686378292013,0.5022213317660826,0.5950504812847068,0.627807036624072,0.6367155430908201,0.5956615155793141
2,0,82.0,6,0.0,0.0,,0.35141253194708333,0.5041314759312675,0.598461543139894,0.6180815236082138,0.6099608236348874,0.5935042818025329
2,0,83.0,6,0.0,0.0,,0.33617451333887133,0.49552066399325884,0.5989170884737234,0.6180883846540388,0.6222436665111503,0.6009277593377189
2,0,84.0,6,0.0,0.0,,0.3384717378805385,0.49764107362289833,0.5999472546916661,0.6147333926653419,0.639385393710022,0.6459573990057017
2,0,85.0,6,0.0,0.0,,0.3404246286268458,0.5014552779934192,0.597660438103472,0.6213628058458918,0.66559986484654,0.6192848033532891
2,0,86.0,6,0.0,0.0,,0.3368275615250006,0.5108049976218959,0.5981160918406407,0.6258524918579739,0.625655234262257,0.6076308737990753
2,0,87.0,6,0.0,0.0,,0.3575631853854897,0.4985273045389963,0.5956975105857687,0.6293085853570525,0.6396009795157294,0.6463647522461964
2,0,88.0,6,0.0,0.0,,0.3277669485759497,0.4927355089684674,0.5970154681864759,0.6343781079054397,0.6474417716518619,0.6151914597180477
2,0,89.0,6,0.0,0.0,,0.3077235656795616,0.5101311084398185,0.5921082619786476,0.6389368127012441,0.6425189235044542,0.610762116336312
2,0,90.0,6,0.0,0.0,,0.3174095997870171,0.4968199946436134,0.5895568713494616,0.6378850082396382,0.6435894302033267,0.6287458144689622
2,0,91.0,6,0.0,0.0,,0.3372031315192648,0.4869019261091966,0.587381614317712,0.657902746078234,0.6610770373059769,0.6390580419513522
2,0,92.0,6,0.0,0.0,,0.3273811102490158,0.5002676196750342,0.5886170603956096,0.6361986587672381,0.674601043122025,0.627410200900399
2,0,93.0,6,0.0,0.0,,0.30487468370190957,0.5061871501568806,0.5954641798913577,0.6350126310005899,0.6686210396973365,0.6195983658055539
2,0,94.0,6,0.0,0.0,,0.323119030958326,0.5024820293612264,0.5974742473352467,0.6106904526921605,0.6705981816545918,0.6420958820097281
2,0,95.0,6,0.0,0.0,,0.30608982201074647,0.505480596402406,0.6011056082794838,0.6148845054293185,0.6572624377691906,0.5759052088085268
2,0,96.0,6,0.0,0.0,,0.30275173002722966,0.5058418883407872,0.5994234990835559,0.6260536771259531,0.6384450341446518,0.5544648835193972
2,0,97.0,6,0.0,0.0,,0.2873057428173499,0.5007133137327584,0.6006254096457053,0.6155005222802068,0.6091544610048587,0.5796998811570513
2,0,98.0,6,0.0,0.0,,0.30555150779215345,0.5008725130758676,0.5993004730663967,0.615132881280231,0.6246127901344314,0.5675879212818341
2,0,99.0,6,0.0,0.0,,0.3336699265801547,0.4901439408549999,0.5991005079317586,0.6228772563935804,0.6206230961295567,0.6002511047920092
2,0,100.0,6,0.0,0.0,,0.32969222626934147,0.4855542080347267,0.6004214541120649,0.6280006586276505,0.614257893728718,0.5859451881963085
3,0,21.0,8,0.0,0.0,,0.23259464333607616,0.3833194939882884,0.5559632829579195,0.6252541679192583,0.607088821452694,0.6024886171937969
3,0,22.0,8,0.0,0.0,,0.21942017698104932,0.37627014938739495,0.5589311439436186,0.6234558763140354,0.6048477170684621,0.6204807840961871
3,0,23.0,8,0.0,0.0,,0.21480263674787853,0.38370375210247365,0.5577733193434704,0.6220172430298573,0.6085291321785314,0.5649214873045605
3,0,24.0,8,0.0,0.0,,0.23213944930761893,0.3744576388317451,0.5534994199164007,0.6217309933892297,0.6203389985037829,0.5708269485587504
3,0,25.0,8,0.0,0.0,,0.24750128059175588,0.3727634785391118,0.5476470560070349,0.6263526010268112,0.622695310568738,0.5412568181568951
3,0,26.0,8,0.0,0.0,,0.24670825698941873,0.3755974399389713,0.5545732727747833,0.6246995546076975,0.6188206004170552,0.5360359453765403
3,0,27.0,8,0.0,0.0,,0.24871460002222845,0.3689492538911842,0.5522737580081639,0.6256505152494845,0.6155398542975761,0.5042467403650198
3,0,28.0,8,0.0,0.0,,0.2607962136624568,0.377586653889023,0.5515020161467531,0.6258479173108079,0.6271864775640493,0.5106720119745545
3,0,29.0,8,0.0,0.0,,0.25584379235938043,0.37109903667232624,0.5614248606009808,0.6241316968377035,0.6315471469254491,0.5636074621268437
3,0,30.0,8,0.0,0.0,,0.23942010159839117,0.37325433385838214,0.5599527663111168,0.6287928768980249,0.6246865471508788,0.544118011233198
3,0,31.0,8,0.0,0.0,,0.24186693975103318,0.3703189318671952,0.5621038141011949,0.6262868434970489,0.6178448235638725,0.5221544513104784
3,0,32.0,8,0.0,0.0,,0.24358715571481498,0.37846373768005576,0.5616148317471314,0.627356280772027,0.6185975111700673,0.5300625916016537
3,0,33.0,8,0.0,0.0,,0.2556183303146936,0.3886289799433791,0.5528050101249067,0.6260022235829655,0.6222763173855318,0.5699694179088665
3,0,34.0,8,0.0,0.0,,0.2817473839912582,0.396683827352445,0.5470915281738397,0.6249189778317163,0.6202630586267117,0.5709675694155744
3,0,35.0,8,0.0,0.0,,0.2798635421881952,0.38322652665015533,0.5507812107612761,0.6254946370443697,0.6208317359013127,0.5910017740560345
3,0,36.0,8,0.0,0.0,,0.28654378577162715,0.38521326787775845,0.5479057330506454,0.6236482516141247,0.6178710131128767,0.6104861256476825
3,0,37.0,8,0.0,0.0,,0.2721417747306491,0.3879396982355977,0.548038595249851,0.6216303002797453,0.6247004842709754,0.6140849537972912
3,0,38.0,8,0.0,0.0,,0.25395072522995393,0.3944632445881633,0.5532167419051167,0.6205567822024253,0.6253054448117883,0.5886275319697536
3,0,39.0,8,0.0,0.0,,0.26271916887339974,0.3977302771490363,0.5546252523450034,0.6221998201674825,0.6183689048947552,0.5556376376155445
3,0,40.0,8,0.0,0.0,,0.2613517589678609,0.3808257385279463,0.5485477219499171,0.6230608099716713,0.6153920578804215,0.5582795260687415
3,0,41.0,8,0.0,0.0,,0.2614589241278977,0.3923071872519242,0.5471731414113143,0.6256749105086661,0.6149910266164174,0.5777103657727531
3,0,42.0,8,0.0,0.0,,0.2572189652507436,0.38537330953457777,0.5523390442886523,0.6287635713378263,0.6210523107704555,0.5779754046038337
3,0,43.0,8,0.0,0.0,,0.2791392257904912,0.3950331657527515,0.5529196195869692,0.6292705247774407,0.6253143867244865,0.5801884452277736
3,0,44.0,8,0.0,0.0,,0.24696549971488518,0.39813304952815953,0.5540629688791483,0.6266689618005814,0.6313733837051958,0.5537462388741712
3,0,45.0,8,0.0,0.0,,0.24628424692042153,0.3885535674689032,0.5525444039451815,0.6268946242194617,0.6325205280053426,0.5716325196258124
3,0,46.0,8,0.0,0.0,,0.25655159709354663,0.3886668871299782,0.5517495319654798,0.6262952464135543,0.6505978356056047,0.5678794367956459
3,0,47.0,8,0.0,0.0,,0.2705915179257686,0.38815535912656646,0.5582752335090112,0.6251533960961873,0.6446558748927083,0.5861296867564734
3,0,48.0,8,0.0,0.0,,0.27376764084597544,0.391545773409718,0.5552353265955462,0.6222619682112682,0.6465915051607116,0.5805928669134115
3,0,49.0,8,0.0,0.0,,0.2706409659950139,0.3943257213684651,0.554627498805216,0.6206694300445502,0.6347985365728775,0.5761863733290149
3,0,50.0,8,0.0,0.0,,0.2568969045136957,0.3901614829830723,0.5529960278860354,0.6167403563377709,0.6387867288367569,0.6098050287903574
3,0,51.0,8,0.0,0.0,,0.249429347087619,0.38821963650218616,0.5528005654600583,0.6189517398492133,0.6285948194807545,0.6082334515680458
3,0,52.0,8,0.0,0.0,,0.24641578677674153,0.39083382239565345,0.5549284606227791,0.6201533520529576,0.6279626379165716,0.6164934517992864
3,0,53.0,8,0.0,0.0,,0.24018926681052327,0.40425642786797955,0.553656777307558,0.6231064834310157,0.6103027337895331,0.5939780062099386
3,0,54.0,8,0.0,0.0,,0.2531404272361076,0.3972879761965403,0.5497862063201989,0.623652080446478,0.6192324949005019,0.5765974007105091
3,0,55.0,8,0.0,0.0,,0.24510822740554022,0.4026532862963011,0.5576189683720273,0.6266905974645327,0.6206572029122862,0.5501149776958528
3,0,56.0,8,0.0,0.0,,0.25615847015850723,0.4050419617633402,0.550942694771536,0.6226393333141743,0.6216589602634365,0.5820723738314297
3,0,57.0,8,0.0,0.0,,0.2410021310001078,0.4029969204197431,0.5553346533619841,0.6213640086299685,0.6283177598487011,0.6226751182628687
3,0,58.0,8,0.0,0.0,,0.2354564429664104,0.41152727043109155,0.5541561005902901,0.6212084058693187,0.6366581749212348,0.5990595263821529
3,0,59.0,8,0.0,0.0,,0.23285082019674216,0.41714665320234323,0.5588661130621466,0.6259768362452471,0.6364913500033016,0.5826256036986663
3,0,60.0,8,0.0,0.0,,0.27202624024894295,0.4099858113908404,0.5557080302380546,0.6202161887029228,0.6264353978670634,0.5705638695054235
3,0,61.0,8,0.0,0.0,,0.25708744938662526,0.40482810837250127,0.5518471886320682,0.6232740940441112,0.6262979060782576,0.5461752512164452
3,0,62.0,8,0.0,0.0,,0.24320820023923967,0.41623468474078107,0.5560582484504095,0.6246688814223307,0.6233261343311648,0.5614427735105014
3,0,63.0,8,0.0,0.0,,0.22875987678674256,0.4036916599859537,0.5541559681989966,0.6229876471164936,0.6241672738258379,0.5490573805830729
3,0,64.0,8,0.0,0.0,,0.23823272679029822,0.40268519139095743,0.5517044080218192,0.6225073166585386,0.6164127370329121,0.570694256827998
3,0,65.0,8,0.0,0.0,,0.2302988228850286,0.40654821330541885,0.553101644915398,0.6217676095264391,0.6084239431541196,0.6217532972129838
3,0,66.0,8,0.0,0.0,,0.26332888426429885,0.4012413215934899,0.5497620803739429,0.6207323214822394,0.6002251111873665,0.6320775271182587
3,0,67.0,8,0.0,0.0,,0.25030462240955276,0.4055539182238146,0.554930916921597,0.6230099689515031,0.6088546536836534,0.6629133350581242
3,0,68.0,8,0.0,0.0,,0.26042009531919824,0.40481523279454407,0.5536277432774996,0.6167501694283516,0.6096936270983454,0.6451768085838895
3,0,69.0,8,0.0,0.0,,0.25168523256826275,0.3995705064092031,0.5525509472404337,0.6166526775213101,0.60633308360111,0.6192490666743016
3,0,70.0,8,0.0,0.0,,0.2610151711679662,0.4170075508319143,0.5551487460145514,0.6228806673300333,0.6055652820374235,0.5877068809624963
3,0,71.0,8,0.0,0.0,,0.2519827845732845,0.414177481180148,0.5572269850338457,0.6215570758426556,0.6027850523388681,0.5521454428670614
3,0,72.0,8,0.0,0.0,,0.27141739044976754,0.4103852928987129,0.5553111231946544,0.6213628596394684,0.6104130420333005,0.5825207202468119
3,0,73.0,8,0.0,0.0,,0.2614767866510957,0.40868033253446273,0.5528640383440608,0.6207960689933937,0.6203953392855324,0.5706466708724645
3,0,74.0,8,0.0,0.0,,0.2557110839945742,0.42196804017743056,0.5495067389259725,0.6247851748566895,0.6007248990181998,0.5829431633496589
3,0,75.0,8,0.0,0.0,,0.24806471860656173,0.4229818914914544,0.5528515133388204,0.6253435505922579,0.5982064005658871,0.5721348055760037
3,0,76.0,8,0.0,0.0,,0.26320975910870104,0.41505516587564717,0.5591568186076838,0.6204101779273496,0.6059512106436681,0.5829148450687861
3,0,77.0,8,0.0,0.0,,0.2614751910321134,0.4253024733349554,0.5628666874760617,0.6195806843205088,0.6074552990024623,0.587483329849378
3,0,78.0,8,0.0,0.0,,0.25573974103956837,0.4123999484010853,0.5624406031578943,0.618917089435036,0.6163303377173439,0.5908363055650816
3,0,79.0,8,0.0,0.0,,0.2533731975639054,0.4268334810007305,0.5620997357033602,0.6233092254334357,0.6262756706046568,0.5340608724749953
3,0,80.0,8,0.0,0.0,,0.24922821272482204,0.41373444632117434,0.56145340143818,0.6218999223253776,0.6350231684303593,0.5556021672307484
3,0,81.0,8,0.0,0.0,,0.25980581585600915,0.41011356825079853,0.5526758658777455,0.6216371368256459,0.639478771019779,0.5374361149332999
3,0,82.0,8,0.0,0.0,,0.26083061344647057,0.4172662202897868,0.5507248334214211,0.6214269084258606,0.6362183579207519,0.5328965657681477
3,0,83.0,8,0.0,0.0,,0.2583571013815412,0.422834675859668,0.5478606311787613,0.6203940687193175,0.6366352862862923,0.5496229205323324
3,0,84.0,8,0.0,0.0,,0.25460092955489466,0.40658044982364394,0.5515546607558972,0.6195677969540829,0.6360617427549933,0.541640484036448
3,0,85.0,8,0.0,0.0,,0.23090102285121955,0.39753426699855327,0.5495581058764392,0.6265700152411424,0.635744937607512,0.5546303292538892
3,0,86.0,8,0.0,0.0,,0.22248029500113803,0.39947009065215,0.5495650007670887,0.6253732111582578,0.6394753729580603,0.5826805804247541
3,0,87.0,8,0.0,0.0,,0.2059471319277852,0.3926680699136519,0.5527599888358754,0.6207959903903539,0.651165903164971,0.5691387861574062
3,0,88.0,8,0.0,0.0,,0.2094433333902738,0.3920312684684127,0.5553159792909048,0.62053435442772,0.6530454210825896,0.5860310915096292
3,0,89.0,8,0.0,0.0,,0.21507982802499043,0.40275773364128276,0.5621620041994483,0.6196800255208049,0.6516577603366518,0.5953831755559944
3,0,90.0,8,0.0,0.0,,0.21615668786612424,0.4102022402739979,0.5532427480867601,0.6198612193819878,0.6577649060961106,0.6253367698285932
3,0,91.0,8,0.0,0.0,,0.25266649592094836,0.4132196783170265,0.5523082072787429,0.6191415174842192,0.6540795532257131,0.6449285797624675
3,0,92.0,8,0.0,0.0,,0.24839892117948378,0.41296669035516664,0.5528949499790416,0.6208791775288217,0.6565570929291062,0.6676414993748615
3,0,93.0,8,0.0,0.0,,0.248263863539945,0.4117149617764956,0.5531288378135655,0.6210532350718758,0.6575987520818997,0.6580210028215754
3,0,94.0,8,0.0,0.0,,0.25154621193703697,0.4254212700648937,0.5511182100391896,0.621773417453706,0.6357508939822613,0.6469027797132325
3,0,95.0,8,0.0,0.0,,0.24745424416663897,0.4255517312949225,0.5564358006212663,0.6206712759415939,0.6287793241358031,0.6555017991239405
3,0,96.0,8,0.0,0.0,,0.27401976743533696,0.41869821071646385,0.556875913706586,0.6197895627319039,0.6135453943989854,0.6457847056887738
3,0,97.0,8,0.0,0.0,,0.26490402703284743,0.4166067335668765,0.5576479841423136,0.6199488491508671,0.617191311747759,0.5859476152263754
3,0,98.0,8,0.0,0.0,,0.2574983526593229,0.40798629274180137,0.5547033889369537,0.6200762782860376,0.6198837061803089,0.6113014730085878
3,0,99.0,8,0.0,0.0,,0.25771818522161405,0.409520740629073,0.5547800962364977,0.6193282355838549,0.6167945307562142,0.5870053344297801
3,0,100.0,8,0.0,0.0,,0.23413744410416598,0.40555544635104057,0.5535380857985328,0.6209274374584985,0.6198009987650639,0.6016546967022623
4,0,21.0,10,0.0,0.0,,0.19974105643403012,0.3481679764410123,0.45500071484526144,0.5723700821106513,0.6305996336283772,0.5871616841946495
4,0,22.0,10,0.0,0.0,,0.18955106578141487,0.3328527038562513,0.4542597803829699,0.5720691196348728,0.6281927818651312,0.599124591704958
4,0,23.0,10,0.0,0.0,,0.17970943633311948,0.3298788681918728,0.4633661488454724,0.5754170255529252,0.62940163609008,0.6124999616103081
4,0,24.0,10,0.0,0.0,,0.17226860319144094,0.3342683671101358,0.45292628060770984,0.5811680197717347,0.6327492917056017,0.6027380919115739
4,0,25.0,10,0.0,0.0,,0.1632377488336886,0.3312443404104962,0.4553783322747069,0.5811535663342478,0.6330753579987308,0.6012450834858168
4,0,26.0,10,0.0,0.0,,0.1554962577362919,0.3278328955278859,0.4564345155477745,0.578231250027035,0.6341841239625482,0.5985290713449329
4,0,27.0,10,0.0,0.0,,0.16370306591876796,0.3298815250357129,0.4593532610363509,0.5758407847328597,0.6387093801325434,0.6127224152646592
4,0,28.0,10,0.0,0.0,,0.15522512991577864,0.3418761054423597,0.4519148774788371,0.5874681891530276,0.6393528787742175,0.6019430816985568
4,0,29.0,10,0.0,0.0,,0.16313660410509967,0.32781920705732925,0.44927728560311947,0.5832829482820591,0.6345499061143054,0.6171734927886304
4,0,30.0,10,0.0,0.0,,0.16278091964282698,0.33062788155746564,0.44837118882514265,0.5783057651263686,0.6340640366571557,0.6509551123000763
4,0,31.0,10,0.0,0.0,,0.16168058826740705,0.3224550701076554,0.4608505000674524,0.5799100266670331,0.629750826019681,0.6414248617477999
4,0,32.0,10,0.0,0.0,,0.17868038038747278,0.33330437067682533,0.45828406378121855,0.5795433310936311,0.6342496030987446,0.6456707285210642
4,0,33.0,10,0.0,0.0,,0.2027510599478532,0.32550314348198384,0.4606894257705427,0.5769430618345417,0.6320862853343701,0.6467112936269379
4,0,34.0,10,0.0,0.0,,0.1923967386096422,0.33726613625284474,0.4600686466387544,0.5757275034139852,0.6342564058897775,0.6403568445319384
4,0,35.0,10,0.0,0.0,,0.17382093231081036,0.3388837021075125,0.46003277510579943,0.5722614092319095,0.6351361089453215,0.6290915040945321
4,0,36.0,10,0.0,0.0,,0.179012144467157,0.3377687183174632,0.4577247009542423,0.569488533886249,0.6345329989219686,0.632185687791709
4,0,37.0,10,0.0,0.0,,0.17743950176377457,0.3387219096455437,0.4660494809356391,0.5697638810553509,0.6283688967332466,0.6237532906266104
4,0,38.0,10,0.0,0.0,,0.16879985231542832,0.32529585041987646,0.462443248475768,0.5728949123478555,0.6287433876943123,0.6354916083209022
4,0,39.0,10,0.0,0.0,,0.1570173456657031,0.34239675042001716,0.457525099867323,0.5716243268379213,0.6294188219211614,0.6178718330241427
4,0,40.0,10,0.0,0.0,,0.15483011561378082,0.3326558929693028,0.4645138529412581,0.5689788679710583,0.6299591693026405,0.633042187105896
4,0,41.0,10,0.0,0.0,,0.17396017185477522,0.33923218722268916,0.4642858219576757,0.5722420831623034,0.6302666799211399,0.6422418191305908
4,0,42.0,10,0.0,0.0,,0.17450118588421354,0.3340610160281668,0.46847796270914915,0.5734737362977488,0.63049906876954,0.6362511581725104
4,0,43.0,10,0.0,0.0,,0.16626875996073762,0.3354567546911665,0.46178875606947506,0.5743587352915909,0.638823648653834,0.6445798448159439
4,0,44.0,10,0.0,0.0,,0.1639571991065652,0.3263980586797538,0.4516643663869121,0.5765707957368476,0.6374830306887788,0.6279410402355822
4,0,45.0,10,0.0,0.0,,0.17392885386682413,0.3190712118054858,0.4489019941962383,0.5745650335491148,0.636927090780212,0.6302053173694809
4,0,46.0,10,0.0,0.0,,0.1712570378486204,0.3389105031829042,0.44795541923987836,0.5730512764142606,0.6347242756433327,0.6339865037398358
4,0,47.0,10,0.0,0.0,,0.16504171761392758,0.33437934898363453,0.4418555944387942,0.5718060959446761,0.6342035322803778,0.6464658804564644
4,0,48.0,10,0.0,0.0,,0.15745624037167788,0.3318118568356865,0.4431288766977783,0.5707532737153779,0.6346231757628539,0.6376090391341582
4,0,49.0,10,0.0,0.0,,0.17765108381744255,0.3249848387465043,0.4508458468151958,0.5738469191912224,0.6341226523759946,0.6426572286585549
4,0,50.0,10,0.0,0.0,,0.1754937133130931,0.3357761656071205,0.45580372747208725,0.57597460821129,0.6307341358180342,0.6102892031586866
4,0,51.0,10,0.0,0.0,,0.18701461166148975,0.32758099609307434,0.45633096265569834,0.5740880835286688,0.6310114204201389,0.5923811265640411
4,0,52.0,10,0.0,0.0,,0.18891774905892622,0.3339422815791762,0.45064577140284146,0.5747158129684118,0.6346769323198826,0.6113166234126715
4,0,53.0,10,0.0,0.0,,0.1710377406702376,0.32531227965853626,0.4535086580159671,0.5791633706786719,0.6374866148267495,0.6144097601241534
4,0,54.0,10,0.0,0.0,,0.18636275542668884,0.3352759589713262,0.4495946537251534,0.579810663289657,0.6353998966056948,0.6267161376008616
4,0,55.0,10,0.0,0.0,,0.17386108567567413,0.34196409265361066,0.4419090845114546,0.5813494442468929,0.6347440290502675,0.6316355388649609
4,0,56.0,10,0.0,0.0,,0.1804669700469431,0.34101956474372785,0.44583618591998614,0.5776236188849506,0.6353405067007728,0.6334439994663034
4,0,57.0,10,0.0,0.0,,0.17024325262711762,0.32713397449842374,0.45152103007740435,0.5771366060410272,0.6309875452587976,0.6614278215937512
4,0,58.0,10,0.0,0.0,,0.16568728598621926,0.32727124503159255,0.45071169909648356,0.576299444890766,0.628163784684158,0.6328239019381035
4,0,59.0,10,0.0,0.0,,0.15652363229318272,0.3387855585449672,0.44929439446737796,0.5744388054875815,0.6354178041458198,0.6196659505932447
4,0,60.0,10,0.0,0.0,,0.1665487148635428,0.33402778035104025,0.4560462003660478,0.5712304508907866,0.6347583550823674,0.6324589544234565
4,0,61.0,10,0.0,0.0,,0.15314251331393086,0.33514905403097234,0.45184334619499406,0.5724391777572885,0.6342307958316054,0.6360874529265266
4,0,62.0,10,0.0,0.0,,0.15588685691028373,0.3418657076756129,0.45122259514592555,0.5712597391654677,0.6338087484309959,0.6268006179427505
4,0,63.0,10,0.0,0.0,,0.15535218648861393,0.3477134041937972,0.45514903955500496,0.5704070409073428,0.6309922294453588,0.6226143437435627
4,0,64.0,10,0.0,0.0,,0.14418529061398774,0.34455023463124634,0.4563315635796972,0.5725447832427341,0.6318341642894927,0.6176089206221651
4,0,65.0,10,0.0,0.0,,0.14806485584184098,0.34905741445312594,0.4563597610364821,0.5713442235538242,0.6235734010073578,0.6234042104676383
4,0,66.0,10,0.0,0.0,,0.15215594261495052,0.3506514201870686,0.452696547467397,0.5720127662616118,0.63159053702129,0.6229878009938484
4,0,67.0,10,0.0,0.0,,0.17391471018977128,0.3386795905448502,0.4570806821588054,0.570865997720521,0.6310677430621936,0.6083564146263555
4,0,68.0,10,0.0,0.0,,0.17969778978333723,0.33480355114328086,0.4543833750265057,0.5692368616638531,0.6326183380326839,0.5913222535343496
4,0,69.0,10,0.0,0.0,,0.1794734473354687,0.33529113153546397,0.4498575411438563,0.5702309947197037,0.6335220216296549,0.5841844558545104
4,0,70.0,10,0.0,0.0,,0.19092628879619095,0.32255122793181273,0.4468924188172408,0.5694931927354,0.6306523619073411,0.5961506399164733
4,0,71.0,10,0.0,0.0,,0.1845224691089829,0.3198180806390972,0.44985746051132514,0.5697453128689701,0.6309460012915844,0.6023094763970132
4,0,72.0,10,0.0,0.0,,0.18601647293541762,0.32014160351308085,0.445466969687343,0.5683403137826124,0.631180912798979,0.6035535656296238
4,0,73.0,10,0.0,0.0,,0.18889323027916663,0.321524823262353,0.44749744124335,0.5740535004308499,0.6260799660820504,0.6151939997725712
4,0,74.0,10,0.0,0.0,,0.18185042802396423,0.322253779291679,0.46019114620773716,0.5731935561391561,0.627288084631352,0.6181848603607936
4,0,75.0,10,0.0,0.0,,0.17146515289909522,0.31958012172699024,0.4604482810188927,0.5776847489854078,0.6277932731807448,0.6290022268407813
4,0,76.0,10,0.0,0.0,,0.16736801297063583,0.31744119567523926,0.46220592843234776,0.5738272056890474,0.6243024810816126,0.6372300537282458
4,0,77.0,10,0.0,0.0,,0.17309244278604263,0.3200809410021949,0.4519981042772101,0.5736519246091824,0.624099370606457,0.626499373122582
4,0,78.0,10,0.0,0.0,,0.16860258908032763,0.31957626980586895,0.44860486932392385,0.5706009461880671,0.6257036082508772,0.6416189364894851
4,0,79.0,10,0.0,0.0,,0.17104409708208831,0.3174381141383421,0.44437007959507585,0.5712866988324624,0.6269869983664134,0.6431646649548977
4,0,80.0,10,0.0,0.0,,0.1715482407071683,0.31572758960432074,0.43893615124148944,0.5745302726811372,0.6250261670001698,0.6383858234632649
4,0,81.0,10,0.0,0.0,,0.1977281057960653,0.32642475923626757,0.4429865814145133,0.5753826168892939,0.6264450453658474,0.6097066039103625
4,0,82.0,10,0.0,0.0,,0.1836053509173881,0.31798940944758736,0.4464759116191034,0.5742568493059113,0.6281634122616658,0.5834970054469917
4,0,83.0,10,0.0,0.0,,0.17752698169429743,0.31692827709951066,0.4500272746025784,0.5764892869483039,0.6342016141833299,0.5881345909549627
4,0,84.0,10,0.0,0.0,,0.16661547421854095,0.3224008757933694,0.44560282096034565,0.5782752370622178,0.6352151273328712,0.5991212200261258
4,0,85.0,10,0.0,0.0,,0.18343400575331498,0.3309365343819873,0.4387156182996084,0.5788393401666343,0.6303999211043602,0.5973437138176468
4,0,86.0,10,0.0,0.0,,0.17694309525401167,0.33219751812642906,0.4386639574667742,0.5755718899598602,0.6307440486491995,0.5888803401710793
4,0,87.0,10,0.0,0.0,,0.17186191283199545,0.3378814697319344,0.4372820070960711,0.5769374787146075,0.6341825964758901,0.5910850373827059
4,0,88.0,10,0.0,0.0,,0.18291366989684016,0.3328259701713131,0.4343248489582816,0.579311712816713,0.6346543202563146,0.5662450603388859
4,0,89.0,10,0.0,0.0,,0.18261231324564192,0.3234346566372192,0.44730306251755036,0.5782647830345616,0.6341475679707632,0.5675034319933927
4,0,90.0,10,0.0,0.0,,0.18661101217200737,0.31873724034040907,0.4503953827815715,0.5774628027154531,0.6337421661423221,0.5780287880912887
4,0,91.0,10,0.0,0.0,,0.1806778111846083,0.32683532249370606,0.4425496677565891,0.5745143056597988,0.634307245944248,0.5904831708066534
4,0,92.0,10,0.0,0.0,,0.16913613781078968,0.32941500053360795,0.43987894529585947,0.5758305950446989,0.6338699085211099,0.5881518473906844
4,0,93.0,10,0.0,0.0,,0.16334499758366297,0.3235215154575201,0.4406280377957684,0.5757021869688258,0.6319206950302922,0.6238374832525594
4,0,94.0,10,0.0,0.0,,0.1661021893075677,0.33342194711857587,0.4379886143725516,0.5760165666197199,0.6293821330048232,0.6311478072640098
4,0,95.0,10,0.0,0.0,,0.16091783878108537,0.3349090529204794,0.442894960404381,0.5724926597964972,0.62992981816957,0.6487765051149225
4,0,96.0,10,0.0,0.0,,0.157437521252489,0.3307274376355153,0.44600394900153334,0.5734052992209737,0.6303679663013677,0.6157260462352864
4,0,97.0,10,0.0,0.0,,0.19735737292265226,0.32457146513904606,0.44657256740635987,0.5727105586778679,0.6307184848068056,0.6358470151938581
4,0,98.0,10,0.0,0.0,,0.17937639572536004,0.3213367460376036,0.4528890871470922,0.5723415008886461,0.630998899611156,0.6031011102736589
4,0,99.0,10,0.0,0.0,,0.16809500544339107,0.3146256674930064,0.4510363049078648,0.5724633607688613,0.6214282377094007,0.5906773429434883
4,0,100.0,10,0.0,0.0,,0.17345507002209143,0.31553018071679273,0.4505769621162221,0.5721437425614408,0.624448508062558,0.605267377212125
5,0,21.0,12,0.0,0.0,,0.13771729513698777,0.23807440804861102,0.3793630226860298,0.49931815790718825,0.6118143358635117,0.6406172174733032
5,0,22.0,12,0.0,0.0,,0.12622885453959018,0.24227876427605716,0.3780796154128306,0.4962897878412306,0.6129807960448346,0.6465483870375733
5,0,23.0,12,0.0,0.0,,0.1323060635134699,0.237348854290886,0.3769003629699305,0.4995660118024496,0.6121957906592573,0.636338180279451
5,0,24.0,12,0.0,0.0,,0.13108405341680993,0.2380259523144499,0.37908982919118905,0.49564823268884295,0.613285959881431,0.6383524347865506
5,0,25.0,12,0.0,0.0,,0.1252813969211156,0.24029812647056895,0.384659989198115,0.49474142930882603,0.61302822716906,0.6509202725198547
5,0,26.0,12,0.0,0.0,,0.1306283322124857,0.23576434404649543,0.38919861181283494,0.4975109870940009,0.6128220409991632,0.6460238258120015
5,0,27.0,12,0.0,0.0,,0.1382239553185512,0.23213731810723665,0.3922997807275639,0.4948252242479153,0.6120687866227202,0.645612033961318
5,0,28.0,12,0.0,0.0,,0.1266341826848409,0.23584676312756508,0.38694211987500443,0.4918556026452155,0.6126427940026166,0.6426661766848335
5,0,29.0,12,0.0,0.0,,0.11736236457787268,0.2322032533720924,0.38130717667099784,0.494093730963791,0.6145486103864041,0.6395361889674762
5,0,30.0,12,0.0,0.0,,0.12373587448108583,0.22928844556771422,0.3736551881958844,0.4934488900915108,0.616272627031548,0.6410425488217216
5,0,31.0,12,0.0,0.0,,0.1150437180148686,0.2363574733552441,0.3675335974157935,0.49075453532009183,0.6160058663296788,0.6553325022995212
5,0,32.0,12,0.0,0.0,,0.10808999284189484,0.23261182155423557,0.3782493818661342,0.49199105871657417,0.6152041523276581,0.6488464369510946
5,0,33.0,12,0.0,0.0,,0.11247862290464283,0.234922973394205,0.37120895235199336,0.4895882702201425,0.6151043437756265,0.6422772846782868
5,0,34.0,12,0.0,0.0,,0.11463542945556296,0.2314642215854043,0.3700694571745481,0.4905767929802202,0.615024496934001,0.638811971169105
5,0,35.0,12,0.0,0.0,,0.11636087469629905,0.2437996984676495,0.37327534062391166,0.49072820692481434,0.6138307513705905,0.6456595532311284
5,0,36.0,12,0.0,0.0,,0.11487399713434439,0.24167917543364661,0.3701461895815724,0.498331820663877,0.6145939284504977,0.6402730378740128
5,0,37.0,12,0.0,0.0,,0.12091086459699185,0.23686918321695755,0.3724720695628162,0.5003833001780416,0.6140746020243133,0.6306924603580674
5,0,38.0,12,0.0,0.0,,0.12787186520927,0.24106686472884772,0.3724200429560531,0.4963020633893165,0.6136591408833656,0.6329540158171634
5,0,39.0,12,0.0,0.0,,0.11835251059741592,0.25108788196492715,0.3665454812239285,0.49907575164175866,0.6133267719706076,0.6144823912530353
5,0,40.0,12,0.0,0.0,,0.11073702690793268,0.25512548207943725,0.3802266081685849,0.49816677811751314,0.6124725713998759,0.6240709516412075
5,0,41.0,12,0.0,0.0,,0.11113528235617391,0.25637930428154176,0.3833909815453579,0.49797991684719556,0.6123775163838158,0.6190397800250647
5,0,42.0,12,0.0,0.0,,0.11556654959585741,0.2592446328568262,0.3753222320953723,0.4996857629244337,0.6117131669304422,0.6338246813942456
5,0,43.0,12,0.0,0.0,,0.10850825810668588,0.2543669516226767,0.3733600809692512,0.5017619614665402,0.6191275816316978,0.6325972104980775
5,0,44.0,12,0.0,0.0,,0.11402325766476613,0.25690265936434176,0.3745210038722052,0.4974049924201154,0.617113219128748,0.6375022717141835
5,0,45.0,12,0.0,0.0,,0.10727362456181284,0.25565903613324925,0.3752601997715271,0.49475925545157234,0.6172199026570235,0.6310512996073044
5,0,46.0,12,0.0,0.0,,0.11843889875402196,0.2538828569079296,0.37453966493640173,0.4951948348217585,0.616175381389534,0.631265151451555
5,0,47.0,12,0.0,0.0,,0.11080613743321754,0.2527608130029918,0.3727340272420748,0.5030118849724383,0.6193171022767365,0.6180495986982317
5,0,48.0,12,0.0,0.0,,0.10469992837657398,0.2542553576053639,0.3756871726148895,0.5006762805185887,0.6178531410853043,0.62912263807352
5,0,49.0,12,0.0,0.0,,0.10976657133238614,0.25421566311326066,0.37365203338486486,0.504200537307505,0.6160936666916331,0.6351350640934339
5,0,50.0,12,0.0,0.0,,0.10822741125357656,0.24689837336064882,0.37611589749284857,0.5038901858041234,0.6146860871766961,0.6386025633107161
5,0,51.0,12,0.0,0.0,,0.1026369474328612,0.246914596307707,0.377544098902575,0.5036858339843044,0.6152781970953822,0.6363288455531018
5,0,52.0,12,0.0,0.0,,0.10587513801940455,0.2548803888907859,0.3735611962045031,0.4989440904343268,0.6146220169402208,0.6314796867732096
5,0,53.0,12,0.0,0.0,,0.10846569048863923,0.2589207702450929,0.3737534760080512,0.4974576083947123,0.6146386354656765,0.6437778205024195
5,0,54.0,12,0.0,0.0,,0.11050531831655555,0.25410786153329,0.37011392705020724,0.49626842276302074,0.613522062195931,0.6296329836533924
5,0,55.0,12,0.0,0.0,,0.10604622904738606,0.2545360069470099,0.3698884080163637,0.49301016145729976,0.6110775996536274,0.6390480185272556
5,0,56.0,12,0.0,0.0,,0.10788230555720468,0.2575321149350528,0.36743664349553407,0.4933143059699461,0.6123914070769272,0.637235457932175
5,0,57.0,12,0.0,0.0,,0.11570176037566182,0.24955153481808257,0.36774658117262526,0.4906468680228401,0.6117242794849315,0.6308560990337878
5,0,58.0,12,0.0,0.0,,0.1086164267305294,0.24847474400528258,0.3675797361680101,0.4885129176651553,0.6111905774113349,0.6381636934038781
5,0,59.0,12,0.0,0.0,,0.10676455177543612,0.24230563807426636,0.3671660842273614,0.4876267687048389,0.6107636157524576,0.6432657514901293
5,0,60.0,12,0.0,0.0,,0.1058257956080165,0.2373703533294534,0.36800186561491244,0.4919646757932118,0.6115986573064065,0.6572585957270208
5,0,61.0,12,0.0,0.0,,0.1093131676182619,0.250295383205932,0.363010939351016,0.48956716388145266,0.611090079668515,0.6468911576576228
5,0,62.0,12,0.0,0.0,,0.11440997802682587,0.2517590100046744,0.3590181983398988,0.4899560671524131,0.6106832175582018,0.6443882743094289
5,0,63.0,12,0.0,0.0,,0.11586505802404179,0.2518171023650664,0.3615235799989692,0.49357970409329965,0.610357727869951,0.6407588527168295
5,0,64.0,12,0.0,0.0,,0.12199209829171724,0.2449795247620934,0.3578283108582615,0.4908591865215229,0.609994520050607,0.6408618840836079
5,0,65.0,12,0.0,0.0,,0.12190610177746444,0.2506469210917812,0.3548720955456952,0.49086125453769636,0.6103950753044006,0.6477130933000149
5,0,66.0,12,0.0,0.0,,0.11949285769288343,0.25476756292650565,0.3576788022967182,0.4908629089506352,0.6101272140669102,0.6388453336199865
5,0,67.0,12,0.0,0.0,,0.11164930458430669,0.2526475664920211,0.35475248869646064,0.49386785325836924,0.6104980267639191,0.6421066433264816
5,0,68.0,12,0.0,0.0,,0.10537446209744532,0.2507136892902855,0.3552170258529916,0.49419688017646557,0.6107978806750504,0.6387762604424219
5,0,69.0,12,0.0,0.0,,0.11620656829738008,0.25078176552109105,0.3527830675414793,0.4944013586247557,0.6104494583634301,0.6349563159585573
5,0,70.0,12,0.0,0.0,,0.11669802056354825,0.24759665775408854,0.3545733824414581,0.49151651014668774,0.6101707205141337,0.6343891645325573
5,0,71.0,12,0.0,0.0,,0.11659286528843953,0.24471674286279782,0.35518462303560955,0.49442629772182406,0.6099477302346967,0.6305415454480913
5,0,72.0,12,0.0,0.0,,0.11070045385038907,0.25047696519020246,0.3527571452875737,0.4937149434979373,0.6097693380111471,0.6314559972536788
5,0,73.0,12,0.0,0.0,,0.11739321856604493,0.2542848815296069,0.35664238686972505,0.4984124643136922,0.6096266242323074,0.6328471658343156
5,0,74.0,12,0.0,0.0,,0.11664004203278495,0.2503991505609012,0.3642491452354475,0.4984759865236568,0.6095124532092357,0.6310210921623519
5,0,75.0,12,0.0,0.0,,0.10936705205622792,0.27187670381577,0.36292523327080106,0.49477621246580866,0.610597727271829,0.6265728969381582
5,0,76.0,12,0.0,0.0,,0.11039497208495712,0.27485007489723634,0.3639309168940361,0.49412330601989785,0.6102893356408529,0.6418402382782855
5,0,77.0,12,0.0,0.0,,0.1094710856580551,0.26458152633235477,0.3740457443280589,0.4912940680628015,0.6118075386576483,0.6472831311443489
5,0,78.0,12,0.0,0.0,,0.11515884056057231,0.2564364533858764,0.3732642119295705,0.4924226849107418,0.6123870528396184,0.6495198992436233
5,0,79.0,12,0.0,0.0,,0.11581718201852928,0.26187589429564306,0.36722081640274234,0.4979984678825139,0.6111914549292146,0.6580722704111348
5,0,80.0,12,0.0,0.0,,0.11252515600583601,0.2644629161939388,0.365302570204637,0.49730495111011724,0.6120411243242747,0.6460619470966584
5,0,81.0,12,0.0,0.0,,0.11204127840113529,0.2597869677423191,0.36534435145666294,0.49614629693534473,0.6114440532828095,0.6521591495445243
5,0,82.0,12,0.0,0.0,,0.12187252804757147,0.2619707636254481,0.3704196081233726,0.4952193735955267,0.6109663964496374,0.65016004465994
5,0,83.0,12,0.0,0.0,,0.11946599870896904,0.26168231647559964,0.37077235713836415,0.4943494041968994,0.6111725764236249,0.6306871137836313
5,0,84.0,12,0.0,0.0,,0.13350057990631248,0.26045071862505115,0.36957419315162154,0.4914749466044027,0.6107492149622897,0.6291028650378603
5,0,85.0,12,0.0,0.0,,0.12803414805176633,0.26250176433163375,0.37444288574280754,0.4914467298241603,0.612125495570333,0.6294912392346339
5,0,86.0,12,0.0,0.0,,0.12707984957326174,0.2535272543353473,0.37519770526800894,0.4914597199065792,0.613270059094184,0.6186998704967703
5,0,87.0,12,0.0,0.0,,0.13067554654812574,0.25247633094492594,0.3745948348540732,0.4899418011237861,0.6130155065392622,0.616621875055926
5,0,88.0,12,0.0,0.0,,0.13208959512515742,0.2455069076259811,0.36828531474234466,0.4879488641459121,0.6128118644953249,0.6187114861011237
5,0,89.0,12,0.0,0.0,,0.12172669453012593,0.248511231676026,0.3680948952891884,0.4863545145636129,0.6120606454196498,0.6213452249851382
5,0,90.0,12,0.0,0.0,,0.12823463718858358,0.2504550101352383,0.37224101424766254,0.48507903489777354,0.6125895382492197,0.6245903563636672
5,0,91.0,12,0.0,0.0,,0.12022968414500845,0.24388985097823096,0.37700250640862,0.4875097222714039,0.6118827844227654,0.6263076860297759
5,0,92.0,12,0.0,0.0,,0.12326835025362345,0.23863772365262506,0.373017040022719,0.491220867421597,0.6113173813616021,0.6150176201213851
5,0,93.0,12,0.0,0.0,,0.11848609059391135,0.24561374982206421,0.3732650978041294,0.4911505992577556,0.6108650589126714,0.6123126260006785
5,0,94.0,12,0.0,0.0,,0.11643636534858837,0.2434622451948671,0.37288987880490304,0.4931455757110291,0.6105032009535268,0.6096812289915394
5,0,95.0,12,0.0,0.0,,0.11356324646653834,0.2469874706790672,0.37407379852158973,0.4928187966160742,0.6108020200267367,0.6219511937764156
5,0,96.0,12,0.0,0.0,,0.12121636156202528,0.25303455846580586,0.3755579802705387,0.49638440652844984,0.6104527698447789,0.6239214812611323
5,0,97.0,12,0.0,0.0,,0.1274091180726849,0.260603038582223,0.37317331066683684,0.49540986127001074,0.6101733696992129,0.6138301041768519
5,0,98.0,12,0.0,0.0,,0.12465276163809691,0.26813542354033043,0.3716409438264228,0.49693713786362714,0.6099498495827601,0.6124937272272808
5,0,99.0,12,0.0,0.0,,0.13663326344382087,0.2580341817023047,0.3776765638573196,0.49354513353778495,0.6103561351765989,0.6174805896415387
5,0,100.0,12,0.0,0.0,,0.13777553384791805,0.2626670248544605,0.3719574239790386,0.4908315300771112,0.6118142354953043,0.616358311776638
6,0,21.0,14,0.0,0.0,,0.09627211940168066,0.22066480995347448,0.30222067502510674,0.4467622968179087,0.5598453742177357,0.6329873934015732
6,0,22.0,14,0.0,0.0,,0.09783314708041836,0.219651524336227,0.3012216726957703,0.4460209880836169,0.5593051661735728,0.6333061224834762
6,0,23.0,14,0.0,0.0,,0.09956255036735892,0.21399290334247642,0.2985596332790513,0.4471631548587872,0.5588729997382426,0.63664948958371
6,0,24.0,14,0.0,0.0,,0.09361917984298612,0.21993418211378338,0.3032620854942583,0.4466515036550506,0.5596571346800886,0.6504588810795372
6,0,25.0,14,0.0,0.0,,0.0951347585218217,0.21421902956452152,0.30506953389878383,0.44519515499923495,0.5591545745434552,0.6469236667031079
6,0,26.0,14,0.0,0.0,,0.09781085334530815,0.21471670075174037,0.3016379222414621,0.4412837309667263,0.5593249112873473,0.6406229869001686
6,0,27.0,14,0.0,0.0,,0.09221782222534551,0.22000656243759345,0.2988926329156047,0.44194796454140184,0.5609785380606536,0.6344219636101338
6,0,28.0,14,0.0,0.0,,0.09212291081853194,0.2199035282751618,0.30766506735682586,0.4426227522171861,0.5607666039236049,0.6353949964554684
6,0,29.0,14,0.0,0.0,,0.09358042604483648,0.2264781122629791,0.31191655945656255,0.43922580874108724,0.5611720180283783,0.628001466211199
6,0,30.0,14,0.0,0.0,,0.09532412278479593,0.21945417368387807,0.3187126320426134,0.43650825396020804,0.5609547866626124,0.6161828735580996
6,0,31.0,14,0.0,0.0,,0.1029877076278225,0.21383502282059727,0.3125524007565258,0.4389061848878269,0.5618216865883898,0.629152613260693
6,0,32.0,14,0.0,0.0,,0.10642873726918153,0.214409495356601,0.31280919725176815,0.4362525548775998,0.5625956557523771,0.6253407562842561
6,0,33.0,14,0.0,0.0,,0.10373993421102204,0.21871525291040395,0.3113073431828365,0.4341296508694182,0.5615053914012862,0.631905335353428
6,0,34.0,14,0.0,0.0,,0.10509363282985125,0.213243886201818,0.3066281696687042,0.4396135687562609,0.563392038469439,0.636069454253288
6,0,35.0,14,0.0,0.0,,0.09804404581297999,0.21474214662817742,0.30864219723470965,0.4396253674989632,0.5632723656650457,0.6438755112939795
6,0,36.0,14,0.0,0.0,,0.0996445615766685,0.21407714292189187,0.30546072250708417,0.43969066663228534,0.5643064955116411,0.6431627522694222
6,0,37.0,14,0.0,0.0,,0.09368478881043378,0.2095333982110083,0.30530526661769763,0.43688014027316663,0.5656329217577231,0.6311922063628765
6,0,38.0,14,0.0,0.0,,0.08891697059744601,0.21224992419127017,0.30670407879753536,0.44030843643856554,0.5650650722956729,0.6325951974032796
6,0,39.0,14,0.0,0.0,,0.0851027160270558,0.2241394138701251,0.30737766518643295,0.44461880002517506,0.5634809246359227,0.6341349601968875
6,0,40.0,14,0.0,0.0,,0.08205131237074362,0.21758321496959487,0.30348442727158137,0.4491347561709764,0.5653895711687407,0.6338718928586796
6,0,41.0,14,0.0,0.0,,0.07961018944569387,0.21448716004177593,0.3096700381488938,0.4516176529975075,0.5648703918244871,0.6265804324474236
6,0,42.0,14,0.0,0.0,,0.07765729110565409,0.20986141190691554,0.30531832564155015,0.450289839338173,0.5649541707178896,0.6122920440755768
6,0,43.0,14,0.0,0.0,,0.07609497243362225,0.22272561888044887,0.30576403964422816,0.4453594784378767,0.5650211938326117,0.6049243209956576
6,0,44.0,14,0.0,0.0,,0.07484511749599679,0.2164521789778539,0.30691804702749736,0.4429187189666558,0.5634458218654737,0.6163749191413069
6,0,45.0,14,0.0,0.0,,0.09304011692358505,0.2214663454247201,0.3076924137639469,0.44383791770743464,0.5621855242917633,0.6215852550554806
6,0,46.0,14,0.0,0.0,,0.09399370753142636,0.21544476021327089,0.3037362261335925,0.4464559177662041,0.5617496710859936,0.6225261760425422
6,0,47.0,14,0.0,0.0,,0.09438018126281765,0.21675617665071933,0.3022254496617001,0.44309260270282086,0.5608286036681793,0.6253632801936428
6,0,48.0,14,0.0,0.0,,0.09506575900281244,0.21483342312275622,0.2993626548517951,0.439601689129595,0.5621814919653192,0.6225884430742374
6,0,49.0,14,0.0,0.0,,0.09002174675134893,0.215765016823292,0.29707241900387105,0.4368089582710143,0.5668436724778884,0.6190668561099728
6,0,50.0,14,0.0,0.0,,0.08598653695017813,0.21088369733212836,0.29524023032553187,0.43457477358414975,0.5682509687712463,0.6282371213522462
6,0,51.0,14,0.0,0.0,,0.10064462751527567,0.20912754593180272,0.29797709693922403,0.43672419945138446,0.5671595099064914,0.6341242878553537
6,0,52.0,14,0.0,0.0,,0.09448484156131952,0.2114437753680846,0.29596397267381425,0.44521903351005526,0.567416210904798,0.6305362056271191
6,0,53.0,14,0.0,0.0,,0.0895570127981546,0.21109431600301268,0.2993837938339734,0.4413028337753825,0.5690805682135297,0.6269445436427151
6,0,54.0,14,0.0,0.0,,0.10056655690316237,0.21474404787482598,0.30032598627392815,0.4381698739876443,0.566693321370208,0.6248064102562824
6,0,55.0,14,0.0,0.0,,0.1012807992147581,0.21619560677996338,0.30714328535077134,0.43566350615745375,0.5676942774527738,0.625136012988172
6,0,56.0,14,0.0,0.0,,0.09499377892090546,0.21317643908214073,0.30787260442256603,0.43795691255401803,0.5655842887616034,0.6337176087544425
6,0,57.0,14,0.0,0.0,,0.08996416268582336,0.20986888343347404,0.3086048988501676,0.43894420811685464,0.5650261658987772,0.6391159925929925
6,0,58.0,14,0.0,0.0,,0.09278678170773251,0.21895320873916835,0.30866883175893267,0.436282973460822,0.5634497995184061,0.6386162455238192
6,0,59.0,14,0.0,0.0,,0.08940523823505839,0.21558315505743467,0.3114903979176281,0.4389270101068197,0.5621887064141093,0.6380535353747497
6,0,60.0,14,0.0,0.0,,0.09233964214712055,0.22504562822708585,0.30677461345653745,0.43626921505279415,0.562309700020782,0.6378127954024343
6,0,61.0,14,0.0,0.0,,0.10922841741112585,0.22035217530524737,0.30388851289077834,0.4341429790095736,0.5641873803732329,0.6418799420797207
6,0,62.0,14,0.0,0.0,,0.11261554024865128,0.21681762930758403,0.30392976151937207,0.43637876379172347,0.5627787710979707,0.6404461098363295
6,0,63.0,14,0.0,0.0,,0.11090788375799483,0.21172578731956207,0.3025149488439474,0.4380239908013996,0.5661916276938994,0.6490797482056948
6,0,64.0,14,0.0,0.0,,0.11610322942105433,0.21272210695577282,0.3123210949134735,0.43554679960845794,0.5655120370446141,0.6466144345207885
6,0,65.0,14,0.0,0.0,,0.10685172308594246,0.21357392026257024,0.3074391710532138,0.4409528913771329,0.5638384964350756,0.6415560265552597
6,0,66.0,14,0.0,0.0,,0.10664717345784167,0.218148579308639,0.3142004085054849,0.4378899200690446,0.563629532037555,0.6314741293605461
6,0,67.0,14,0.0,0.0,,0.11840202003792119,0.21981702189395352,0.30894262192682287,0.435439543022574,0.5639614828883438,0.6328217472352824
6,0,68.0,14,0.0,0.0,,0.11089843447209746,0.2227787338058717,0.31057863264171715,0.4334792413853975,0.563186358550585,0.6073966872007952
6,0,69.0,14,0.0,0.0,,0.10268788712677694,0.2241942452669067,0.31062088225532275,0.4347737657414328,0.5640676958712437,0.6139409693184067
6,0,70.0,14,0.0,0.0,,0.09611944925052054,0.22465355466056763,0.30607900092669316,0.4343720041843574,0.5643120139552948,0.6233896677425614
6,0,71.0,14,0.0,0.0,,0.10290834767239831,0.22263621827330793,0.3102578329676179,0.43543211584144037,0.5628784779636204,0.6264065339412273
6,0,72.0,14,0.0,0.0,,0.09629581768701766,0.22834325777045258,0.3153906520671514,0.4334732996404906,0.5633606396291962,0.64193263631956
6,0,73.0,14,0.0,0.0,,0.09691875153962501,0.22724402503744848,0.31461933696583594,0.43476901234550736,0.5621173785027413,0.6459934715135418
6,0,74.0,14,0.0,0.0,,0.091504140780799,0.2305414908549984,0.3101291705821135,0.4356891619516004,0.5611227696015774,0.640994187237917
6,0,75.0,14,0.0,0.0,,0.10053212095776817,0.2281032588971727,0.30665030118500725,0.43367893652861855,0.5603270824806462,0.6359301888145092
6,0,76.0,14,0.0,0.0,,0.09439483631531354,0.22560228349118558,0.30290253607044076,0.43838459296231147,0.5608204008740115,0.6348911458673723
6,0,77.0,14,0.0,0.0,,0.09799583176698473,0.22360150316639582,0.30155849761117876,0.4397720549539138,0.566215551377318,0.6273123702598726
6,0,78.0,14,0.0,0.0,,0.09236580496268676,0.22727090083337442,0.3051241653967406,0.43694525093046943,0.5655311759913489,0.6257730870944466
6,0,79.0,14,0.0,0.0,,0.0878617835192484,0.22548678687987342,0.3071876212737911,0.43468380771171383,0.5638538075924637,0.6226787051514059
6,0,80.0,14,0.0,0.0,,0.093950249053222,0.22405949571707273,0.30668678563106316,0.4328746531367094,0.5641409033322707,0.6288033260329632
6,0,81.0,14,0.0,0.0,,0.09375714363825442,0.22387080219612168,0.3064094138862726,0.4386127094910058,0.5627415894652009,0.6294667725920822
6,0,82.0,14,0.0,0.0,,0.10068126110278434,0.22221631813034476,0.30952873501599154,0.4367527312597771,0.5616221383715451,0.6299975298393773
6,0,83.0,14,0.0,0.0,,0.09451414843132647,0.21604473837777066,0.30520528313522827,0.43452979197516006,0.5618564455867306,0.6312640122896394
6,0,84.0,14,0.0,0.0,,0.10385431139489627,0.21745899632468002,0.3017465216306176,0.4327514405474663,0.5645262192346088,0.631435321597423
6,0,85.0,14,0.0,0.0,,0.10389890067499082,0.21688057160459784,0.311538992872305,0.4340120415447437,0.5630498421870713,0.6282998547013225
6,0,86.0,14,0.0,0.0,,0.09708826008909163,0.22252410450943988,0.31005014550459337,0.43309393187145345,0.5618687405490413,0.6290639955267695
6,0,87.0,14,0.0,0.0,,0.09163974762037229,0.22305947652081035,0.31187907066914855,0.43434909757235723,0.5646425919289245,0.6262015473763352
6,0,88.0,14,0.0,0.0,,0.09393858570741367,0.2374253273074151,0.30708555165775386,0.43407146703477295,0.563142940342524,0.627747484207158
6,0,89.0,14,0.0,0.0,,0.09685391509378175,0.2328536363907859,0.30812830682958037,0.43524754626093304,0.5630730871635137,0.6409256662421544
6,0,90.0,14,0.0,0.0,,0.09736522946503628,0.2245545929861236,0.31958987897443547,0.43332564397608486,0.5630172046203055,0.646522233582864
6,0,91.0,14,0.0,0.0,,0.09957188476424365,0.2305684272875333,0.31325419830198337,0.4345950276748224,0.562972498585739,0.6437587221798112
6,0,92.0,14,0.0,0.0,,0.10442281020224298,0.22812480804320057,0.3081856537640217,0.43960316838969893,0.5618068656679754,0.6407545816393773
6,0,93.0,14,0.0,0.0,,0.09750738771089337,0.22443914214310542,0.3083334356900159,0.44799135920280825,0.5620042274238749,0.6246928011656286
6,0,94.0,14,0.0,0.0,,0.09197504971781369,0.21782299758797916,0.31857210306595013,0.4471620619470009,0.5639430022957072,0.6179194297506755
6,0,95.0,14,0.0,0.0,,0.10312455495725985,0.21253008194387815,0.31731754795613737,0.442857256524939,0.5625832686359502,0.6192371015892825
6,0,96.0,14,0.0,0.0,,0.10833529383535916,0.2212195570176864,0.3150421830466012,0.4441864365581134,0.5648339118493411,0.6236107708319991
6,0,97.0,14,0.0,0.0,,0.11921809214948631,0.21524732948764388,0.3105025685628293,0.44047675621382903,0.5649249867377726,0.6106553079352344
6,0,98.0,14,0.0,0.0,,0.10934361326868802,0.22226553910433502,0.31086192035364074,0.4375090119384016,0.5644987242797127,0.6149483581138991
6,0,99.0,14,0.0,0.0,,0.10582354365320597,0.22219038783787065,0.31114940178628986,0.4404969747586588,0.5630278462231545,0.6187621615560264
6,0,100.0,14,0.0,0.0,,0.09999911766130125,0.2160239941437913,0.31137938693240913,0.4414619603909916,0.5650707540994095,0.626239036510015
7,1,21.0,2,0.0,0.0,,0.5918915991068918,0.616167862032461,0.6554331472735632,0.6212433336614197,0.508582448995232,0.6403277787558745
7,1,22.0,2,0.0,0.0,,0.5791743030542233,0.6172730622062619,0.6633937078371188,0.6314950771371066,0.5064703552954299,0.614353209707044
7,1,23.0,2,0.0,0.0,,0.5897635542090901,0.6105389540786547,0.6527733516616082,0.6444164205672542,0.5383826640085054,0.597206548038875
7,1,24.0,2,0.0,0.0,,0.5892179288948529,0.6164362297882564,0.6483381170524395,0.6309773984885464,0.531807255817464,0.5544896428588391
7,1,25.0,2,0.0,0.0,,0.5930254305107701,0.6230746039662912,0.6501077279570684,0.6362328816897456,0.5641267466299543,0.5620921914050441
7,1,26.0,2,0.0,0.0,,0.5870086521840653,0.6310645629598037,0.648484875647114,0.5925385136181684,0.5361208342502319,0.5777461168028002
7,1,27.0,2,0.0,0.0,,0.5782665579333169,0.6314328015104417,0.6525953029928637,0.6290047478304982,0.5561597786631204,0.5758350924326556
7,1,28.0,2,0.0,0.0,,0.5820643207243181,0.6236815346320926,0.6134761699235095,0.6293245085909036,0.5427635153185689,0.5134168886482544
7,1,29.0,2,0.0,0.0,,0.5851025309571191,0.6197853883357753,0.5997478792940663,0.6188828716795828,0.5469445658314654,0.5059392490309218
7,1,30.0,2,0.0,0.0,,0.5607515973255821,0.617929126977929,0.578452496692216,0.6538649338918658,0.5668854694002015,0.4992386889307031
7,1,31.0,2,0.0,0.0,,0.5654793408845296,0.6204881878229387,0.5831078527180196,0.6428310690091671,0.5696738207357546,0.4596344711214888
7,1,32.0,2,0.0,0.0,,0.5718345470852884,0.6328850819724059,0.5971257235661986,0.6407334037612491,0.5824735750127426,0.4829073707610886
7,1,33.0,2,0.0,0.0,,0.5755000811646667,0.6236888738504051,0.6010876590168603,0.6482400388951046,0.5897516274447578,0.4890996102474494
7,1,34.0,2,0.0,0.0,,0.5798511393093979,0.6285143138978672,0.5971107699361846,0.6500748451869539,0.5742703329415054,0.4905218601706042
7,1,35.0,2,0.0,0.0,,0.5744252303728838,0.6263564345328327,0.611311413306348,0.6284223888484876,0.606960317218314,0.48853965365063245
7,1,36.0,2,0.0,0.0,,0.5859642960640185,0.6130307459440494,0.6007499688145672,0.6060751311480537,0.5677056287392299,0.4853731948056382
7,1,37.0,2,0.0,0.0,,0.5662140337819255,0.6128230429397774,0.6170372974767078,0.5920238612362023,0.5757145854585096,0.5627379404159689
7,1,38.0,2,0.0,0.0,,0.5711769119532527,0.6139599813512889,0.6093024005365442,0.5491519094415978,0.6087742125340265,0.5009012736882551
7,1,39.0,2,0.0,0.0,,0.5690984023930306,0.6234038173107455,0.6373749652915373,0.5295809969555556,0.609927919670594,0.5402610100093196
7,1,40.0,2,0.0,0.0,,0.5679127830711814,0.633138396856201,0.663403927093497,0.5442932866255769,0.5783280435428766,0.5305850530537105
7,1,41.0,2,0.0,0.0,,0.5737813008346097,0.6402286475554114,0.64465883248926,0.5573527304511886,0.5432334786816396,0.5130530261160785
7,1,42.0,2,0.0,0.0,,0.5854491524333992,0.6511218921663569,0.6317510199809095,0.5551778047290804,0.5606147910611153,0.5324516155753365
7,1,43.0,2,0.0,0.0,,0.5865650068744317,0.6403629346850056,0.6147254760964531,0.5671328015988115,0.581238799860912,0.47668553563579613
7,1,44.0,2,0.0,0.0,,0.5784406641891268,0.6336027891285718,0.5931562950761832,0.5715434382217468,0.6132139918908631,0.4926965795250352
7,1,45.0,2,0.0,0.0,,0.5844036187461892,0.6249862774512507,0.5913396463034031,0.5583780767452255,0.6249305026180336,0.48703895104749406
7,1,46.0,2,0.0,0.0,,0.5753839317828845,0.6137051785925884,0.6144457164563972,0.556949314728368,0.6237871697560579,0.4709049565031583
7,1,47.0,2,0.0,0.0,,0.5713665515346966,0.6257523794792066,0.6074679998870921,0.5780163394020771,0.6363534951422695,0.5344000190519085
7,1,48.0,2,0.0,0.0,,0.5662818999173387,0.6380040481995903,0.6332004509238403,0.5758071729024127,0.585499494011396,0.4955709459058637
7,1,49.0,2,0.0,0.0,,0.5677035699407117,0.6378098174224186,0.6292018879180638,0.5601106988752441,0.5533746102053577,0.5239454525163871
7,1,50.0,2,0.0,0.0,,0.5805869677182809,0.630696318315491,0.6295842829535252,0.5723537756089419,0.5526340603535944,0.543070925662752
7,1,51.0,2,0.0,0.0,,0.5791476241814654,0.6341513068491279,0.6198874518274906,0.5725175121608326,0.530720516914073,0.5432344530257507
7,1,52.0,2,0.0,0.0,,0.5861235672124323,0.6402134845119585,0.6377098620712942,0.583455936553053,0.5016392867761266,0.582742883895129
7,1,53.0,2,0.0,0.0,,0.588460198933442,0.6303409319701734,0.6181247522526904,0.590363152117746,0.5229015782457677,0.5866998617139588
7,1,54.0,2,0.0,0.0,,0.5935736270140135,0.6338378383631486,0.6249856425387966,0.5696162222651732,0.5688952404532058,0.5930186861137903
7,1,55.0,2,0.0,0.0,,0.5866625717091837,0.6338449352058184,0.6256051628535622,0.5906054584212774,0.5999921577050393,0.602902104500842
7,1,56.0,2,0.0,0.0,,0.5819641185241038,0.6259022619894677,0.6238827707298953,0.5556363578173404,0.5731070811613417,0.6338005379897558
7,1,57.0,2,0.0,0.0,,0.5872223822141708,0.6265200798074243,0.636046524592838,0.5468279032583926,0.557228415762925,0.5769810348527121
7,1,58.0,2,0.0,0.0,,0.5875999896900856,0.6255253424557734,0.6653177318830749,0.5757650542161958,0.5727022697869952,0.5603070147543635
7,1,59.0,2,0.0,0.0,,0.583512652308957,0.6295179941799016,0.6787774294053334,0.5680106776131766,0.5781995657487332,0.5567171280833769
7,1,60.0,2,0.0,0.0,,0.5932342336128771,0.6202129090083933,0.672433543280351,0.6155840912611197,0.6222716925498882,0.5653737024667016
7,1,61.0,2,0.0,0.0,,0.6010114986560133,0.6169233590522546,0.6719172525821577,0.5883365182150179,0.6093690086851834,0.5602880837125614
7,1,62.0,2,0.0,0.0,,0.6002602733024751,0.618938716807395,0.6574160605383453,0.6131488715408242,0.5827011194549438,0.5865829524797994
7,1,63.0,2,0.0,0.0,,0.5858692424106902,0.6236677039644,0.6633768763553903,0.622500050438229,0.5756736881027051,0.5507082315005973
7,1,64.0,2,0.0,0.0,,0.5855734569526161,0.6213026861538588,0.6342494480576694,0.6559725330299192,0.5692009580649569,0.6168699307212334
7,1,65.0,2,0.0,0.0,,0.5866644504898051,0.6225241161809971,0.6398622908155414,0.6843954384608983,0.5859487694372568,0.6134566888887993
7,1,66.0,2,0.0,0.0,,0.580160811318624,0.6276362642065626,0.6403840052500259,0.6697558886849889,0.5430776201975627,0.6231825063950962
7,1,67.0,2,0.0,0.0,,0.5733173077444806,0.6269537486187138,0.6366055727953281,0.6595566869451118,0.5721070985289842,0.6114805344648615
7,1,68.0,2,0.0,0.0,,0.5733318962024254,0.6337200255746425,0.6309008653734526,0.6569775600039257,0.5665034406455584,0.5470928464862441
7,1,69.0,2,0.0,0.0,,0.578116591339605,0.6317091411291365,0.6138317621872863,0.6488455128465037,0.5634843690151642,0.5064411105624727
7,1,70.0,2,0.0,0.0,,0.5689528962405255,0.6349858514669737,0.5997092837298647,0.6205600876501008,0.6051671707846751,0.4877676110748327
7,1,71.0,2,0.0,0.0,,0.5677963781491773,0.6389313231793515,0.5883874801359918,0.6066826615153778,0.6060125689831877,0.5231953717311836
7,1,72.0,2,0.0,0.0,,0.5628967387054066,0.6436680543938244,0.616697001506595,0.6199341141513772,0.6278962357475464,0.5083742509015705
7,1,73.0,2,0.0,0.0,,0.5697684653419898,0.644516320398402,0.6262760995705394,0.6045925835548889,0.5892698992138312,0.5021775360388278
7,1,74.0,2,0.0,0.0,,0.573847215770028,0.6272708796903244,0.6391446278163698,0.6258457060824391,0.5817870690559499,0.4954536199743284
7,1,75.0,2,0.0,0.0,,0.5634934069347798,0.6327039509950821,0.6380352511242491,0.6208953687496843,0.6118940222813692,0.5175073596439675
7,1,76.0,2,0.0,0.0,,0.5594543617338885,0.6311920769616189,0.6452942024752145,0.6023119174198662,0.6322846917924707,0.49484760697058255
7,1,77.0,2,0.0,0.0,,0.5609657516674915,0.6292405381078725,0.6486464473893288,0.5972903139259056,0.6300096372863854,0.5398980952731058
7,1,78.0,2,0.0,0.0,,0.5634506513408339,0.6300833432533258,0.6257116141786463,0.5892038468599681,0.6302198885283791,0.5335464641901615
7,1,79.0,2,0.0,0.0,,0.5654385710795078,0.6284173633007983,0.6160912946201291,0.5892347330648506,0.6012937699919086,0.5004780683169789
7,1,80.0,2,0.0,0.0,,0.5740019442584942,0.6239439560460049,0.6198767911169509,0.6167345895488923,0.579834771489991,0.5267433498191186
7,1,81.0,2,0.0,0.0,,0.5718356165635521,0.6178250226630246,0.6193323444365109,0.5994054349321118,0.6183239236874081,0.5056611930161709
7,1,82.0,2,0.0,0.0,,0.5802739611181016,0.6184209817434995,0.6203200027390414,0.6136334915277037,0.6114135146072054,0.4583943124830701
7,1,83.0,2,0.0,0.0,,0.5906432806601929,0.6154730970619122,0.6373589058530824,0.5945544672904404,0.656281106638479,0.47805823377688467
7,1,84.0,2,0.0,0.0,,0.5919656989058187,0.6247523877790455,0.6222226505139868,0.6432455043213514,0.6786934263204648,0.4942464385887796
7,1,85.0,2,0.0,0.0,,0.5952236465195428,0.621684283440832,0.6314010208161593,0.6190667092808915,0.6736844242547778,0.5227669197000381
7,1,86.0,2,0.0,0.0,,0.575821527163568,0.6303496606675308,0.630703206552549,0.6110552555102308,0.6206174142170517,0.5496684672089114
7,1,87.0,2,0.0,0.0,,0.5802185668943508,0.6371073346329408,0.6254697906338935,0.5720514927271607,0.5601612655617407,0.5234957527358245
7,1,88.0,2,0.0,0.0,,0.5858259409103683,0.6409143319289698,0.6243673761753167,0.593738998117532,0.5578797722809982,0.5450838946049995
7,1,89.0,2,0.0,0.0,,0.5881118271059592,0.6359715368030272,0.6360237269277863,0.6099001891576683,0.531968461474276,0.5219444383165934
7,1,90.0,2,0.0,0.0,,0.5873675247088312,0.638546102841463,0.6305703581479924,0.5748891008917572,0.5507969621680893,0.49537079215245094
7,1,91.0,2,0.0,0.0,,0.582528080923822,0.6297511726644613,0.6327754484534884,0.5861977593767598,0.5239527095016561,0.46661713981874486
7,1,92.0,2,0.0,0.0,,0.5786565258958145,0.624514459880712,0.608972760263178,0.5744676159276205,0.5370288895301331,0.4899605855959003
7,1,93.0,2,0.0,0.0,,0.5646118195146693,0.6326104193943095,0.622076505670283,0.6018602763653695,0.5932166759328925,0.4708225743843844
7,1,94.0,2,0.0,0.0,,0.5733405430066231,0.6211164883592912,0.6280453296687738,0.5876214536049933,0.59246983469834,0.49165164026341523
7,1,95.0,2,0.0,0.0,,0.5768781193330108,0.6244486423824883,0.6347017241323993,0.6000752113104428,0.549333855550399,0.4796102701443786
7,1,96.0,2,0.0,0.0,,0.5818777951348363,0.6364338203026554,0.6369606135910003,0.5778128522568581,0.559328822708203,0.46178587987469344
7,1,97.0,2,0.0,0.0,,0.5767348836475343,0.6404758056309179,0.652331747134985,0.5696451879230653,0.5802564668199757,0.49340555876712866
7,1,98.0,2,0.0,0.0,,0.5878120186837389,0.6364808897500887,0.6630322547936597,0.601545853155763,0.6269768568649636,0.5162725347696886
7,1,99.0,2,0.0,0.0,,0.5807715219466566,0.634007631651698,0.644150523627975,0.5781517189442736,0.6203955112774453,0.5330180278157508
7,1,100.0,2,0.0,0.0,,0.586268304952213,0.630918263932501,0.6506851350580201,0.5661063029135133,0.5762683853410718,0.5089467318733767
8,1,21.0,4,0.0,0.0,,0.4960539478712862,0.5937125344915877,0.6331795747743263,0.5954139843454607,0.5483436891451758,0.5805178305315927
8,1,22.0,4,0.0,0.0,,0.5012587926157865,0.5941568515620783,0.6299781955131432,0.5977070785571131,0.5295812599224491,0.5767935837739071
8,1,23.0,4,0.0,0.0,,0.47781657026074187,0.5924225629870793,0.6247037394436092,0.6110293032208691,0.5625349518627346,0.5640752431020146
8,1,24.0,4,0.0,0.0,,0.4754518512719973,0.5931248743584716,0.6289214317730468,0.6332118467368606,0.6263586720914922,0.5559622254894514
8,1,25.0,4,0.0,0.0,,0.49035078050671077,0.5895072389928026,0.6278869734175712,0.6446920918303051,0.6387279505884079,0.5984446472109045
8,1,26.0,4,0.0,0.0,,0.48288021118243585,0.5866131307002673,0.637623340460435,0.6390290792676718,0.6822367975568894,0.6132490107630229
8,1,27.0,4,0.0,0.0,,0.49469422823539855,0.5848586846305703,0.635916492253141,0.628722569546676,0.697674990420116,0.5850997508495188
8,1,28.0,4,0.0,0.0,,0.49459939313612117,0.5854447812143488,0.6357917485859305,0.6151041670681511,0.6762501636337984,0.5873768536264686
8,1,29.0,4,0.0,0.0,,0.5091121750657854,0.5890715506073475,0.631436767789589,0.6391938986283303,0.6818996914131354,0.5670991031739143
8,1,30.0,4,0.0,0.0,,0.5061337506004306,0.584735678324843,0.6195999893304971,0.6126528544079337,0.6276734931506456,0.5681131956345092
8,1,31.0,4,0.0,0.0,,0.4989519897245872,0.5869753666286824,0.6227402343247193,0.6262946245647891,0.5979175008056204,0.5398106221425151
8,1,32.0,4,0.0,0.0,,0.5165686773072504,0.5830587311419111,0.6187715696692307,0.6212310855029146,0.566623841830457,0.5733558116647509
8,1,33.0,4,0.0,0.0,,0.503081926155472,0.5871627105493973,0.615295864508355,0.6208162335219826,0.5808459973240346,0.5959212939211375
8,1,34.0,4,0.0,0.0,,0.4930651277014448,0.5832086062784829,0.6248299917514045,0.6350022694460856,0.5999979715190474,0.5861926858055
8,1,35.0,4,0.0,0.0,,0.5031117383472206,0.5743369367319081,0.622000082393494,0.6268031453783612,0.5835152817496232,0.6030666732049655
8,1,36.0,4,0.0,0.0,,0.47714091388345664,0.5817141766884552,0.616160777179173,0.6190147468826175,0.6181044990836692,0.5919062926075834
8,1,37.0,4,0.0,0.0,,0.4765563197511395,0.5881768092180241,0.6151669495810406,0.6206080511654261,0.5872305225093909,0.5664140842673853
8,1,38.0,4,0.0,0.0,,0.4897832847328883,0.5912571730102876,0.6114046640498969,0.6064595566412803,0.5922055437435072,0.563795530659379
8,1,39.0,4,0.0,0.0,,0.4919982602377614,0.591631721812707,0.6183014016541379,0.6116621423154959,0.6146519764248607,0.5426934018198051
8,1,40.0,4,0.0,0.0,,0.47520716566188126,0.5976397469844857,0.6207412572775206,0.6144625782026815,0.6043890799480294,0.5648669374604578
8,1,41.0,4,0.0,0.0,,0.4747657412100004,0.593679977657945,0.6248210904684488,0.6171603106726641,0.632066458898319,0.5351930880893067
8,1,42.0,4,0.0,0.0,,0.48882801022630556,0.5941308060951642,0.626326018113521,0.6377400706281801,0.6507009407716732,0.5198040823889033
8,1,43.0,4,0.0,0.0,,0.48385760663156274,0.5996390144104515,0.6214100404390487,0.6352618827998155,0.6755093012514515,0.5335379062676519
8,1,44.0,4,0.0,0.0,,0.4721140483113622,0.5988980354971692,0.618339619913985,0.6626911447499261,0.6830389034143542,0.5779281897461235
8,1,45.0,4,0.0,0.0,,0.495896923576802,0.6019238962649951,0.61644795702963,0.6457981170238131,0.6510062959908447,0.6018331224223733
8,1,46.0,4,0.0,0.0,,0.5093516000181985,0.598636198749413,0.6191334625097237,0.6303562938850804,0.6186825743175415,0.5921432992236514
8,1,47.0,4,0.0,0.0,,0.5153163198677561,0.5923873968384954,0.6125035361179376,0.6256668426882208,0.6256696638348115,0.5613765569892932
8,1,48.0,4,0.0,0.0,,0.5062980451384476,0.5889172569768216,0.6123115331956704,0.6179234110369645,0.6439274511197528,0.5350364885473136
8,1,49.0,4,0.0,0.0,,0.513428495400208,0.5897597889859341,0.6273882453479864,0.5885932899162754,0.6442871643456616,0.5807542702309096
8,1,50.0,4,0.0,0.0,,0.5138308087352756,0.5893656646986398,0.6365144550823547,0.6014391452649668,0.6825842052538015,0.5666325498101172
8,1,51.0,4,0.0,0.0,,0.4961118534840039,0.5942979996261717,0.643615963086505,0.6326847279134316,0.6974708232667388,0.5710053539097153
8,1,52.0,4,0.0,0.0,,0.49573349333500544,0.5904457392069626,0.6423676116835566,0.6398577593408604,0.6371355055837092,0.5911292723535027
8,1,53.0,4,0.0,0.0,,0.4962034076832024,0.59516205923283,0.6393318997591999,0.624983931403489,0.6779380876332513,0.5953261426930698
8,1,54.0,4,0.0,0.0,,0.47801626418198156,0.5968453730221324,0.6386039032510987,0.6324366306672712,0.6451606675312695,0.5933064967171366
8,1,55.0,4,0.0,0.0,,0.5040640987404729,0.592944389696207,0.631353710688578,0.6217840181364271,0.6615893867883166,0.5776579335606679
8,1,56.0,4,0.0,0.0,,0.4986498870730053,0.59706089083237,0.6273984261731623,0.6466634438371973,0.6207695535824816,0.6035133886538567
8,1,57.0,4,0.0,0.0,,0.5009622895286625,0.5998933399688248,0.6346583001708399,0.6081763461457668,0.6446191906443246,0.5765170207438629
8,1,58.0,4,0.0,0.0,,0.4829777501307218,0.5985406553795368,0.6383958847041135,0.6033728867968629,0.6519394664909203,0.5740533077901808
8,1,59.0,4,0.0,0.0,,0.4899992350232035,0.6010771516065581,0.6328048331943522,0.605991413013655,0.6473738956272337,0.6227851388428282
8,1,60.0,4,0.0,0.0,,0.4826249717283658,0.603106348588175,0.6284310655071634,0.5914359538423987,0.6028665774453237,0.6263461297827208
8,1,61.0,4,0.0,0.0,,0.5035070629102735,0.5959635167095051,0.6280302811965982,0.6099642953823354,0.5852157334877176,0.6512279566493703
8,1,62.0,4,0.0,0.0,,0.48863221273446217,0.599576281234864,0.6182815963856634,0.623588095356914,0.6354053569450271,0.6525894395430529
8,1,63.0,4,0.0,0.0,,0.49452280510619595,0.602466492855151,0.6356244899310356,0.5789824781148264,0.6565407658178788,0.6830590573524578
8,1,64.0,4,0.0,0.0,,0.48496804006829963,0.6026889199199892,0.6356921640078471,0.5788781989376236,0.628589345513255,0.6116903189532301
8,1,65.0,4,0.0,0.0,,0.4820194212988825,0.5992482176734081,0.6283256010053819,0.6156148951563514,0.6127965166360498,0.6668956054015305
8,1,66.0,4,0.0,0.0,,0.4714420994453494,0.5984853093156792,0.6289238474070243,0.6322146601512355,0.625161410576655,0.6174736076072993
8,1,67.0,4,0.0,0.0,,0.46722424382982986,0.5979750714213516,0.6416696908794245,0.6369200400573458,0.6393475655575529,0.591866616306455
8,1,68.0,4,0.0,0.0,,0.4805404638943983,0.6027144266714013,0.642979320122335,0.6501976026021918,0.6068960800221206,0.5561799209510924
8,1,69.0,4,0.0,0.0,,0.484910220457455,0.5977397214074776,0.6417928916414355,0.6413076947035126,0.5704912450149032,0.5208110609753231
8,1,70.0,4,0.0,0.0,,0.4941342257602458,0.5937599571963386,0.6441938752845655,0.6309315284014317,0.5503129270155745,0.5053783314424675
8,1,71.0,4,0.0,0.0,,0.4901509692525708,0.5940947009340236,0.6401834305956831,0.6173477193837604,0.5439640619386038,0.5251950846057183
8,1,72.0,4,0.0,0.0,,0.5005108346915066,0.5887541985861839,0.6318926506944519,0.595417120871385,0.5723733463607246,0.5436248910090289
8,1,73.0,4,0.0,0.0,,0.48623523015944875,0.5881004406063639,0.6250152892809565,0.6186461486118793,0.5387517769997212,0.5686602640389432
8,1,74.0,4,0.0,0.0,,0.47961376783736204,0.5948147220194112,0.6320484975808396,0.6152616156315831,0.5243099473254903,0.57114640787046
8,1,75.0,4,0.0,0.0,,0.4804192856535646,0.5944777610200059,0.6280559166929311,0.5934972249674079,0.54101013196494,0.636921142262526
8,1,76.0,4,0.0,0.0,,0.47496101223265474,0.5926792905534214,0.6316815861538324,0.6439159726596416,0.5057350213708259,0.6329403529328493
8,1,77.0,4,0.0,0.0,,0.4830308252684974,0.59323016761969,0.6411334132333165,0.632479220769326,0.5414658716255065,0.6005551793698194
8,1,78.0,4,0.0,0.0,,0.4894866756971713,0.5916812158331686,0.6388161356437233,0.6555668713710844,0.5525080474253125,0.5905873145409972
8,1,79.0,4,0.0,0.0,,0.4808613054311559,0.5940606983024034,0.6393410572830766,0.6394051201429706,0.5822028512284362,0.5781404963115383
8,1,80.0,4,0.0,0.0,,0.4702720267872892,0.595964284277791,0.6426366103422446,0.6196251614186311,0.5398050768122707,0.5616623764204637
8,1,81.0,4,0.0,0.0,,0.46124558443594327,0.5959582513910411,0.6377433835536082,0.6069943385568237,0.5417473407776309,0.5392061869242295
8,1,82.0,4,0.0,0.0,,0.46024740922741303,0.6011009706471528,0.6349089454649556,0.5943192107545923,0.5644441660222465,0.5392207009636056
8,1,83.0,4,0.0,0.0,,0.44500746355004306,0.6000676004865304,0.6235964416073507,0.6236716825690822,0.5676041416435719,0.5575984161838705
8,1,84.0,4,0.0,0.0,,0.48034034037435447,0.5935325182281894,0.6299399715227108,0.6139043269340377,0.614159656009316,0.6081009320847819
8,1,85.0,4,0.0,0.0,,0.48391488224741747,0.5940128385513598,0.6376076285174342,0.610481665836739,0.5823809427137053,0.5889415573886391
8,1,86.0,4,0.0,0.0,,0.47351348764043005,0.5923073525785044,0.6399827004066239,0.5999661648085512,0.6077219526837978,0.5788384378855918
8,1,87.0,4,0.0,0.0,,0.4866458299655414,0.5924718654672805,0.6363792756484259,0.6082482894421795,0.6512760916129594,0.5392410472620147
8,1,88.0,4,0.0,0.0,,0.47434462697854507,0.5910745741112412,0.6374827385455517,0.6314979366003849,0.6353667683836417,0.5633457371368126
8,1,89.0,4,0.0,0.0,,0.4915547433033402,0.5914856426934698,0.6376726613348653,0.6136634106678958,0.6098492782525089,0.6003951321642179
8,1,90.0,4,0.0,0.0,,0.4562632802018303,0.591814497559253,0.6358494759661191,0.6068062358894001,0.5868361088911672,0.601254420056939
8,1,91.0,4,0.0,0.0,,0.4556362078712673,0.590548679784819,0.641902035650707,0.6501822643080108,0.5902492685608272,0.5909578463001453
8,1,92.0,4,0.0,0.0,,0.4567491453112796,0.58438847999976,0.6481332264292933,0.6302334235629183,0.5604046162890061,0.5812525090541973
8,1,93.0,4,0.0,0.0,,0.45602489995882667,0.5846078657372247,0.6437252359539807,0.6448737068075647,0.5616818324172372,0.5796461670650609
8,1,94.0,4,0.0,0.0,,0.46366393051486365,0.582693632095805,0.6453584974967742,0.6036025645829016,0.5190129692844205,0.5775715770185409
8,1,95.0,4,0.0,0.0,,0.4793212037013409,0.5796333435156091,0.6418044197618816,0.6072567195003233,0.5573938290765273,0.5540449280073705
8,1,96.0,4,0.0,0.0,,0.4918470222505227,0.5844224004483557,0.6474584352934873,0.620301855271736,0.523741924072498,0.5718827793476964
8,1,97.0,4,0.0,0.0,,0.4978932521191758,0.5810163581976495,0.6380279851315984,0.6056641158411356,0.5575538841343356,0.5771130138192514
8,1,98.0,4,0.0,0.0,,0.4875865665687595,0.579820426064145,0.6310370051129752,0.6375883772111874,0.5797439282640499,0.6074386837681267
8,1,99.0,4,0.0,0.0,,0.4711227912904272,0.5902804526170274,0.6238781958746019,0.6277062693027672,0.5901153245011801,0.5931309432198426
8,1,100.0,4,0.0,0.0,,0.46192619603845364,0.5893214438310387,0.625078016057272,0.6265588977467547,0.6288980852751248,0.5792866731564416
9,1,21.0,6,0.0,0.0,,0.3920978588905358,0.4975526329468932,0.595461224070784,0.6412470148966056,0.6152130994178084,0.6078820526814628
9,1,22.0,6,0.0,0.0,,0.39978515985758334,0.49214766966758694,0.60067375497119,0.6355340367131378,0.6049162442393954,0.5971894563172316
9,1,23.0,6,0.0,0.0,,0.40517796670230943,0.4992538141037489,0.599030671627433,0.6368257714829283,0.6159060194789951,0.5743832614758484
9,1,24.0,6,0.0,0.0,,0.42605256111619516,0.49923034352283535,0.6013891781925526,0.6377035041718973,0.6258988748492961,0.5652081410257741
9,1,25.0,6,0.0,0.0,,0.4184837814258996,0.48671597058817734,0.6036788766139397,0.6208840364562256,0.6285103220984818,0.580661863766901
9,1,26.0,6,0.0,0.0,,0.41473555435835374,0.5043801159765671,0.6055995933424404,0.6300123243348961,0.6306285764355734,0.548727626091732
9,1,27.0,6,0.0,0.0,,0.4129119442970392,0.5124412263723932,0.6022696779898205,0.6313266454227044,0.6137996638007801,0.5872691960482574
9,1,28.0,6,0.0,0.0,,0.4141159443947077,0.5003280985069581,0.6016842313639308,0.6273418368975092,0.624192043471095,0.5778628890416
9,1,29.0,6,0.0,0.0,,0.419558532928754,0.4972596033158506,0.5901815176625723,0.6275521016988413,0.5936268995350634,0.5959283019670502
9,1,30.0,6,0.0,0.0,,0.4106087724904798,0.49691797046731845,0.5821748831278841,0.6325819293254825,0.5944962259942119,0.5734666456788059
9,1,31.0,6,0.0,0.0,,0.38020796686284786,0.5042244352159062,0.5883303028395439,0.6308026891792997,0.5947367006124736,0.5324013252546496
9,1,32.0,6,0.0,0.0,,0.38839459804809573,0.5007747647016806,0.5853536783557901,0.6362692155424512,0.5989530480929628,0.5489588773359233
9,1,33.0,6,0.0,0.0,,0.36807865246340715,0.5114149874501337,0.5860729460005002,0.6317766906518918,0.5834153873095267,0.5385112721040861
9,1,34.0,6,0.0,0.0,,0.3825554579524374,0.5067133761076846,0.5866483601162684,0.6383266406523112,0.5853201676036194,0.5572785191800029
9,1,35.0,6,0.0,0.0,,0.37883827443178314,0.5113437553030009,0.5882557624544771,0.6414551574129413,0.5902958096399052,0.5619477777377384
9,1,36.0,6,0.0,0.0,,0.3787528692467827,0.5034122676862147,0.5932611020148701,0.6457414227346263,0.5948200224346591,0.5641235182378269
9,1,37.0,6,0.0,0.0,,0.36796559969804393,0.5053159447903717,0.5954428256085931,0.6395064359657628,0.6141317004598831,0.5351380511794729
9,1,38.0,6,0.0,0.0,,0.38191938137066694,0.5033630436469353,0.5962474172542906,0.647030256314195,0.627592393016852,0.5426906190043732
9,1,39.0,6,0.0,0.0,,0.3775287723668354,0.4997481743034455,0.5959841886031454,0.6505363800597552,0.6284978783260652,0.5152912102683174
9,1,40.0,6,0.0,0.0,,0.3877506253897512,0.49439201540257416,0.5963056412824381,0.643229596538361,0.615258657042165,0.5242779689897084
9,1,41.0,6,0.0,0.0,,0.38086212056272056,0.48694923629262005,0.5952831061571402,0.6135485748046359,0.6148430872821268,0.5366224814762459
9,1,42.0,6,0.0,0.0,,0.3929496591489122,0.492968131369733,0.5926821128948677,0.6146059403090213,0.6237859447147821,0.6053487923905432
9,1,43.0,6,0.0,0.0,,0.37128762099034474,0.4903514533034293,0.5900062432982398,0.6098603823432686,0.6129475059777562,0.6081280234458892
9,1,44.0,6,0.0,0.0,,0.382837427887934,0.48733543051175576,0.5946614866898805,0.6119265101733553,0.6325090712798416,0.604008162405683
9,1,45.0,6,0.0,0.0,,0.37086124338330884,0.48177236348550856,0.5959524370354827,0.6148429671567242,0.6327754142710977,0.5957791770181908
9,1,46.0,6,0.0,0.0,,0.35742696981524197,0.49091637535543536,0.5977132619701037,0.6219544838793006,0.6283156731035916,0.5719521634391866
9,1,47.0,6,0.0,0.0,,0.3637359971532582,0.4834517198297106,0.5983938572596612,0.6254076707897902,0.6238765947000972,0.5567233173266386
9,1,48.0,6,0.0,0.0,,0.36401534645895506,0.4670357787111148,0.5982593241115134,0.6250229015118866,0.6147675082824586,0.5876427317563202
9,1,49.0,6,0.0,0.0,,0.3589419576433709,0.488891513611389,0.6001650823195017,0.6165925340689291,0.6284445106991593,0.572463239053972
9,1,50.0,6,0.0,0.0,,0.3620372164159213,0.48825722098951496,0.5968232001504721,0.6258575275473979,0.6279331205986274,0.6076986440859361
9,1,51.0,6,0.0,0.0,,0.37654193170934075,0.5002982772674303,0.5963474324572433,0.6235760376507665,0.6591359758144852,0.5820684713359192
9,1,52.0,6,0.0,0.0,,0.36108947342357645,0.5047283250681134,0.597301193649373,0.6254183920255039,0.6582588633468708,0.6016119168072747
9,1,53.0,6,0.0,0.0,,0.37397491867452093,0.5025494457328099,0.5956309582353666,0.6324154808827165,0.6402547491638859,0.6248197481725674
9,1,54.0,6,0.0,0.0,,0.36904295579040486,0.4866124139545934,0.5967280142718716,0.6263798110115809,0.6281480955003031,0.6536546004538912
9,1,55.0,6,0.0,0.0,,0.3498456965337107,0.48596697461060245,0.5980418332027251,0.6293345740876701,0.6236920999277633,0.649573109276657
9,1,56.0,6,0.0,0.0,,0.35663574000486553,0.4785940312774758,0.593790225510338,0.6326981744183255,0.6248705861758462,0.633611718132482
9,1,57.0,6,0.0,0.0,,0.3556169717478315,0.49028345694606,0.5962474758934111,0.6258017196415305,0.6040725579736572,0.6121154801304826
9,1,58.0,6,0.0,0.0,,0.3425832950852504,0.47820955453403735,0.5930217586243564,0.6232852948685483,0.5981582756442856,0.6123530953825542
9,1,59.0,6,0.0,0.0,,0.34782041827931487,0.4685132388017685,0.5957395236040609,0.6238422952269863,0.5980568497017572,0.5609881281700116
9,1,60.0,6,0.0,0.0,,0.3294222640576633,0.4844513662685753,0.5930472468524042,0.6217825239963822,0.5989252384579012,0.5244245592844544
9,1,61.0,6,0.0,0.0,,0.31597906367047435,0.4810001885023059,0.5975314375353704,0.6259209591240691,0.5931131127534197,0.49669004141201467
9,1,62.0,6,0.0,0.0,,0.327429276121962,0.4925829039206121,0.5996065544083993,0.6321216096940352,0.6195425283578807,0.5195352091966439
9,1,63.0,6,0.0,0.0,,0.3433616379031936,0.5015682792204033,0.599908491210298,0.6355032632947957,0.6174718840173217,0.5767283593425003
9,1,64.0,6,0.0,0.0,,0.34532895875647257,0.4967834610951596,0.5963824209373937,0.6251652554941762,0.6264259353977031,0.5520972927953888
9,1,65.0,6,0.0,0.0,,0.3434834099046561,0.504835000800207,0.6043310906474876,0.6196508525648646,0.6243746191334881,0.5416728561964665
9,1,66.0,6,0.0,0.0,,0.3321225450921311,0.4925340717567875,0.6034987581533124,0.6195977821349762,0.6194282648420162,0.5696726340285284
9,1,67.0,6,0.0,0.0,,0.3528064899645937,0.49317473902271863,0.6016878788595157,0.6112870407702528,0.6333542691406971,0.49758178804374464
9,1,68.0,6,0.0,0.0,,0.35795502284745584,0.4887342535902993,0.6022030869827353,0.6060756631524316,0.6471688472597102,0.5050294401146393
9,1,69.0,6,0.0,0.0,,0.3714702771303285,0.49542538087775084,0.6033200926164792,0.6127683382261927,0.6261560708026098,0.45111589279545816
9,1,70.0,6,0.0,0.0,,0.3493050940719181,0.4982201453707774,0.598908274248292,0.6212332881932628,0.6257029615155913,0.45558409923296084
9,1,71.0,6,0.0,0.0,,0.3307040757302385,0.49678823615489137,0.5921788441496754,0.6178772194574262,0.6466160835534984,0.47806965559476156
9,1,72.0,6,0.0,0.0,,0.3354266597643826,0.5059169836787014,0.5931791807696349,0.6175609399821107,0.6585377527844404,0.48640130969487283
9,1,73.0,6,0.0,0.0,,0.35272110790760813,0.4954894002909744,0.598298705687994,0.6237101564823481,0.6272551712045926,0.5006381449777557
9,1,74.0,6,0.0,0.0,,0.36109394184916227,0.4992067226603757,0.6032496662799947,0.6224541148722904,0.6404061720804087,0.5188060977359904
9,1,75.0,6,0.0,0.0,,0.35377883460897974,0.5012824125995282,0.6133579510896288,0.6291674041422405,0.6261936888331106,0.4912992384337569
9,1,76.0,6,0.0,0.0,,0.3585383922318738,0.506524414646651,0.6138620582010882,0.6344202467377704,0.6396844759524737,0.44423136009125297
9,1,77.0,6,0.0,0.0,,0.35181269076140087,0.5052896936732402,0.6088796498767387,0.6358971797020618,0.6221013770296866,0.42759943654379357
9,1,78.0,6,0.0,0.0,,0.363152620462884,0.50767769107688,0.6068235457654845,0.6438394911341401,0.6089098863439049,0.4292657011855633
9,1,79.0,6,0.0,0.0,,0.3611837166212268,0.5023508012028886,0.6070164596426787,0.6315476110531416,0.6103199521814608,0.45765806977383444
9,1,80.0,6,0.0,0.0,,0.3496286243763263,0.4987583854738675,0.6058364153977214,0.647588060269763,0.6280632401932819,0.46319876695863405
9,1,81.0,6,0.0,0.0,,0.362804976640285,0.5038253823235752,0.5984572857519515,0.6407720085799244,0.6243960086729309,0.4426674858742209
9,1,82.0,6,0.0,0.0,,0.3556715331392871,0.49743476310532503,0.5976547009384268,0.6402071659122616,0.6339465936483912,0.47919715403618535
9,1,83.0,6,0.0,0.0,,0.3514450893542195,0.4930020783532725,0.5983470084343198,0.6491803097978524,0.6115833727525098,0.486718894169954
9,1,84.0,6,0.0,0.0,,0.35479197996889267,0.49154567278302175,0.5989008544310342,0.6431751152831605,0.59253346184503,0.5031434408621498
9,1,85.0,6,0.0,0.0,,0.3531979094188995,0.4864194211978593,0.5973787513805433,0.6314202531712254,0.6092983915062715,0.5301885521498293
9,1,86.0,6,0.0,0.0,,0.35787605475483686,0.5030502021768534,0.5932597600525926,0.6419894538573249,0.599140312705564,0.5375460619072259
9,1,87.0,6,0.0,0.0,,0.34751039069635736,0.5063234739269444,0.5948894851070425,0.6425265257731289,0.6078239833375659,0.5640492417536931
9,1,88.0,6,0.0,0.0,,0.3564156611717379,0.5076077159803046,0.5929991045549794,0.6298091919427593,0.6306678053585737,0.5188924950564799
9,1,89.0,6,0.0,0.0,,0.3453154846097325,0.5173840527582754,0.592568041892323,0.6488061040126932,0.6450406550660412,0.5403892290639616
9,1,90.0,6,0.0,0.0,,0.34003629271419045,0.511488628354198,0.5944080196983645,0.6326250689846249,0.6521019298524762,0.5382031778192156
9,1,91.0,6,0.0,0.0,,0.3565802735874636,0.5201315077913828,0.6005575821021981,0.6328251961318078,0.6358832709727542,0.5566488129235163
9,1,92.0,6,0.0,0.0,,0.3589878304731366,0.5173297486613977,0.6006693133653369,0.6235910926871611,0.6597855767986219,0.5698255905911503
9,1,93.0,6,0.0,0.0,,0.38138165680817526,0.5110616245040311,0.5983254540081376,0.6293243307753028,0.6565615989315104,0.5383373776123782
9,1,94.0,6,0.0,0.0,,0.37360077899537425,0.5052763052784306,0.6014986016787377,0.6377608271328595,0.6509554846844955,0.5537209387980789
9,1,95.0,6,0.0,0.0,,0.3682709455728207,0.5008425762182974,0.603984451537372,0.6255592783468167,0.6720489826764893,0.5360169328322433
9,1,96.0,6,0.0,0.0,,0.36163260918761486,0.4991536150785841,0.6099317278266445,0.6155144620222914,0.671240522260287,0.5591368136682797
9,1,97.0,6,0.0,0.0,,0.3517533058787462,0.4923629739626194,0.6044010102304711,0.6141153118819396,0.7011081245502307,0.6067390982056613
9,1,98.0,6,0.0,0.0,,0.3796483912875596,0.4958074136413232,0.6027798174233329,0.6076122057030108,0.6707630713023941,0.5709856101161181
9,1,99.0,6,0.0,0.0,,0.389509355166756,0.5069174398509108,0.6024471016222446,0.5942991095551134,0.6365201819155333,0.5515439395988411
9,1,100.0,6,0.0,0.0,,0.4034600937978564,0.5074285841848025,0.6009445724819126,0.5970660836941182,0.6362795767811033,0.5375306223223358
10,1,21.0,8,0.0,0.0,,0.2364866377847147,0.3685717206914509,0.47359847356854134,0.5918969258059426,0.6226032574709837,0.5860253142095104
10,1,22.0,8,0.0,0.0,,0.2361216218094558,0.3733088971662681,0.4702726947168704,0.5911187777744356,0.6250892883388829,0.5976784878863388
10,1,23.0,8,0.0,0.0,,0.22263294635193792,0.3686587602390883,0.47706330323483537,0.589631602362515,0.6278429332701319,0.6062668618845374
10,1,24.0,8,0.0,0.0,,0.2339973899996466,0.3617488189551792,0.48025082718843964,0.5900708524918942,0.6269802848511815,0.5993477417091301
10,1,25.0,8,0.0,0.0,,0.22311757079925876,0.355894154440693,0.48706288147751475,0.5904222525953976,0.6295129158134308,0.5751907331253229
10,1,26.0,8,0.0,0.0,,0.22755192123814347,0.3517688344502047,0.4861607475511918,0.5905166380329374,0.6297223595096069,0.6036595506568401
10,1,27.0,8,0.0,0.0,,0.23556960891726658,0.3562667387031262,0.48586537811818353,0.5882852335826018,0.627671482996265,0.608011257081943
10,1,28.0,8,0.0,0.0,,0.24077396784252553,0.35313748069796624,0.4767385786096332,0.5913006702683312,0.6228347181399583,0.6009256123052472
10,1,29.0,8,0.0,0.0,,0.24242558984196966,0.3604406139139938,0.47355461859411274,0.5912193721712844,0.6229737127470427,0.5827208613042879
10,1,30.0,8,0.0,0.0,,0.2368704780664407,0.36205113126888,0.4735852504842786,0.5904764113521948,0.6228048350119819,0.5941063536715812
10,1,31.0,8,0.0,0.0,,0.25250771502578834,0.35597741148755596,0.47838278036723497,0.5916113566703529,0.6284789127264935,0.6032028069012741
10,1,32.0,8,0.0,0.0,,0.23858123738776077,0.37421314596095046,0.47967741843544376,0.5916546559381646,0.6246065058149777,0.5966372009121259
10,1,33.0,8,0.0,0.0,,0.24033077800613648,0.37048631149723465,0.4834964998212986,0.591502560707151,0.6261997491162089,0.6202042758204405
10,1,34.0,8,0.0,0.0,,0.22859220470164193,0.36728269178719186,0.4845172674632849,0.5923319526398038,0.6220327494963953,0.6146686178409091
10,1,35.0,8,0.0,0.0,,0.22110143469435295,0.3623938830975909,0.48378075420348904,0.5897374852680948,0.6139043869958603,0.5934931531370553
10,1,36.0,8,0.0,0.0,,0.24240253124968064,0.37091469215181694,0.4808517635925389,0.5911742273346186,0.6158677548691875,0.5894401566167301
10,1,37.0,8,0.0,0.0,,0.25616140665900344,0.3637852646191039,0.48200273157926443,0.590440295482862,0.6149789968401208,0.5766871226112459
10,1,38.0,8,0.0,0.0,,0.26040500787773346,0.3533086982221096,0.4760817057462082,0.589853150001457,0.6180798621051203,0.5607429416211159
10,1,39.0,8,0.0,0.0,,0.25235200443482314,0.3566735068633849,0.47946554919753803,0.5886191001441322,0.6276557384087444,0.5677769848396389
10,1,40.0,8,0.0,0.0,,0.2385215659012796,0.3640568945334561,0.47973937959089163,0.5890741160719252,0.6278249023361735,0.5840825444435712
10,1,41.0,8,0.0,0.0,,0.256338636215222,0.3733948382453451,0.48473146827639824,0.5871312160137918,0.6264525983321113,0.5874360919695726
10,1,42.0,8,0.0,0.0,,0.25707639912155006,0.37889934941132414,0.4825267302301069,0.5872058864262008,0.6263905569690953,0.5894914639298545
10,1,43.0,8,0.0,0.0,,0.25650909857168613,0.37763176601691517,0.48076293979307383,0.5865012892839273,0.6254054816108846,0.5707042425786917
10,1,44.0,8,0.0,0.0,,0.26193976466199403,0.36887910736012386,0.48595433498866625,0.5859376115701085,0.6283851474895161,0.5707621634815667
10,1,45.0,8,0.0,0.0,,0.2379733472450171,0.38167496145553775,0.487622503191241,0.5854866693990534,0.6313526113660171,0.5814253399309175
10,1,46.0,8,0.0,0.0,,0.22932665228293264,0.3723934800620805,0.49138146929299664,0.58589024913441,0.6213293416502041,0.6015924361878351
10,1,47.0,8,0.0,0.0,,0.21906165656631416,0.3733290332991378,0.4929840522251615,0.5886819416502077,0.6115011960526636,0.5968752295686741
10,1,48.0,8,0.0,0.0,,0.23240845429090579,0.3666675523110087,0.4896397866337495,0.5893111239220484,0.6075788780687137,0.5874459413595046
10,1,49.0,8,0.0,0.0,,0.21227437655788264,0.36874449629303124,0.48787876953986087,0.588949812752806,0.6086370332203851,0.5710549892155362
10,1,50.0,8,0.0,0.0,,0.208533385989991,0.3661602437753299,0.4843290421518957,0.5893386861588642,0.6135098974586464,0.5636042719922503
10,1,51.0,8,0.0,0.0,,0.22429306608042782,0.3717490083054167,0.4820151550458128,0.5889718625422585,0.6199656517503384,0.5448296585559784
10,1,52.0,8,0.0,0.0,,0.2163212635023588,0.36606788992355044,0.4825489041138803,0.5887787271634884,0.6316211312506794,0.5932125273457576
10,1,53.0,8,0.0,0.0,,0.2099438214399036,0.3732690569769282,0.4772294333180989,0.5916954651330406,0.6314017433653254,0.5846072333864721
10,1,54.0,8,0.0,0.0,,0.204595019505344,0.38524267918820254,0.4698298227695655,0.5924862761805153,0.6265414607610073,0.5703539159157299
10,1,55.0,8,0.0,0.0,,0.2105427954138665,0.38044427672558,0.46610904144916326,0.5939835820052102,0.6259391068438819,0.6054311048710461
10,1,56.0,8,0.0,0.0,,0.21514914867093154,0.39308376557084934,0.4706282671453552,0.5959457601371665,0.6281428925686277,0.612201199549633
10,1,57.0,8,0.0,0.0,,0.204888649983442,0.4059219831807736,0.46454888983137066,0.5942575217249007,0.6351797445293217,0.6124476317867983
10,1,58.0,8,0.0,0.0,,0.1978052579157762,0.3987641348303161,0.47216155158874606,0.5935848533365398,0.6311928915229122,0.5864008356070851
10,1,59.0,8,0.0,0.0,,0.19279442645465056,0.40349324120030017,0.4749040412476953,0.5971598856312148,0.6342930758187004,0.5950978348462713
10,1,60.0,8,0.0,0.0,,0.1905631234604533,0.39823110473885903,0.472689305414983,0.5935998316612237,0.6208516765905043,0.61700868769604
10,1,61.0,8,0.0,0.0,,0.20257817448892906,0.39715275631386654,0.4743183845648476,0.5932359650316787,0.6245272622093411,0.6043345014629133
10,1,62.0,8,0.0,0.0,,0.21889039993901904,0.381625467155835,0.47084862351391543,0.5920896856405101,0.6159167810911131,0.6357954703438433
10,1,63.0,8,0.0,0.0,,0.21175228230463633,0.3877760241980542,0.46472517492621873,0.592027848215108,0.6265135000657139,0.6481932555276693
10,1,64.0,8,0.0,0.0,,0.21136468019809893,0.38172485075445484,0.4728343996095248,0.5911231921872536,0.630867789037045,0.597033832928721
10,1,65.0,8,0.0,0.0,,0.2158514151175222,0.3767318460222133,0.4696614355496573,0.5910773897064223,0.6303630358019208,0.5910914537511571
10,1,66.0,8,0.0,0.0,,0.20932109444743885,0.373808021074235,0.47387265455105254,0.5903628253803052,0.6474382469294819,0.5516271113125765
10,1,67.0,8,0.0,0.0,,0.21945507433957928,0.3732788869961853,0.47669044849757614,0.5890268404472108,0.6485301287015516,0.5268585774738055
10,1,68.0,8,0.0,0.0,,0.2435048554985814,0.37564626734278994,0.4735161145044671,0.5887223859729359,0.6433541124224731,0.5521697498338118
10,1,69.0,8,0.0,0.0,,0.24813305984444178,0.38141749711447837,0.47497983183643483,0.5891567447349682,0.635412911775192,0.5726439444693909
10,1,70.0,8,0.0,0.0,,0.23387108723884223,0.37602764028098684,0.47549526092250505,0.5871973189442262,0.6261701444819218,0.5578084615531289
10,1,71.0,8,0.0,0.0,,0.2240099275092647,0.39403967978221416,0.4765631489708652,0.58734962138588,0.6361470582607461,0.5974709275588116
10,1,72.0,8,0.0,0.0,,0.23208124215237672,0.39201873088143785,0.4726444350387296,0.5882357968114038,0.628228781166537,0.6145780734596977
10,1,73.0,8,0.0,0.0,,0.2533542838999172,0.38459463223734264,0.4727125481051001,0.5889542080510053,0.6330085133831302,0.6169123843582068
10,1,74.0,8,0.0,0.0,,0.2582610526454078,0.3836710008697547,0.4765666172496088,0.5893422023974236,0.6322601346971082,0.6276355256759987
10,1,75.0,8,0.0,0.0,,0.24349565275434282,0.38096334898150097,0.4726472096617244,0.5921462453201888,0.626553700345605,0.6830746642543145
10,1,76.0,8,0.0,0.0,,0.24221505312860164,0.3759353259261057,0.4800655920769018,0.5913087624866501,0.6257862856490946,0.6557356951260993
10,1,77.0,8,0.0,0.0,,0.24494835595187245,0.3694169440201016,0.4794456095229996,0.5921769140634028,0.6223816405709409,0.6381331655846461
10,1,78.0,8,0.0,0.0,,0.24186252163764527,0.3604973238823402,0.4797234278512608,0.5912424448658896,0.6233813341244469,0.6311478215209938
10,1,79.0,8,0.0,0.0,,0.22523601277495336,0.36262958077359136,0.4898440462198508,0.590494869507879,0.6210359284869764,0.6184380413392567
10,1,80.0,8,0.0,0.0,,0.2260884381910789,0.3577420161521797,0.4799215130909671,0.5891324757492697,0.6228219140733244,0.6094533868021165
10,1,81.0,8,0.0,0.0,,0.22386383387178754,0.3670940961619902,0.47533112633481106,0.5903494735427501,0.6284857026884911,0.5853578771928396
10,1,82.0,8,0.0,0.0,,0.22263916985260698,0.36587089755799973,0.4789203304331142,0.5890161589771667,0.6274945003858688,0.5512454173334553
10,1,83.0,8,0.0,0.0,,0.2147512982355067,0.3565999801511415,0.4805718801165896,0.5912074882425313,0.6305356005735044,0.5893228702419812
10,1,84.0,8,0.0,0.0,,0.19814865171356338,0.35718362857971214,0.47919905970225984,0.5897025707369916,0.6252566153616211,0.5984290154007945
10,1,85.0,8,0.0,0.0,,0.22500324779849307,0.3577343890938446,0.4850690522098618,0.5892629702047605,0.6204228714782704,0.6067159254837095
10,1,86.0,8,0.0,0.0,,0.2589616527095743,0.35382586280838235,0.47924555179488404,0.588986794575372,0.6180088271946411,0.6233806929171389
10,1,87.0,8,0.0,0.0,,0.24860830582464014,0.34802445891296474,0.4762157419218175,0.5903193397343804,0.6201700981556553,0.6046473043873563
10,1,88.0,8,0.0,0.0,,0.24119599350431303,0.34547307802802213,0.47027676716809996,0.5906210423893865,0.6168973727686534,0.6185575767918718
10,1,89.0,8,0.0,0.0,,0.2503627721259003,0.3440168139557243,0.4737605465477655,0.5923046603270443,0.6068049881725028,0.6064146655368693
10,1,90.0,8,0.0,0.0,,0.2607261967674065,0.35151960448522285,0.4776086218387837,0.5921276591365279,0.609743767317455,0.6195605600203901
10,1,91.0,8,0.0,0.0,,0.25678344017963395,0.35256764900682774,0.482371317295208,0.5904292365530065,0.610873299421209,0.6312329069758911
10,1,92.0,8,0.0,0.0,,0.24999200476811065,0.35526412672176144,0.4814084492895236,0.5882153123986569,0.6038637840886384,0.5873073689172016
10,1,93.0,8,0.0,0.0,,0.26861725517809415,0.35556326679605854,0.48129369966448,0.5862718110120146,0.6141057983511116,0.5935610725768756
10,1,94.0,8,0.0,0.0,,0.26658691423515946,0.36208602719125815,0.4808386858397973,0.5857540289525783,0.6138317783079863,0.6100984951269678
10,1,95.0,8,0.0,0.0,,0.2505162090293676,0.35940808387003853,0.4822632735285718,0.5867820591186821,0.617248097550489,0.6453806419824508
10,1,96.0,8,0.0,0.0,,0.26925527717687575,0.3606883583950132,0.4786299193087677,0.5869265609101129,0.6219432022311072,0.6244906202304511
10,1,97.0,8,0.0,0.0,,0.2468250134343469,0.3566747764514758,0.48227395989195443,0.5895432076118252,0.6246628543568755,0.6310830076808429
10,1,98.0,8,0.0,0.0,,0.22932694873007478,0.36887782644397266,0.49347757258385194,0.5875064892457119,0.6271473775601255,0.6034665748571978
10,1,99.0,8,0.0,0.0,,0.2447337888048436,0.3813203623100002,0.4828283341821679,0.5875061050117367,0.6272507576583128,0.6238984062463623
10,1,100.0,8,0.0,0.0,,0.2311516704071636,0.3774788341044646,0.4863434813348727,0.5883609837120892,0.63506217150522,0.6574378029414374
11,1,21.0,10,0.0,0.0,,0.16602283011943714,0.3307010864708519,0.4371627375999819,0.561542225763924,0.6262149784072937,0.6440798754929886
11,1,22.0,10,0.0,0.0,,0.16394934581019793,0.3349601573416403,0.43852174707535607,0.5598880374098003,0.6268077890510211,0.6450936545016895
11,1,23.0,10,0.0,0.0,,0.16654221205075131,0.3271022519556079,0.4376892915812539,0.5601936771854169,0.6245180083017643,0.6739169173192664
11,1,24.0,10,0.0,0.0,,0.1744445854453488,0.3325659520811633,0.44067800412731695,0.561302845992625,0.6251138544418156,0.6614309655996881
11,1,25.0,10,0.0,0.0,,0.17985480439414828,0.3348516844630586,0.4406056878218109,0.5596965335927612,0.6259268898786388,0.6675595932084193
11,1,26.0,10,0.0,0.0,,0.1851660162446652,0.33651979039592134,0.4411856374810907,0.559276140659585,0.6231702624267553,0.6717572317204566
11,1,27.0,10,0.0,0.0,,0.17178437111941086,0.3422960331751266,0.4381801085376023,0.5596818645195428,0.6243720162665904,0.6713206650840087
11,1,28.0,10,0.0,0.0,,0.1718684843682669,0.3298116317043837,0.44564932949227637,0.5629171971647323,0.6253334193384585,0.6772742277059711
11,1,29.0,10,0.0,0.0,,0.16607184432195674,0.3229834314458026,0.44847141908000765,0.5665529082486456,0.6282144129486007,0.6572145625013166
11,1,30.0,10,0.0,0.0,,0.17306932452387402,0.3239090679913283,0.4450976221681488,0.5655255738564933,0.6284073366840666,0.6637410489038301
11,1,31.0,10,0.0,0.0,,0.1876420204218542,0.31648001632386247,0.44436019165299123,0.5648040298572855,0.631876025964669,0.6527368772550505
11,1,32.0,10,0.0,0.0,,0.19347062784464955,0.32153745724458693,0.4511300502499112,0.5624974806844893,0.6313366270969214,0.6356408583724098
11,1,33.0,10,0.0,0.0,,0.19086077611182595,0.317064309485119,0.4471634517276296,0.5660471714499237,0.6314934134432486,0.6201698015036514
11,1,34.0,10,0.0,0.0,,0.17436097485246949,0.32913158915775054,0.447547219966754,0.5634919939586,0.6234962638362228,0.6204626233875414
11,1,35.0,10,0.0,0.0,,0.16817169058269138,0.3316831519576139,0.45300811690669784,0.5686061726360429,0.6334841050312142,0.5970045394796841
11,1,36.0,10,0.0,0.0,,0.18602572307914608,0.33158220963427837,0.4514494296154569,0.5687971758253264,0.6247666850884162,0.6217368564589575
11,1,37.0,10,0.0,0.0,,0.17247213658699553,0.33309777892435655,0.4420818156646894,0.5694579371036778,0.6256491543959191,0.6323362154476537
11,1,38.0,10,0.0,0.0,,0.17167407721435396,0.33287596089667854,0.4489650477648891,0.5678273016748171,0.6248808852883636,0.6273408820506976
11,1,39.0,10,0.0,0.0,,0.1776183896498249,0.33402310456925216,0.44854987644569844,0.5672230109388824,0.6276555474120286,0.6274305339830073
11,1,40.0,10,0.0,0.0,,0.1723843176137896,0.32949874182127525,0.4421301613056923,0.5683685688090502,0.627960244254809,0.6316634085584651
11,1,41.0,10,0.0,0.0,,0.15936399527953626,0.33641509708481604,0.44390144560702466,0.5702137879569462,0.6278932729429982,0.622336991421085
11,1,42.0,10,0.0,0.0,,0.1791547091984411,0.3226050208896704,0.4441861560500574,0.5668252871642181,0.6281504246795847,0.6235548882532969
11,1,43.0,10,0.0,0.0,,0.1739483628704785,0.3176289640652083,0.44581724555401747,0.5680503897893188,0.6283561460688539,0.622783473909797
11,1,44.0,10,0.0,0.0,,0.17965778835868387,0.3178790382383988,0.44350347325873385,0.5668238826035459,0.6305056884020612,0.6035723420368417
11,1,45.0,10,0.0,0.0,,0.18565628904412607,0.3388571493432053,0.4379239576977355,0.5666070103271282,0.6312595162076178,0.5799400591708828
11,1,46.0,10,0.0,0.0,,0.18735223374389806,0.32711392808432904,0.44060135779657017,0.5648045220470784,0.6294565418210323,0.5782903953634084
11,1,47.0,10,0.0,0.0,,0.16996718499398555,0.33593085384827714,0.43817638258040387,0.5672984346823221,0.6314005049336211,0.5932396260532596
11,1,48.0,10,0.0,0.0,,0.16345428834343098,0.3270988046099532,0.4410094267782946,0.5661219950034344,0.630956210272083,0.6188480017568156
11,1,49.0,10,0.0,0.0,,0.1599589977519866,0.32775763876399167,0.44475949690882227,0.5676744907059547,0.6330657007828422,0.6266606715100915
11,1,50.0,10,0.0,0.0,,0.15597789208293564,0.3306866291821403,0.4528216859412981,0.5664005445566386,0.6322435788314978,0.623666354984676
11,1,51.0,10,0.0,0.0,,0.1550719195602782,0.33775802880194644,0.4484087545987959,0.5717468224770528,0.6276979358174082,0.6253495257404468
11,1,52.0,10,0.0,0.0,,0.18228252070085835,0.322172347820498,0.44075243845447015,0.5696807052392188,0.6279047638021404,0.6311877218337594
11,1,53.0,10,0.0,0.0,,0.1766505740968441,0.3097038030353393,0.4427480496567842,0.5672634779767509,0.6292012155875243,0.6435285515212158
11,1,54.0,10,0.0,0.0,,0.17967791050433474,0.3107589048635393,0.4430377699804833,0.5677230200978931,0.6291967787952055,0.6438728389744057
11,1,55.0,10,0.0,0.0,,0.18766620492698433,0.31033617543462133,0.4408990348220859,0.5679947717648756,0.6318019323982995,0.6448804890135222
11,1,56.0,10,0.0,0.0,,0.17664007986199323,0.32273026093070684,0.443961071066192,0.5666567694037754,0.6274671731517868,0.6522577693012679
11,1,57.0,10,0.0,0.0,,0.18759340358109008,0.3226846770216943,0.44735582685496056,0.565608662780597,0.6270219914920172,0.6548163048430962
11,1,58.0,10,0.0,0.0,,0.19847415465319493,0.3245454793745487,0.44280615345573293,0.5669165975670766,0.628226747163943,0.6348356979204044
11,1,59.0,10,0.0,0.0,,0.19572906414831553,0.3170108534608291,0.443851974039238,0.5697524285705212,0.6290055094968661,0.6245152680930407
11,1,60.0,10,0.0,0.0,,0.19349493049906913,0.32173919301211956,0.44297578269296256,0.5687275489488329,0.6283122702083187,0.6086593669896097
11,1,61.0,10,0.0,0.0,,0.19024687019407377,0.3304417342015359,0.4392628666358031,0.5734117256259954,0.6284856224918413,0.5993122827251762
11,1,62.0,10,0.0,0.0,,0.19430508261094107,0.3273546333590404,0.43710558965179025,0.57255520708654,0.6269615757571849,0.6057000671277609
11,1,63.0,10,0.0,0.0,,0.20841056672635722,0.32424932973181364,0.4358638612087563,0.5704182655421404,0.6279741856913742,0.6154736253099499
11,1,64.0,10,0.0,0.0,,0.1996142870528115,0.3185335898677466,0.4427670330047092,0.5709247724916566,0.6282151548782855,0.6077807670777967
11,1,65.0,10,0.0,0.0,,0.21296064884734872,0.32950267188220234,0.44539177751857084,0.5690230652509021,0.6268568692119023,0.6007065293822287
11,1,66.0,10,0.0,0.0,,0.21823024941988742,0.3155680622847027,0.43723569398718054,0.5674794041925966,0.6273213016947079,0.5988405962218197
11,1,67.0,10,0.0,0.0,,0.2148537746014144,0.31139341199475,0.44321500993122925,0.5663576232269856,0.6267432005624315,0.6189171103056812
11,1,68.0,10,0.0,0.0,,0.20554362178456492,0.30957198484405557,0.4503774682143318,0.5669983362980808,0.6286870422744075,0.6362101926224122
11,1,69.0,10,0.0,0.0,,0.21295907721851629,0.3048405432286988,0.44457188629074035,0.566746573282756,0.6307172648110383,0.6398744822277529
11,1,70.0,10,0.0,0.0,,0.19930032966760453,0.3138741352039204,0.43657978100491607,0.5640515154248661,0.6304096181740169,0.6457239107025554
11,1,71.0,10,0.0,0.0,,0.19006485924580924,0.32379381959452147,0.4344954233566626,0.5651534500563851,0.6301635008643997,0.6535554139032798
11,1,72.0,10,0.0,0.0,,0.18304171089773086,0.317974017842605,0.4366392747754288,0.5644060073026846,0.6253795485883739,0.6250798461516489
11,1,73.0,10,0.0,0.0,,0.16651876671705176,0.3217957730179229,0.43358133153961786,0.5686086133457227,0.6224806800203638,0.6339130613288768
11,1,74.0,10,0.0,0.0,,0.1745787684226574,0.32150185553912397,0.4277873372040181,0.5680347949208696,0.6237794406173209,0.6448529323052333
11,1,75.0,10,0.0,0.0,,0.18831255139090664,0.31067442765311676,0.43101940255647647,0.5679928462925797,0.622176238211882,0.6465475801967794
11,1,76.0,10,0.0,0.0,,0.18068627180862626,0.3005054669014343,0.44233963160256484,0.5714780845376387,0.6242883153357927,0.6579583565512612
11,1,77.0,10,0.0,0.0,,0.18864291779466907,0.30473017283999415,0.44228487174812825,0.5734016181469708,0.6226321200512823,0.6519890392007658
11,1,78.0,10,0.0,0.0,,0.1918312789757239,0.29575006305093615,0.4462184732355522,0.577338210450136,0.6287094522434227,0.65269124593948
11,1,79.0,10,0.0,0.0,,0.17951655634591274,0.30509841696851075,0.4458141088434978,0.575782806076601,0.6288033681199242,0.6310372331278546
11,1,80.0,10,0.0,0.0,,0.17267597411915803,0.3066630810799932,0.4432419127496356,0.5721451586466568,0.6259929189104693,0.6397804618810139
11,1,81.0,10,0.0,0.0,,0.18023081001627173,0.30291797332989445,0.45194533683330845,0.5716283646338177,0.6346322582110194,0.6438836363428054
11,1,82.0,10,0.0,0.0,,0.17338021509025922,0.30127334083090335,0.46007659063414297,0.5704505959513457,0.6334045170665419,0.6443583387600217
11,1,83.0,10,0.0,0.0,,0.169328767583933,0.30491520615591167,0.45469917240339874,0.5701426576859369,0.6308230981969335,0.6405395655290538
11,1,84.0,10,0.0,0.0,,0.16879344550849734,0.3153812869061622,0.4560496713368031,0.5684882260216579,0.6331953074656325,0.6452165282339748
11,1,85.0,10,0.0,0.0,,0.17000570377887336,0.31763218844430813,0.4575908222560024,0.5731561514192085,0.6312078693931247,0.6322571936044248
11,1,86.0,10,0.0,0.0,,0.16606993019354052,0.31445467641535585,0.44919383689555026,0.5700438349207428,0.6307937516427445,0.6402128247209232
11,1,87.0,10,0.0,0.0,,0.17846786286926702,0.30993101028996334,0.447000953647058,0.5675539817219702,0.6229743501463958,0.6343712441679458
11,1,88.0,10,0.0,0.0,,0.167932866861969,0.32409629063154666,0.4430899301852045,0.5670043549766051,0.6238928332344739,0.6241861010661534
11,1,89.0,10,0.0,0.0,,0.16368352567666508,0.33107241012376276,0.44494026486213506,0.5642577407799451,0.6246760851115389,0.6235781935110913
11,1,90.0,10,0.0,0.0,,0.19685782963665224,0.318146982043911,0.4471595303215737,0.5636894398815328,0.6245718059475075,0.6301277900068666
11,1,91.0,10,0.0,0.0,,0.21251317207656312,0.32314041531989957,0.4458818112956129,0.5616058087038873,0.6260815565237177,0.6161966952503507
11,1,92.0,10,0.0,0.0,,0.20974530225135085,0.32214784249570994,0.4514618940210304,0.5653433047646244,0.6282287566677225,0.6292900082367094
11,1,93.0,10,0.0,0.0,,0.21427024747589324,0.3244372529621183,0.44209178718914827,0.5684937943285593,0.6320706767617424,0.6141100297216491
11,1,94.0,10,0.0,0.0,,0.21171533401858386,0.3193841460591441,0.4382215874160117,0.5686546609309345,0.6290782314573208,0.6056865557026859
11,1,95.0,10,0.0,0.0,,0.19605983193025353,0.3168486789796414,0.440184321207461,0.5707956519009993,0.6279491539310906,0.6071369038335924
11,1,96.0,10,0.0,0.0,,0.18907943921315246,0.32434851406294907,0.44343987644127497,0.5681554353061753,0.6287834349105841,0.5922025267266797
11,1,97.0,10,0.0,0.0,,0.17134894936938905,0.3245286222701717,0.44670385663920653,0.5676722524892319,0.6288625542536533,0.5782681843980788
11,1,98.0,10,0.0,0.0,,0.16995102127454598,0.31158882259507814,0.4501682645393347,0.5664210492489621,0.6345190314329783,0.5583247108252335
11,1,99.0,10,0.0,0.0,,0.16813246119151765,0.3063790925857607,0.4422112640761638,0.5646557531845456,0.6334510314715688,0.5854266542118883
11,1,100.0,10,0.0,0.0,,0.15815752707689282,0.3045279744377549,0.453182094854012,0.5669186033624363,0.6325966315024413,0.5982960109449846
12,1,21.0,12,0.0,0.0,,0.15263909691171468,0.24303769196063946,0.36624567127431,0.5039624782683446,0.6264895055206235,0.6088019503551014
12,1,22.0,12,0.0,0.0,,0.1490219623269144,0.2519528982034957,0.36734249375169054,0.499715124330424,0.6270274107416849,0.6197157149583647
12,1,23.0,12,0.0,0.0,,0.14743634024195051,0.26666323685290716,0.37404655600380743,0.49922799473731044,0.627457734918534,0.6302965934237821
12,1,24.0,12,0.0,0.0,,0.14289163152523376,0.25755644820734724,0.38533121429612033,0.4988382910628196,0.6223679451856003,0.6251990232239784
12,1,25.0,12,0.0,0.0,,0.14072711834663454,0.25027101729089934,0.38934861124252407,0.506674014611338,0.6237301624736664,0.6386230392421176
12,1,26.0,12,0.0,0.0,,0.13577305331710704,0.25202169513227224,0.38478930290462654,0.5119961497947413,0.6274407031224716,0.6426557236442798
12,1,27.0,12,0.0,0.0,,0.12496348928351023,0.24584321483083932,0.38721040700354925,0.5061420615515414,0.6277883688231635,0.645966293651063
12,1,28.0,12,0.0,0.0,,0.1174541612612104,0.2547107279288672,0.378287058554502,0.506676457314572,0.6286548068242422,0.6403675503572942
12,1,29.0,12,0.0,0.0,,0.12974877358752074,0.25514735536536515,0.37220257920502037,0.5041932203677735,0.6287596517845799,0.6385815654909018
12,1,30.0,12,0.0,0.0,,0.1201440654998412,0.24834374301731366,0.37408404744151175,0.5056173770938063,0.6294318331933754,0.6419563911689983
12,1,31.0,12,0.0,0.0,,0.13255587692411136,0.2615228039056113,0.36778597090487186,0.5039497969480162,0.6293812728798864,0.6402811474062611
12,1,32.0,12,0.0,0.0,,0.14431878080916155,0.2597956235984792,0.3656639798989171,0.5036417528908876,0.6299291300696208,0.6460066185141492
12,1,33.0,12,0.0,0.0,,0.15283122104312705,0.2612786081777591,0.36465576643005254,0.5061767701181917,0.6287330129448587,0.6452901657344103
12,1,34.0,12,0.0,0.0,,0.16351553294407434,0.25324874526722885,0.3650163704665284,0.5054233314270281,0.6288222166810731,0.6334664516451484
12,1,35.0,12,0.0,0.0,,0.1590439974236107,0.25983726508927796,0.3614964989217667,0.5048205804740971,0.6311535888456774,0.6358353574234141
12,1,36.0,12,0.0,0.0,,0.15510518208683893,0.25209567079644385,0.3614861897226944,0.5020305965539414,0.630758677401728,0.6381197485175095
12,1,37.0,12,0.0,0.0,,0.1609098427388989,0.26368859999926625,0.3587156689643514,0.49816961895890144,0.6317396611926146,0.6286709773526964
12,1,38.0,12,0.0,0.0,,0.15134319591927753,0.259818479628371,0.35549126812314363,0.4972593189564642,0.6285191949105468,0.6223428082624712
12,1,39.0,12,0.0,0.0,,0.14509735086089084,0.2599490613382269,0.3560557813620857,0.49665950968128725,0.6286511622536236,0.6285566882379757
12,1,40.0,12,0.0,0.0,,0.14153309639691203,0.25703310029555576,0.353363358041331,0.4938727494607781,0.6287567361280851,0.6353779746531133
12,1,41.0,12,0.0,0.0,,0.13900887471779977,0.25879445440048365,0.3570366431653074,0.49574116047079864,0.6294295006681796,0.6280814428296566
12,1,42.0,12,0.0,0.0,,0.14513989726650864,0.2512614222454085,0.3662770804167468,0.49931309286558356,0.6293794068597298,0.6312066737321337
12,1,43.0,12,0.0,0.0,,0.14217646631910777,0.25269377211155375,0.3642394855924073,0.5038682928842247,0.6293393318129701,0.6384471647146606
12,1,44.0,12,0.0,0.0,,0.13122454288968843,0.2580898940737787,0.35991032142558843,0.5097452841149085,0.6324757774102643,0.6571265984339897
12,1,45.0,12,0.0,0.0,,0.13739875381818017,0.26211908895964153,0.35936346031549027,0.5082781426244013,0.6318164282533975,0.6521253905129034
12,1,46.0,12,0.0,0.0,,0.1338354310368778,0.26122543804386794,0.36450156963736274,0.5157141030032039,0.6312889489279041,0.6219491018041456
12,1,47.0,12,0.0,0.0,,0.13613361463542112,0.26679366935692916,0.3751057015923579,0.5148340832021504,0.6308669654675094,0.6242099248195867
12,1,48.0,12,0.0,0.0,,0.13814934176059934,0.2576607942105649,0.37863313556249245,0.5129521522936071,0.6305293786991938,0.6310558931663885
12,1,49.0,12,0.0,0.0,,0.1284514760024457,0.2503544940934735,0.3760621633498795,0.5136857270806856,0.6308476147250665,0.6267054261462006
12,1,50.0,12,0.0,0.0,,0.11910622743178115,0.262816801700814,0.37873888244637566,0.5074937233802969,0.6305138981052393,0.6342595605088481
12,1,51.0,12,0.0,0.0,,0.1271978212808406,0.25868484367916034,0.3807757117134542,0.5025401204199856,0.6302469248093775,0.6331520646439901
12,1,52.0,12,0.0,0.0,,0.11810330365449706,0.25579475968005055,0.3773419198787894,0.49857723805173676,0.6300333461726882,0.6287726723862797
12,1,53.0,12,0.0,0.0,,0.11942520225527098,0.25748200877251876,0.38604948062451816,0.4981532772649939,0.6298624832633367,0.6292758208948039
12,1,54.0,12,0.0,0.0,,0.12482593228232423,0.2502114657430365,0.3978064340888054,0.49900453714446985,0.6297257929358555,0.6326664040131859
12,1,55.0,12,0.0,0.0,,0.11620579245568396,0.2627757320114771,0.3895694682594439,0.49805568423169166,0.6296164406738705,0.6317431864681862
12,1,56.0,12,0.0,0.0,,0.12729057680261702,0.2672318506328916,0.3908791017207399,0.4993650246678733,0.6295289588642825,0.6340038362265732
12,1,57.0,12,0.0,0.0,,0.12824627456854115,0.26265308013527133,0.39174697340074316,0.4983440742504147,0.6305995408860074,0.6347337570571068
12,1,58.0,12,0.0,0.0,,0.1255714979292492,0.2594181160598669,0.38817297081529595,0.4997057959900425,0.630315439033992,0.6335342065946373
12,1,59.0,12,0.0,0.0,,0.11680224497322396,0.2517603515729151,0.3968477279157744,0.49630977850778224,0.6300881575523798,0.627673984656471
12,1,60.0,12,0.0,0.0,,0.11874039984616991,0.2525249449177045,0.3955021291176863,0.4958998773223418,0.62990633236709,0.6338525304592866
12,1,61.0,12,0.0,0.0,,0.12222735959724618,0.25861282102331035,0.3849204362458115,0.49720181719034795,0.6297608722188581,0.6336053785173064
12,1,62.0,12,0.0,0.0,,0.12136711968480707,0.2720851674038657,0.38228230572889177,0.4951276067938581,0.6296445041002727,0.6323812827740047
12,1,63.0,12,0.0,0.0,,0.11909596042292256,0.2667786509859202,0.380171801315356,0.49658400076756115,0.6295514096054042,0.6287454563007798
12,1,64.0,12,0.0,0.0,,0.12293226242645885,0.2705074987613955,0.37784399352105924,0.49611925513016486,0.6294769340095095,0.6226479020414712
12,1,65.0,12,0.0,0.0,,0.13235958795745478,0.2678000590374928,0.3788571624711246,0.49895937140190216,0.6294173535327939,0.6242808886348017
12,1,66.0,12,0.0,0.0,,0.13305911442307414,0.2584659059550158,0.376377487299386,0.503251574076746,0.629872220788997,0.6303681374247403
12,1,67.0,12,0.0,0.0,,0.13573306201656674,0.2509985834890342,0.3754479465717514,0.5030831745938713,0.6308816254629497,0.6275770711301669
12,1,68.0,12,0.0,0.0,,0.14351366924093864,0.2450247255162489,0.3736501145798875,0.5050691860170329,0.631574359422437,0.6131806759414901
12,1,69.0,12,0.0,0.0,,0.14158079305511584,0.2522443784937761,0.380910429443919,0.5035112440865975,0.6310952938631359,0.6245376143763993
12,1,70.0,12,0.0,0.0,,0.14405203754917115,0.2545422258529726,0.3732470765067977,0.5031616095175367,0.6307120414156948,0.6199815724310531
12,1,71.0,12,0.0,0.0,,0.1315866766691615,0.2534211455175406,0.3671163941571007,0.5094992185344311,0.6304054394577421,0.6276123374726865
12,1,72.0,12,0.0,0.0,,0.1297794302500448,0.24820816458900632,0.3622118482773431,0.5120171934193026,0.6307484633319053,0.6426670420516409
12,1,73.0,12,0.0,0.0,,0.13121189029901803,0.25894337612663065,0.3669836775637678,0.5103719149906393,0.6318124145319923,0.6428234434079935
12,1,74.0,12,0.0,0.0,,0.12681201783128432,0.25799162539806153,0.3714961120761523,0.508779447324986,0.63128573795078,0.6272252805647531
12,1,75.0,12,0.0,0.0,,0.1330207542660033,0.25883758588147004,0.3801859357875942,0.5035686995757371,0.6308643966858101,0.6109417999455296
12,1,76.0,12,0.0,0.0,,0.15195358466777756,0.2574246120368054,0.3841102638930224,0.5010290918352536,0.6305273236738341,0.6008657290402046
12,1,77.0,12,0.0,0.0,,0.14717261782383245,0.26450195096117546,0.38648122317683403,0.4995468972575459,0.6302576652642535,0.6012373798487816
12,1,78.0,12,0.0,0.0,,0.1340831408888906,0.2632861950841674,0.39196615211480695,0.49845400881553986,0.6310847635569183,0.6040295795480046
12,1,79.0,12,0.0,0.0,,0.12797069509860473,0.26231195900538606,0.39325601797946497,0.4982191023254032,0.6307036171707209,0.6096512144528154
12,1,80.0,12,0.0,0.0,,0.1311225117918304,0.25970202038092255,0.38776046928345753,0.5003380899336614,0.6303987000617628,0.6202388693072944
12,1,81.0,12,0.0,0.0,,0.12124305606328892,0.2692095689074737,0.3835001327492524,0.5028792056478084,0.6301547663745964,0.6251517840041398
12,1,82.0,12,0.0,0.0,,0.13993195734742442,0.26590869652758115,0.38077635718181324,0.4988485062339949,0.6299596194248633,0.6312946422297447
12,1,83.0,12,0.0,0.0,,0.14016576150822782,0.25695281594708647,0.38473361739552875,0.5023667554888437,0.6298035018650769,0.6262373817951128
12,1,84.0,12,0.0,0.0,,0.1433955887092366,0.25659500704278393,0.3898223452428464,0.5029782901229617,0.6296786078172476,0.6252368607787576
12,1,85.0,12,0.0,0.0,,0.13967284616403688,0.26178096236098974,0.39069668136038704,0.5062138629381124,0.6295786925789842,0.6236938642055719
12,1,86.0,12,0.0,0.0,,0.13244245931872176,0.25482625215833865,0.3909060660292162,0.5031452225251538,0.628476600518616,0.624007865778693
12,1,87.0,12,0.0,0.0,,0.12229901408480204,0.2536483665618334,0.38404917381177256,0.5088196004670437,0.6292053921806045,0.6146050552377733
12,1,88.0,12,0.0,0.0,,0.11418425789766622,0.2617292633693411,0.3757580720010806,0.5138181666545194,0.633447496287053,0.6261512062031402
12,1,89.0,12,0.0,0.0,,0.11628996564980629,0.25849392775830066,0.36912519055252696,0.5100838515858119,0.635446857716767,0.6195663733268854
12,1,90.0,12,0.0,0.0,,0.1225006345637925,0.26128748901839854,0.3638188853936842,0.5092260485851331,0.6341932924985998,0.6195785421774964
12,1,91.0,12,0.0,0.0,,0.12202330177650285,0.2532558499397403,0.37058888456430183,0.5125356541550629,0.633190440324066,0.6194966171566102
12,1,92.0,12,0.0,0.0,,0.13191352914525067,0.2618290311959192,0.3649898406031039,0.5117913313973892,0.632388158584439,0.6089967534437943
12,1,93.0,12,0.0,0.0,,0.13815113014351812,0.26527259773113887,0.3616137682372552,0.5076071972925752,0.6325702720948408,0.6165799035218061
12,1,94.0,12,0.0,0.0,,0.12833720453941327,0.2564439369099326,0.36853776501065444,0.5056945040184961,0.6313894052275766,0.6077742738483052
12,1,95.0,12,0.0,0.0,,0.1327647575447856,0.2658210118322838,0.36334894496018616,0.5050375185472715,0.6309473305072474,0.5909404316288145
12,1,96.0,12,0.0,0.0,,0.1302346001612973,0.2773573772416936,0.3699473964967176,0.502204147012481,0.63235566276183,0.6067518688170382
12,1,97.0,12,0.0,0.0,,0.13648920784721202,0.27118155374500486,0.3692496745198604,0.4983084593257331,0.6317203365346501,0.6118868343801258
12,1,98.0,12,0.0,0.0,,0.15008472107192136,0.27122756995993635,0.373184345372242,0.5014946699471751,0.6261547824395641,0.6215173306985695
12,1,99.0,12,0.0,0.0,,0.13641282348736167,0.2612079146929706,0.3772870367141736,0.5101508060434143,0.6294938022927594,0.6369161985189373
12,1,100.0,12,0.0,0.0,,0.14598896114872126,0.25319219047939806,0.38030920621093717,0.5069726993508474,0.6294308481593938,0.6373414926894533
13,1,21.0,14,0.0,0.0,,0.0979574934955294,0.21202190891503125,0.32163938715300466,0.4496187120884736,0.5609121831615271,0.639380333523884
13,1,22.0,14,0.0,0.0,,0.09571172549829628,0.21146272532787475,0.316854794816345,0.4510739249111507,0.5608853846139954,0.6399537867787625
13,1,23.0,14,0.0,0.0,,0.09316430658365768,0.2070036367122944,0.3175199693808846,0.45392519753108207,0.5603145657641961,0.6418017584765415
13,1,24.0,14,0.0,0.0,,0.08848560303545952,0.2062711626076187,0.3189033075277803,0.45439395885896267,0.5604072906961305,0.6424590414138932
13,1,25.0,14,0.0,0.0,,0.09245320184001664,0.2072656992821167,0.31645477562218016,0.45144305122124007,0.5625453051800485,0.6399330264883094
13,1,26.0,14,0.0,0.0,,0.09173311120155933,0.20975228855659575,0.31270710559168535,0.44908232511106216,0.5621918822288123,0.6398139114492671
13,1,27.0,14,0.0,0.0,,0.10116417405018738,0.20860350143611806,0.3137712533981135,0.4471937442229198,0.5665958539245496,0.638575127555409
13,1,28.0,14,0.0,0.0,,0.09488549700868329,0.21589232350642512,0.310560287812432,0.4483661616518382,0.5654323212244133,0.6376697837904971
13,1,29.0,14,0.0,0.0,,0.09250332379196731,0.2149626280011619,0.30799151534388686,0.4493671585633967,0.5654694724307232,0.6416166584417246
13,1,30.0,14,0.0,0.0,,0.09410873340219257,0.21363639220702263,0.3099987811998747,0.4474216109847874,0.5650384416232953,0.6414807095204
13,1,31.0,14,0.0,0.0,,0.10213683985396405,0.20874257021561266,0.3128863569829723,0.4492571801355174,0.5636529319589628,0.63768418565356
13,1,32.0,14,0.0,0.0,,0.10462248853188358,0.2098973058491131,0.3098523706803191,0.45242381381912883,0.5619562187869713,0.6378099071509271
13,1,33.0,14,0.0,0.0,,0.09765214859404024,0.21020127029864039,0.30742518163819654,0.4553500220928727,0.5622278387082937,0.6450547578037418
13,1,34.0,14,0.0,0.0,,0.09207587664376557,0.20599447268890686,0.30548343040449855,0.4537842800188784,0.5629058864178276,0.6481579383841869
13,1,35.0,14,0.0,0.0,,0.08982253797620736,0.20924010037285562,0.30393002941754005,0.4538180738149492,0.5635758782535042,0.6340378202050552
13,1,36.0,14,0.0,0.0,,0.08845295656598655,0.2052255367482791,0.3026873086279732,0.4560926354524354,0.5618945758226046,0.6293164607522385
13,1,37.0,14,0.0,0.0,,0.08975899870177269,0.20584671920471642,0.3016931319963198,0.4528019924960184,0.5605495338778848,0.6298772803675023
13,1,38.0,14,0.0,0.0,,0.09243180547990058,0.21076600868728068,0.3008977906909972,0.45892014926442826,0.559473500322109,0.6304784631674726
13,1,39.0,14,0.0,0.0,,0.09820792368398673,0.21108795407117814,0.300261517646739,0.45506400354561266,0.5586126734774883,0.6308068822996896
13,1,40.0,14,0.0,0.0,,0.10305192680496467,0.20981739349642375,0.2997524992113324,0.46095241304703044,0.5579240120017918,0.6285732672841395
13,1,41.0,14,0.0,0.0,,0.10474405771257433,0.20568737124713365,0.3056804678334709,0.45960056812891725,0.5573730828212345,0.6252397102804342
13,1,42.0,14,0.0,0.0,,0.10265437754497146,0.20745314667432985,0.3050956435952513,0.45560833863720385,0.5569323394767888,0.6182530899368823
13,1,43.0,14,0.0,0.0,,0.10307756397866549,0.20583996263954232,0.3046739993798985,0.45532530860105613,0.5565797448012322,0.6276856981887322
13,1,44.0,14,0.0,0.0,,0.09762288227123919,0.20861169924253625,0.31069916191827923,0.45218813101491484,0.557427537150897,0.6330411566437425
13,1,45.0,14,0.0,0.0,,0.09205246358552473,0.21156935437766727,0.30810261462856464,0.44967838894600193,0.5591931988399598,0.6349654805528422
13,1,46.0,14,0.0,0.0,,0.09175207731428983,0.21153890912148374,0.3125045204316467,0.45373418727600257,0.5595101971567414,0.6337283448970037
13,1,47.0,14,0.0,0.0,,0.08735581961996525,0.20706458374718162,0.31724815551069807,0.4509152339548721,0.5586420309451943,0.6351798229374077
13,1,48.0,14,0.0,0.0,,0.08383881346450557,0.21135827887627756,0.31868585643163105,0.4533803203001475,0.5616345339915833,0.6327501405377797
13,1,49.0,14,0.0,0.0,,0.08593018214651643,0.21371067441498087,0.3203249106859602,0.4506321403741881,0.5631003589620935,0.636703086109699
13,1,50.0,14,0.0,0.0,,0.08503382812481923,0.2136499884819319,0.3167274389334724,0.45468836931281437,0.564841546950167,0.6431441694768997
13,1,51.0,14,0.0,0.0,,0.0878941781093007,0.2143800416871323,0.3158417064640763,0.454541345250098,0.5649968530113261,0.6390710875855456
13,1,52.0,14,0.0,0.0,,0.08564064344561143,0.2224695813701664,0.3181687455760726,0.4544717138913713,0.5630313556288621,0.6331683874413534
13,1,53.0,14,0.0,0.0,,0.08246667252502252,0.2158091215461277,0.3150025068455623,0.45293063987104,0.5614589577228908,0.6428846565248469
13,1,54.0,14,0.0,0.0,,0.08921198288408658,0.21612701106043564,0.32120638137117263,0.45181366857600913,0.5602010393981137,0.6407318369855891
13,1,55.0,14,0.0,0.0,,0.09329608471415195,0.21073506529834313,0.3165083901908793,0.44937881899487736,0.5608960411954353,0.6463671701776116
13,1,56.0,14,0.0,0.0,,0.09349599914623355,0.21354372034480376,0.3153476990679199,0.4508820104362738,0.561379696635065,0.6449863943428411
13,1,57.0,14,0.0,0.0,,0.08875095708552021,0.20866843272583763,0.3144191461695523,0.4486334924830889,0.5601376305278533,0.6424132272399843
13,1,58.0,14,0.0,0.0,,0.08495492343694953,0.2047682026306647,0.3164226489587144,0.4468346781205413,0.5591439776420837,0.6379291735654358
13,1,59.0,14,0.0,0.0,,0.08629761000724959,0.20164801855452635,0.3210015580487216,0.445395626630503,0.5611079138824938,0.6229689993097967
13,1,60.0,14,0.0,0.0,,0.08299224577433303,0.21190445380798514,0.3216885784620499,0.4457089674480212,0.5638388366823804,0.6246466469903467
13,1,61.0,14,0.0,0.0,,0.0803479543879998,0.2104705932858694,0.32332833470104466,0.44449505809248696,0.5653491515459054,0.6245013618166377
13,1,62.0,14,0.0,0.0,,0.07823252127893322,0.2073227401572922,0.3225924991820668,0.44352393060805956,0.565402936687917,0.6254772945771634
13,1,63.0,14,0.0,0.0,,0.0865987323964962,0.20369164857582836,0.3204228724763317,0.4427470286205176,0.5633562225701347,0.6323769520037453
13,1,64.0,14,0.0,0.0,,0.08934479061188236,0.20078677531065728,0.3158815830750066,0.446500842597256,0.5669935767692884,0.626159440800054
13,1,65.0,14,0.0,0.0,,0.0870169462221809,0.20229571005461894,0.31224855155394654,0.447874903319731,0.5657388252964819,0.6286249726853452
13,1,66.0,14,0.0,0.0,,0.09164619701843593,0.19967002449368976,0.3173831673652268,0.44622780678985485,0.5657146756883782,0.6319977381897572
13,1,67.0,14,0.0,0.0,,0.09732967298809837,0.1975694760449464,0.3165745691313812,0.4498349567474049,0.5647354818606138,0.6346108840318847
13,1,68.0,14,0.0,0.0,,0.10101632051679883,0.1978373070706269,0.31280294039904627,0.4521711850987657,0.5660347710138118,0.6330114695734543
13,1,69.0,14,0.0,0.0,,0.10245045827890979,0.2037826556874014,0.30978563741317827,0.4536016058298089,0.5638616900308506,0.6342211202412971
13,1,70.0,14,0.0,0.0,,0.09591452439166123,0.2055012716712747,0.3145046864596298,0.45080916879791727,0.5626956100976803,0.6321641381122682
13,1,71.0,14,0.0,0.0,,0.09332654569834965,0.2109152996430655,0.31539890971531137,0.45202629027870567,0.5611903612979454,0.632155422255526
13,1,72.0,14,0.0,0.0,,0.09997212312680137,0.21023330799949713,0.3118624128661903,0.4495489163570345,0.5611079271231298,0.6321484495701324
13,1,73.0,14,0.0,0.0,,0.09895492155076051,0.21550520882224783,0.3090332153868935,0.44756701721969766,0.5626455241008395,0.6298416061636168
13,1,74.0,14,0.0,0.0,,0.0986853809559814,0.21307242029558143,0.3146057660126801,0.4493074146098551,0.5611502925004727,0.6302973966966051
13,1,75.0,14,0.0,0.0,,0.09290246253331849,0.21404589243642075,0.3168962516065988,0.45174915138872596,0.5599541072201795,0.6322852154261361
13,1,76.0,14,0.0,0.0,,0.09091689621167547,0.21825648893588853,0.31641467986881555,0.45012746676756993,0.5589971589959447,0.6313202163281832
13,1,77.0,14,0.0,0.0,,0.08668767473787377,0.2124386475987054,0.3126750289889937,0.4507762026559822,0.5582316004165568,0.6314802848282581
13,1,78.0,14,0.0,0.0,,0.08330429755883237,0.20982836337904276,0.3130377017747314,0.45351723168298347,0.5613378862433537,0.6253666710887656
13,1,79.0,14,0.0,0.0,,0.0866408926265555,0.20569614715322881,0.3119975562023343,0.45074166948045685,0.5633621631323151,0.6354303048166707
13,1,80.0,14,0.0,0.0,,0.0870832638307904,0.2072383666725303,0.3126632571678469,0.45197229082473733,0.5617236037256533,0.6347683556190482
13,1,81.0,14,0.0,0.0,,0.08362076883316569,0.2074569831441173,0.3096738908282187,0.4495057167938598,0.5604127562003237,0.6328070169439899
13,1,82.0,14,0.0,0.0,,0.08466716479607857,0.20379904296528845,0.30833659716627243,0.45190779313592966,0.5593640781800603,0.6317690232375339
13,1,83.0,14,0.0,0.0,,0.08835833835534526,0.20507823441571288,0.31479738675282976,0.44945411864281376,0.5606148779952407,0.6318393303557387
13,1,84.0,14,0.0,0.0,,0.0846408284528096,0.2093964891737136,0.32297549828419614,0.44899470829733723,0.5616155178473852,0.6323858599472382
13,1,85.0,14,0.0,0.0,,0.09224014783967313,0.2063552144911454,0.3179236837212982,0.44866492331704694,0.5614480523626817,0.6341560907503603
13,1,86.0,14,0.0,0.0,,0.08774627604027188,0.20291762804291089,0.32290497926308853,0.44977057634493056,0.5601923151099466,0.634145382928097
13,1,87.0,14,0.0,0.0,,0.08415117860075087,0.20016755888432333,0.31871867439142176,0.4533222346847209,0.5608167157666739,0.6401612081554514
13,1,88.0,14,0.0,0.0,,0.08999646621652532,0.20402631844992264,0.3145182246070786,0.4505856718818467,0.5623565596567026,0.6385530782900727
13,1,89.0,14,0.0,0.0,,0.09186428858266557,0.20402272535077953,0.3140743350029612,0.44997279985005767,0.5614915057983618,0.6372665743977697
13,1,90.0,14,0.0,0.0,,0.09829709764849952,0.2021076850248849,0.31274409149990645,0.44790612401411617,0.5624443737579317,0.6349119098731105
13,1,91.0,14,0.0,0.0,,0.092591835887333,0.21058061955811716,0.31436036980374954,0.45046580188481194,0.5609893722261464,0.636281451359262
13,1,92.0,14,0.0,0.0,,0.08802762647839979,0.2073025187986682,0.3161053164769111,0.45121127919914256,0.5614543614596338,0.6293721516784576
13,1,93.0,14,0.0,0.0,,0.090980077479434,0.2115200465908828,0.3124275382754701,0.455151680372778,0.5601973623875083,0.6324634507209053
13,1,94.0,14,0.0,0.0,,0.08673821975208058,0.2102544462095727,0.3234973150252619,0.45204922843229245,0.5591917631298078,0.6323948723424357
13,1,95.0,14,0.0,0.0,,0.08959298575674703,0.20603701341765274,0.32531989116833177,0.45371513102888505,0.5616452646414786,0.6375833499512457
13,1,96.0,14,0.0,0.0,,0.085628546373931,0.2105362226126545,0.3197991980286067,0.4523645709667269,0.560350084932984,0.6358464131167488
13,1,97.0,14,0.0,0.0,,0.08245699486767818,0.21229172754424228,0.31538264351682654,0.4498195409074516,0.5593139411661884,0.6378092603154359
13,1,98.0,14,0.0,0.0,,0.0885928634289899,0.2188663527343097,0.3152037933969978,0.4511755240736487,0.5584850261527519,0.6366715200180603
13,1,99.0,14,0.0,0.0,,0.08482844851172527,0.21292653863744238,0.31842887292380917,0.45226031060660643,0.5595060567544794,0.623821994614272
13,1,100.0,14,0.0,0.0,,0.08318805976755109,0.2218098465763701,0.31802386498217716,0.4530620493193821,0.5586387186233848,0.6249408369466429
14,2,21.0,2,0.0,0.0,,0.5838136057092667,0.6192264676973169,0.6694058902063624,0.568579306278602,0.5990296782093194,0.5881220137211335
14,2,22.0,2,0.0,0.0,,0.5791559232206535,0.6169634690454097,0.667852050650656,0.5810857893877049,0.6398194939226245,0.609020196287483
14,2,23.0,2,0.0,0.0,,0.5719843747625873,0.6134771863754122,0.6732545725807088,0.5319098256762217,0.599541782207545,0.6260031489488483
14,2,24.0,2,0.0,0.0,,0.5710201603669584,0.6084669389851773,0.6673165871376154,0.5187298734409065,0.5813004605278463,0.630691363593604
14,2,25.0,2,0.0,0.0,,0.5681590466190637,0.6094162422017495,0.6503433547949177,0.5283614150380866,0.5916468941405854,0.6414010579567624
14,2,26.0,2,0.0,0.0,,0.5597414710141402,0.6295435348619077,0.6347805497468084,0.5437414819978429,0.6075900617314721,0.6549747784666361
14,2,27.0,2,0.0,0.0,,0.5659988617390244,0.630588035004843,0.6340489408855268,0.5347340468725433,0.6020156074498375,0.6473220162029032
14,2,28.0,2,0.0,0.0,,0.566231749948108,0.6197758031290885,0.6323644645079046,0.5318196439599268,0.6065271112646526,0.6150074049182706
14,2,29.0,2,0.0,0.0,,0.5499812068393763,0.6161174780282688,0.611261045787576,0.5842118317818301,0.563134328471474,0.5955832259782274
14,2,30.0,2,0.0,0.0,,0.5581906503992133,0.6121037501352762,0.6232114061007035,0.5935116585659956,0.5308292585164541,0.579442774681066
14,2,31.0,2,0.0,0.0,,0.5552121565054353,0.6126328679875317,0.6040304015052987,0.5840893793034336,0.5352096733142878,0.5906850927314273
14,2,32.0,2,0.0,0.0,,0.5685040947386684,0.6128925480090075,0.611335957618081,0.6078915318085694,0.5567490621585144,0.5757662395912503
14,2,33.0,2,0.0,0.0,,0.5730089607186469,0.6160815023537777,0.637281841969951,0.6063379596549636,0.5768608577125821,0.5037499310986231
14,2,34.0,2,0.0,0.0,,0.5745231112712385,0.6303868804448378,0.6260523597994406,0.6145416682203179,0.5265803612503992,0.5179462517163719
14,2,35.0,2,0.0,0.0,,0.5730511495738793,0.6341987121308945,0.6365365294290735,0.5938954396449774,0.5214287465551102,0.5743641515124676
14,2,36.0,2,0.0,0.0,,0.562921071382385,0.6271583362639703,0.6271446054563864,0.5872798881789216,0.5104514984985444,0.5863065458923944
14,2,37.0,2,0.0,0.0,,0.5637695176627966,0.6307195500668721,0.6385080448052192,0.5679533899725068,0.5075368866651256,0.6146624005924657
14,2,38.0,2,0.0,0.0,,0.5678936771543011,0.6188320478018345,0.6209912487245496,0.5646178688001929,0.5060693075388668,0.6121410306827739
14,2,39.0,2,0.0,0.0,,0.5759660291183286,0.6162441232984393,0.6474618267061446,0.5562313784489786,0.5262086735098069,0.5726451737286704
14,2,40.0,2,0.0,0.0,,0.570760081384376,0.623402932532907,0.6555753338819199,0.5561678509039119,0.5290828925088882,0.6069722928036139
14,2,41.0,2,0.0,0.0,,0.5700407256643891,0.6146436711222998,0.6541513273058652,0.5477352836892074,0.5004392996535245,0.5959777225496177
14,2,42.0,2,0.0,0.0,,0.5742382654592237,0.6220725060215233,0.6399991407563983,0.5354543192879726,0.5138539513890713,0.6038379664323241
14,2,43.0,2,0.0,0.0,,0.5775962972950912,0.6277471210351531,0.6553835669865404,0.5257385325567789,0.5153334774822995,0.6493376735086118
14,2,44.0,2,0.0,0.0,,0.5885011496017845,0.6209418296650318,0.6665502156773135,0.5589984244104658,0.5707853537627472,0.5968102752201601
14,2,45.0,2,0.0,0.0,,0.5924520070763152,0.6258581747392856,0.6391192819249684,0.5772238054388913,0.5655657497471374,0.553289853451395
14,2,46.0,2,0.0,0.0,,0.5873942662179406,0.6319737537624059,0.6048358553645068,0.5873544700872536,0.5735890360212135,0.5857945158203969
14,2,47.0,2,0.0,0.0,,0.5915665003692403,0.6266814475601582,0.6276336011585391,0.6068102336862072,0.5538581751531619,0.5651490424724329
14,2,48.0,2,0.0,0.0,,0.5866858608522806,0.6410508932419987,0.6205691437229557,0.6343166474225403,0.6053380670743542,0.5533816408196829
14,2,49.0,2,0.0,0.0,,0.579363985103673,0.6465283731956858,0.6182408867802827,0.6342612311846532,0.5558961882001383,0.5411872758042106
14,2,50.0,2,0.0,0.0,,0.585142275477826,0.6519128461257307,0.6048925778382281,0.60122984746809,0.6023887681905089,0.5399622874636101
14,2,51.0,2,0.0,0.0,,0.5815464809391494,0.6439839310016128,0.6246735692500252,0.5947945508362497,0.6072803555540621,0.534287348624843
14,2,52.0,2,0.0,0.0,,0.5834428696790319,0.6256337651807921,0.612966714792211,0.6380963638155813,0.6378801663157085,0.47584370017339167
14,2,53.0,2,0.0,0.0,,0.5767415538329385,0.6220205718914599,0.6068545875827182,0.6259565335103673,0.6375732501647515,0.560270290588304
14,2,54.0,2,0.0,0.0,,0.5878173548320623,0.6293079938872563,0.617863000361448,0.6119552294871757,0.6052526248819862,0.6186919383309011
14,2,55.0,2,0.0,0.0,,0.5836865444225383,0.638448558934791,0.6315073211369218,0.6057470259167592,0.6234389190766149,0.6307118466037539
14,2,56.0,2,0.0,0.0,,0.5933733473037421,0.6382000174307715,0.6308228624537932,0.6383836223271495,0.6625483831154703,0.6177251758265573
14,2,57.0,2,0.0,0.0,,0.5881313383998822,0.6470976095665988,0.6162036661839767,0.6267654707664034,0.6255872940646872,0.5727036887658775
14,2,58.0,2,0.0,0.0,,0.5839377312767942,0.632066627644647,0.6173169854237515,0.607422330370728,0.6108994887947654,0.6149395686317284
14,2,59.0,2,0.0,0.0,,0.5914845545557554,0.6400708520745233,0.6139899931408637,0.5715046317078909,0.6344239629658641,0.6205316706023992
14,2,60.0,2,0.0,0.0,,0.5866203042014927,0.626976697494792,0.6104944583030036,0.5466611018981642,0.6302512874081898,0.6020022587774332
14,2,61.0,2,0.0,0.0,,0.5745104770800835,0.6265318763699853,0.6194438337602314,0.545493578823115,0.5525801232846541,0.5910042975428103
14,2,62.0,2,0.0,0.0,,0.5682680178501314,0.6242758313456147,0.6319695969326296,0.5683622773287176,0.5191698452593096,0.5718930979519681
14,2,63.0,2,0.0,0.0,,0.5728200992078174,0.6283948255790374,0.6118990516798883,0.5977297705819591,0.5225053807493442,0.571502374450704
14,2,64.0,2,0.0,0.0,,0.5634703130851432,0.6207320742448083,0.6225499317861095,0.6177341773745925,0.5031108400844666,0.543204270051741
14,2,65.0,2,0.0,0.0,,0.5772003622338262,0.6477161100595763,0.6395321362326014,0.6093699487698412,0.5191859944277024,0.5290731654746611
14,2,66.0,2,0.0,0.0,,0.5786383528111247,0.6482055805664377,0.6292171161515301,0.6385358124038023,0.511232265306192,0.5023171130576451
14,2,67.0,2,0.0,0.0,,0.5667972940641407,0.6457060149502052,0.6385732374167896,0.640360299845821,0.5551243145930348,0.520455438395319
14,2,68.0,2,0.0,0.0,,0.5573244470665534,0.6529376440271604,0.6247739386048156,0.6352002582002995,0.5559544484677363,0.513144665059085
14,2,69.0,2,0.0,0.0,,0.551073791372132,0.6384718744038989,0.6368354688373004,0.6314460460633156,0.5479891905579929,0.5246510208223626
14,2,70.0,2,0.0,0.0,,0.5625101204925933,0.6356202690043979,0.626038063744293,0.6367752647344591,0.5151508269514327,0.5785248263012003
14,2,71.0,2,0.0,0.0,,0.5634407569509631,0.6248086002716602,0.6286187377196593,0.6351309037766775,0.5478470412169159,0.5306805411605268
14,2,72.0,2,0.0,0.0,,0.5676306685848344,0.6171801098571482,0.6278034649445122,0.6012634932555644,0.5326693106731932,0.5408027912444111
14,2,73.0,2,0.0,0.0,,0.5640917929575806,0.6143468360000484,0.6132784345526401,0.6088354013799333,0.5208500150515596,0.5648332331144589
14,2,74.0,2,0.0,0.0,,0.5564876680849536,0.6129620577552874,0.6297767714417576,0.6091211841603018,0.5202241503973074,0.6020785865987132
14,2,75.0,2,0.0,0.0,,0.5456313438160283,0.6083561802362871,0.6345504461425671,0.6321589031242008,0.5093310297784481,0.5905713592319489
14,2,76.0,2,0.0,0.0,,0.5335008819337126,0.6135446807092024,0.6396082394864686,0.6065928633573894,0.4969904423257809,0.5867114153441888
14,2,77.0,2,0.0,0.0,,0.5450063904746824,0.6230083726787149,0.6441410279785802,0.6097485508524045,0.5070357637190066,0.5883572382153028
14,2,78.0,2,0.0,0.0,,0.5576561997746335,0.6292979681040479,0.6515374303847759,0.6501194323038268,0.49431769162775635,0.6163709305745764
14,2,79.0,2,0.0,0.0,,0.5643306447474191,0.6456159034225218,0.6255926877953799,0.6359606926380218,0.5216624141726178,0.6088905593234324
14,2,80.0,2,0.0,0.0,,0.5683425788219992,0.6491448311830748,0.6356143369879059,0.6597284903481494,0.5570057460429031,0.6270714170789772
14,2,81.0,2,0.0,0.0,,0.576325150452487,0.6485235333244976,0.6295125862412126,0.6410260519282709,0.5589637234566458,0.6369221525106102
14,2,82.0,2,0.0,0.0,,0.5697197565480543,0.6525642647281474,0.622045828160358,0.6147916748620652,0.5832265466552901,0.6715767212241462
14,2,83.0,2,0.0,0.0,,0.5774268926333311,0.6541250543314832,0.6042502653661913,0.6121540742767715,0.5309630859741306,0.6081918088068358
14,2,84.0,2,0.0,0.0,,0.5835926015015527,0.6498838535396816,0.6024457647973924,0.6070975532749185,0.5049085001379481,0.561828677173611
14,2,85.0,2,0.0,0.0,,0.5755337173873067,0.6484286691384238,0.6190645651200872,0.6129736717694848,0.5076980560009551,0.5454120872014726
14,2,86.0,2,0.0,0.0,,0.5773050369339094,0.6428428619894644,0.6087749947950758,0.5800750988199099,0.5268294474073831,0.533385005455197
14,2,87.0,2,0.0,0.0,,0.5684139235018006,0.6367632795315992,0.6318884621173142,0.6136514648569275,0.5461579226957259,0.5459512622140081
14,2,88.0,2,0.0,0.0,,0.5530826059181144,0.6218168499652124,0.64377780150951,0.5927741961893878,0.5154129620084965,0.5616874594762445
14,2,89.0,2,0.0,0.0,,0.5641171721293794,0.6165200391919881,0.6482721234908653,0.6014789944511264,0.5189304433810863,0.5553005031126353
14,2,90.0,2,0.0,0.0,,0.5694994226312158,0.6268584104661613,0.6520202276527712,0.604660733822279,0.5387676669960745,0.5545701863426514
14,2,91.0,2,0.0,0.0,,0.5820236498706841,0.6232035162774286,0.669908679761758,0.5633945024171695,0.5844201675734192,0.5533188780487213
14,2,92.0,2,0.0,0.0,,0.5920430316622589,0.630773480055039,0.6360159881957218,0.6005420229243197,0.5537012834614357,0.5388553144449951
14,2,93.0,2,0.0,0.0,,0.58362168341952,0.6408266009155197,0.634901454237276,0.6093362203423328,0.5788421154251059,0.5855516351389765
14,2,94.0,2,0.0,0.0,,0.5933214585013276,0.6456604627602465,0.6475854753471808,0.594697687500883,0.5729731244410263,0.5183737704417546
14,2,95.0,2,0.0,0.0,,0.5894454875937345,0.6460893842862887,0.6456672816353082,0.582299908109784,0.603144060607703,0.49196823943205514
14,2,96.0,2,0.0,0.0,,0.5815436481647007,0.6396188051091858,0.6391839196183053,0.5690574466907105,0.5956603912540952,0.5569407334971015
14,2,97.0,2,0.0,0.0,,0.578667579088649,0.6425383824861162,0.6288460151138999,0.5488987819560045,0.5569810255800929,0.555946342708582
14,2,98.0,2,0.0,0.0,,0.5681482969898084,0.6428138236484812,0.6119347052740014,0.5917415201520572,0.5251026935800792,0.5975478220805409
14,2,99.0,2,0.0,0.0,,0.5610885315465198,0.6472443051182419,0.6080927055635204,0.590930756566959,0.5183667088406896,0.6659570315386025
14,2,100.0,2,0.0,0.0,,0.5623034857941045,0.6405182220333485,0.5956221966321417,0.5908053822002578,0.5630827403044671,0.6033453932999429
15,2,21.0,4,0.0,0.0,,0.4907806173188952,0.5972774960871723,0.6184036999871394,0.6066096032105752,0.5329295060764492,0.5816031419254369
15,2,22.0,4,0.0,0.0,,0.4763592726305683,0.6022469253393881,0.6239722432311017,0.6076627523952131,0.5338511830736765,0.5483749727677361
15,2,23.0,4,0.0,0.0,,0.47005801442260636,0.6036594191896146,0.6263460616366222,0.6208043861525436,0.521930808741726,0.53232094115602
15,2,24.0,4,0.0,0.0,,0.45234882583968916,0.6011991236447031,0.6270446799199203,0.6259528819274144,0.5394965794336835,0.5030915427187792
15,2,25.0,4,0.0,0.0,,0.43736547906902434,0.598870437493469,0.6331243916380944,0.6641875969391564,0.5776942289243809,0.48567382599929443
15,2,26.0,4,0.0,0.0,,0.4509200756904256,0.5938846707874478,0.639628672368571,0.666896259837461,0.573219098986473,0.5246681062405641
15,2,27.0,4,0.0,0.0,,0.43017366685232955,0.5856330116952299,0.6325678306277702,0.6755453901546543,0.5876597937248649,0.5248781870764059
15,2,28.0,4,0.0,0.0,,0.418826752479005,0.5852044775059071,0.6301194755011151,0.6788459294357182,0.6072650505143524,0.4771033747836446
15,2,29.0,4,0.0,0.0,,0.43521266390835456,0.5829212106965883,0.6269316518692007,0.6633141541611008,0.6052206466660702,0.5010635333906274
15,2,30.0,4,0.0,0.0,,0.43779006633360956,0.5886422358007446,0.6351559986990034,0.6329737912893626,0.59968816220941,0.4553566923266553
15,2,31.0,4,0.0,0.0,,0.43802159405868385,0.5894600753665957,0.6349018085956761,0.5984153091926719,0.6136358734362701,0.4843304028111298
15,2,32.0,4,0.0,0.0,,0.44931358470826555,0.5881076020434101,0.6458758392882169,0.6121872459559661,0.5977263877874208,0.42526210000815723
15,2,33.0,4,0.0,0.0,,0.4664555165610257,0.5865969441726862,0.6368493818434228,0.6134940206956525,0.6102813615877939,0.43780464544699066
15,2,34.0,4,0.0,0.0,,0.4521805079663648,0.5860675085952212,0.6372606581969598,0.6237466049800642,0.6342916941432355,0.45391649013226465
15,2,35.0,4,0.0,0.0,,0.446295645789203,0.5872901297859945,0.6365910867076371,0.6221587209439705,0.6130317006524281,0.4823592174659984
15,2,36.0,4,0.0,0.0,,0.44373950954766145,0.5878454038020274,0.6358212134619798,0.6520122883804433,0.6265658232600033,0.4948639544563019
15,2,37.0,4,0.0,0.0,,0.45124627570251147,0.5932326725754666,0.6289999161076868,0.6427997105477481,0.6076863487724191,0.5020858182873565
15,2,38.0,4,0.0,0.0,,0.468821370364698,0.5838439547538106,0.6375543369564073,0.6364661655103968,0.6541526499713919,0.4925697412970759
15,2,39.0,4,0.0,0.0,,0.46701030190520987,0.5797411293645658,0.6386997070603601,0.6353898032369132,0.6372926716007072,0.4656364174220246
15,2,40.0,4,0.0,0.0,,0.47594995345266167,0.5812525007414371,0.6375911484299065,0.6358918344045776,0.6009037097432905,0.4798895221846797
15,2,41.0,4,0.0,0.0,,0.48226484352366406,0.5810700124906819,0.6392301454287805,0.6610285462623693,0.6422096280495477,0.5021066462028542
15,2,42.0,4,0.0,0.0,,0.5019436373563797,0.5808548677822859,0.6383266552921569,0.6695651731438671,0.637802180868978,0.49067423077983047
15,2,43.0,4,0.0,0.0,,0.490319752892014,0.5827163377222648,0.6401304574378802,0.6450963273254189,0.5899116571515336,0.5119438731839233
15,2,44.0,4,0.0,0.0,,0.48420900792706273,0.5865891973045543,0.6347876414696334,0.6205670518445119,0.5823353466730512,0.5049607746333946
15,2,45.0,4,0.0,0.0,,0.4820898524682642,0.5783512925064727,0.634656478624051,0.6431072676017412,0.5888833701424941,0.544458838325298
15,2,46.0,4,0.0,0.0,,0.4935852176740606,0.5705859816127883,0.6388971872767529,0.6283050708962957,0.5819061950429287,0.5599432355312757
15,2,47.0,4,0.0,0.0,,0.48546776091631577,0.5686924905929143,0.634517968714494,0.6333494590412905,0.587614237434196,0.5790913754741567
15,2,48.0,4,0.0,0.0,,0.47869842388758854,0.579538203351029,0.6356924347933918,0.6089349799375933,0.5493183149298695,0.5125578713926439
15,2,49.0,4,0.0,0.0,,0.4778502253241892,0.584540814637039,0.6389344507296602,0.5900305379860747,0.5481671007511253,0.5066516564966934
15,2,50.0,4,0.0,0.0,,0.47033072668959913,0.5890776749285755,0.6391669870984982,0.5781706799095943,0.5335676895395637,0.4933599289683924
15,2,51.0,4,0.0,0.0,,0.4746058713767451,0.5881402029669244,0.6387094669933497,0.6054340143474997,0.5195754164755945,0.5216625201944625
15,2,52.0,4,0.0,0.0,,0.44649496720831383,0.5882710983100361,0.6343397966171065,0.6108771437777726,0.5272584485436369,0.5718150820490987
15,2,53.0,4,0.0,0.0,,0.44996564002076145,0.5827353949956875,0.6418359849385048,0.6354159428619154,0.5450800175826026,0.5442990956410156
15,2,54.0,4,0.0,0.0,,0.4682944059990515,0.5807145254317424,0.6358332112495141,0.6551491865744015,0.5710999726224103,0.5534994634479216
15,2,55.0,4,0.0,0.0,,0.4657901310125611,0.586501269679989,0.640874009644471,0.6418935607718584,0.5961543659772953,0.5425225591525985
15,2,56.0,4,0.0,0.0,,0.4377478781328069,0.5876295877366341,0.6279582601521922,0.6159527928340534,0.6191281454538877,0.5583886258963162
15,2,57.0,4,0.0,0.0,,0.4239774345983511,0.5833630893149195,0.6281932131287934,0.6053889249961952,0.6364384627670986,0.5928329090772443
15,2,58.0,4,0.0,0.0,,0.43238054274208465,0.5823766928813183,0.6274509105522637,0.6449145591953386,0.6225233689982106,0.5773657831544522
15,2,59.0,4,0.0,0.0,,0.4508479639793134,0.5846542597636029,0.627645615415189,0.6668307826685349,0.5884900699118619,0.6115575613129138
15,2,60.0,4,0.0,0.0,,0.462974329730637,0.5846910419591307,0.6298015583436329,0.6699881213880449,0.620633618865622,0.5939700004960933
15,2,61.0,4,0.0,0.0,,0.45903831483177476,0.5905583014345643,0.6294396730111835,0.6550884020528416,0.6086173388383729,0.5941487211427441
15,2,62.0,4,0.0,0.0,,0.4866817262430844,0.5845516798008915,0.6330296251491656,0.6441956819363764,0.6639667079893036,0.546500723925808
15,2,63.0,4,0.0,0.0,,0.46747860245878436,0.5807678968818221,0.639183566543734,0.6360682386220712,0.6283255930490333,0.5330310638081392
15,2,64.0,4,0.0,0.0,,0.4713950806212305,0.5862541757126787,0.6417911944813992,0.6352996339422192,0.6055383143566981,0.5314877094466637
15,2,65.0,4,0.0,0.0,,0.46723892768405084,0.5923276064933354,0.6433620992205379,0.6354925464034848,0.5810507776624781,0.4817511988132597
15,2,66.0,4,0.0,0.0,,0.4695478012955416,0.5939260431025664,0.6263804326424671,0.627516832529419,0.6175887410497156,0.541613563715429
15,2,67.0,4,0.0,0.0,,0.4572990974216216,0.5946772868473393,0.621339295365311,0.652555765364799,0.5780145640520422,0.548952516481279
15,2,68.0,4,0.0,0.0,,0.447240786306224,0.5889162193094122,0.6119242562921243,0.6520063188845979,0.5655920410084377,0.5359382137850709
15,2,69.0,4,0.0,0.0,,0.467396286125729,0.5902369950397699,0.6117468569148856,0.6625857540754744,0.5935339427391721,0.5184124957646873
15,2,70.0,4,0.0,0.0,,0.4770269419527008,0.5868656055115963,0.614336789112935,0.6803067067332852,0.5784016878534153,0.5475833592015119
15,2,71.0,4,0.0,0.0,,0.4765130397762789,0.5977779407882917,0.624800181845522,0.6642890633941754,0.5911032338783503,0.5558489859076797
15,2,72.0,4,0.0,0.0,,0.4532992425318282,0.6020647103235792,0.6252576392734458,0.6573542494887226,0.5937158657279613,0.5616015345940084
15,2,73.0,4,0.0,0.0,,0.46196667369547406,0.6034513693182374,0.6231799032241052,0.6476713077341524,0.5996150619474401,0.5773169041170529
15,2,74.0,4,0.0,0.0,,0.463015513983662,0.5973410646121476,0.625658883007113,0.6510650189335574,0.6077275853323121,0.6187190167666221
15,2,75.0,4,0.0,0.0,,0.4968365229526411,0.5947509147137818,0.6301974326761295,0.6602657572320155,0.6115601935476718,0.5759569931127981
15,2,76.0,4,0.0,0.0,,0.4703283005663145,0.5935494304875302,0.6240546352612453,0.6529724489274951,0.6388129235670796,0.5678081173688191
15,2,77.0,4,0.0,0.0,,0.45609476004530014,0.5931506304710249,0.6272791837782699,0.6433075713135231,0.6354584144223759,0.5362460314391401
15,2,78.0,4,0.0,0.0,,0.45778510105898745,0.5946691686402862,0.6187239583961188,0.6467756672645069,0.6645884411198104,0.531713161021272
15,2,79.0,4,0.0,0.0,,0.45816091593434116,0.5952966800757251,0.6178642701452078,0.6634165574818618,0.6804871621165646,0.5020418439202579
15,2,80.0,4,0.0,0.0,,0.4481895891326613,0.5910256648532526,0.6175611083320611,0.6731318723928741,0.6523640736392652,0.4966105110787966
15,2,81.0,4,0.0,0.0,,0.4507484568834593,0.5961448205380648,0.6265409964022142,0.6954763862263589,0.6720833834012362,0.5027517658906605
15,2,82.0,4,0.0,0.0,,0.4465036237592629,0.5926377130637411,0.6229749822630146,0.6740144246405064,0.6201893907064392,0.5114632416217049
15,2,83.0,4,0.0,0.0,,0.453116599173429,0.5987878636253201,0.6233320163406918,0.6853145703231375,0.5901547675841907,0.5120602897614004
15,2,84.0,4,0.0,0.0,,0.471126918592072,0.5951768668443568,0.6175013592347345,0.6755125180777546,0.604264517743315,0.5243839457016884
15,2,85.0,4,0.0,0.0,,0.45557978196354626,0.5878063840223469,0.6176807054957559,0.6743880949394754,0.6217058843695946,0.4790141380024129
15,2,86.0,4,0.0,0.0,,0.47237716127028617,0.5898830420726785,0.6209360473627564,0.6649772580840307,0.5930733303719462,0.46863179038308767
15,2,87.0,4,0.0,0.0,,0.47929808047265443,0.591153126535284,0.6263018403803453,0.6650006237833248,0.6334581998720756,0.49703970860553437
15,2,88.0,4,0.0,0.0,,0.46934332263061895,0.5883788408336281,0.626375979805466,0.6683327915999643,0.5842116880505264,0.48291252043270416
15,2,89.0,4,0.0,0.0,,0.46010372863053045,0.5875811356909665,0.6211820673568746,0.6630064218181531,0.5820492171871328,0.5417582067875435
15,2,90.0,4,0.0,0.0,,0.45660864729122774,0.5845443066921092,0.62347708333179,0.6414346686356136,0.5870564877948766,0.6180704091424696
15,2,91.0,4,0.0,0.0,,0.48349260276069456,0.5827571352929004,0.6227122256895997,0.642698918632614,0.5588866883593472,0.585610892751428
15,2,92.0,4,0.0,0.0,,0.47708836382291153,0.5760321472500105,0.6307640395315622,0.6336826403838165,0.5653933017812897,0.5843828551192856
15,2,93.0,4,0.0,0.0,,0.4924739450523733,0.5844261327877586,0.6298680945641688,0.6457461126394001,0.5556463733563486,0.6099809129369682
15,2,94.0,4,0.0,0.0,,0.5031678147314802,0.5794474408228376,0.6332250860177508,0.6384351866171472,0.5714137369154766,0.598615945678195
15,2,95.0,4,0.0,0.0,,0.5055962672675576,0.5813049717159869,0.6360600948472266,0.6596485355109036,0.5898882307512193,0.5806123605117297
15,2,96.0,4,0.0,0.0,,0.517111074970803,0.5901634889656375,0.6249588061882564,0.6448986066883381,0.6293527482591892,0.5753456747632606
15,2,97.0,4,0.0,0.0,,0.4857776706874473,0.589620676107376,0.618012350505724,0.6249335318914179,0.6071336372154585,0.6027599944982268
15,2,98.0,4,0.0,0.0,,0.4882280595146475,0.5897289843823368,0.6172586656974415,0.6500252929131667,0.6213245047062187,0.568910322225738
15,2,99.0,4,0.0,0.0,,0.49634698872319527,0.6001709807232039,0.6267520509636809,0.6686298518245244,0.6068392686801962,0.5619194041817246
15,2,100.0,4,0.0,0.0,,0.4975149613098179,0.5861707988070448,0.6264628781657823,0.6654929745197236,0.5760533164292813,0.540880006488259
16,2,21.0,6,0.0,0.0,,0.30049739592709207,0.4811669213923767,0.5789954250682133,0.6474368408489508,0.5624373674972241,0.5251403422704152
16,2,22.0,6,0.0,0.0,,0.3108055223645548,0.4836076175381949,0.5811708170121954,0.6536787240281692,0.5695253933441032,0.5329633167674968
16,2,23.0,6,0.0,0.0,,0.3290299512866999,0.4752211213249149,0.5756113974642506,0.6501282014274655,0.5865884633417309,0.536452048356135
16,2,24.0,6,0.0,0.0,,0.32964275568490947,0.4889941918813115,0.5822312146434484,0.6527894604104277,0.5780824384614938,0.5408336435642337
16,2,25.0,6,0.0,0.0,,0.33153965008028796,0.49505261349874835,0.5799918289579608,0.6456152792418473,0.5522252713463516,0.5382337119122582
16,2,26.0,6,0.0,0.0,,0.3195808033168137,0.49770044367427335,0.5808690711029959,0.638585700018104,0.5812724357856685,0.5675772640254413
16,2,27.0,6,0.0,0.0,,0.30396333714567836,0.506300778477939,0.5835841292192625,0.6407832670783947,0.5979371961302663,0.560492302197858
16,2,28.0,6,0.0,0.0,,0.3112554632651648,0.5078533561299979,0.583507404986322,0.6481366814092038,0.6020787968090652,0.5689956086015193
16,2,29.0,6,0.0,0.0,,0.31787526382921916,0.5009196382362413,0.5849394294412447,0.6581837656034899,0.6409175937211613,0.5394915896441678
16,2,30.0,6,0.0,0.0,,0.3035660573940779,0.4876141984426017,0.584407171522151,0.6599508287606108,0.6184538399838366,0.5513194437598669
16,2,31.0,6,0.0,0.0,,0.30665445811063013,0.48091516185678185,0.5830669698076355,0.6533023574217106,0.5955009928453181,0.5409488712423919
16,2,32.0,6,0.0,0.0,,0.31132587045309823,0.4830739974306266,0.5795615640683129,0.6416659963686395,0.6360798296737805,0.5500915831218854
16,2,33.0,6,0.0,0.0,,0.33831210006152157,0.49467932711044255,0.5754228641301421,0.6313043271579228,0.6211821790066974,0.5614270997238037
16,2,34.0,6,0.0,0.0,,0.3341078191790242,0.4930661662399786,0.5772138992407412,0.6296814563592977,0.5995503565703842,0.5648089592022723
16,2,35.0,6,0.0,0.0,,0.33781689126645836,0.4834211630769829,0.5757935029940382,0.6346193097179678,0.6016307742454426,0.5895442889254109
16,2,36.0,6,0.0,0.0,,0.32894372384828663,0.4646277410579292,0.5775104103318579,0.63665608260233,0.5758483052922353,0.6352752751383242
16,2,37.0,6,0.0,0.0,,0.3097912983519106,0.4532116473411378,0.5810816742441088,0.6383118382007702,0.5670241971991297,0.6314711151398164
16,2,38.0,6,0.0,0.0,,0.32109719535537906,0.45788855090765007,0.5837542117321527,0.6408671513669156,0.5811391692838691,0.6429743907970797
16,2,39.0,6,0.0,0.0,,0.31465770087299594,0.45886052090692087,0.5858922417225878,0.6365774878385195,0.5776243491541082,0.5923563541890677
16,2,40.0,6,0.0,0.0,,0.3100084480363253,0.46582931824768786,0.5830909007560868,0.616545301442142,0.5667140696566106,0.6120730785778699
16,2,41.0,6,0.0,0.0,,0.31372870192543284,0.4688317786774029,0.5782463334803614,0.6225045540338774,0.5986896639470476,0.5853694238290841
16,2,42.0,6,0.0,0.0,,0.32782543331083736,0.46787131563872686,0.58172144544687,0.6211087306298094,0.5876765439500482,0.5961374562285278
16,2,43.0,6,0.0,0.0,,0.31645882016078175,0.47237512394728487,0.5793995399589411,0.6213324306016175,0.5733352129050344,0.5767546546156425
16,2,44.0,6,0.0,0.0,,0.2963528768585945,0.4774502723150066,0.5824085043040186,0.6210551965302293,0.5943157545168035,0.5844683903971584
16,2,45.0,6,0.0,0.0,,0.2866438192375691,0.4859421233075213,0.5839012804008397,0.6143187708494711,0.6034869653710164,0.597723958095112
16,2,46.0,6,0.0,0.0,,0.2769176453339114,0.4786176276074362,0.5802290125428764,0.6147632725990135,0.6113073354823532,0.6234639962702613
16,2,47.0,6,0.0,0.0,,0.2862538445942274,0.4852485126043504,0.5806388380034565,0.616529405560402,0.5888611455703737,0.5990223075785979
16,2,48.0,6,0.0,0.0,,0.2950435390252308,0.47953511035477653,0.5809666983719206,0.6187470084909158,0.591307414073617,0.610879363745486
16,2,49.0,6,0.0,0.0,,0.32535909500711957,0.4798802139976309,0.5816489666341639,0.6169293299884375,0.5882579655937314,0.5653246908878528
16,2,50.0,6,0.0,0.0,,0.34067280940075184,0.4713348557918137,0.5808604058972457,0.6227486931411402,0.537961713639039,0.5532299485795351
16,2,51.0,6,0.0,0.0,,0.3320922341745359,0.48377261527301885,0.5822428217079496,0.6354991678303157,0.5381086711166404,0.5144982277776317
16,2,52.0,6,0.0,0.0,,0.32111450330727453,0.4706327419596299,0.5839389844587992,0.6341266677229521,0.5493504409440134,0.4800493385648581
16,2,53.0,6,0.0,0.0,,0.34286936355858466,0.4645785737171198,0.5802591757892438,0.625576643049415,0.5704926147501,0.5216537883574727
16,2,54.0,6,0.0,0.0,,0.33872078181514975,0.4839869163402887,0.5786497042003125,0.6296817805552968,0.5796046822065519,0.5315313753730823
16,2,55.0,6,0.0,0.0,,0.3246812731686473,0.4793074850497037,0.5760277515824545,0.6299272609101206,0.6005624205073014,0.4822062569669314
16,2,56.0,6,0.0,0.0,,0.32518505041589574,0.4676387246739898,0.5765989401815934,0.6210273012907586,0.5951668712317917,0.4547827095492581
16,2,57.0,6,0.0,0.0,,0.3225491208417,0.46473027558528973,0.5801680244821403,0.627780044155197,0.6234153198964861,0.4613283463591393
16,2,58.0,6,0.0,0.0,,0.34432922998956134,0.46487091019989035,0.5819244229015805,0.6236379351605227,0.6280313619846817,0.4981192993201387
16,2,59.0,6,0.0,0.0,,0.3605234757535841,0.46975644226239466,0.5868616550258403,0.6060814171101623,0.6234480828252638,0.5023804760911204
16,2,60.0,6,0.0,0.0,,0.34155895821003873,0.4584689887770824,0.5861294256315844,0.6043774202765221,0.6287697094182148,0.527578432135438
16,2,61.0,6,0.0,0.0,,0.3616084874215219,0.46391790069895,0.585779148441895,0.611280291115411,0.6258743002299922,0.5129793576257005
16,2,62.0,6,0.0,0.0,,0.36942547504767814,0.45622522514975533,0.580632437954723,0.6156333291220573,0.6280566407105692,0.519157494198508
16,2,63.0,6,0.0,0.0,,0.3573174782095468,0.4639180570529956,0.5824151711305027,0.6198133245895382,0.6149784150323152,0.5074738937201261
16,2,64.0,6,0.0,0.0,,0.3549059279547345,0.4601002066474472,0.5840768639968418,0.6263591051956572,0.6516068942490488,0.511611719580172
16,2,65.0,6,0.0,0.0,,0.3483537250138016,0.4722026617813314,0.586570343501811,0.6259604754387502,0.6449514425069754,0.5085458190648738
16,2,66.0,6,0.0,0.0,,0.3431077537560241,0.47785438683062864,0.5847210295602103,0.6300786854022721,0.6454180629980496,0.47060342675181255
16,2,67.0,6,0.0,0.0,,0.3477015716437201,0.47315284308232286,0.5808848118703727,0.6352780042013773,0.6468711938969323,0.48201641050352845
16,2,68.0,6,0.0,0.0,,0.3445642321293981,0.4661536601241963,0.5835967218331639,0.6404443714846316,0.6530655360463092,0.47053281381027984
16,2,69.0,6,0.0,0.0,,0.3441441027493318,0.4682421611340968,0.5799853656887356,0.6333089674388949,0.6295947898641556,0.4498760133444093
16,2,70.0,6,0.0,0.0,,0.353919132174011,0.4783046302112927,0.5817782958668566,0.6265124125524248,0.5843373073473364,0.48596445344452677
16,2,71.0,6,0.0,0.0,,0.37063556517456336,0.4679908212756331,0.5818782646626407,0.6089775039307599,0.5900927254039529,0.4982982108354621
16,2,72.0,6,0.0,0.0,,0.35374587702375704,0.4759320717216425,0.5761773555846068,0.6173491916569913,0.5922212986364352,0.5707363053395609
16,2,73.0,6,0.0,0.0,,0.35409263585618656,0.4740123419833132,0.5702822529754671,0.6304567344931751,0.6135984337998186,0.550880364749168
16,2,74.0,6,0.0,0.0,,0.341031121947384,0.4787686790593505,0.5742002793379986,0.6211614620519053,0.57618737822003,0.5694040876823488
16,2,75.0,6,0.0,0.0,,0.31282686936588344,0.47055727097373995,0.5713693426716058,0.6224397177090253,0.591124419571474,0.5388730155953428
16,2,76.0,6,0.0,0.0,,0.3174788895483879,0.48970523590460424,0.5715378377062019,0.6313225509114349,0.6101789574063458,0.4821396978754896
16,2,77.0,6,0.0,0.0,,0.35412481054998113,0.4792010480616738,0.5754402534483016,0.6297889528871348,0.6120338518844992,0.4980378495770853
16,2,78.0,6,0.0,0.0,,0.3603849595900403,0.4705414852713258,0.5781422060745095,0.6270868185389977,0.653283201925707,0.5216510593875582
16,2,79.0,6,0.0,0.0,,0.3648580363432491,0.4717896150544513,0.586504632257609,0.6377424835434462,0.6708602122801552,0.5331744256117646
16,2,80.0,6,0.0,0.0,,0.3602086409302384,0.4783730404936374,0.5860793137427145,0.6403763505248882,0.6644799532826757,0.548376026583802
16,2,81.0,6,0.0,0.0,,0.3442274069224648,0.47733538572715284,0.5833058145630888,0.6332957348495485,0.6617308583652276,0.5357955950544699
16,2,82.0,6,0.0,0.0,,0.36980254567435655,0.48066091536327465,0.5835202595870986,0.6326311597637724,0.6542727414674044,0.5318018676581129
16,2,83.0,6,0.0,0.0,,0.3659352207062782,0.4723053881005967,0.5799241958918834,0.6471181446101643,0.6728319011905939,0.5554140773623721
16,2,84.0,6,0.0,0.0,,0.38079985986805137,0.48364495401588414,0.5806304910083773,0.6542792354295945,0.6788327086599197,0.5472231405870678
16,2,85.0,6,0.0,0.0,,0.36578146525441985,0.49178124498909465,0.5811444944176141,0.6526801803050969,0.6562420467011132,0.5517589144925964
16,2,86.0,6,0.0,0.0,,0.350389296951101,0.4919020810152725,0.5828900724917162,0.6514257436088193,0.6615086777121768,0.6024781341613882
16,2,87.0,6,0.0,0.0,,0.33360501477454463,0.4972697599188841,0.5852009303302385,0.6376638187787267,0.6397937423791316,0.611433843711021
16,2,88.0,6,0.0,0.0,,0.3130146682342198,0.49245523034729954,0.585950747580059,0.6273610628245955,0.6704241551112752,0.6020499325820402
16,2,89.0,6,0.0,0.0,,0.310833008393475,0.5024481099526787,0.5805342109395389,0.6279776188417677,0.6613623713581711,0.5767408183389984
16,2,90.0,6,0.0,0.0,,0.3153975814270179,0.49297679739593414,0.5833162410884969,0.6353758636422808,0.6342551961630555,0.5922445440162907
16,2,91.0,6,0.0,0.0,,0.3424685897072218,0.4998799224837759,0.583108620839953,0.6242531676313019,0.6278175884306523,0.5983123730752771
16,2,92.0,6,0.0,0.0,,0.3497063640794488,0.49065960027586897,0.5857957489763,0.6271756782607831,0.6259661037360447,0.5845658886836729
16,2,93.0,6,0.0,0.0,,0.35547832876781665,0.4930945074760834,0.5837578518034827,0.6307952458978907,0.6237399884494862,0.5595987477902038
16,2,94.0,6,0.0,0.0,,0.32438463482222957,0.4834438360658667,0.5858951537796517,0.6423506718787193,0.6110506281290939,0.5386231893359039
16,2,95.0,6,0.0,0.0,,0.339633729107057,0.4800217534586926,0.5851717509928769,0.6446378381522947,0.6079913369853042,0.5377828326980987
16,2,96.0,6,0.0,0.0,,0.3196150018749328,0.48414685397516843,0.5883606484778798,0.6441779087523125,0.5799959713424279,0.5384287726441157
16,2,97.0,6,0.0,0.0,,0.3394261507113229,0.47093460200129894,0.5897618647609263,0.6420675253139659,0.589894968746786,0.5462403793134809
16,2,98.0,6,0.0,0.0,,0.3453918872597151,0.474013586206479,0.5931316085133169,0.6392967439303809,0.5828741477089611,0.5164865354548279
16,2,99.0,6,0.0,0.0,,0.3186021098453966,0.472693441825054,0.5875480188419575,0.6378352808748572,0.6135761742858031,0.5020847568849844
16,2,100.0,6,0.0,0.0,,0.32014643692661915,0.47370323753783206,0.5831464032957704,0.6298492208472463,0.6159408910372116,0.526870740357051
17,2,21.0,8,0.0,0.0,,0.25306209993895756,0.42078593057171326,0.5290980282155721,0.6126443248337268,0.597111621173854,0.5678843384011829
17,2,22.0,8,0.0,0.0,,0.23595354685792516,0.42387686648963785,0.5233575965409305,0.6114519532269176,0.6237820881989886,0.5958846327344829
17,2,23.0,8,0.0,0.0,,0.23224667356467404,0.4241249432262634,0.5208694663922988,0.6123052453255486,0.6032297388051541,0.5903049951687768
17,2,24.0,8,0.0,0.0,,0.2374250261507714,0.43109946280397937,0.5226465819878163,0.6111806896203753,0.6000244708831819,0.5767444485253442
17,2,25.0,8,0.0,0.0,,0.26601609611444227,0.41845896405196925,0.5173899011925844,0.6102810450562366,0.6143163822095281,0.5593920772316652
17,2,26.0,8,0.0,0.0,,0.25904615074077986,0.4061493384670449,0.5217813770859371,0.6112906433783554,0.6185316376974034,0.5692195534185328
17,2,27.0,8,0.0,0.0,,0.2665095299651065,0.4022799984839601,0.5178477777735413,0.613727312494966,0.6375088696650685,0.5879375840079806
17,2,28.0,8,0.0,0.0,,0.25409129052604273,0.40598255951741874,0.5164616113783874,0.6149123143160538,0.6422712083656842,0.5708634422258074
17,2,29.0,8,0.0,0.0,,0.24634894500197677,0.4233488842521543,0.5181357825068715,0.6149956587862092,0.6339079446928472,0.5696281211246202
17,2,30.0,8,0.0,0.0,,0.2519545227987335,0.41367991852564456,0.5194751194096586,0.6150623343623335,0.6279637335843411,0.5893112067456802
17,2,31.0,8,0.0,0.0,,0.24358801599397797,0.4030431064711834,0.5252286040255522,0.6151156748232329,0.6158534170213066,0.6005059542346632
17,2,32.0,8,0.0,0.0,,0.24583936378541343,0.3961488292091813,0.5287893470264102,0.6150580236774383,0.6211256574776552,0.6140216223803393
17,2,33.0,8,0.0,0.0,,0.2799931687180263,0.386248682164074,0.5238804914339699,0.613382912301887,0.6351937539163038,0.6301720410581668
17,2,34.0,8,0.0,0.0,,0.296056604622173,0.3858711417527507,0.528752901645001,0.6150234479730993,0.6180452666514801,0.6222174138537746
17,2,35.0,8,0.0,0.0,,0.31603128652454626,0.3875533671651924,0.5283297443874634,0.6142199087251307,0.6283367921093619,0.6228243129242341
17,2,36.0,8,0.0,0.0,,0.3068480628108295,0.40591783438609574,0.5295291997631888,0.6144417343134707,0.6169009006105647,0.6522616136917523
17,2,37.0,8,0.0,0.0,,0.3103337862173904,0.40880655752462064,0.5299242285614254,0.6145188712696285,0.627302421077592,0.6322868501075092
17,2,38.0,8,0.0,0.0,,0.2805191984965486,0.41326886954372155,0.5285560163764049,0.6145805808345547,0.6225120555131148,0.6438471335338289
17,2,39.0,8,0.0,0.0,,0.2653424767904096,0.41191239696202786,0.5250282022606783,0.6130009580275801,0.6358456508623302,0.6303604403624636
17,2,40.0,8,0.0,0.0,,0.25467303295477034,0.3993031762987234,0.5276268068370169,0.6117372597820003,0.6432358484621349,0.6048275712158272
17,2,41.0,8,0.0,0.0,,0.26091803149118725,0.41092449322528424,0.5188329796911354,0.6132199486311671,0.6484552302680708,0.606559861177853
17,2,42.0,8,0.0,0.0,,0.27804044872501676,0.39644022291804065,0.5175788020890913,0.615363561486751,0.637293167162519,0.54667525406112
17,2,43.0,8,0.0,0.0,,0.2859722093700457,0.4091486657570324,0.5162464308308274,0.6153566565227668,0.645683262669561,0.5636155261338283
17,2,44.0,8,0.0,0.0,,0.2814876746961259,0.42120451763566036,0.5203968824365337,0.6169801230104953,0.6346646406466792,0.5545073077450151
17,2,45.0,8,0.0,0.0,,0.2664522614639517,0.42390424205775173,0.5219395441328925,0.6203730030372758,0.6415707300656167,0.5674885701612495
17,2,46.0,8,0.0,0.0,,0.25836777854865484,0.40845301244293025,0.5202995599682121,0.6193642097631867,0.6368907962831923,0.5829059060021609
17,2,47.0,8,0.0,0.0,,0.26285196195839683,0.39814457717981366,0.5289729810925949,0.6168278611704858,0.6492960932491993,0.5640897026830205
17,2,48.0,8,0.0,0.0,,0.2630235046432861,0.414310598015921,0.5223431634633079,0.6161420065014439,0.6367285559614094,0.5981245829683262
17,2,49.0,8,0.0,0.0,,0.253046167055938,0.397159453311014,0.5276140485456315,0.6159699416353388,0.62848740537987,0.591344669453881
17,2,50.0,8,0.0,0.0,,0.2982106047103614,0.391306956457597,0.5324785881095866,0.6141124466682073,0.6281362579262032,0.6308803703622057
17,2,51.0,8,0.0,0.0,,0.273594521949776,0.39814095218730655,0.5331734960523301,0.6143557646679321,0.6300661478284848,0.6276898098933481
17,2,52.0,8,0.0,0.0,,0.2863513457187338,0.3929311927466353,0.5279523461570497,0.6154150760544268,0.6289813388030175,0.6028894284642465
17,2,53.0,8,0.0,0.0,,0.2864623088182315,0.39180199085445616,0.5232108907384813,0.6145332111901926,0.622065404007523,0.6118352880728949
17,2,54.0,8,0.0,0.0,,0.2729660631896074,0.403617549082573,0.5197786560709279,0.6146923762855202,0.624247853193845,0.6045519666516879
17,2,55.0,8,0.0,0.0,,0.29133092028470786,0.39373067650566407,0.5172364741719279,0.6151888800815528,0.6361622549748251,0.6132270461616519
17,2,56.0,8,0.0,0.0,,0.27782389529623247,0.4015902133840391,0.5231788372356307,0.6152169113986083,0.6210403237936979,0.6238529663978982
17,2,57.0,8,0.0,0.0,,0.27246827784750194,0.4095499459239103,0.520726458948059,0.6152393364522528,0.6388221791482511,0.6312502385948342
17,2,58.0,8,0.0,0.0,,0.27114118313216934,0.40121935054791413,0.513312701379969,0.6135279625217386,0.6383522617002415,0.6241135621211111
17,2,59.0,8,0.0,0.0,,0.2649861563580106,0.4257760085412663,0.5128335502635296,0.6146525108229578,0.6124629953777958,0.6344833148970558
17,2,60.0,8,0.0,0.0,,0.24066581616648594,0.43186129815211194,0.5137081268859378,0.6156524729784472,0.6225513532469141,0.6665282277128682
17,2,61.0,8,0.0,0.0,,0.22464793755745266,0.4164338296999852,0.5224837188719416,0.615587785716124,0.6322709227928074,0.6471006296864222
17,2,62.0,8,0.0,0.0,,0.22999749799114388,0.41254574774576225,0.5324085079662023,0.6155360359062654,0.6461703549518236,0.6462080247077072
17,2,63.0,8,0.0,0.0,,0.24713634416896743,0.419875217424054,0.5355443158016743,0.6162589695305791,0.643517566541222,0.636267386434542
17,2,64.0,8,0.0,0.0,,0.27226836003606614,0.40932247475587086,0.5276002312305715,0.6143436689843995,0.6369843295711057,0.6293272485297686
17,2,65.0,8,0.0,0.0,,0.26313307543860287,0.4052283437825567,0.5201460945526918,0.6145407425208859,0.6378210678438286,0.6340973878528102
17,2,66.0,8,0.0,0.0,,0.25163877121327705,0.3966563277346825,0.524431008793266,0.6145980778355605,0.6334623204563108,0.662857876326146
17,2,67.0,8,0.0,0.0,,0.2566482603637823,0.4026840287250561,0.5200439609705576,0.6138796126150998,0.6315050310618593,0.6447209195021953
17,2,68.0,8,0.0,0.0,,0.2700808014195086,0.41871836628222825,0.5253524221266125,0.6124401834520161,0.6384605038125406,0.6539279271777085
17,2,69.0,8,0.0,0.0,,0.27125057968467514,0.42449111876251344,0.5344466366658128,0.6129176305804649,0.6266555860446396,0.6855357670473401
17,2,70.0,8,0.0,0.0,,0.2713316684905897,0.427708091389216,0.5297406984922047,0.6116705978243082,0.6076265152168777,0.6779979329454636
17,2,71.0,8,0.0,0.0,,0.25851309089549745,0.42123351222136673,0.5246415726066054,0.6115376286060978,0.6033479378600376,0.6540305660066561
17,2,72.0,8,0.0,0.0,,0.25140855657226824,0.42591839487816785,0.5243854030639234,0.611235890820673,0.6195875605759789,0.6662716901614715
17,2,73.0,8,0.0,0.0,,0.24633281463530804,0.429096761166893,0.5203573362639805,0.6111898630031896,0.6359406630591169,0.6505964620341582
17,2,74.0,8,0.0,0.0,,0.2483507742844629,0.4146595761589838,0.5260253867861697,0.612017697735918,0.6352683631559431,0.6611153917571618
17,2,75.0,8,0.0,0.0,,0.25111952247615893,0.4171880667182924,0.5230036985884903,0.6118153085353853,0.631173572876016,0.6314129199877693
17,2,76.0,8,0.0,0.0,,0.2447717572438787,0.41921085916573925,0.5239339877772975,0.6132823876338752,0.6193928354708276,0.602260503884357
17,2,77.0,8,0.0,0.0,,0.25559861308000237,0.41328651589893406,0.52591777733271,0.6128270604537513,0.6324117373207436,0.632320721271639
17,2,78.0,8,0.0,0.0,,0.2509998251347158,0.40763547554239404,0.5215832356790097,0.6124627987096524,0.633281736639032,0.6095375733303726
17,2,79.0,8,0.0,0.0,,0.2612373375315301,0.4080822289458833,0.5235674572940819,0.6138003797732886,0.6312355000269482,0.5681641258928061
17,2,80.0,8,0.0,0.0,,0.2708884007159396,0.41617737280874534,0.5227917687953215,0.6142975313170373,0.6385007403771994,0.582861379346588
17,2,81.0,8,0.0,0.0,,0.25928348355810316,0.4261101529264509,0.5204168041958116,0.613639175400281,0.6394411625943749,0.6063333099376036
17,2,82.0,8,0.0,0.0,,0.24433486330592066,0.43662587082465726,0.5196157015372012,0.6122478336801611,0.6317382003052671,0.5999750063976268
17,2,83.0,8,0.0,0.0,,0.2402270497132027,0.4531003000520603,0.5165415750426027,0.6136284077496957,0.6364789097756234,0.591268824805729
17,2,84.0,8,0.0,0.0,,0.265906352012766,0.4281912149399255,0.5160721939731406,0.6164621809787532,0.6318057318480804,0.6356781844184103
17,2,85.0,8,0.0,0.0,,0.2597656023191224,0.41188259074866923,0.5177059889907948,0.6187291995619992,0.6246225779630709,0.6331937376744756
17,2,86.0,8,0.0,0.0,,0.25454062250751913,0.4072764365767954,0.5155783405078214,0.6171845099962506,0.6147964544456029,0.6444112829897061
17,2,87.0,8,0.0,0.0,,0.2513598712153283,0.4152062915312798,0.5116274509954892,0.6191646928475798,0.6228494027390286,0.6428609314251661
17,2,88.0,8,0.0,0.0,,0.2787268203150014,0.4042521677377035,0.510715510111577,0.6208912090570604,0.6226063695743767,0.605422892554311
17,2,89.0,8,0.0,0.0,,0.2677406153204673,0.4068432904952151,0.5171922261429811,0.6205431080512152,0.6198144101749812,0.5991705255562142
17,2,90.0,8,0.0,0.0,,0.2651211216934607,0.3963277170252065,0.5224878940329694,0.6202646272465391,0.6427541445282897,0.6382532571087651
17,2,91.0,8,0.0,0.0,,0.2555807334331025,0.39064156742895106,0.5219281181864315,0.6180338818222182,0.6476263394447648,0.6085224313976332
17,2,92.0,8,0.0,0.0,,0.26284968783681206,0.38883170838772624,0.5340682426088755,0.6166282558044259,0.6382214972551135,0.5754356295959651
17,2,93.0,8,0.0,0.0,,0.2532422004214554,0.3991702611690059,0.5277537480230452,0.6155037549901919,0.6272687831260828,0.5588623148757285
17,2,94.0,8,0.0,0.0,,0.2471918441930346,0.40699662774353307,0.5189345326399581,0.6153684878110054,0.6289595453317196,0.5692338267522248
17,2,95.0,8,0.0,0.0,,0.22224031602305602,0.3953705609239277,0.5217775240394693,0.6144959405954556,0.6156570635462948,0.5512424565801926
17,2,96.0,8,0.0,0.0,,0.2209833332848227,0.3926940749108091,0.5196054083911299,0.6137979028230157,0.6234563400136164,0.5822861192994238
17,2,97.0,8,0.0,0.0,,0.21895737631508894,0.40020050635540894,0.5221675322067266,0.6123748156183489,0.6328466088317813,0.5620578704343031
17,2,98.0,8,0.0,0.0,,0.203961518565082,0.4055126569367423,0.521835862182828,0.6129656598280453,0.6435922155717468,0.5914080035812266
17,2,99.0,8,0.0,0.0,,0.2067927903644467,0.40894316733761393,0.525579217062332,0.6117090212223725,0.6447222162697199,0.6017262555407876
17,2,100.0,8,0.0,0.0,,0.20808871442867977,0.4080890137224066,0.5213123874627074,0.6067737836232262,0.6254433486466521,0.5900368280921586
18,2,21.0,10,0.0,0.0,,0.15976727965581866,0.34517669942525053,0.4406932640082254,0.5509321019003479,0.6254241690366584,0.6150819180587555
18,2,22.0,10,0.0,0.0,,0.1510265341997462,0.33760115209515285,0.44142194386628963,0.5519206985222394,0.6279432008513444,0.6129694334591077
18,2,23.0,10,0.0,0.0,,0.14370272615254953,0.33293373447357133,0.44244725704515997,0.5490005607400104,0.6276488043566768,0.6175829871570354
18,2,24.0,10,0.0,0.0,,0.15929268890356696,0.3438475016084302,0.4382244328488706,0.5482408287247373,0.62630464031157,0.6074164656777727
18,2,25.0,10,0.0,0.0,,0.18207554148921629,0.3467661222858409,0.43787640024684826,0.550687261533479,0.6181995387162441,0.5941901261478547
18,2,26.0,10,0.0,0.0,,0.1825997032593925,0.34951189453192816,0.4440223665569178,0.5496428016079176,0.6209380456364473,0.6130633992586378
18,2,27.0,10,0.0,0.0,,0.17867018552271147,0.3541424761517078,0.44549191821228346,0.5500889967657759,0.6220446801847592,0.6291516231186395
18,2,28.0,10,0.0,0.0,,0.1691362589488983,0.35248451801648895,0.4465700741199937,0.55002884678047,0.6220867127180341,0.628406112822496
18,2,29.0,10,0.0,0.0,,0.1887227602205345,0.347982032179318,0.4455121242624715,0.5520268233627335,0.6158644062217933,0.6150492190869377
18,2,30.0,10,0.0,0.0,,0.18069134893146183,0.33578313446758273,0.45022073764336323,0.5552541950874597,0.6126773449434811,0.6015080039555587
18,2,31.0,10,0.0,0.0,,0.1760992614991312,0.3468440260288377,0.4420099729597231,0.5525320149789014,0.6226292297066527,0.6066484957554237
18,2,32.0,10,0.0,0.0,,0.17697664648655526,0.35676331811565654,0.44997802035115875,0.5519396156900871,0.6244052924257188,0.6158163365812676
18,2,33.0,10,0.0,0.0,,0.17084283976161943,0.35430914067513586,0.4442490434936695,0.5531288614796521,0.627667123583582,0.6225599864044467
18,2,34.0,10,0.0,0.0,,0.1739176818091823,0.35454302530603565,0.44088552197173525,0.5566761431300735,0.6284822841619127,0.6159543642006767
18,2,35.0,10,0.0,0.0,,0.16201564424009837,0.35510038910485525,0.44547160512173134,0.5581944352250463,0.6292099390952417,0.6375177238904108
18,2,36.0,10,0.0,0.0,,0.1690345802695578,0.3414778200080127,0.4402347766310254,0.5540195501022558,0.6286534258375375,0.6344503685489501
18,2,37.0,10,0.0,0.0,,0.15375002725073114,0.3477152165325755,0.440704335236629,0.5506796420040235,0.6280397170173272,0.6365235028999255
18,2,38.0,10,0.0,0.0,,0.15226154437296013,0.3541890082126071,0.4302793714430158,0.5532253818830283,0.6257097378130043,0.6191517317231292
18,2,39.0,10,0.0,0.0,,0.16210034257836003,0.34074871529421413,0.42857991624110214,0.551673297887557,0.6324995851884212,0.6068212387295625
18,2,40.0,10,0.0,0.0,,0.17658178427498933,0.3406831322328895,0.4530416034938344,0.5517133937894874,0.6317697496931964,0.6207203789996902
18,2,41.0,10,0.0,0.0,,0.17895229518188294,0.3437909868530361,0.44014918604878,0.5587153387650243,0.6289798442992321,0.6177189654219176
18,2,42.0,10,0.0,0.0,,0.18960290783918615,0.3437017901156034,0.43928987123943325,0.5569299203798687,0.6284781191149872,0.6209312226591157
18,2,43.0,10,0.0,0.0,,0.1913133227037128,0.34304559209000096,0.4384346861433072,0.5604584357994754,0.6280767389675911,0.6057806094446906
18,2,44.0,10,0.0,0.0,,0.17593215695572278,0.3407027214792563,0.4436407358293454,0.5574597410207147,0.6284462853207928,0.5973688387683176
18,2,45.0,10,0.0,0.0,,0.18527080939683754,0.3314667043504102,0.4408821016959227,0.5630516003201465,0.6319875640271879,0.6083618841059053
18,2,46.0,10,0.0,0.0,,0.20314555110481097,0.32257087220445657,0.4403662879823506,0.5603552839630831,0.6339804877834293,0.6110208480293512
18,2,47.0,10,0.0,0.0,,0.19397622690843305,0.3154542064876937,0.44038307237395174,0.5602879731088238,0.6312915798396139,0.6205004413122233
18,2,48.0,10,0.0,0.0,,0.18368331373340613,0.3224051036295225,0.43871226466362306,0.5666344671669253,0.6323697853422077,0.64300599476975
18,2,49.0,10,0.0,0.0,,0.1846636408143175,0.3288951994775165,0.44821719901241136,0.5630784884561267,0.6328040809804983,0.6435642580692592
18,2,50.0,10,0.0,0.0,,0.17715770118875526,0.3259222134883909,0.4532812495801785,0.5579267926871202,0.6279595997038998,0.6289557501052373
18,2,51.0,10,0.0,0.0,,0.1772649869275275,0.33305283069525216,0.4539130016558718,0.5567161896291379,0.629132474152594,0.6226289625701292
18,2,52.0,10,0.0,0.0,,0.16033435257710688,0.32383977328033026,0.4565575828681455,0.5583662838371153,0.6362163902441673,0.5959387763104831
18,2,53.0,10,0.0,0.0,,0.15752900463406072,0.3249493831793162,0.44296196954822903,0.5557860194508265,0.627265749337204,0.5778765875570332
18,2,54.0,10,0.0,0.0,,0.14929720448419245,0.33620885991791155,0.4476092778457873,0.5553507984007113,0.6249871795246081,0.575062103526921
18,2,55.0,10,0.0,0.0,,0.13796012662243887,0.3320357889856499,0.44287349184627567,0.5579079638129396,0.6235398712166814,0.5824095412804435
18,2,56.0,10,0.0,0.0,,0.13955662244373382,0.3309590365918888,0.4472965396580097,0.5537903729725704,0.6244009926717274,0.5954471051821304
18,2,57.0,10,0.0,0.0,,0.14896938158698325,0.3341648378249272,0.4427008413264494,0.5571189411936596,0.6298284616629106,0.6068081772101175
18,2,58.0,10,0.0,0.0,,0.1541362253214328,0.33170241637211706,0.4499337326572409,0.5554305041709013,0.6246383738082006,0.6192053505786947
18,2,59.0,10,0.0,0.0,,0.15924095157947055,0.3368279019577203,0.446968188487937,0.555744308518223,0.6261348108122721,0.6379708781274541
18,2,60.0,10,0.0,0.0,,0.16127061928994976,0.3343186058805102,0.4443870244010206,0.5587456128379582,0.6282213889712482,0.6373770642589767
18,2,61.0,10,0.0,0.0,,0.16148688106102277,0.35268261694120584,0.4455966121445828,0.5595405537578028,0.6318445568466688,0.6152783293704526
18,2,62.0,10,0.0,0.0,,0.1565390092252302,0.3433837339688469,0.44364781211607535,0.5598970051744592,0.6314167021364903,0.6101525969718834
18,2,63.0,10,0.0,0.0,,0.14782383249637973,0.3498989803838976,0.4474384866843367,0.5595042439663322,0.6304276053847936,0.6000189817597763
18,2,64.0,10,0.0,0.0,,0.1664060918851608,0.34256678821592196,0.4431329449164978,0.5596456591894071,0.6307661960735463,0.5836614923949035
18,2,65.0,10,0.0,0.0,,0.15600637230088119,0.34075657378229957,0.44048272733520105,0.5568095197326601,0.6270025268469668,0.6001191706276845
18,2,66.0,10,0.0,0.0,,0.16042794568620328,0.3402310961941125,0.433491799859013,0.5597227110182403,0.6276141609707123,0.5853415794958445
18,2,67.0,10,0.0,0.0,,0.1617592749191165,0.35392704555967747,0.430336566921503,0.5610156899598105,0.6292512768644223,0.5884280032189821
18,2,68.0,10,0.0,0.0,,0.14792978297037807,0.3620828435035318,0.429755540714002,0.5642673690125076,0.6340267931105912,0.6086730329383393
18,2,69.0,10,0.0,0.0,,0.16023190775005364,0.3598666060462907,0.4309749549716108,0.5640160706003164,0.6342956809979675,0.596900416611947
18,2,70.0,10,0.0,0.0,,0.17116799182291081,0.35808033469228945,0.43164635476992663,0.5626127616617552,0.6316493000415885,0.5829684348975348
18,2,71.0,10,0.0,0.0,,0.17939026252185086,0.3565706472528409,0.4230329870696539,0.5575542112516229,0.6264575452138706,0.602220351398667
18,2,72.0,10,0.0,0.0,,0.16203457305256558,0.34940206157660675,0.42147943246481245,0.5567653518413483,0.6293632506282549,0.6248028185793155
18,2,73.0,10,0.0,0.0,,0.15250915723480502,0.35508692746632875,0.42484415259746244,0.555103703306166,0.6278944540772405,0.6035469898078313
18,2,74.0,10,0.0,0.0,,0.1633016789642691,0.352163774246879,0.42585169347997287,0.5560867085832901,0.6239351574364689,0.6163525463992705
18,2,75.0,10,0.0,0.0,,0.1764184861642768,0.34925676777392073,0.4391425720876868,0.5568731128049895,0.631505982835538,0.6375793838855615
18,2,76.0,10,0.0,0.0,,0.18639967612482086,0.35105953860616423,0.4384845800705587,0.5545914826251261,0.6281587399784805,0.6290384879234069
18,2,77.0,10,0.0,0.0,,0.1830716109122383,0.34512582830625327,0.4315337940651687,0.5575667387272334,0.6238640373669808,0.5963029653020575
18,2,78.0,10,0.0,0.0,,0.1649796517648755,0.37454276355629734,0.4323975576525442,0.5576400308085514,0.6210198384474337,0.5964862768098919
18,2,79.0,10,0.0,0.0,,0.15818383194262953,0.36490013847967495,0.43646772269439194,0.5558473758628149,0.622263627638399,0.6103109154848319
18,2,80.0,10,0.0,0.0,,0.16078936053681164,0.36464481400858256,0.4380805893432157,0.5583052257826225,0.6199572914553884,0.6010403737721562
18,2,81.0,10,0.0,0.0,,0.15623305361109044,0.3565721355212,0.4490794725351326,0.5611415740100858,0.6191956427031421,0.6086608248138244
18,2,82.0,10,0.0,0.0,,0.16369298299059457,0.3528835455852329,0.45208054895884453,0.5610983284867864,0.6208743500412119,0.6120357649042815
18,2,83.0,10,0.0,0.0,,0.17662857837968798,0.37115321260343564,0.4552263005326179,0.5579716551705636,0.6219937237085709,0.618158273592479
18,2,84.0,10,0.0,0.0,,0.18697854313352827,0.3745573647490053,0.44926724587573164,0.5570128958457522,0.6211383022632286,0.6151759511366984
18,2,85.0,10,0.0,0.0,,0.19324362864164915,0.3634315972757233,0.44124717954561776,0.5584143241374784,0.6169764918480467,0.5921640291268513
18,2,86.0,10,0.0,0.0,,0.18414685045602092,0.3585932671279216,0.44123860596269554,0.5541954612322016,0.6188754371540386,0.5972594373168665
18,2,87.0,10,0.0,0.0,,0.17657900293719192,0.34857057694746485,0.43482426761518883,0.5546680984122452,0.6186601252769977,0.6179618609699513
18,2,88.0,10,0.0,0.0,,0.16605584048317223,0.35797594277436096,0.4288281399504686,0.5562785422172324,0.6185624655039914,0.6076355592557738
18,2,89.0,10,0.0,0.0,,0.1634039186749346,0.3437782629436172,0.430620978239022,0.5533514926827198,0.6163548996727232,0.6131785757821461
18,2,90.0,10,0.0,0.0,,0.18263709259129418,0.3388083158314128,0.4222126858449302,0.5546849400845332,0.6171174928709986,0.6305131254217242
18,2,91.0,10,0.0,0.0,,0.16463203710812024,0.3397156532983047,0.4232435019227836,0.552840944448761,0.619293484679463,0.647869195738246
18,2,92.0,10,0.0,0.0,,0.16935365754481227,0.34303280196515795,0.4175174308260363,0.5522304049268578,0.6155915248690667,0.6640332651330151
18,2,93.0,10,0.0,0.0,,0.16474444860822504,0.33566388198800856,0.4213107986285808,0.5537880698798439,0.6152528526025564,0.6754645381502854
18,2,94.0,10,0.0,0.0,,0.17757310245650545,0.3315998066417276,0.41768101237993427,0.5569240085310075,0.6262237227464116,0.6750434704373887
18,2,95.0,10,0.0,0.0,,0.1713200045375796,0.355079396564005,0.4181456296854062,0.562121214857286,0.62059539969963,0.6636349373098465
18,2,96.0,10,0.0,0.0,,0.17252598772221336,0.36276677390813405,0.4122324070020376,0.5643192944785492,0.623204536301655,0.6528203512378588
18,2,97.0,10,0.0,0.0,,0.1812267649186276,0.3674684771755307,0.41796597458414564,0.5628553407643414,0.6178805112945063,0.656665143218614
18,2,98.0,10,0.0,0.0,,0.1742429345072773,0.36312952057575765,0.425092971179638,0.5616841777929752,0.6223819930791474,0.6539926642071139
18,2,99.0,10,0.0,0.0,,0.17402385597532932,0.35741244920368065,0.4334474919672471,0.5591182569569666,0.621283866465982,0.6404229440308403
18,2,100.0,10,0.0,0.0,,0.162100583573016,0.36510733710890947,0.4381008581664739,0.5547586074877922,0.6223213368483871,0.6291804091019224
19,2,21.0,12,0.0,0.0,,0.11050018087479874,0.2734035653640906,0.36213049069985115,0.5098940968549485,0.612485713133978,0.6193679114339303
19,2,22.0,12,0.0,0.0,,0.11501289302746973,0.2745044370123447,0.36694654159430157,0.5085716668919564,0.6123880297710975,0.6139326033594721
19,2,23.0,12,0.0,0.0,,0.12427629216265042,0.2723346052703669,0.3608385384219262,0.5065894584610928,0.6128981885213184,0.6097318691031848
19,2,24.0,12,0.0,0.0,,0.1306523080536444,0.2877199592187115,0.3654981846256735,0.5015526206101,0.6127180100809698,0.6180117930885587
19,2,25.0,12,0.0,0.0,,0.13676041951213472,0.294791247630607,0.3596798528470237,0.5010338289093628,0.6131621727692164,0.6254370621608172
19,2,26.0,12,0.0,0.0,,0.13466375661267532,0.30588350445996293,0.3600581953717094,0.502064967096447,0.6129291974792881,0.6268623063959982
19,2,27.0,12,0.0,0.0,,0.1392728465020489,0.2951265462361802,0.36554257138017154,0.5017574918303288,0.6127428172473456,0.6248070611398233
19,2,28.0,12,0.0,0.0,,0.1278465568632795,0.2884700399156186,0.35971536225062206,0.4968223903187739,0.6131820185023169,0.6146674060020296
19,2,29.0,12,0.0,0.0,,0.12797022861204985,0.27987264543474477,0.36512216206579373,0.49287430910953,0.6146632475964042,0.6241823433205635
19,2,30.0,12,0.0,0.0,,0.12604464792846576,0.28016293115340046,0.3662142428142333,0.4897158441421349,0.6141300573410384,0.6213854325384134
19,2,31.0,12,0.0,0.0,,0.12586151070626173,0.2797800211556988,0.3602526993978715,0.4981671632126309,0.6142918105772712,0.6233064656028386
19,2,32.0,12,0.0,0.0,,0.13466855816626466,0.2892907911039083,0.3554834646647821,0.49740119853091747,0.6144212131662574,0.6237548343296708
19,2,33.0,12,0.0,0.0,,0.13951862118594055,0.287413297876663,0.3651120136095608,0.4933373556792449,0.6145247352374464,0.6380534442827098
19,2,34.0,12,0.0,0.0,,0.12963013257453443,0.28619545310693506,0.3605252965065057,0.4932578511849893,0.6140192474538723,0.648227540079214
19,2,35.0,12,0.0,0.0,,0.12013238572126791,0.2871096733094096,0.3668659056876463,0.4980520110029268,0.613614857227013,0.643707818876052
19,2,36.0,12,0.0,0.0,,0.1365044322296236,0.2801074813157374,0.36077402969660194,0.5006368691869041,0.6189538123685343,0.6436755189269157
19,2,37.0,12,0.0,0.0,,0.14003464645560765,0.2731825985548398,0.3625609032101022,0.5002416202970509,0.6131016587589794,0.6402630071254565
19,2,38.0,12,0.0,0.0,,0.12992725062090066,0.2742537581178571,0.36167688829641087,0.49647435007886653,0.6134690917116239,0.6318431580350572
19,2,39.0,12,0.0,0.0,,0.13574281144748107,0.277206796626954,0.35662281578361366,0.4925958769176041,0.6154812116043751,0.6110705936958425
19,2,40.0,12,0.0,0.0,,0.13226271419681074,0.2852048778853051,0.3525795577733758,0.49918271547586884,0.6147844285474153,0.5963057181681904
19,2,41.0,12,0.0,0.0,,0.1294786363962745,0.2772605158104939,0.355013305067699,0.49476256923520595,0.6122548032973706,0.6017146216497258
19,2,42.0,12,0.0,0.0,,0.12001118877865993,0.2723149896435665,0.3561695195815864,0.49122645224267564,0.6133331699919217,0.624926898806175
19,2,43.0,12,0.0,0.0,,0.12187458165501389,0.29123586431365334,0.3570944911926963,0.4883975586486514,0.6130659952574524,0.6371368797110124
19,2,44.0,12,0.0,0.0,,0.12160569248129571,0.288969356444459,0.35295689810064196,0.49189242768010155,0.6139821235599872,0.6315498855977943
19,2,45.0,12,0.0,0.0,,0.11371283364667692,0.28695706987663944,0.3568681523669189,0.492381410104894,0.6141734635524301,0.6403452034421269
19,2,46.0,12,0.0,0.0,,0.1240298513123923,0.280072232896483,0.359748864428067,0.4922322784956491,0.6137382301058592,0.6353087670636645
19,2,47.0,12,0.0,0.0,,0.1323822193253376,0.2864266480631133,0.3598534210597623,0.4892022196510301,0.6145199114387127,0.6459148376742533
19,2,48.0,12,0.0,0.0,,0.13814434852948926,0.2854061332560953,0.35516404199429474,0.48764282956204996,0.6140153884148851,0.6332152101403666
19,2,49.0,12,0.0,0.0,,0.12694375848523182,0.28704991043804695,0.35675658567105206,0.4912886444108204,0.6136117699958231,0.6186532146388329
19,2,50.0,12,0.0,0.0,,0.12611583236176044,0.27873654185268737,0.3632868218347304,0.49366497874075776,0.6139145115939103,0.6213978943152465
19,2,51.0,12,0.0,0.0,,0.13610577391331433,0.27370101936596647,0.35791076261426924,0.5010855400774138,0.6135310685390433,0.6266487176884877
19,2,52.0,12,0.0,0.0,,0.126784152587066,0.26805742899502305,0.35894705479327704,0.5036040099955723,0.6132820358025535,0.6262257404906111
19,2,53.0,12,0.0,0.0,,0.1259881476432278,0.2826692277395208,0.355542111784216,0.5012103584081918,0.6130250879059578,0.5947814264922754
19,2,54.0,12,0.0,0.0,,0.1281353718673081,0.28191696691268886,0.36381356740109777,0.4963846835810644,0.6128195295886814,0.6037345935870092
19,2,55.0,12,0.0,0.0,,0.14245202273016538,0.2879270729423635,0.35833215906736315,0.4925241437193623,0.6126550829348602,0.6080506044866366
19,2,56.0,12,0.0,0.0,,0.1495657432268649,0.2794382718561407,0.3585839543485984,0.48943571183000084,0.6136533937019133,0.6072325625950153
19,2,57.0,12,0.0,0.0,,0.14467838694498103,0.2801060065773679,0.3588729888150435,0.4877652278410308,0.618104741653268,0.6004663136026724
19,2,58.0,12,0.0,0.0,,0.14466267088722748,0.2731814187641442,0.3561685407045344,0.4908462454849262,0.6168832525865294,0.6129614324478927
19,2,59.0,12,0.0,0.0,,0.14796870977900123,0.2751005241037706,0.356418755266476,0.49708397762175843,0.6159060613331386,0.6096430804936184
19,2,60.0,12,0.0,0.0,,0.15935700742951825,0.27663580837547186,0.3597385313706206,0.4938838404744369,0.6157126137709514,0.5992921684490039
19,2,61.0,12,0.0,0.0,,0.16890058497470767,0.2704052602026274,0.35507213024298145,0.498349875907134,0.6137024349045325,0.5928689304593615
19,2,62.0,12,0.0,0.0,,0.15746170548231841,0.27287959725455724,0.3524933898132422,0.4949173089060497,0.6213073014514953,0.6154344337800585
19,2,63.0,12,0.0,0.0,,0.15777037533661525,0.26740029130589565,0.3572137239820071,0.4965679103369413,0.6196338301245301,0.6140563200987846
19,2,64.0,12,0.0,0.0,,0.14264457993093255,0.2675344254213433,0.36372656344284415,0.5023584664876157,0.6181065233635392,0.6150421790704035
19,2,65.0,12,0.0,0.0,,0.144454577733521,0.26312415383932447,0.3677601004612639,0.5010785805885415,0.6162607941603855,0.6112623225282283
19,2,66.0,12,0.0,0.0,,0.13923212722564265,0.25959593657370944,0.36463341942740424,0.50210076843979,0.6154080945922233,0.6214809862224959
19,2,67.0,12,0.0,0.0,,0.15042689810846016,0.27119573640461225,0.36158574250968345,0.4978972731288621,0.6147259349376939,0.6311093448093946
19,2,68.0,12,0.0,0.0,,0.14400998352559405,0.2747573676660975,0.36886007609765536,0.49706013205762767,0.6194614890459638,0.6300777982948971
19,2,69.0,12,0.0,0.0,,0.15852267350632349,0.2689025076351278,0.37789545117416923,0.49306450250061296,0.6175515565010581,0.6117655370419405
19,2,70.0,12,0.0,0.0,,0.14324641846669917,0.27806559195294817,0.3779763765124526,0.4971540879789961,0.6175705725548718,0.6191930714121548
19,2,71.0,12,0.0,0.0,,0.1419828329780927,0.2781601528363439,0.38363926510289537,0.4931396672377078,0.6170442227483378,0.6253550965742596
19,2,72.0,12,0.0,0.0,,0.1463226203890789,0.2848969840150021,0.37733675114070947,0.4956861145513466,0.6166231429031108,0.6037168689841594
19,2,73.0,12,0.0,0.0,,0.13975665107123728,0.2868581942131416,0.3797024500293123,0.4919652884955882,0.6162862790269292,0.6267060253025833
19,2,74.0,12,0.0,0.0,,0.13683111322047892,0.27858316887276313,0.3739597353932918,0.48985328463769645,0.6165583505755686,0.6137161512049033
19,2,75.0,12,0.0,0.0,,0.13357091773366775,0.2719631486004603,0.37122211783194214,0.49253901711815473,0.6179526186955309,0.6248412572909274
19,2,76.0,12,0.0,0.0,,0.13418943935079092,0.2666671323826181,0.3752644926699289,0.48944761054903474,0.6173498596608651,0.6241248965956373
19,2,77.0,12,0.0,0.0,,0.1281389668999408,0.2679918255184853,0.37849839254031836,0.48988523885096164,0.6162793469926071,0.6327768966013444
19,2,78.0,12,0.0,0.0,,0.13290238864596948,0.27227197867320346,0.3823901961221633,0.4873245879352801,0.6154229368580009,0.6421914705286232
19,2,79.0,12,0.0,0.0,,0.12275019057841594,0.27484455710958733,0.38736590980124014,0.4883681441003184,0.615326114190841,0.6355150246853096
19,2,80.0,12,0.0,0.0,,0.1336298400319114,0.2894258563632989,0.3869800653059064,0.48997902210759436,0.6157902187066981,0.6374494378644424
19,2,81.0,12,0.0,0.0,,0.12491910765131112,0.28063729859288883,0.3880297207271668,0.4903103680978093,0.6150316342292734,0.6457497506731895
19,2,82.0,12,0.0,0.0,,0.12449611169462386,0.27360645237656095,0.38304912865734975,0.49821504967272656,0.6144172303278337,0.6329805966650819
19,2,83.0,12,0.0,0.0,,0.1380683490564087,0.28155079811360756,0.379548291065154,0.4939884365926922,0.6139332435261821,0.6389886732840753
19,2,84.0,12,0.0,0.0,,0.13355340765671633,0.27433725199313586,0.38193233863025294,0.498343366074322,0.6141343595253861,0.6449726392164006
19,2,85.0,12,0.0,0.0,,0.14317896594715837,0.2685664150967585,0.3784955297532008,0.4940910897139684,0.613706946884224,0.6427801342335188
19,2,86.0,12,0.0,0.0,,0.16164953362712847,0.2703379423320473,0.3800385728369813,0.49443986045150545,0.6133650167712943,0.6514288854905208
19,2,87.0,12,0.0,0.0,,0.15388045247527776,0.28560833664245544,0.37131216341606993,0.4986706889508382,0.6142213407710606,0.6564565347332646
19,2,88.0,12,0.0,0.0,,0.16486021295749467,0.283711967422822,0.36951885539645285,0.4943529480151815,0.6149063999708738,0.6455569605520678
19,2,89.0,12,0.0,0.0,,0.16672108953815032,0.2824675318192453,0.36766941383447105,0.49434982637295793,0.6143245792406142,0.6454788904548109
19,2,90.0,12,0.0,0.0,,0.1656154446997395,0.28758539530775834,0.3614168362140617,0.49434732905917916,0.6138591226564065,0.6417222433144123
19,2,91.0,12,0.0,0.0,,0.14892063542143194,0.2951150358079767,0.36624476210697837,0.4908942601018542,0.6134867573890401,0.6383312977275655
19,2,92.0,12,0.0,0.0,,0.13556478799878593,0.28902877384038506,0.36653377397510645,0.4949106684660459,0.6143187332652575,0.6388257103884112
19,2,93.0,12,0.0,0.0,,0.1411553702581621,0.2931332883999881,0.3652813486973939,0.4913449316273476,0.613854445876121,0.6365484862959245
19,2,94.0,12,0.0,0.0,,0.15188794279037313,0.29717278990433293,0.35950638410440006,0.48849234215638904,0.6146564230923385,0.6388641181005529
19,2,95.0,12,0.0,0.0,,0.14607117980587345,0.2932230421781068,0.35488641243000496,0.4862102705796221,0.6164746157463634,0.6566777415169026
19,2,96.0,12,0.0,0.0,,0.1409957851494548,0.2900632439971259,0.35119043509048886,0.49116347684826034,0.6155791518610058,0.6577386727486175
19,2,97.0,12,0.0,0.0,,0.12922490778120418,0.28783217991877297,0.35829531296393263,0.48834717833311914,0.6177108223734653,0.6357069761158549
19,2,98.0,12,0.0,0.0,,0.11980820588660371,0.285763701816006,0.353917555517631,0.4939543889322694,0.6182830869397988,0.6478513317308416
19,2,99.0,12,0.0,0.0,,0.1281125424499576,0.28516635054526007,0.3513800191574712,0.4969417326638513,0.6170259288157542,0.6436529905987727
19,2,100.0,12,0.0,0.0,,0.12996161309076407,0.2786396574313795,0.34838532047246185,0.4929697829855919,0.6160202023165183,0.6317218559134612
20,2,21.0,14,0.0,0.0,,0.09717762100983438,0.2201533993323221,0.3212073866233466,0.4481973561075499,0.5657355737115474,0.6292571294218383
20,2,22.0,14,0.0,0.0,,0.09201711598609677,0.21462380830658495,0.32148785032620164,0.45509065010291005,0.5648383370944539,0.6298298153031823
20,2,23.0,14,0.0,0.0,,0.09707289614314077,0.2194835168287132,0.3175096037321222,0.4545157848385749,0.564120547800779,0.6303105983067968
20,2,24.0,14,0.0,0.0,,0.09193333609274187,0.21408790230369784,0.3169247082781338,0.45464099431410815,0.5667659266873406,0.6233785175247826
20,2,25.0,14,0.0,0.0,,0.08782168805242277,0.22747101927971886,0.3180617076500315,0.4535765745917858,0.5656626194750884,0.6251269257855375
20,2,26.0,14,0.0,0.0,,0.08453236962016747,0.2234461184053492,0.3173663914124612,0.4504976189030594,0.5681133657572065,0.6302352670387368
20,2,27.0,14,0.0,0.0,,0.08190091487436324,0.21725798356500664,0.31421243660112974,0.46265639167087047,0.5683557892522654,0.630612325396701
20,2,28.0,14,0.0,0.0,,0.08509948985763943,0.22034548306020776,0.3116892727520647,0.46337058333995973,0.5675228149675536,0.6308645312898269
20,2,29.0,14,0.0,0.0,,0.0823546110643408,0.22330719553988132,0.3123698299801601,0.46107917100945495,0.5678971205581743,0.6319509577962416
20,2,30.0,14,0.0,0.0,,0.08885401974296085,0.22178853594399134,0.31708305932284986,0.4621693672295873,0.5676974426618655,0.6293214927288175
20,2,31.0,14,0.0,0.0,,0.08535823497259795,0.2189001317367672,0.31759162048869705,0.4573718530133005,0.5684975744860997,0.6317700799455055
20,2,32.0,14,0.0,0.0,,0.08256160715630761,0.21782673782362855,0.3143926198621185,0.45969803516786606,0.5691376799454871,0.6350020965609238
20,2,33.0,14,0.0,0.0,,0.08032430490327537,0.21276247909963014,0.3193733934506666,0.4588458584702254,0.5675600220816056,0.6344257890144506
20,2,34.0,14,0.0,0.0,,0.07853446310084956,0.20871107212043136,0.32112532565311136,0.4547130460058112,0.5685576319707206,0.6245389173541293
20,2,35.0,14,0.0,0.0,,0.0771025896589089,0.21343755390845837,0.3172195839936499,0.4535852781078745,0.568724974160708,0.6293715347259858
20,2,36.0,14,0.0,0.0,,0.08187004874626831,0.21772565599495147,0.3197633443685943,0.4505045817159304,0.5672298574537824,0.6299213395465001
20,2,37.0,14,0.0,0.0,,0.07977105817524391,0.2156498277775353,0.32454993140845667,0.45429479748176893,0.5660337640882418,0.6303611834029117
20,2,38.0,14,0.0,0.0,,0.0780918657184244,0.2110209510627555,0.32255697041920134,0.4550089708317723,0.5671666316272007,0.6236123003299164
20,2,39.0,14,0.0,0.0,,0.09056537621257091,0.2119595403622907,0.3252666056702329,0.4516435358950487,0.5680729256583679,0.6253139520296447
20,2,40.0,14,0.0,0.0,,0.08672732014828598,0.2181419580519298,0.32908208614555495,0.45169753305352583,0.5683372091108259,0.625599922355272
20,2,41.0,14,0.0,0.0,,0.08365687529685807,0.2130146552822711,0.3389404440299348,0.45180129119906765,0.5669196454138765,0.6269040496499292
20,2,42.0,14,0.0,0.0,,0.08650425819563527,0.21695119001613022,0.3314716786951087,0.4581063527698932,0.5657855944563172,0.6215009104779753
20,2,43.0,14,0.0,0.0,,0.08347842573473749,0.2153342302780561,0.3295589502580717,0.45412144144554534,0.5669680959216611,0.6180063845616207
20,2,44.0,14,0.0,0.0,,0.08105775976601927,0.22652233891068457,0.32396648367761827,0.4531119944596618,0.566954222952655,0.6185678258447529
20,2,45.0,14,0.0,0.0,,0.08402620059742329,0.22478875319590327,0.32297020067224247,0.4501259547973602,0.5697019831264758,0.634645048417711
20,2,46.0,14,0.0,0.0,,0.08508768938874262,0.21833209139744988,0.3186954840089549,0.4499645429783875,0.5707703231754222,0.6242266743110811
20,2,47.0,14,0.0,0.0,,0.08234517068922337,0.21643895138311184,0.31863010416792,0.4510590647186425,0.569454442106079,0.6230030235087439
20,2,48.0,14,0.0,0.0,,0.08574363017306731,0.21492443937164135,0.3205201969341195,0.4518095277045718,0.5721629102216907,0.6092732766766545
20,2,49.0,14,0.0,0.0,,0.0828699233166831,0.21044064033804039,0.3192371804031366,0.46148742294500905,0.5705685117430939,0.6211035024597392
20,2,50.0,14,0.0,0.0,,0.08616343227503508,0.21012579053558417,0.31570906779367014,0.4629591198122812,0.5698345556098012,0.6184573805290927
20,2,51.0,14,0.0,0.0,,0.0926146314027293,0.21451560136497821,0.31288657770609696,0.46533243590979945,0.5724670010246686,0.6195636219365085
20,2,52.0,14,0.0,0.0,,0.0883667243004127,0.21011356993270985,0.31062858563603846,0.45990230795747034,0.570223478944951,0.6220750093149184
20,2,53.0,14,0.0,0.0,,0.0921518180837089,0.2116617380135235,0.3181271060195586,0.4555582055956071,0.5705184035125679,0.622822709602149
20,2,54.0,14,0.0,0.0,,0.0949736889556281,0.21500423698588045,0.3188832921176318,0.45208292370611647,0.5707543431666616,0.6230397973991784
20,2,55.0,14,0.0,0.0,,0.09555770912265131,0.21557427165605997,0.3154259571652663,0.45487318748173616,0.5704823431174608,0.6248720234868779
20,2,56.0,14,0.0,0.0,,0.10254710215817417,0.21560219683693424,0.3126600892033739,0.4515349092150197,0.5686357526191845,0.6290834763636362
20,2,57.0,14,0.0,0.0,,0.0963127009047686,0.21562453698163364,0.3104473948338599,0.4488642866016465,0.569248222451955,0.6265273686311292
20,2,58.0,14,0.0,0.0,,0.09595298474862199,0.2110007184260342,0.31597567580885316,0.450053705210975,0.5676484560867798,0.6210913744827287
20,2,59.0,14,0.0,0.0,,0.09594238058350546,0.21447542131588904,0.32029180085945813,0.4498578054720056,0.5663686429946397,0.6232972113518945
20,2,60.0,14,0.0,0.0,,0.09975028921242488,0.21008142589343848,0.3220574405028118,0.4542405275208797,0.5653447925209278,0.625061880847227
20,2,61.0,14,0.0,0.0,,0.09789164250918178,0.21039906291157656,0.3247266480115817,0.4531555996147391,0.5645257121419582,0.6281502024930152
20,2,62.0,14,0.0,0.0,,0.10568541814566954,0.20682033916998854,0.3262774204467606,0.4529677444480383,0.5650003159288925,0.6318689279072659
20,2,63.0,14,0.0,0.0,,0.1139204957117109,0.2039573601767181,0.3239389616498446,0.4522379746989299,0.5658791213272456,0.6367535584830997
20,2,64.0,14,0.0,0.0,,0.11471594652184929,0.205301419140343,0.3264786983841371,0.44942673898877467,0.5649531751870123,0.6360112665977832
20,2,65.0,14,0.0,0.0,,0.11135151517562827,0.20571043829384855,0.3243078702152075,0.44717775042065055,0.5642124182748257,0.635233125043938
20,2,66.0,14,0.0,0.0,,0.10335623131873188,0.20634162890023075,0.3197656196433269,0.44537855956615113,0.5652488032039921,0.6380809691369251
20,2,67.0,14,0.0,0.0,,0.10906253713142441,0.2068465813853365,0.3161318191858224,0.4506223256071342,0.565037226128935,0.6358384445239376
20,2,68.0,14,0.0,0.0,,0.10511675861594354,0.20397835394899647,0.31742739637618234,0.45088056482319433,0.5659086494872795,0.6320857587909947
20,2,69.0,14,0.0,0.0,,0.09836842607098409,0.20816685208135274,0.31749789665642114,0.4483408110881862,0.5649767977150395,0.6323054447007767
20,2,70.0,14,0.0,0.0,,0.10037786172860393,0.21350909453326702,0.31431764079629776,0.44630900810017976,0.5642313162972475,0.6302428959307944
20,2,71.0,14,0.0,0.0,,0.09457730856111238,0.21358013855579538,0.3143711379294742,0.447546331375551,0.5647647992531241,0.6318963691926326
20,2,72.0,14,0.0,0.0,,0.08993686602711917,0.21233341382621043,0.32572614527155175,0.44853618999584804,0.5640617175277151,0.6319412071198177
20,2,73.0,14,0.0,0.0,,0.09152825077984418,0.20836781990169562,0.3254759207079163,0.4492722167529254,0.5657589883276084,0.6246241065746118
20,2,74.0,14,0.0,0.0,,0.09187713329126117,0.20816355890293056,0.3207000600374939,0.45485204183005185,0.5654453742278279,0.6196437089686986
20,2,75.0,14,0.0,0.0,,0.09334401175807783,0.21373617134794137,0.316879371501156,0.45151799269367227,0.5646061775074782,0.6244548264478882
20,2,76.0,14,0.0,0.0,,0.08895022858469151,0.20949002591908034,0.31382282067208567,0.45372391686082947,0.5650646882213086,0.624489199108882
20,2,77.0,14,0.0,0.0,,0.08543520204598247,0.21883940769190363,0.31137758000882937,0.4527939747918891,0.5648899341427882,0.624640053933295
20,2,78.0,14,0.0,0.0,,0.08262318081501524,0.2279257895635965,0.31569225119117666,0.44987153906314215,0.5641618254394464,0.630018371909767
20,2,79.0,14,0.0,0.0,,0.08037356383024145,0.2208417204916045,0.31547082624537737,0.44971207255373935,0.5668373193946044,0.6338865711928577
20,2,80.0,14,0.0,0.0,,0.089899486953749,0.21517446523401085,0.31718883290133004,0.456351275120712,0.5657197336408993,0.6335333687199978
20,2,81.0,14,0.0,0.0,,0.09001100070224108,0.21484620462142345,0.3233956504154728,0.45610938653981775,0.5659555331280455,0.6324906248613263
20,2,82.0,14,0.0,0.0,,0.09158755851994169,0.21037805253786607,0.32251353406252614,0.45252386846148507,0.5666432950865679,0.6354257030848014
20,2,83.0,14,0.0,0.0,,0.0980858286816724,0.21144522154237913,0.32083185010586196,0.4529813706988458,0.5655645141944702,0.6350685632529783
20,2,84.0,14,0.0,0.0,,0.09274368212356718,0.21229895674598956,0.33302197426021335,0.45002145578870734,0.564701489480792,0.6344789623680942
20,2,85.0,14,0.0,0.0,,0.09403725082392261,0.21197469639576022,0.3334412198203753,0.44765352386059665,0.5651409377999597,0.6337732592158992
20,2,86.0,14,0.0,0.0,,0.08950481983736736,0.20808084595733548,0.3312749168838246,0.4513370677928146,0.5654924964552938,0.6409215881320415
20,2,87.0,14,0.0,0.0,,0.08969526700913577,0.20496576560659566,0.33570291084330955,0.45083283183228706,0.5657737433795611,0.6465189710947736
20,2,88.0,14,0.0,0.0,,0.09529534214958417,0.2063065346821023,0.32888165214580856,0.4483026246954604,0.5680884831503663,0.641153344062911
20,2,89.0,14,0.0,0.0,,0.09541626650427522,0.20681850601083376,0.32342464518780767,0.448456941059594,0.5689804008257292,0.6390193908668468
20,2,90.0,14,0.0,0.0,,0.09620050682510876,0.2039558936493943,0.3253423179171311,0.44640191207730595,0.5685640668759094,0.6352716518611301
20,2,91.0,14,0.0,0.0,,0.09482713437089102,0.2054986371163412,0.3299235516714309,0.4515419033187104,0.569190873857335,0.6346414332546156
20,2,92.0,14,0.0,0.0,,0.09013672667494207,0.2108138786295838,0.3242581648083056,0.4516767874112153,0.5687324453011939,0.6360537554782729
20,2,93.0,14,0.0,0.0,,0.09814523295681352,0.20715219174439437,0.3233317048770616,0.45110460752700765,0.5688648248250867,0.6294319998989198
20,2,94.0,14,0.0,0.0,,0.09741901039025791,0.20422284223624274,0.3217902754095472,0.4518459619512639,0.5679300434258105,0.6276140741076769
20,2,95.0,14,0.0,0.0,,0.10031572259600045,0.20187936262972145,0.32148902534798723,0.4547426819705385,0.5665939128658644,0.6247268418562275
20,2,96.0,14,0.0,0.0,,0.10044055509594155,0.21620560207591008,0.3175105437495507,0.4514305048060616,0.5666548765080175,0.6284286316326889
20,2,97.0,14,0.0,0.0,,0.1059257168515094,0.2195035778689305,0.31724422869415847,0.44878076307448006,0.56557377933163,0.622057420146239
20,2,98.0,14,0.0,0.0,,0.10260730239201152,0.21874564180723072,0.3229905733001695,0.44666096968921487,0.567966882508351,0.6189155595179562
20,2,99.0,14,0.0,0.0,,0.10166459987175805,0.21349760228651182,0.3187117821112964,0.44496513498100265,0.5682523745908123,0.6160654336211119
20,2,100.0,14,0.0,0.0,,0.1005116726820143,0.21293361282817802,0.315288749160198,0.44573528558283754,0.5712012562094774,0.6263992402918055
21,3,21.0,2,0.0,0.0,,0.5752286797894199,0.6380064459975754,0.6750810970171858,0.5382475073828529,0.5086137410292564,0.570162609903691
21,3,22.0,2,0.0,0.0,,0.5748609938383766,0.6396523465574858,0.6628559788950016,0.5267480239853077,0.5376485150790697,0.5761300879229528
21,3,23.0,2,0.0,0.0,,0.5733214556275896,0.6293760781457456,0.6364454886628738,0.509261840267542,0.546227250479259,0.5662977272983942
21,3,24.0,2,0.0,0.0,,0.5803082518969596,0.62829625411017,0.6521357904623701,0.5363886812111692,0.5556929138319245,0.5371603391143938
21,3,25.0,2,0.0,0.0,,0.5836976758952322,0.627797781320919,0.6360073600062507,0.5248080946237869,0.5968588898452282,0.539000985775844
21,3,26.0,2,0.0,0.0,,0.5781907882558512,0.6255952137693962,0.643630087535655,0.5148464209506678,0.6138692417966845,0.5502281422962666
21,3,27.0,2,0.0,0.0,,0.5889767423703924,0.6207049369353109,0.6544358914957746,0.5692381622852289,0.6174940694991568,0.5561741899202263
21,3,28.0,2,0.0,0.0,,0.5906324682739785,0.5989297989486998,0.6421880475049762,0.5926136238075081,0.6167996545495888,0.5479490978211687
21,3,29.0,2,0.0,0.0,,0.5919570489968473,0.6026624367876988,0.6337863581840362,0.5946651612072461,0.5997552511666993,0.5312837483899808
21,3,30.0,2,0.0,0.0,,0.5784701690448804,0.5990558061337046,0.6288480660963224,0.6484697662675349,0.5479534584898131,0.47119958255625505
21,3,31.0,2,0.0,0.0,,0.5714357714219689,0.6036923995178906,0.6389476033779051,0.6276609076621782,0.5577267856480785,0.46613457677729037
21,3,32.0,2,0.0,0.0,,0.5718266671444159,0.6074871982514469,0.6548918661393042,0.6510410118086223,0.5153611544539001,0.48294360220802046
21,3,33.0,2,0.0,0.0,,0.5632102163443744,0.6098347940674803,0.6436723845539122,0.6553416120455532,0.5285762423772644,0.49537400855118713
21,3,34.0,2,0.0,0.0,,0.5604731987115166,0.6109742898273464,0.6634470355718364,0.5806077867633721,0.5621473259725809,0.521829266217467
21,3,35.0,2,0.0,0.0,,0.5665842438969255,0.6002193083777907,0.6414731667438189,0.5837120220220516,0.55577405010661,0.5624083746201832
21,3,36.0,2,0.0,0.0,,0.5658557028929896,0.5947619969908492,0.6262276166156294,0.6047053491323465,0.5730489649102434,0.542136105329267
21,3,37.0,2,0.0,0.0,,0.5673626123212325,0.6031557917235467,0.6267837699790044,0.5874126362332822,0.5604390506153059,0.4826370460676338
21,3,38.0,2,0.0,0.0,,0.5581497000086044,0.6120457206633778,0.6441468143840349,0.6114296372802255,0.5484504234266151,0.4782211944962098
21,3,39.0,2,0.0,0.0,,0.5529793831757251,0.605406116659174,0.6325142811587697,0.6004546807908226,0.5454146990872714,0.5756597694093413
21,3,40.0,2,0.0,0.0,,0.5640345939354678,0.6030607566519597,0.635745357268634,0.628628891239508,0.5943322447781714,0.6009755886946436
21,3,41.0,2,0.0,0.0,,0.565905725155215,0.6030995787845882,0.6397492125693225,0.5936134946814354,0.5707128793082779,0.5899634145433587
21,3,42.0,2,0.0,0.0,,0.5591842032930135,0.5986830542840587,0.6520897295500876,0.5813461337285358,0.5955766550262249,0.5222868390679635
21,3,43.0,2,0.0,0.0,,0.5620254126412515,0.6059611790917512,0.6632558903285952,0.5661259138992166,0.5870728255047467,0.5761453157002974
21,3,44.0,2,0.0,0.0,,0.5664983931370651,0.6224397203891431,0.6403047057710507,0.5460198100496926,0.6470760875046009,0.5263342802481157
21,3,45.0,2,0.0,0.0,,0.5678767645164928,0.620817288113302,0.6485589980151947,0.5571552028020352,0.6304451606033833,0.5471382860358356
21,3,46.0,2,0.0,0.0,,0.5655340591528596,0.6269583317911951,0.6468168053576008,0.5681489374655235,0.6075967328850013,0.5338894721002716
21,3,47.0,2,0.0,0.0,,0.5636598948619531,0.6149088778802949,0.6514182264031606,0.585752151261603,0.6045053308843605,0.5776925040992833
21,3,48.0,2,0.0,0.0,,0.5456414772995333,0.6217807730621072,0.6373443654549014,0.5591612796932395,0.5873181355274857,0.5946348465650887
21,3,49.0,2,0.0,0.0,,0.5489912188292442,0.61270852670143,0.6226305653102489,0.5699950963566274,0.5328320218250119,0.6000814578647601
21,3,50.0,2,0.0,0.0,,0.5586440494410597,0.6286604695002523,0.6311488898273919,0.5630916515524103,0.5794404141464596,0.6047637521244599
21,3,51.0,2,0.0,0.0,,0.5664765847163441,0.6234242805878704,0.6494438805722028,0.5404254305573903,0.5947653100585677,0.5535974516414368
21,3,52.0,2,0.0,0.0,,0.5596408909419168,0.6331933263084338,0.6448295751279474,0.5406647552120978,0.5741043221749399,0.5706390880113423
21,3,53.0,2,0.0,0.0,,0.5554177253723273,0.643138850588655,0.6386966716837496,0.5002404228468443,0.588741838195493,0.5391056617584182
21,3,54.0,2,0.0,0.0,,0.5707582920635733,0.6334962425419665,0.6241671248722134,0.5470056569161745,0.5635270738095484,0.5221667213258158
21,3,55.0,2,0.0,0.0,,0.5830307454165702,0.6207164074902785,0.6214106981118043,0.5595889616089992,0.5339728977404765,0.5271371432067156
21,3,56.0,2,0.0,0.0,,0.5789026333228737,0.6131107467803509,0.6298494136565107,0.5861105489219749,0.5525435481982315,0.5408446484023872
21,3,57.0,2,0.0,0.0,,0.5717817428443637,0.6011006957608613,0.6245867684304421,0.6288097126485657,0.5408315627358486,0.51600512374811
21,3,58.0,2,0.0,0.0,,0.5591119930735087,0.6060879220877685,0.6083871950518581,0.6439123062231622,0.6159791093402581,0.5077676006586302
21,3,59.0,2,0.0,0.0,,0.5654952793865192,0.6105941593463041,0.5922042939460025,0.6292928901463571,0.5827838735721154,0.5133490259087754
21,3,60.0,2,0.0,0.0,,0.5718472978868799,0.6052450705209076,0.5803618193350022,0.6182444554576664,0.5996744013556654,0.548276356535531
21,3,61.0,2,0.0,0.0,,0.5721558883163447,0.6051996373368531,0.5819626506851998,0.6260506885959894,0.5560406634335855,0.5339048986606281
21,3,62.0,2,0.0,0.0,,0.5628567119182688,0.6061176169711301,0.5807005380902001,0.6113832044594127,0.5770658904651007,0.5726769114409945
21,3,63.0,2,0.0,0.0,,0.5767094813003266,0.6185397815059772,0.590991986814479,0.6055899472508384,0.5740839462140289,0.5977369407698191
21,3,64.0,2,0.0,0.0,,0.5748002455971497,0.6332287290149938,0.6153766331247329,0.6263616261988327,0.5667966131327994,0.5590824480159646
21,3,65.0,2,0.0,0.0,,0.5710728440173851,0.6391662620607248,0.6295705158543704,0.6510736114498685,0.5859850092335331,0.5621280792189014
21,3,66.0,2,0.0,0.0,,0.5733985960343497,0.626007682233449,0.6269326905459134,0.6266646654959847,0.6066109920870775,0.6189698239558534
21,3,67.0,2,0.0,0.0,,0.576924561755192,0.6331330494219812,0.6409606118539126,0.5792633931608409,0.6329693087517796,0.5616150970696531
21,3,68.0,2,0.0,0.0,,0.5831907367990413,0.6336261582425098,0.6367992740519045,0.5884813882827793,0.6190658139982063,0.5684983683336517
21,3,69.0,2,0.0,0.0,,0.5812306394460739,0.626524883015401,0.6275747131800129,0.5853607844240174,0.6320806749410933,0.586283144136403
21,3,70.0,2,0.0,0.0,,0.5818625745809229,0.6270979664665084,0.6164822850584519,0.6159785200154213,0.6195645154662021,0.5343332169315683
21,3,71.0,2,0.0,0.0,,0.5662220348954852,0.6261136080055475,0.6138971709872122,0.6170990105686569,0.5996882871390194,0.5182312934923949
21,3,72.0,2,0.0,0.0,,0.5572372380680067,0.6327671102608164,0.6055448177302278,0.6123420985615773,0.6024757922935846,0.5135758237019561
21,3,73.0,2,0.0,0.0,,0.5561780852126316,0.6359469254805212,0.6119009721264077,0.5846147603891404,0.5925392899258546,0.5508606589615649
21,3,74.0,2,0.0,0.0,,0.5665935555649929,0.6392478276862972,0.6195503148131738,0.5935642791972604,0.5856905441723537,0.5648728097895347
21,3,75.0,2,0.0,0.0,,0.572725918829659,0.6319859334216449,0.6115862811320255,0.57367705933508,0.5454847035061148,0.5778780103491872
21,3,76.0,2,0.0,0.0,,0.5776318094413917,0.6213164185509342,0.6138724019608366,0.5997006948633747,0.5790052180335259,0.6136843450337378
21,3,77.0,2,0.0,0.0,,0.5767834975599542,0.6236945562791802,0.6268679404888481,0.5822615521649224,0.5945845837365852,0.5798093805296177
21,3,78.0,2,0.0,0.0,,0.5684210701267572,0.6372118537051769,0.6265350678653221,0.564839949136502,0.5991392428986804,0.6139147514637826
21,3,79.0,2,0.0,0.0,,0.5694149061082465,0.6406370034284292,0.6076799592841028,0.5364491468640724,0.5510813182323471,0.5925929545524753
21,3,80.0,2,0.0,0.0,,0.5750932700500935,0.6444132532056176,0.6019204294290377,0.5740737619498587,0.5244561886011647,0.567582966282474
21,3,81.0,2,0.0,0.0,,0.5817257034349625,0.6414534805820746,0.6186434545215825,0.5678551961353028,0.5408437467630782,0.5528795860136709
21,3,82.0,2,0.0,0.0,,0.5918046745136816,0.6344775435627764,0.6189667630729244,0.6044376207969578,0.5251138451861042,0.5679915592037309
21,3,83.0,2,0.0,0.0,,0.579192622239787,0.6402633740380904,0.6070944323121233,0.5839820196710457,0.5525058905716287,0.5136041562127807
21,3,84.0,2,0.0,0.0,,0.5850051851867172,0.6398174450907819,0.6337101940580026,0.6067039365181296,0.5387221227120083,0.5008973755795383
21,3,85.0,2,0.0,0.0,,0.5896552355442615,0.6343696520941066,0.6319079854422005,0.6024554349210656,0.5402295204961559,0.5394615234767675
21,3,86.0,2,0.0,0.0,,0.5842022254250269,0.6438015011950651,0.6160043945351895,0.6113162094507356,0.5413021444807347,0.5480708614809597
21,3,87.0,2,0.0,0.0,,0.5724937816052146,0.6397079579043448,0.5957810529425352,0.6096857179273055,0.5072903678394345,0.5095894334739526
21,3,88.0,2,0.0,0.0,,0.5726730752910125,0.6453001821730584,0.5948116769994037,0.595479699977643,0.5375170071869083,0.5276715467791621
21,3,89.0,2,0.0,0.0,,0.5610704484807801,0.6393439228556165,0.6039153709685368,0.5769291096743037,0.5522177413234352,0.500049544536413
21,3,90.0,2,0.0,0.0,,0.5705074461795119,0.6325626859151681,0.6226071523659851,0.5860556832056811,0.5642416331978112,0.4707586959878114
21,3,91.0,2,0.0,0.0,,0.5676386044832749,0.6398313190820525,0.6074286810807138,0.6288200404100432,0.5700799663320428,0.5118546389105975
21,3,92.0,2,0.0,0.0,,0.5605705067554615,0.6324792539004886,0.5812633192290597,0.6423406322874033,0.5530205694190824,0.5116166209578125
21,3,93.0,2,0.0,0.0,,0.5653344684284329,0.6200062491281944,0.5964183746958234,0.5909096198650664,0.5264600880128477,0.5026544499811461
21,3,94.0,2,0.0,0.0,,0.5739186621376341,0.6071140424833585,0.6149723788269984,0.5889722717910988,0.5273994219912739,0.4860066723121643
21,3,95.0,2,0.0,0.0,,0.5807860171049949,0.620062440539124,0.6077562077099861,0.6034989034092038,0.5148072509542465,0.4969138273192025
21,3,96.0,2,0.0,0.0,,0.5745338393200129,0.6187359940578606,0.6035541849561725,0.5869109008245672,0.5075864643902854,0.5231696991226691
21,3,97.0,2,0.0,0.0,,0.5790781458336748,0.6163959542629293,0.6048275765094779,0.6140944129934663,0.5263613550768899,0.48737231760714594
21,3,98.0,2,0.0,0.0,,0.5744951642066052,0.6211774008568762,0.6022195861165953,0.5930742367123398,0.48416944579639976,0.5000787789081562
21,3,99.0,2,0.0,0.0,,0.5660557545341256,0.627998821801526,0.627590954610876,0.5973939561183841,0.5061293417963915,0.5268314652481679
21,3,100.0,2,0.0,0.0,,0.567632924419973,0.6359633897883525,0.6345246132495787,0.5775142974172767,0.5624869032725284,0.5461785419578116
22,3,21.0,4,0.0,0.0,,0.47389588834772817,0.5796152737941942,0.6167804532496579,0.6303833674287193,0.5405702181812391,0.5804993531868033
22,3,22.0,4,0.0,0.0,,0.4745153187588095,0.5729911724115374,0.6080988110259044,0.6230345442539538,0.526064144101264,0.6104135116459134
22,3,23.0,4,0.0,0.0,,0.4469968414398381,0.5754900196666467,0.614782728743956,0.6076187348956985,0.5487802942699583,0.6216467420285957
22,3,24.0,4,0.0,0.0,,0.43399908582279184,0.5769282569064028,0.6082501429507464,0.600274570037476,0.5543019656546561,0.6551847725418531
22,3,25.0,4,0.0,0.0,,0.44985336064341563,0.5801685889295993,0.6130242261263087,0.6078022998687733,0.5210275167375154,0.6702535126846941
22,3,26.0,4,0.0,0.0,,0.45824951073620623,0.5728729839555303,0.6103950880898388,0.6163743322891762,0.5318201069581272,0.6434517776577634
22,3,27.0,4,0.0,0.0,,0.45546364996519245,0.5733057266704495,0.6130017788753366,0.6175509018263474,0.552712719645833,0.6625835878455307
22,3,28.0,4,0.0,0.0,,0.4467780768439577,0.5694724363796019,0.6076283987354303,0.6198881774988559,0.5827688845829931,0.6578803888891642
22,3,29.0,4,0.0,0.0,,0.42984964917539525,0.5799123186380017,0.6101476649017405,0.5996969473002366,0.5602410056565996,0.6767103577030339
22,3,30.0,4,0.0,0.0,,0.4278280568151021,0.5789371944164265,0.6164313056920505,0.6003876388043978,0.5142347957087463,0.6533506365811453
22,3,31.0,4,0.0,0.0,,0.4373297848427299,0.5766281933721061,0.6189306818372924,0.607185483016989,0.5250901260191565,0.6526031806059982
22,3,32.0,4,0.0,0.0,,0.4311411166558775,0.5820182803335534,0.6261483842717276,0.6156639130834793,0.5048096932792705,0.6486810061484729
22,3,33.0,4,0.0,0.0,,0.44412158284270886,0.5790930621058078,0.6236761616657147,0.6054256570189027,0.5357491845726612,0.6390482419213152
22,3,34.0,4,0.0,0.0,,0.4597129005929247,0.581339592524792,0.619133137059307,0.6187573450882553,0.4696204880459048,0.6625986043701708
22,3,35.0,4,0.0,0.0,,0.45743296125069877,0.577428430730136,0.6200180358998206,0.6270075396988315,0.4737042052666419,0.6563610875101423
22,3,36.0,4,0.0,0.0,,0.45367302004310905,0.5805687279885858,0.6217499237822615,0.6263625415406429,0.44205960901198305,0.6538140335381163
22,3,37.0,4,0.0,0.0,,0.4763710765913757,0.5851707080267371,0.6184857275917863,0.5991439250618139,0.4346474652985706,0.6406513383162293
22,3,38.0,4,0.0,0.0,,0.4683319121904125,0.5753457775661803,0.623918005308415,0.6117328011255344,0.518450662198441,0.6035088611014465
22,3,39.0,4,0.0,0.0,,0.47387421927033674,0.5809923476888128,0.630212322419826,0.6156716072362567,0.5194822886092605,0.5602499166778777
22,3,40.0,4,0.0,0.0,,0.4744979834968962,0.5839807021198583,0.6215715952997705,0.6515171985169296,0.5011246243320893,0.6120732199099168
22,3,41.0,4,0.0,0.0,,0.47977001924896756,0.583720802868972,0.6260306904051518,0.636651713352963,0.5035729739581415,0.5406330361180139
22,3,42.0,4,0.0,0.0,,0.45640754663271565,0.5856026256996547,0.6247962763321769,0.6350954848787721,0.49042845891948594,0.4977968821363629
22,3,43.0,4,0.0,0.0,,0.4561162999861799,0.5891978261955921,0.6313589945135591,0.6263578447320547,0.4737376124475383,0.47093093014536896
22,3,44.0,4,0.0,0.0,,0.4468662764308206,0.5863656004624989,0.6300503421254139,0.6114841032659417,0.44425399969866763,0.48527144108358805
22,3,45.0,4,0.0,0.0,,0.4338946338155777,0.5820100776446331,0.6310646673123534,0.6185939759954671,0.4453932105525447,0.4901141710955105
22,3,46.0,4,0.0,0.0,,0.4323674208048482,0.5884135299829663,0.6253726044295285,0.6254863707082746,0.43928734943565473,0.4866335184807545
22,3,47.0,4,0.0,0.0,,0.4314451274275906,0.5914465496222413,0.6257663202899602,0.6365736575933878,0.4877685326402371,0.5088374421169243
22,3,48.0,4,0.0,0.0,,0.4451544929622469,0.5839850947410354,0.6177250450994931,0.6270689443456379,0.513903670147331,0.496813147034996
22,3,49.0,4,0.0,0.0,,0.46434931012593506,0.5873429608643655,0.6225575170300219,0.6401012410608945,0.554250879158066,0.4782453333133801
22,3,50.0,4,0.0,0.0,,0.47165108055219873,0.5942087382258125,0.624503238807214,0.6440427386733123,0.5502899259106899,0.5036355836979671
22,3,51.0,4,0.0,0.0,,0.4676450795962948,0.593992973985127,0.6262688978231503,0.6388866946007375,0.5068834766806434,0.5366037963463608
22,3,52.0,4,0.0,0.0,,0.4819771004629689,0.5942811143650544,0.6227350043429143,0.6252525308478566,0.5921090530880256,0.5470697270365007
22,3,53.0,4,0.0,0.0,,0.48982407325785654,0.5925219732294601,0.6269082420005994,0.6330146921801435,0.592114955617874,0.513764858214722
22,3,54.0,4,0.0,0.0,,0.4954762935249114,0.586935175858202,0.625391422937964,0.6290238917140035,0.630944366364727,0.5672217710300835
22,3,55.0,4,0.0,0.0,,0.474544189824426,0.5881741240910385,0.6186430044490715,0.5856723902743521,0.6322067769544141,0.5496207806207378
22,3,56.0,4,0.0,0.0,,0.48882401054912217,0.590694184344368,0.625629658828161,0.6026342835963175,0.6564771765498445,0.5415057617268951
22,3,57.0,4,0.0,0.0,,0.4872564159200562,0.594799974778423,0.62597140610174,0.6133361473390382,0.6274129375496258,0.5382591396876694
22,3,58.0,4,0.0,0.0,,0.4541782371315873,0.5923762209958238,0.6282034252505273,0.639585739662991,0.6373298928978491,0.5573981278784366
22,3,59.0,4,0.0,0.0,,0.45874119778589656,0.5909980585340759,0.6283768361552512,0.6431530063165047,0.6005278600752743,0.5368839121704091
22,3,60.0,4,0.0,0.0,,0.44339457089963863,0.5914244302317376,0.6328396448975754,0.6393348447914151,0.6510731018557369,0.5540225962722863
22,3,61.0,4,0.0,0.0,,0.4501142648003378,0.5902366259228069,0.635942032917747,0.6259957723491067,0.6477174886843617,0.508979376319309
22,3,62.0,4,0.0,0.0,,0.4512460180535901,0.5923441858097825,0.6340478568124006,0.60704773655001,0.6028630303434773,0.5154906985228257
22,3,63.0,4,0.0,0.0,,0.47103894220726944,0.5909724303852428,0.6365333404699618,0.621493370887537,0.575712244388253,0.48836007762919503
22,3,64.0,4,0.0,0.0,,0.4646978789265928,0.5877852838142195,0.6301649118395354,0.6198069823179523,0.5596360861194707,0.514937834716443
22,3,65.0,4,0.0,0.0,,0.45373153958315093,0.5888542104558526,0.6280887343767028,0.6421942192456919,0.5576104631144518,0.505743412950498
22,3,66.0,4,0.0,0.0,,0.45662229741357213,0.5824720639722557,0.6259570958161463,0.6443263529318962,0.6053675423276006,0.48557811564717407
22,3,67.0,4,0.0,0.0,,0.4507164768399098,0.5887831190450642,0.61828828206202,0.6591902322300524,0.5795309899148466,0.5302142801778852
22,3,68.0,4,0.0,0.0,,0.47471663157301425,0.587562736409137,0.60914870164092,0.6476917233337167,0.5548763551409474,0.5665500653960558
22,3,69.0,4,0.0,0.0,,0.4661548871009075,0.5808780441705519,0.6212144572632742,0.6435201117704747,0.5374136180672083,0.5838731058404665
22,3,70.0,4,0.0,0.0,,0.4893680522748628,0.5812386765095271,0.6151050523779571,0.6356246625212422,0.5655822339024906,0.6242113754684477
22,3,71.0,4,0.0,0.0,,0.4843011165081575,0.5799982807136469,0.6160068717230593,0.615972033344889,0.5376775086567273,0.5986759962115803
22,3,72.0,4,0.0,0.0,,0.4738224750490221,0.5826246079753945,0.6193452855470124,0.6379084156393857,0.5584829441185404,0.61821413505892
22,3,73.0,4,0.0,0.0,,0.44724116587213975,0.5790172836549494,0.6177520071254179,0.6277187862861608,0.597650586192364,0.6107271209511144
22,3,74.0,4,0.0,0.0,,0.4660186484538492,0.5875481964582796,0.6146521902885445,0.6405812488469738,0.5833372053445773,0.564005462478488
22,3,75.0,4,0.0,0.0,,0.4622079826428237,0.580866412209866,0.6241401020204334,0.6352300062269108,0.5937536308947295,0.5721485384296805
22,3,76.0,4,0.0,0.0,,0.4732190774995727,0.5719023409126834,0.6290656619699992,0.6212920241265792,0.555027902035361,0.5579656746620625
22,3,77.0,4,0.0,0.0,,0.46876692527953406,0.5746189544675634,0.6297244381430165,0.6227327335128707,0.5900649024844264,0.5484815131030304
22,3,78.0,4,0.0,0.0,,0.45825694784952853,0.5825006314413106,0.6249782020621361,0.6141897548531472,0.570311288554423,0.5141413545747274
22,3,79.0,4,0.0,0.0,,0.46117377530146564,0.5789181024276824,0.62397342904771,0.6385564067814828,0.6106113918260745,0.47530362526743664
22,3,80.0,4,0.0,0.0,,0.4518751996164932,0.5859399498094057,0.623103367382184,0.657783853671604,0.6049708442585227,0.47391541687114963
22,3,81.0,4,0.0,0.0,,0.45231718094192574,0.5816695571221583,0.6313543450390041,0.6643150998935343,0.6307758784573305,0.4770930390406968
22,3,82.0,4,0.0,0.0,,0.46149635470147443,0.5881411135649866,0.6318649550055255,0.6596419307095527,0.5999718158986358,0.46223972360300863
22,3,83.0,4,0.0,0.0,,0.44856691057294773,0.5849593897936833,0.6338905572192902,0.6489079634677462,0.5723360386210861,0.5232342164750448
22,3,84.0,4,0.0,0.0,,0.457533195472848,0.5845037530080321,0.6313499496705633,0.6584633916079831,0.5627638567939303,0.5831329984778661
22,3,85.0,4,0.0,0.0,,0.4514451952873305,0.5862289858109025,0.6344262233240636,0.667312119459995,0.58671310297105,0.6137644297487993
22,3,86.0,4,0.0,0.0,,0.4549257738515757,0.5876091720531991,0.6346932390929467,0.6532352965304532,0.585241645597238,0.6113868388135011
22,3,87.0,4,0.0,0.0,,0.47657468023801747,0.5944217071768794,0.6328089065250838,0.6436193438452774,0.5553483992966852,0.6170315799632888
22,3,88.0,4,0.0,0.0,,0.4658797836993346,0.5962530913773718,0.6290897601867267,0.6122852846470469,0.5527029334448738,0.6285016410723314
22,3,89.0,4,0.0,0.0,,0.467303835639963,0.5935387142749831,0.6285156296743243,0.6101486381578547,0.5280648089739883,0.597900027616302
22,3,90.0,4,0.0,0.0,,0.4584313163622385,0.5913672125930719,0.6247871929370153,0.609966053612303,0.5439350172768954,0.6016826734694185
22,3,91.0,4,0.0,0.0,,0.4383736413898882,0.5865722079134226,0.6250398508525323,0.6308778985530488,0.5662937623035939,0.5955189301309751
22,3,92.0,4,0.0,0.0,,0.44009197699165503,0.5842651058367634,0.6269638850048758,0.6194754725192568,0.5757189966058369,0.5606761823372921
22,3,93.0,4,0.0,0.0,,0.4310902056726366,0.5824194241754359,0.6249393389985191,0.6228149684196576,0.6138656286340728,0.5802427093843521
22,3,94.0,4,0.0,0.0,,0.4373718399514831,0.5788531366149825,0.6296745039701428,0.6361157175027119,0.6069265304400757,0.5949746179332859
22,3,95.0,4,0.0,0.0,,0.45006910441263714,0.5702917204367768,0.6242343816726388,0.6486198044488691,0.5762227565249468,0.5978255004737286
22,3,96.0,4,0.0,0.0,,0.43645689620103106,0.5706798752911155,0.6262492909679749,0.637408957120847,0.5543322881915704,0.5482902163183216
22,3,97.0,4,0.0,0.0,,0.457026553746758,0.5715512397389175,0.6196878649081768,0.628745376385629,0.5303272616041419,0.5460929203268902
22,3,98.0,4,0.0,0.0,,0.4610198510780332,0.5722483312971594,0.6188391651100208,0.6350523074551766,0.5965272040961522,0.5608251545932933
22,3,99.0,4,0.0,0.0,,0.4850930982998971,0.5779535501092645,0.6133055637666459,0.6451061060720668,0.5753864185426817,0.5702156802695955
22,3,100.0,4,0.0,0.0,,0.4752546598825454,0.5804279829275575,0.6174661247786848,0.647219197544426,0.5805155643175721,0.5594758039822609
23,3,21.0,6,0.0,0.0,,0.375669870125784,0.4842988315923688,0.5934169041650154,0.6324519039171692,0.5632334945706157,0.5770478945448806
23,3,22.0,6,0.0,0.0,,0.34146653103777064,0.47256957936975147,0.5954613335609171,0.6290261457142063,0.5564578943553886,0.5938776717575492
23,3,23.0,6,0.0,0.0,,0.3258759184589665,0.4688573699188498,0.5956779191530712,0.6435315730751565,0.5704495610173622,0.5844792464680033
23,3,24.0,6,0.0,0.0,,0.32652766045509335,0.4636550590550474,0.5942441801573622,0.6517066349549718,0.603995360760867,0.6420462133471477
23,3,25.0,6,0.0,0.0,,0.35001135063409616,0.4598787222817517,0.6021396721244897,0.6258254810614299,0.6154671205379063,0.5822990979487267
23,3,26.0,6,0.0,0.0,,0.34352799406169915,0.45954093500254756,0.6032693607298828,0.6193598770596785,0.6229922248733966,0.5690232273012944
23,3,27.0,6,0.0,0.0,,0.3521625081515796,0.4736516954939267,0.605619701670109,0.6153357702426141,0.6169442992948486,0.54023335895613
23,3,28.0,6,0.0,0.0,,0.35958970780181243,0.4733174104532195,0.6071522533873758,0.6327108206746301,0.6151255656575463,0.5227184445743464
23,3,29.0,6,0.0,0.0,,0.36203523854331754,0.48073610223773783,0.6050306550142384,0.6221149089441925,0.5932903638284872,0.5055803522821596
23,3,30.0,6,0.0,0.0,,0.3596828862921391,0.4938467579253564,0.6030307370448176,0.636757649948355,0.5927681763950783,0.5487686106652014
23,3,31.0,6,0.0,0.0,,0.37434608755362675,0.490420437000416,0.5993001975724814,0.6366802180652986,0.6089665975332,0.5197280841236442
23,3,32.0,6,0.0,0.0,,0.40197493786094424,0.485227798254773,0.6020966501092737,0.6374779878173032,0.5781651103594355,0.5246662668306904
23,3,33.0,6,0.0,0.0,,0.3943653087222584,0.4921224545766304,0.5998873033707592,0.6220658472710031,0.5860426717491192,0.49889092979455435
23,3,34.0,6,0.0,0.0,,0.383668237702835,0.5000698927850811,0.5981198259799475,0.6278119572905074,0.588570028659905,0.512597485007208
23,3,35.0,6,0.0,0.0,,0.35743727077379484,0.49702770723735845,0.5976957836645056,0.6295732831478678,0.5592160291987247,0.5307346606557074
23,3,36.0,6,0.0,0.0,,0.34460367866199737,0.485806524974367,0.5972810055941852,0.6237971286293285,0.5987282168360648,0.5728638741441159
23,3,37.0,6,0.0,0.0,,0.3252526141478608,0.48584899023647987,0.6028894687341568,0.6149990476540907,0.6356099662427227,0.5617039273783677
23,3,38.0,6,0.0,0.0,,0.3176778093178624,0.4931630632697308,0.6018249345482657,0.6232609482916278,0.6026397386290439,0.5164842209258291
23,3,39.0,6,0.0,0.0,,0.3211900111282472,0.49751079244731533,0.6045364196573731,0.6328363783912032,0.5843082288946737,0.5266152609797066
23,3,40.0,6,0.0,0.0,,0.323999772576555,0.49448153270809325,0.6028727318393357,0.6261166872044887,0.5742364616809466,0.5904082780839979
23,3,41.0,6,0.0,0.0,,0.3355854389778459,0.5065494736864817,0.6016070377758062,0.6351632891891528,0.5828306107434946,0.5610472163701217
23,3,42.0,6,0.0,0.0,,0.3472776042807234,0.5134585394582971,0.6059865770835812,0.6314619507374096,0.5624196521409088,0.6009033163091726
23,3,43.0,6,0.0,0.0,,0.3380143718406436,0.4958973456624941,0.6016648696034924,0.6303047354020977,0.5657659561968219,0.6281214265663717
23,3,44.0,6,0.0,0.0,,0.3282957737550817,0.5011279155255156,0.6033999408539978,0.6361253003472692,0.594906724708848,0.6223522828949656
23,3,45.0,6,0.0,0.0,,0.3124196308475144,0.493566309657062,0.5995955606198258,0.6315148244945172,0.5810296242767221,0.6515464550940516
23,3,46.0,6,0.0,0.0,,0.3256584202069043,0.48207330405289756,0.599122991497507,0.6237622469760687,0.5911836958918638,0.6478878007944326
23,3,47.0,6,0.0,0.0,,0.3330938246969199,0.48989247655114265,0.6017688655499598,0.628501884310471,0.5974168504989342,0.6173081290529122
23,3,48.0,6,0.0,0.0,,0.34028632254022134,0.4888240680652949,0.599782101109103,0.630925254632033,0.5855711175064797,0.641047773461515
23,3,49.0,6,0.0,0.0,,0.34546596137261576,0.48525254816753066,0.6004689085383326,0.6371471159574088,0.5735989958074141,0.6501341024863391
23,3,50.0,6,0.0,0.0,,0.3675424564647379,0.4928395489473355,0.6049174247952411,0.6284596440367396,0.582370086122083,0.6294096986978431
23,3,51.0,6,0.0,0.0,,0.368887681932835,0.4814918954851163,0.6036216021001108,0.6297686409128929,0.5926663146843874,0.6255042797654924
23,3,52.0,6,0.0,0.0,,0.3941550637219306,0.48076824718196554,0.6055537737313772,0.6270027007576089,0.591807427334334,0.5875405805651315
23,3,53.0,6,0.0,0.0,,0.39382092401930296,0.48902463674109276,0.6046662666686802,0.6245376813188621,0.6057706012589237,0.6092679159372978
23,3,54.0,6,0.0,0.0,,0.4016565177353578,0.49539162549942783,0.603723207793684,0.6421134825547314,0.6128038755066421,0.537456636417289
23,3,55.0,6,0.0,0.0,,0.40751706921101033,0.5009508108128532,0.6118264168927655,0.6414687739071536,0.6156136808940449,0.547464650913571
23,3,56.0,6,0.0,0.0,,0.39119856781630297,0.49806979815462105,0.6106574285193662,0.6276877522046744,0.5930193764505378,0.5082358052321174
23,3,57.0,6,0.0,0.0,,0.3881249510707754,0.4988035936883931,0.6078347951198306,0.6263514691834586,0.5862250038951189,0.493417805801624
23,3,58.0,6,0.0,0.0,,0.3731826236569451,0.49193432360515466,0.6031328844833406,0.6316911006083034,0.5855802122932203,0.535764246500627
23,3,59.0,6,0.0,0.0,,0.37788184390458596,0.4999354917359457,0.5993819155232998,0.6303891294492527,0.6224247077815191,0.5905334652279629
23,3,60.0,6,0.0,0.0,,0.36449852825061824,0.5096424769142671,0.5963811403552673,0.6158885423725035,0.6144646935984805,0.585666870118389
23,3,61.0,6,0.0,0.0,,0.3435724113201838,0.5224403851218151,0.595314895567554,0.62256163536711,0.6206697200551905,0.5925107618919179
23,3,62.0,6,0.0,0.0,,0.32966938651205635,0.5260329398522671,0.5931275243906706,0.6143248067919401,0.5923564803878016,0.5888596016662769
23,3,63.0,6,0.0,0.0,,0.35706452450000314,0.5094257033986019,0.5960596425428276,0.5980927125365134,0.587265302254451,0.5537783904149038
23,3,64.0,6,0.0,0.0,,0.3791961076012301,0.5056422238182853,0.5949924411267017,0.5930219233273808,0.6125055980912658,0.5515708234845573
23,3,65.0,6,0.0,0.0,,0.3587728941572492,0.4944173175213085,0.6015645696492936,0.6011679588647019,0.6262367341065893,0.5325543756621645
23,3,66.0,6,0.0,0.0,,0.3570730107832846,0.4886753404432092,0.604112655027326,0.581690596585215,0.6639161681249645,0.5299072890446899
23,3,67.0,6,0.0,0.0,,0.3527061723005849,0.48689215350120635,0.6014348511143004,0.5937183139742388,0.638081582913769,0.4781041188071978
23,3,68.0,6,0.0,0.0,,0.3634585040661452,0.4962928240533014,0.6027055039217315,0.6018198900025897,0.5990641587151211,0.5195011375342974
23,3,69.0,6,0.0,0.0,,0.3286905064065318,0.4926089900365137,0.6006665195053827,0.606300025568387,0.6137597405119534,0.5356798397495284
23,3,70.0,6,0.0,0.0,,0.34463148604993743,0.4998729081706125,0.600062783775203,0.6231866861716518,0.6159080813184454,0.5386887214917097
23,3,71.0,6,0.0,0.0,,0.3434732560677868,0.5147954152459401,0.6002734747037407,0.6211067713195466,0.6162287341965353,0.5585106519254548
23,3,72.0,6,0.0,0.0,,0.35406299698363564,0.5038479505328044,0.5952553422609579,0.6227796183329122,0.5919365904298945,0.6100643649794228
23,3,73.0,6,0.0,0.0,,0.3477953312008341,0.5020446785123621,0.594389800607788,0.6379706590335344,0.5860662779268824,0.6409512189322917
23,3,74.0,6,0.0,0.0,,0.34617009610713045,0.5050816789481776,0.5961550681372808,0.6289329715276427,0.6212543614181902,0.6397676614550338
23,3,75.0,6,0.0,0.0,,0.34976505672895175,0.48503168337008296,0.597147302193403,0.6240893646189049,0.5881068501799507,0.6389578618772169
23,3,76.0,6,0.0,0.0,,0.3597511665717182,0.5027033967029071,0.5936008431558879,0.6197417826766747,0.6082722898336186,0.6538898755396751
23,3,77.0,6,0.0,0.0,,0.3652365896000979,0.49396982844177534,0.5955239021757606,0.6003938753441272,0.6434831191136131,0.6387671040638241
23,3,78.0,6,0.0,0.0,,0.36362649212136466,0.4859775691764689,0.5930048884960379,0.6079432907078112,0.6058525448183222,0.619850121729038
23,3,79.0,6,0.0,0.0,,0.36557704605564756,0.484914941148958,0.5949818822569801,0.6205771437568346,0.5657316797144432,0.5959031169619025
23,3,80.0,6,0.0,0.0,,0.38206834714796145,0.49693881059881495,0.6010117401728434,0.6119853171132045,0.5688707187912689,0.6079667485277062
23,3,81.0,6,0.0,0.0,,0.37457950508574406,0.5012903909359944,0.5988846108737448,0.6276878779545308,0.5697608533790882,0.592548427660139
23,3,82.0,6,0.0,0.0,,0.3716167471233477,0.5008967987912826,0.6017645292638253,0.6331170714382984,0.5575128972310198,0.647046097501559
23,3,83.0,6,0.0,0.0,,0.37463351060089845,0.4916911224268192,0.6078357351767718,0.6354017722928031,0.5766351935220297,0.6250952691894939
23,3,84.0,6,0.0,0.0,,0.3871230687808187,0.48982579669169646,0.6031441960780448,0.6249976393493326,0.5887229439383224,0.6042147116102589
23,3,85.0,6,0.0,0.0,,0.3776068253464063,0.4760929834928452,0.6076050932814347,0.6162500645249169,0.5349977566482742,0.5896087911054921
23,3,86.0,6,0.0,0.0,,0.3756363847132912,0.4707779252609563,0.6051537290567306,0.6085527575881804,0.5558703031477363,0.6002096641379022
23,3,87.0,6,0.0,0.0,,0.39749677895931457,0.4831959535207034,0.6067269744318702,0.6093710168497487,0.5712325763834475,0.573330593889736
23,3,88.0,6,0.0,0.0,,0.3839153187512988,0.47985188857548905,0.6098926515751614,0.6102244116786218,0.5830818072110407,0.5380003580561571
23,3,89.0,6,0.0,0.0,,0.38456791134376234,0.4834082546992561,0.6085573489111795,0.6169080438346232,0.5853901341812884,0.5635358876496228
23,3,90.0,6,0.0,0.0,,0.3863195550265579,0.48464111455639103,0.6037214870655709,0.6140144990686622,0.5866532287873999,0.5558696538843668
23,3,91.0,6,0.0,0.0,,0.36994621730153937,0.4937318391370014,0.6063965017547979,0.6167290382358569,0.6084299607824419,0.5350439792353657
23,3,92.0,6,0.0,0.0,,0.3603437761002056,0.49489701908395317,0.6091080688018398,0.6162192497482868,0.6358125640006065,0.5447704758346781
23,3,93.0,6,0.0,0.0,,0.3448208970465398,0.493226764771501,0.6107970004851467,0.6179260889391035,0.6422931442379196,0.5690090264160339
23,3,94.0,6,0.0,0.0,,0.376933921212326,0.49149149864158154,0.6101952234184085,0.6110129041906577,0.647411733144674,0.5806081750135045
23,3,95.0,6,0.0,0.0,,0.37809771113279705,0.48966609766350616,0.6097138017650179,0.6174247598699745,0.616884733429541,0.5959074892723688
23,3,96.0,6,0.0,0.0,,0.36121851984543524,0.49074625794878857,0.6129699941522382,0.6244808960372935,0.6054709323566023,0.6242832777444227
23,3,97.0,6,0.0,0.0,,0.33906957299068374,0.49653722233184283,0.6117132862542533,0.6049944708152093,0.5838366559693957,0.5438305656461772
23,3,98.0,6,0.0,0.0,,0.3478738267018484,0.5021188572672528,0.6111127256754505,0.6083346169220036,0.566824888134031,0.5109237879810701
23,3,99.0,6,0.0,0.0,,0.3557353524900039,0.4985716616685294,0.601930165205033,0.5962058169933531,0.585353624989181,0.5436637672242981
23,3,100.0,6,0.0,0.0,,0.35975437880973615,0.49028205025151816,0.5986219584921166,0.6048308833406855,0.6026240241058234,0.5276847959895691
24,3,21.0,8,0.0,0.0,,0.26954816493425315,0.36452931830528545,0.529834312380135,0.61128187595308,0.6339037544570593,0.6047891943597639
24,3,22.0,8,0.0,0.0,,0.26668528020927923,0.3915563643521045,0.5252274529615819,0.6095976606501996,0.6326243492703773,0.5985109260065063
24,3,23.0,8,0.0,0.0,,0.2910465138242446,0.3832400569512758,0.5241197653293214,0.6107439358535258,0.6246421745644385,0.6005967314740361
24,3,24.0,8,0.0,0.0,,0.2831506885564597,0.37900842485273023,0.5173081755739799,0.6108966225439862,0.6188014199067972,0.596500034163921
24,3,25.0,8,0.0,0.0,,0.2952270122587416,0.36448995601914447,0.5137578146187634,0.6110187718963545,0.6227562384256154,0.5564664071150154
24,3,26.0,8,0.0,0.0,,0.28698150978427456,0.36125523864251513,0.5095831505078774,0.6118808248504496,0.6237759803194215,0.5737667393441955
24,3,27.0,8,0.0,0.0,,0.29122445951442383,0.37052257614595907,0.5042301548189303,0.6118061337415253,0.6219241210868198,0.5618942186792604
24,3,28.0,8,0.0,0.0,,0.2562866287305382,0.3663945290865302,0.5006266473212982,0.6100170668809559,0.6186202355658712,0.5817193378966409
24,3,29.0,8,0.0,0.0,,0.2621452164839518,0.3747331109346689,0.5091846117187776,0.6085858133925003,0.6256120771177639,0.5816874713486584
24,3,30.0,8,0.0,0.0,,0.24972852900991743,0.3881830533530898,0.5081977592223523,0.6090698010606515,0.6318892426032472,0.5963770518000233
24,3,31.0,8,0.0,0.0,,0.24982280746014557,0.3883885198039786,0.5038007308440359,0.6103216481818873,0.6233442551036846,0.5852378301117243
24,3,32.0,8,0.0,0.0,,0.23273735276149904,0.3864258449583956,0.5087913548578142,0.6096941354199604,0.6157542586355984,0.5733366843290927
24,3,33.0,8,0.0,0.0,,0.23032849006932002,0.3803159610657906,0.5097274622904379,0.6122066773580717,0.6181721947211468,0.5443911967793237
24,3,34.0,8,0.0,0.0,,0.233920724773016,0.37497654924134916,0.5124896126367751,0.6112021587609078,0.6167044838867746,0.5563683415453602
24,3,35.0,8,0.0,0.0,,0.22893859716254655,0.39251486388134993,0.5146993329138447,0.6103985438831769,0.6127788413004651,0.5626053796902124
24,3,36.0,8,0.0,0.0,,0.22773629589918526,0.39106227625080087,0.5178014844822134,0.6084248737126876,0.6117047821998862,0.5680851321936772
24,3,37.0,8,0.0,0.0,,0.2244378643725093,0.3980487587618863,0.5163710304876133,0.6037738323917058,0.6160682293762838,0.5202468591957213
24,3,38.0,8,0.0,0.0,,0.21910001717060856,0.4072347054450228,0.5178044671945153,0.605220216260016,0.6103054779142032,0.5497296971753842
24,3,39.0,8,0.0,0.0,,0.21128869737880981,0.41486402761166846,0.520157942594134,0.6056129898824633,0.6126563962936588,0.5651431537944697
24,3,40.0,8,0.0,0.0,,0.21292271747857314,0.41037580405848645,0.514703252888174,0.6050625517937063,0.6168638944693681,0.5852734021907819
24,3,41.0,8,0.0,0.0,,0.22762521467533042,0.408314126883001,0.5198178848619147,0.6054868583094157,0.6269253983030814,0.5956802054065063
24,3,42.0,8,0.0,0.0,,0.22290164721776154,0.40232038192323605,0.5144312067023985,0.6049616465352681,0.6270201410413891,0.6224265192313774
24,3,43.0,8,0.0,0.0,,0.2193122479118108,0.4071261360451729,0.5114562395214983,0.6066649476513938,0.6215468247734168,0.6274866783356551
24,3,44.0,8,0.0,0.0,,0.24222038207610247,0.4041854908052899,0.5071773549277215,0.6059041180088507,0.6114649274417129,0.6369536896790009
24,3,45.0,8,0.0,0.0,,0.23836172383003004,0.40561557507129775,0.513811639453243,0.6074618866225446,0.6111281999429747,0.6255951643583011
24,3,46.0,8,0.0,0.0,,0.25584790461567614,0.4112227284285745,0.5137436899667809,0.6044740531852297,0.6124794753726418,0.6257905031893266
24,3,47.0,8,0.0,0.0,,0.24129623370689907,0.41059567040830436,0.5048898356926277,0.60664504988155,0.6145977126561267,0.5954172018898334
24,3,48.0,8,0.0,0.0,,0.23742244311023547,0.4008394899730453,0.509840710352314,0.608397588524191,0.5953996518369544,0.5746957087495331
24,3,49.0,8,0.0,0.0,,0.2397707026269945,0.39459903783063577,0.5137432914594894,0.6136885953377758,0.6026753639372083,0.6010738223395734
24,3,50.0,8,0.0,0.0,,0.2356281758993605,0.3934469407866107,0.5195341070386551,0.6123876931446711,0.6090706523523888,0.5995537426965755
24,3,51.0,8,0.0,0.0,,0.2212330791717992,0.39435619080868023,0.516122631701683,0.6099496119280121,0.6091438005011718,0.6262469562310753
24,3,52.0,8,0.0,0.0,,0.20986557013082194,0.3824393611110968,0.5177513863869472,0.6093965064168603,0.6134492498591981,0.6022624662041849
24,3,53.0,8,0.0,0.0,,0.2042011455240879,0.37290589735303,0.5202431272606951,0.6130766599124848,0.6257703347354736,0.6016371236308642
24,3,54.0,8,0.0,0.0,,0.20215994026148404,0.3783382015186358,0.5201467777283021,0.6118000194870713,0.6300738279298532,0.6143241785655439
24,3,55.0,8,0.0,0.0,,0.20111355331027309,0.37092681473991584,0.5189941373297768,0.6142256659972705,0.6274130491649828,0.631157840034135
24,3,56.0,8,0.0,0.0,,0.19376994944160103,0.3638213704701828,0.5311854301134658,0.6136725357597994,0.625343751873392,0.6250676153123641
24,3,57.0,8,0.0,0.0,,0.20398089769649444,0.36716044224707045,0.5309903622419101,0.6147681694134064,0.6249383317594046,0.6133041554578194
24,3,58.0,8,0.0,0.0,,0.18856570166645845,0.36421596349619784,0.5269221326953708,0.6132513524051756,0.6395021009027989,0.5710438513900167
24,3,59.0,8,0.0,0.0,,0.19164352944633656,0.38146644833787613,0.5201146049691633,0.6128022322707917,0.6214992938645595,0.5772635330845531
24,3,60.0,8,0.0,0.0,,0.18649217231840737,0.38620580570008933,0.5148956572521528,0.6150369071234293,0.6304176367383949,0.5535892427843305
24,3,61.0,8,0.0,0.0,,0.18323995851101543,0.37838644690978473,0.5207416481974668,0.6164891965662493,0.637102186292038,0.5727853365199133
24,3,62.0,8,0.0,0.0,,0.19409539852060526,0.3790098943527944,0.5206220723088728,0.61462817412745,0.6345648712332581,0.5397852044664211
24,3,63.0,8,0.0,0.0,,0.20460725747168834,0.3952807881980302,0.5181309484383638,0.6122746991896956,0.6306595947014257,0.5584969972914431
24,3,64.0,8,0.0,0.0,,0.19365415921351023,0.3844808840834314,0.5170714878422616,0.6128855666851226,0.6345817976581114,0.5596491204747748
24,3,65.0,8,0.0,0.0,,0.1944888728845369,0.3880084683034021,0.522482312669554,0.614151446490342,0.6493647766035991,0.565225326066391
24,3,66.0,8,0.0,0.0,,0.1999765544523458,0.38380513789848614,0.5252674264911473,0.6135223075389248,0.6502282187825222,0.5733656862436414
24,3,67.0,8,0.0,0.0,,0.2148590109592877,0.4000039826386182,0.5218472317841835,0.6113900059188755,0.6553887079362151,0.6011324370545086
24,3,68.0,8,0.0,0.0,,0.20476631556081273,0.3864285119786121,0.5201721638315333,0.6114134785962657,0.6501966486272039,0.6229803214306966
24,3,69.0,8,0.0,0.0,,0.2023496585205143,0.38630820339457117,0.516691195756559,0.6105675997514632,0.6459166229903275,0.6012844163153048
24,3,70.0,8,0.0,0.0,,0.2041285544695725,0.3963352427082939,0.5185303177696697,0.6132483290251992,0.6352189555938094,0.6079136515371794
24,3,71.0,8,0.0,0.0,,0.21361632107272205,0.4009677559469754,0.5291012315495128,0.6136644705535256,0.6375318747704043,0.610484753022362
24,3,72.0,8,0.0,0.0,,0.2185211232460344,0.3861197047253645,0.5334404829820676,0.6137844135132786,0.6360831825660065,0.5961536541247365
24,3,73.0,8,0.0,0.0,,0.23431210650774686,0.40185563610012087,0.5296157206332225,0.6169446000321575,0.6316049073157893,0.6095791429327481
24,3,74.0,8,0.0,0.0,,0.239717624498799,0.38843891734424923,0.5241879225773369,0.6149924969001765,0.633382994189707,0.6200655779219979
24,3,75.0,8,0.0,0.0,,0.2454847531335434,0.3972794650485617,0.5179272368747362,0.6136537392784396,0.6331368851818724,0.6198689449988922
24,3,76.0,8,0.0,0.0,,0.2392475132575938,0.3849034907170995,0.5178060077483444,0.6156177892150334,0.6271892508772086,0.6354188064041412
24,3,77.0,8,0.0,0.0,,0.23756178440558093,0.3906108590769392,0.5156048092561493,0.6164246956921078,0.6300545931755769,0.6425719108019794
24,3,78.0,8,0.0,0.0,,0.21842966721115223,0.38820371637676415,0.518525865556057,0.613782181960046,0.641074981962907,0.6101635157529077
24,3,79.0,8,0.0,0.0,,0.21159302844829836,0.37488674624381124,0.5119683987686534,0.6115979054557723,0.6508468334664695,0.5897287563842437
24,3,80.0,8,0.0,0.0,,0.20312068139049635,0.38390170685000624,0.5177209523571418,0.6121121382396828,0.6457753635509291,0.571548853257611
24,3,81.0,8,0.0,0.0,,0.20756934611230662,0.38225844068035447,0.513523500542949,0.613519851397313,0.6417696005205044,0.5544884558074349
24,3,82.0,8,0.0,0.0,,0.21976613042434945,0.37705961552943523,0.5079665067581671,0.6146890948321095,0.6404805300742213,0.5537335134507073
24,3,83.0,8,0.0,0.0,,0.20869201113286215,0.3888372699826874,0.5124152235576712,0.6173531144209099,0.6350250592562904,0.5854352820032231
24,3,84.0,8,0.0,0.0,,0.20373686817554476,0.3780242244503025,0.5133963970946922,0.6160727485949933,0.6385953219049296,0.6032256044879815
24,3,85.0,8,0.0,0.0,,0.20929704600874338,0.37813440867545467,0.5120771207332276,0.6142950157504452,0.6372158424959762,0.6143520920100077
24,3,86.0,8,0.0,0.0,,0.20316593371680364,0.38493278063107106,0.5090084352438178,0.6141005114964683,0.6432034619457349,0.6096891676538101
24,3,87.0,8,0.0,0.0,,0.23049352440955323,0.3692294406418172,0.5104381871187605,0.6152108735172557,0.6439335144590592,0.6272704675564377
24,3,88.0,8,0.0,0.0,,0.2354623170279478,0.36519351877433337,0.5185100474374658,0.6144607017757876,0.6330932971825416,0.6398417983371357
24,3,89.0,8,0.0,0.0,,0.2523982362501326,0.3655531782752312,0.5133849367628394,0.6174106264791174,0.6267955090316774,0.6428814528674185
24,3,90.0,8,0.0,0.0,,0.25016322358944,0.37090978149272114,0.5099782102363538,0.6178589655033749,0.6445206060805019,0.6197373350153332
24,3,91.0,8,0.0,0.0,,0.23342551803690154,0.3620733251619611,0.5214897056784913,0.6157239892771507,0.6347582086029202,0.6235972646841099
24,3,92.0,8,0.0,0.0,,0.22893221888102552,0.3619771974854001,0.52677823214352,0.6147803417683717,0.62462243749579,0.6081346541149879
24,3,93.0,8,0.0,0.0,,0.22226517432879817,0.3693590709343567,0.534123184838083,0.6173833431215946,0.623092089205205,0.5714478118364921
24,3,94.0,8,0.0,0.0,,0.22123044376927967,0.37397197169478574,0.5225278069363821,0.6161078248439269,0.6237586733090207,0.5805174221089012
24,3,95.0,8,0.0,0.0,,0.23060006240632677,0.3851035918185703,0.5199467841089234,0.615187733736307,0.6253566623837576,0.5661895725166917
24,3,96.0,8,0.0,0.0,,0.21972815382303854,0.3865583413400383,0.5214349099359323,0.6169453082958414,0.6349211676510715,0.5761362837871342
24,3,97.0,8,0.0,0.0,,0.2259196742895579,0.38252998903627844,0.5248522964107205,0.6149930635111237,0.6131208324144296,0.5712891280607089
24,3,98.0,8,0.0,0.0,,0.2148068511218729,0.379366596445566,0.5204720003416814,0.6134312676833495,0.6202475096637923,0.5959575070067774
24,3,99.0,8,0.0,0.0,,0.21593070420451083,0.3838089197610428,0.5136201237394991,0.6138108214800457,0.6208207718166251,0.6192691672425059
24,3,100.0,8,0.0,0.0,,0.2221290028363163,0.3970462123812637,0.5230688611342947,0.6124854740584872,0.6302914249310166,0.6153974523371162
25,3,21.0,10,0.0,0.0,,0.20643173202853982,0.35482912253339516,0.4469893064346052,0.5737881638151827,0.6235992269927901,0.6063036339670101
25,3,22.0,10,0.0,0.0,,0.1952371447912586,0.3550518000375439,0.43985798926136177,0.5768786720279215,0.6253034933599435,0.617073970915724
25,3,23.0,10,0.0,0.0,,0.18595448093907768,0.35837696192407104,0.4383869122750343,0.5741334122405221,0.6266669064536662,0.6144794457026356
25,3,24.0,10,0.0,0.0,,0.2024915132973532,0.35981483485446353,0.4351257337352005,0.5767129459384825,0.6297908111803849,0.6014374720379049
25,3,25.0,10,0.0,0.0,,0.19283592004720385,0.3583340016726435,0.4387185874454252,0.5817121451721919,0.630894844841764,0.595073901135228
25,3,26.0,10,0.0,0.0,,0.20835414707994962,0.3513404514986183,0.44339674340586155,0.5788648477426535,0.6311399876391226,0.5877361616377105
25,3,27.0,10,0.0,0.0,,0.2136407186400982,0.3368768722762711,0.4560479118442101,0.57819118153982,0.6300514347753705,0.6162423246054833
25,3,28.0,10,0.0,0.0,,0.1954023322922486,0.3300790332692171,0.45145981208169184,0.5774903326504084,0.630465259586008,0.589055657128976
25,3,29.0,10,0.0,0.0,,0.21346435472884934,0.33371471003534625,0.4500363587081081,0.5746227407385116,0.6314709774990354,0.6005265478727333
25,3,30.0,10,0.0,0.0,,0.22261889574605087,0.3266164107974073,0.44519168827649536,0.575239420766217,0.6316008937649398,0.6150022189080945
25,3,31.0,10,0.0,0.0,,0.20700469561537904,0.32548064059627074,0.43960328386579456,0.5744287064243723,0.6345339443672129,0.6000334575031598
25,3,32.0,10,0.0,0.0,,0.18712529973162645,0.3290563443268478,0.4352139965800134,0.5750841933149056,0.6331440723630198,0.6069749047967443
25,3,33.0,10,0.0,0.0,,0.1891490163166981,0.31904958653885473,0.43713782970041193,0.5751914767157398,0.627574340381912,0.6163422832192502
25,3,34.0,10,0.0,0.0,,0.19659240307626996,0.33024901765753645,0.43813515857412566,0.5744126464496924,0.628483584071241,0.6076333323362475
25,3,35.0,10,0.0,0.0,,0.20456081935076917,0.32697676259145253,0.43911910927405007,0.5721605917779387,0.6308350101544145,0.6260779379169998
25,3,36.0,10,0.0,0.0,,0.20142741033525485,0.3263681625730495,0.44191328787650486,0.5728303002204645,0.6262814389200736,0.6155673216283709
25,3,37.0,10,0.0,0.0,,0.19270494123140475,0.3232872378882067,0.4388114912030918,0.5738054683517795,0.6293684137166897,0.613117260303904
25,3,38.0,10,0.0,0.0,,0.18470252246257776,0.3286711080559014,0.4422574587075575,0.5734041632730381,0.6296738242274627,0.6379163457906297
25,3,39.0,10,0.0,0.0,,0.20153809234383088,0.33317321050035004,0.43496934827661404,0.5713538052366154,0.6255748363609064,0.6367757567300634
25,3,40.0,10,0.0,0.0,,0.19345111960603814,0.34061502414766276,0.4384752194866769,0.5697135188074772,0.6268839808544366,0.6120922608590355
25,3,41.0,10,0.0,0.0,,0.1996347183645664,0.32829653039550655,0.4343115450767193,0.5732018499101647,0.6279312964492608,0.6272387852686148
25,3,42.0,10,0.0,0.0,,0.1985827088760987,0.34033232396223967,0.4326118373713843,0.5734988673466843,0.6269100166256742,0.6463793474412043
25,3,43.0,10,0.0,0.0,,0.1970904721812403,0.339600676730316,0.43516990949040757,0.5745574926217314,0.6288683633774015,0.6433230019138328
25,3,44.0,10,0.0,0.0,,0.18216213512516227,0.36027871318866955,0.4439201929492593,0.574726470500317,0.6274826509492408,0.641314984140193
25,3,45.0,10,0.0,0.0,,0.18056765177388898,0.3491695913590693,0.44640969959617627,0.5756473366705678,0.6313440913264541,0.6157781565073007
25,3,46.0,10,0.0,0.0,,0.17445999966147324,0.3425989597548374,0.44555265449073717,0.5731483439546391,0.6307501953006082,0.6232399280120215
25,3,47.0,10,0.0,0.0,,0.18157234188791732,0.34431549185949883,0.44608667837044286,0.5756888937980347,0.631066891845705,0.6161265313708076
25,3,48.0,10,0.0,0.0,,0.1686234435753091,0.3380140181925276,0.4467175033092503,0.5800282464731188,0.6312776252422754,0.6133705328260677
25,3,49.0,10,0.0,0.0,,0.16286320708530191,0.3419386042005804,0.4517093183919851,0.5789599845970475,0.6314462119595319,0.6079663907976974
25,3,50.0,10,0.0,0.0,,0.1717198620493577,0.3437872074160932,0.45051838063908206,0.5781053750961904,0.6315810813333369,0.6122194876680744
25,3,51.0,10,0.0,0.0,,0.17408536422686913,0.3382930526004565,0.44273246629420593,0.5791510014689347,0.6303033050567713,0.6171499091512389
25,3,52.0,10,0.0,0.0,,0.16428377701023653,0.3305346678700448,0.44824304283453154,0.5790791999195318,0.6306667558111286,0.6338762693544985
25,3,53.0,10,0.0,0.0,,0.1802503487113996,0.32769102096361785,0.4445308399490172,0.5804842646482269,0.6309575164146144,0.6146804280173539
25,3,54.0,10,0.0,0.0,,0.1714700015099674,0.3318043001908668,0.4510156967873023,0.5778825433234813,0.631190124897403,0.6306167597560407
25,3,55.0,10,0.0,0.0,,0.16751460866099613,0.3261326095678761,0.4570357409095392,0.5775056615189965,0.6313762116836339,0.6480884738139566
25,3,56.0,10,0.0,0.0,,0.18322388142772694,0.32636938733910587,0.45338701110913576,0.5785709070926651,0.6303021137749625,0.6326761493417715
25,3,57.0,10,0.0,0.0,,0.19172349547782572,0.3377200306793042,0.45057391753562437,0.5770635785028274,0.6324272502301979,0.6291629185078567
25,3,58.0,10,0.0,0.0,,0.1778685537624306,0.3469207923357885,0.45796062040539276,0.5780567479643846,0.6344073061945397,0.6363013796414585
25,3,59.0,10,0.0,0.0,,0.18500779999361278,0.35870917670963276,0.45286901719025907,0.5779866265469155,0.6339499567213435,0.6211177307234326
25,3,60.0,10,0.0,0.0,,0.18686066214329378,0.34974488983312957,0.4498944549703058,0.5787857155004726,0.6335840771427863,0.6276098536213661
25,3,61.0,10,0.0,0.0,,0.19254648191426552,0.3675375609505787,0.44826619789332034,0.578569800575786,0.6344868481427471,0.6329736960110541
25,3,62.0,10,0.0,0.0,,0.17980273063804258,0.3596845384854641,0.44691047050251714,0.581632754288166,0.6340135902799092,0.6182450074948639
25,3,63.0,10,0.0,0.0,,0.18218775160943074,0.3593049324401614,0.4458327702602153,0.5795656685076332,0.6338896174763983,0.6201531021055862
25,3,64.0,10,0.0,0.0,,0.17551496639361544,0.3629252145033915,0.44563284864457336,0.5785543587180464,0.6335358057468302,0.6400671003685855
25,3,65.0,10,0.0,0.0,,0.17672291526882122,0.36487495017934124,0.43766966022622683,0.5794098648519052,0.6432632868501378,0.647795536496937
25,3,66.0,10,0.0,0.0,,0.17513381663923117,0.35409266797324,0.44286419018705087,0.5822406898440144,0.6416407674686685,0.6445177979877645
25,3,67.0,10,0.0,0.0,,0.1898387081718625,0.3637152428679036,0.4516960616957584,0.5809673600173049,0.6454773981093525,0.6312582883263606
25,3,68.0,10,0.0,0.0,,0.201911974311133,0.3576741299860159,0.4425202306671749,0.5805759324191114,0.6428060302531935,0.6340467158267031
25,3,69.0,10,0.0,0.0,,0.1846093733361549,0.36793011834695044,0.4391787858437487,0.5810271238127573,0.6406689359682664,0.6277520635176043
25,3,70.0,10,0.0,0.0,,0.18134541796216225,0.36166966517596616,0.43772705237999643,0.5835250261135138,0.6442774437340628,0.6038395900957096
25,3,71.0,10,0.0,0.0,,0.18451564000194426,0.37635058949182343,0.4372212103884986,0.5869009930823574,0.6418460667529617,0.6224456094494605
25,3,72.0,10,0.0,0.0,,0.18737881169612575,0.37317906646268845,0.4398308535835106,0.5830539354573733,0.6388692144556343,0.6285955114528928
25,3,73.0,10,0.0,0.0,,0.1799948085253273,0.3777896960395648,0.44248268332407326,0.5806500011945939,0.6266143708939504,0.6385792848746977
25,3,74.0,10,0.0,0.0,,0.17712360774112695,0.35944623140194987,0.44962874624361177,0.5823681419314506,0.6277156084808719,0.6088360695142268
25,3,75.0,10,0.0,0.0,,0.19324462733900877,0.3515799230369355,0.45089306028669957,0.5814357417205682,0.628596598550409,0.6001540926537063
25,3,76.0,10,0.0,0.0,,0.18608260027643744,0.3370684495069249,0.4418778295399279,0.5817149712539227,0.6260117615497649,0.5853289589700872
25,3,77.0,10,0.0,0.0,,0.1941873843424416,0.33825758430991204,0.4510009281391665,0.5780024516213229,0.6272335210055234,0.5742500920144022
25,3,78.0,10,0.0,0.0,,0.18022249598180523,0.3386423784863354,0.449599887839421,0.5766614263741587,0.6282109285701304,0.6015194476189023
25,3,79.0,10,0.0,0.0,,0.16949673158304707,0.3345165741117569,0.45430109525525647,0.5762665285178794,0.6323749505349908,0.591084157296501
25,3,80.0,10,0.0,0.0,,0.1741935593878817,0.3296007582305273,0.44795189726172424,0.5761125261600009,0.6281574924296466,0.6059273830602458
25,3,81.0,10,0.0,0.0,,0.18986030674216603,0.3364844222675533,0.4520097450216533,0.5758274083465531,0.6299121299179438,0.6146325164660827
25,3,82.0,10,0.0,0.0,,0.1873000314144433,0.33196508627946597,0.4555734362215384,0.574921391754343,0.6303538157000665,0.6003257731349467
25,3,83.0,10,0.0,0.0,,0.17813507538352086,0.32137658010094927,0.4584243891814464,0.5750612354672897,0.631036108564896,0.6264974611838194
25,3,84.0,10,0.0,0.0,,0.17725134661196568,0.3129057751581358,0.45927095409748536,0.5735441199787314,0.6364509362792734,0.6059498787618014
25,3,85.0,10,0.0,0.0,,0.17913302183518479,0.33003177319521076,0.4652153017804858,0.5737726834015378,0.6354054750385415,0.6117632892855889
25,3,86.0,10,0.0,0.0,,0.18058323390890715,0.33474748081395606,0.4634457866611575,0.5762624469401503,0.6361523013901133,0.611432116139489
25,3,87.0,10,0.0,0.0,,0.1933615186894504,0.3506201417035558,0.4573781119352497,0.5811650113282635,0.6353459528778022,0.6244800057916164
25,3,88.0,10,0.0,0.0,,0.17448862489172395,0.35911339081589944,0.4470658708587679,0.5775624836807955,0.6378089106999274,0.610020078715649
25,3,89.0,10,0.0,0.0,,0.1930703647407049,0.34797988206790215,0.4468911722899403,0.5807533140079444,0.6366712403256534,0.5940064099351785
25,3,90.0,10,0.0,0.0,,0.17425570173272759,0.34708600876416984,0.4492853187615891,0.5795400386249081,0.6366583445853035,0.5996083537798983
25,3,91.0,10,0.0,0.0,,0.16890607319496925,0.3552749207604099,0.45962684646483165,0.5816669065209649,0.6357507874339542,0.5911370509853521
25,3,92.0,10,0.0,0.0,,0.1640344375745138,0.34002444768570433,0.4583194776291301,0.58189990309424,0.630778535230343,0.5985651011914728
25,3,93.0,10,0.0,0.0,,0.15672539023873855,0.3444558952214155,0.45881992892482043,0.5797267753040869,0.630438888431563,0.5966390894373332
25,3,94.0,10,0.0,0.0,,0.15197503399800233,0.3487526113414404,0.45519125593967286,0.5764118948614544,0.6276853723752851,0.6211500043687816
25,3,95.0,10,0.0,0.0,,0.1607819554452033,0.3492384131287813,0.4593132373540145,0.5766707440645713,0.623755817104662,0.6408773647005938
25,3,96.0,10,0.0,0.0,,0.14842497429632626,0.342654017170607,0.4539511107491566,0.5785068138859805,0.6254287654494411,0.628516453981855
25,3,97.0,10,0.0,0.0,,0.1557604332539271,0.3373865004040675,0.4524449340276682,0.5754359257269692,0.6313977943528306,0.6187119660122583
25,3,98.0,10,0.0,0.0,,0.15174503489940933,0.3387051626094535,0.4532165585289431,0.573843872186475,0.631542347247976,0.620429045544052
25,3,99.0,10,0.0,0.0,,0.1552035046424914,0.3342274167551448,0.44850965250454655,0.5725702293540798,0.627513006231424,0.6346833621482901
25,3,100.0,10,0.0,0.0,,0.1683387205448157,0.3334512182754051,0.44979728297114513,0.5706866581014487,0.6284345167508507,0.631200805263962
26,3,21.0,12,0.0,0.0,,0.12899761291979137,0.2627488554491698,0.3591475553943517,0.49028536711273585,0.6233848967080222,0.6244456034170931
26,3,22.0,12,0.0,0.0,,0.1390762640406938,0.26624304331263143,0.3568673364087401,0.48681102668968956,0.6234138556014936,0.6216714737528629
26,3,23.0,12,0.0,0.0,,0.14236302927144584,0.2654852343448302,0.3596800831684737,0.48930436998636784,0.6240221244032721,0.6333752323267066
26,3,24.0,12,0.0,0.0,,0.14126390915761342,0.26587854941897293,0.3606063884948065,0.4896195004690026,0.6239236377576938,0.6284434911928796
26,3,25.0,12,0.0,0.0,,0.15038544585966276,0.26987628508767625,0.359040519955505,0.4882642275754875,0.623844848441231,0.6288503729482071
26,3,26.0,12,0.0,0.0,,0.14544737085530057,0.27322034319878263,0.36371829274468853,0.4859494819445695,0.6237818169880608,0.6295044101242773
26,3,27.0,12,0.0,0.0,,0.13448635411410367,0.2624015246851221,0.3603626541536515,0.4859133144429423,0.6237313918255247,0.6292257657471476
26,3,28.0,12,0.0,0.0,,0.13769461692545323,0.2570186592986182,0.36218627599802405,0.48594344433432485,0.6236910516954957,0.6275118648587832
26,3,29.0,12,0.0,0.0,,0.13965962330229925,0.2494401775649906,0.3660674273400094,0.48489311687415865,0.6236587795914726,0.6281225569527616
26,3,30.0,12,0.0,0.0,,0.14173236954406504,0.2518982565110186,0.3650160462248812,0.4824548171246358,0.623632961908254,0.6228651126569889
26,3,31.0,12,0.0,0.0,,0.14639615239424275,0.24534385533491082,0.37518043459066897,0.4828110901253851,0.6236123077616792,0.6313727396835037
26,3,32.0,12,0.0,0.0,,0.13512967717589003,0.2510687749687856,0.38366963682803246,0.4868581209479267,0.6253886260638375,0.6214833687455054
26,3,33.0,12,0.0,0.0,,0.13308704052641412,0.2510816144798622,0.3744608918670767,0.48478949097711765,0.6231143117472937,0.6167035012031651
26,3,34.0,12,0.0,0.0,,0.14232551086029024,0.2446905417099857,0.37753495347268173,0.4874148215698093,0.6222230232536349,0.6189594030443614
26,3,35.0,12,0.0,0.0,,0.13807965764959806,0.23957768349408454,0.37390000576464033,0.49031534756648193,0.6236142249280942,0.6188666036533597
26,3,36.0,12,0.0,0.0,,0.13680731552699013,0.24222452657602994,0.37400643626034774,0.48683501105268634,0.6235973181775512,0.628874983511828
26,3,37.0,12,0.0,0.0,,0.13135888511809418,0.2588210780644883,0.3667303314129289,0.4911088694971689,0.6235837927771171,0.6354159652126412
26,3,38.0,12,0.0,0.0,,0.13159396472610418,0.2587505314881952,0.3683853621178561,0.4882251954819147,0.621838495373531,0.6402141889408872
26,3,39.0,12,0.0,0.0,,0.1300687555268903,0.2634895787721839,0.3668703940471586,0.48779294916550275,0.6221767345339008,0.6417892092839688
26,3,40.0,12,0.0,0.0,,0.1282742533828781,0.25941239768886626,0.3681506555630858,0.4898175881205174,0.6224473258621968,0.6359173741299442
26,3,41.0,12,0.0,0.0,,0.12825605190151626,0.2572252230263366,0.36398704525871556,0.4895525657868095,0.6224774379790764,0.6334161160463052
26,3,42.0,12,0.0,0.0,,0.14046583442498553,0.24960542854716522,0.3692625599578968,0.48618237625475647,0.6231953756927593,0.6375976500762779
26,3,43.0,12,0.0,0.0,,0.12891416900571,0.2435095929638281,0.3701998737485404,0.48942881828408114,0.6238505442298088,0.630484751147099
26,3,44.0,12,0.0,0.0,,0.13181901234037213,0.2550812815763426,0.3647882442065925,0.4884527440392551,0.6249162417090331,0.6416624015347046
26,3,45.0,12,0.0,0.0,,0.13016175362291033,0.25342667000148605,0.3751521940247039,0.4845239169050733,0.6252272370428278,0.6344074362981549
26,3,46.0,12,0.0,0.0,,0.12349577699520822,0.25956893824631794,0.37696702603297344,0.4853176288144542,0.6262508575942916,0.6338974953684191
26,3,47.0,12,0.0,0.0,,0.12200857181183725,0.25148040072315025,0.373758852200042,0.4899522907054969,0.6268364924006194,0.6271744165805249
26,3,48.0,12,0.0,0.0,,0.11697323154634978,0.2577247362591487,0.3676354269677938,0.48863430779528977,0.6287137494603692,0.6217971944830936
26,3,49.0,12,0.0,0.0,,0.11619209988621697,0.25000503913341493,0.36697066353426255,0.4886059415266274,0.6276769378033713,0.625165516822738
26,3,50.0,12,0.0,0.0,,0.1176277272866298,0.24969933618197554,0.3730171131392568,0.4846464748949712,0.6242350379913909,0.6230026030850659
26,3,51.0,12,0.0,0.0,,0.11788386867221094,0.2592417515087789,0.3678802113196523,0.49110420682547085,0.6240939686281888,0.6200235322918648
26,3,52.0,12,0.0,0.0,,0.11084859640349039,0.2602199861776767,0.3637706898639689,0.488148616383062,0.6239811131376272,0.6218974296227249
26,3,53.0,12,0.0,0.0,,0.10694251188767345,0.2570710322948656,0.36048307269942204,0.48719136833734183,0.6238908287451777,0.6300529628383258
26,3,54.0,12,0.0,0.0,,0.1089862057199216,0.26502566451429854,0.36409801175400175,0.48351481634354265,0.623818601231218,0.6221587076544929
26,3,55.0,12,0.0,0.0,,0.1156609988588508,0.2570214052820601,0.36608206976682517,0.49033185547967567,0.6237608192200504,0.6155081272641751
26,3,56.0,12,0.0,0.0,,0.11997472605501862,0.2726418471036314,0.3633863760314633,0.49310856877988984,0.6237145936111163,0.6249954259605222
26,3,57.0,12,0.0,0.0,,0.11424341560889606,0.2759959867562472,0.35823428322982137,0.49372662285941454,0.6236776131239692,0.6405855124809544
26,3,58.0,12,0.0,0.0,,0.11896054088742565,0.2819901883614479,0.3541126089885078,0.49737619391848054,0.6242363341747766,0.6291724931516743
26,3,59.0,12,0.0,0.0,,0.11474594076736991,0.2694174008152543,0.3545527511446456,0.49559945042518,0.6240950055748973,0.6267434080155708
26,3,60.0,12,0.0,0.0,,0.11976063941262463,0.266693169194819,0.35551424390221137,0.49640547554140807,0.6245702481355193,0.6272474054343815
26,3,61.0,12,0.0,0.0,,0.11235001299582133,0.25944399067184254,0.36017934903389914,0.4991166361944736,0.6260298403277329,0.6260830313283673
26,3,62.0,12,0.0,0.0,,0.11572779355242022,0.25842612095724293,0.3598032328691826,0.496938321640126,0.6255298104972623,0.6320677619674486
26,3,63.0,12,0.0,0.0,,0.11786238555448203,0.25309742624702214,0.3607049082553736,0.4942911225818841,0.6251297866328859,0.6320783213396705
26,3,64.0,12,0.0,0.0,,0.12337198413306501,0.24957538054813827,0.3601409089613504,0.49313139335590295,0.6233409675808848,0.6276464350875074
26,3,65.0,12,0.0,0.0,,0.13783701135874987,0.2530625122134114,0.3556379095737311,0.48826683635839147,0.6233787122997839,0.6358988486591463
26,3,66.0,12,0.0,0.0,,0.1396672045160646,0.2537529929147372,0.35939675930762033,0.4843751907603825,0.6234089080749031,0.6390840464150879
26,3,67.0,12,0.0,0.0,,0.13641696762329653,0.25659469416151426,0.36630232504332405,0.4915604725622263,0.6240213701355237,0.6308227719784559
26,3,68.0,12,0.0,0.0,,0.13821899972146393,0.2513652106451986,0.3659041819946868,0.49226238734829975,0.6226589466617712,0.6368392482918261
26,3,69.0,12,0.0,0.0,,0.1287036572070344,0.25411336691063713,0.3648854499486231,0.4919859143585481,0.622833095564493,0.6413547998311585
26,3,70.0,12,0.0,0.0,,0.1347723886831469,0.2562241260915358,0.36586772920101274,0.49026120671773066,0.6246905882173059,0.6386721144788581
26,3,71.0,12,0.0,0.0,,0.13619025843241925,0.25888014934195974,0.3688793373781426,0.49072847199041164,0.6211047949085614,0.6407902960222127
26,3,72.0,12,0.0,0.0,,0.15097601347858564,0.26462513564884366,0.37348482552679024,0.48946215002161597,0.6215897741619252,0.6390563485834817
26,3,73.0,12,0.0,0.0,,0.14412534390130932,0.26285935706169056,0.3716501823814597,0.49234812276721474,0.6225660630051415,0.6428526910666152
26,3,74.0,12,0.0,0.0,,0.14980914661101233,0.25998279052459605,0.3648453283098185,0.490550973444664,0.6238886567292994,0.6450550499501011
26,3,75.0,12,0.0,0.0,,0.1421027524607868,0.2540756877356641,0.3705814365866541,0.4891132539866234,0.6244051690590408,0.6509282121014417
26,3,76.0,12,0.0,0.0,,0.14562613866117632,0.24708580031462724,0.36759618123323035,0.48665902005618183,0.6242300734823086,0.6557890242141943
26,3,77.0,12,0.0,0.0,,0.13745424098996267,0.2535678528817939,0.3625667969881165,0.4890619278266211,0.6240899970209229,0.6564634660223146
26,3,78.0,12,0.0,0.0,,0.12650489425769176,0.25637901309001776,0.35944145754839385,0.48942554674120514,0.6211910729455488,0.6660125544978389
26,3,79.0,12,0.0,0.0,,0.1233127028187146,0.25352377918849467,0.3629296819125538,0.4892389326833597,0.621658796591515,0.6571193572327091
26,3,80.0,12,0.0,0.0,,0.1318229684541037,0.250278715635133,0.36094723703305787,0.4886039389266588,0.6220329755082881,0.6519105698759261
26,3,81.0,12,0.0,0.0,,0.12786075545187073,0.2519807815266072,0.37222011060387544,0.4874517783416124,0.6223323186417064,0.6498514893858071
26,3,82.0,12,0.0,0.0,,0.12413384460713775,0.2600792571884059,0.3759950842388266,0.4910481807104213,0.6225717931484411,0.6465203791032351
26,3,83.0,12,0.0,0.0,,0.14570188425305852,0.2582900002555584,0.37719941964871434,0.4895110197992293,0.6224932530901369,0.6442919929708846
26,3,84.0,12,0.0,0.0,,0.13310300886816845,0.2560187564406836,0.3853568651589635,0.4925374232694411,0.6227005407071855,0.647590644006251
26,3,85.0,12,0.0,0.0,,0.1342249574368551,0.25451031002779045,0.38740447323023713,0.48929518953823825,0.6234546762413498,0.6328055268321234
26,3,86.0,12,0.0,0.0,,0.13512251629180447,0.2522289826933515,0.38289878437379404,0.4881086268614827,0.6234696792281559,0.6319206101537918
26,3,87.0,12,0.0,0.0,,0.13470457250750906,0.2488806257052018,0.37967143368426604,0.49649726081252277,0.6277716231320667,0.6273869269805261
26,3,88.0,12,0.0,0.0,,0.1352625780148219,0.2548934365386354,0.37513239437566953,0.4938222959894639,0.6275115421812546,0.6308465187827158
26,3,89.0,12,0.0,0.0,,0.1247515638775791,0.26919907582707137,0.3696552075937943,0.49784556771278454,0.6267151719800796,0.6374309563059659
26,3,90.0,12,0.0,0.0,,0.1163427525677849,0.2656542595711319,0.3723953924411866,0.4978596829583428,0.6260780758191398,0.6339425410199071
26,3,91.0,12,0.0,0.0,,0.1254591814356824,0.25634865778300153,0.36904734591685634,0.498624548657685,0.6255683988903878,0.6351000891587588
26,3,92.0,12,0.0,0.0,,0.12132067520956753,0.25022730551845707,0.3780352110831484,0.49266136059981724,0.6251606573473862,0.6344771282924726
26,3,93.0,12,0.0,0.0,,0.116422914264534,0.2556806180695657,0.3699533512711694,0.48866941210516257,0.6248344641129849,0.6353443444073081
26,3,94.0,12,0.0,0.0,,0.12636355376201483,0.2573707727202592,0.366532364628292,0.4846972513577993,0.624573509525464,0.6375103394715607
26,3,95.0,12,0.0,0.0,,0.1295781773323972,0.25559192305145095,0.3664839766841402,0.4906695138801956,0.6243647458554472,0.6400345796136645
26,3,96.0,12,0.0,0.0,,0.13665275518025127,0.26181580043282004,0.36991956833094564,0.48968933999144315,0.6241977349194338,0.6384517754566431
26,3,97.0,12,0.0,0.0,,0.12586370560992263,0.2648939047446567,0.37227566688377106,0.4855131936668237,0.6243610904473049,0.6415306826214245
26,3,98.0,12,0.0,0.0,,0.11723246595365973,0.26308171897971977,0.3762300434298969,0.4837486548176385,0.6263107416442601,0.6311848207729956
26,3,99.0,12,0.0,0.0,,0.11972735502345318,0.2622231842022766,0.37990938569474575,0.4851088235995033,0.6257545315504842,0.6330057784611156
26,3,100.0,12,0.0,0.0,,0.13024655341060049,0.25780934108140474,0.3771315109132321,0.48415569335363956,0.6258946651624646,0.620026497931655
27,3,21.0,14,0.0,0.0,,0.10513246578323536,0.2052834736720328,0.32810894243869326,0.4367741555317579,0.590299652461967,0.612908620400305
27,3,22.0,14,0.0,0.0,,0.09826310635427778,0.20844010539350352,0.32762741387882865,0.43721418830926595,0.5892490178034867,0.6244000783553412
27,3,23.0,14,0.0,0.0,,0.09692356748844838,0.2099259886227761,0.335450955806253,0.4389147538851228,0.5884085100767026,0.6289546947439312
27,3,24.0,14,0.0,0.0,,0.0916959877184482,0.2125563212662888,0.3333394248671396,0.4377967862278835,0.5877361038952752,0.6295878675608563
27,3,25.0,14,0.0,0.0,,0.08984944854152074,0.20681601227914537,0.33416192890278673,0.441992597678737,0.5883280470402434,0.6272560036841932
27,3,26.0,14,0.0,0.0,,0.08603669256090608,0.20222376508943057,0.33796809449029813,0.4395266712132484,0.5903497811380248,0.6319185509556768
27,3,27.0,14,0.0,0.0,,0.08886177850412603,0.20460569793359773,0.3383622173765247,0.44166054592666343,0.5904189888344431,0.6318462172848762
27,3,28.0,14,0.0,0.0,,0.08772545718496297,0.2156896398735105,0.3314658165669934,0.4392610298115896,0.5909734773603832,0.6339677097216778
27,3,29.0,14,0.0,0.0,,0.08964123825557943,0.2093226671649227,0.32594869591936837,0.4403384957666609,0.5918778199536112,0.6285039817398621
27,3,30.0,14,0.0,0.0,,0.08587012433215303,0.21381642210411203,0.3215349994012683,0.4375103951092411,0.5916414198869122,0.6312888392763323
27,3,31.0,14,0.0,0.0,,0.0828532331934119,0.21183583469525905,0.32135843567638356,0.44061211830572067,0.5913852858608468,0.6314551831867773
27,3,32.0,14,0.0,0.0,,0.09262754505883658,0.20623962302232152,0.3239538867278453,0.4425289036006411,0.5917465149815062,0.6201865856250567
27,3,33.0,14,0.0,0.0,,0.08825916977475876,0.2066515353343367,0.32354500160730615,0.4427137924827272,0.5932347720110037,0.6239078512348529
27,3,34.0,14,0.0,0.0,,0.09111886844065167,0.20673387420494266,0.3239589045334627,0.4416380523929626,0.5921854188832416,0.619996125073474
27,3,35.0,14,0.0,0.0,,0.08705222848021082,0.2021580546300684,0.3227399950330918,0.4482194040928273,0.5943662824958418,0.628146257712403
27,3,36.0,14,0.0,0.0,,0.08817843000101472,0.2029473681395244,0.3224457289512341,0.4438151217701741,0.594220495361222,0.6278309690965361
27,3,37.0,14,0.0,0.0,,0.08469987772850127,0.1991288497777338,0.32307948640860507,0.44183296845715897,0.593515560213001,0.6292304227499355
27,3,38.0,14,0.0,0.0,,0.09101218363998263,0.19990686844439984,0.33030083871780325,0.4412612386495868,0.59298962103701,0.6336966786291921
27,3,39.0,14,0.0,0.0,,0.0907736590735225,0.19669645002163416,0.3250167136400163,0.4430455289533201,0.5919860943505224,0.6348307373441655
27,3,40.0,14,0.0,0.0,,0.08677606098650749,0.19524092436202367,0.324026069662101,0.44235930379800087,0.5917280394044412,0.6335439767458946
27,3,41.0,14,0.0,0.0,,0.08879405820547306,0.19901942535167222,0.32105109780521063,0.4406683140794202,0.5909800327979914,0.6385357721644154
27,3,42.0,14,0.0,0.0,,0.08752790493114065,0.2012489735295439,0.3226499288575476,0.4377742497594486,0.5903816275128317,0.6408028019492544
27,3,43.0,14,0.0,0.0,,0.0904497327709358,0.19971840387442458,0.3225018353110681,0.4354589983034713,0.5898996995311798,0.636592020082927
27,3,44.0,14,0.0,0.0,,0.10074146932301772,0.19654567836565398,0.3232703593484954,0.43360679713868944,0.590058923548967,0.6352287099035774
27,3,45.0,14,0.0,0.0,,0.10005404796602324,0.19885549045859005,0.3193923301445699,0.4335504208307368,0.5918152932221126,0.6391053490728746
27,3,46.0,14,0.0,0.0,,0.10047064719884187,0.20894662116481838,0.3171764337845429,0.4383937719325801,0.5904615304116032,0.6432812840582377
27,3,47.0,14,0.0,0.0,,0.1043956363176715,0.21189585956935497,0.3216007295116513,0.43595461604197644,0.5910966936938312,0.6369232638881491
27,3,48.0,14,0.0,0.0,,0.09767364278182669,0.20843654711420348,0.3180566262750947,0.43469628590384,0.5910165188790881,0.627249580971277
27,3,49.0,14,0.0,0.0,,0.09229604795315083,0.2035201929574771,0.31882719324510567,0.43854267502419314,0.5898225109371837,0.6282237765427332
27,3,50.0,14,0.0,0.0,,0.08799397209021016,0.19958710963209597,0.3168024668587396,0.4399841721014311,0.5888673045836601,0.6245615371697901
27,3,51.0,14,0.0,0.0,,0.08959478708030769,0.20407740285458228,0.31421801615276534,0.4387682087221645,0.5881031395008413,0.623924294780615
27,3,52.0,14,0.0,0.0,,0.09168373067586638,0.20103744425196007,0.31538711167230027,0.4431563076862476,0.5891207978935017,0.624191690842894
27,3,53.0,14,0.0,0.0,,0.08750411826838259,0.19760091066768232,0.31696687182385236,0.44588307730331805,0.5905656703289348,0.6243426101207153
27,3,54.0,14,0.0,0.0,,0.09065107074222334,0.203875628537046,0.31434954012485555,0.44194606033856687,0.5905917001871711,0.6263497202869741
27,3,55.0,14,0.0,0.0,,0.09294826541980195,0.19987145809575108,0.3241953667635134,0.4387964467667659,0.58948265598365,0.6226635120227678
27,3,56.0,14,0.0,0.0,,0.08851574606353105,0.19881702593532033,0.3201323360765843,0.43850240205571717,0.5897252887109433,0.6214845258295751
27,3,57.0,14,0.0,0.0,,0.09080420874486557,0.1958245760143706,0.3186012535774161,0.43801017828580074,0.5887895268026678,0.6309693212528004
27,3,58.0,14,0.0,0.0,,0.09357549329827569,0.19343061607761075,0.3224995511712772,0.4405844884251634,0.5891707853661575,0.6327121446922473
27,3,59.0,14,0.0,0.0,,0.0918424009974684,0.1915154481282029,0.3187756836027954,0.44312522028976675,0.5883459241268392,0.6310869463045614
27,3,60.0,14,0.0,0.0,,0.09122276425823893,0.19731714383027135,0.3176594271012599,0.43973977472772585,0.589775777366776,0.6301094309294276
27,3,61.0,14,0.0,0.0,,0.08860659892905481,0.19863641207618649,0.3149035843467815,0.4397147004175254,0.589959785817444,0.6360207730610684
27,3,62.0,14,0.0,0.0,,0.08504241287093334,0.19888503741393532,0.3214925792195671,0.43701135882993275,0.5901069925779784,0.6348512437707747
27,3,63.0,14,0.0,0.0,,0.08219106402443614,0.19989072694311766,0.31797010604142734,0.4348486855598586,0.5902247579864061,0.6399886925905148
27,3,64.0,14,0.0,0.0,,0.08959323721631454,0.1966835368206084,0.3151521274989154,0.43461180304066493,0.5903189703131482,0.6384150658381234
27,3,65.0,14,0.0,0.0,,0.09367177394216038,0.20334900041837867,0.31378427166801937,0.4389353774226935,0.5903943401745418,0.631780786745876
27,3,66.0,14,0.0,0.0,,0.09339067930735034,0.1994501556008172,0.3118034600001891,0.44193394823927595,0.5904546360636568,0.637271667637997
27,3,67.0,14,0.0,0.0,,0.09007635049334316,0.19929929388761491,0.31876828880413266,0.4437703877290642,0.5905028727749487,0.6365452756470475
27,3,68.0,14,0.0,0.0,,0.09872633902259852,0.20085208104756522,0.31939652326833606,0.4437069797854655,0.5862221665175039,0.6337328001087877
27,3,69.0,14,0.0,0.0,,0.0931382049457683,0.20042083424501334,0.31629326128044244,0.4457512301294937,0.5871168971380264,0.6356696602977407
27,3,70.0,14,0.0,0.0,,0.09804169854533437,0.19710762266212495,0.3220303350431735,0.44836637545357955,0.5867028135443343,0.6357610460876121
27,3,71.0,14,0.0,0.0,,0.09259049256395699,0.19445705339581426,0.31840031070031244,0.45006705210451026,0.5886312828496009,0.6396363374134102
27,3,72.0,14,0.0,0.0,,0.09353326655877461,0.19233659798276567,0.32091531988860683,0.4460935017020399,0.5911339324350954,0.6376474806761363
27,3,73.0,14,0.0,0.0,,0.09180861960586756,0.19548822615227948,0.3245983769603039,0.44783993118909715,0.5910463098720997,0.6378354394935764
27,3,74.0,14,0.0,0.0,,0.08760402941238353,0.2010061112898915,0.3274629498271174,0.44637430911296655,0.5898463437315928,0.6371701726384253
27,3,75.0,14,0.0,0.0,,0.08424035725759631,0.1975758442980275,0.3286148249396167,0.4452018114520621,0.5900162389092977,0.6403125951026862
27,3,76.0,14,0.0,0.0,,0.08999121685374704,0.20204832493726324,0.3280147631993112,0.44140104765756216,0.5901521550514613,0.6427171032797989
27,3,77.0,14,0.0,0.0,,0.08615010721068712,0.21184998038094927,0.32806542360616486,0.4397858212458349,0.5891310198750821,0.6405977943895508
27,3,78.0,14,0.0,0.0,,0.08307721949623918,0.2110989320708263,0.3232283815507055,0.44086162829326286,0.5863032152380653,0.6424591822077098
27,3,79.0,14,0.0,0.0,,0.08583498501325842,0.20565010092277536,0.3228364381653251,0.4413799722368245,0.589271478345867,0.6355709151948087
27,3,80.0,14,0.0,0.0,,0.08786759741874628,0.20881955351070366,0.32252288345702074,0.438343576285372,0.589556346600717,0.6343075930006655
27,3,81.0,14,0.0,0.0,,0.09080561055584171,0.21312455974398517,0.32665930635628854,0.43671472104672926,0.589242678555012,0.6398132692033007
27,3,82.0,14,0.0,0.0,,0.09764490033305132,0.20941950725390762,0.32584096929999296,0.4402085763935533,0.5884034386779228,0.6382747271283522
27,3,83.0,14,0.0,0.0,,0.09227305399413052,0.20635054991932425,0.3299332260952899,0.4408575307170569,0.5888619148663615,0.6376247007349647
27,3,84.0,14,0.0,0.0,,0.09045447757696658,0.20669938770152627,0.3283284731012618,0.43927416242340833,0.5892286958171125,0.63410369514857
27,3,85.0,14,0.0,0.0,,0.08652071578926275,0.21069840508160836,0.325301658700033,0.44279328168037324,0.5883922524876032,0.63508532109556
27,3,86.0,14,0.0,0.0,,0.09371424353854414,0.20532967933140095,0.3210173696258001,0.44446656749162006,0.5907987866733853,0.6358005173628292
27,3,87.0,14,0.0,0.0,,0.09274775079667434,0.2047023105662852,0.32039552640315067,0.44081285248920843,0.591277315631537,0.6333031541188706
27,3,88.0,14,0.0,0.0,,0.09599459778402124,0.20164561279774454,0.3188118058386692,0.4405731626267115,0.5900311483391426,0.6330666350608081
27,3,89.0,14,0.0,0.0,,0.09095281195490648,0.19808744550430993,0.31943133689596526,0.4376981285972816,0.5911239567366187,0.6275972449815908
27,3,90.0,14,0.0,0.0,,0.09840573407852607,0.20306546900359254,0.3163211121825458,0.4361330580733719,0.5899084612232082,0.6245482878940108
27,3,91.0,14,0.0,0.0,,0.09809779667908791,0.19922333046898832,0.3138329324118102,0.43414604495460996,0.5900659329025897,0.6287178308793282
27,3,92.0,14,0.0,0.0,,0.1115127706643942,0.2052412794820193,0.31184238859522184,0.43463041609443415,0.5901919102460951,0.629398376469174
27,3,93.0,14,0.0,0.0,,0.10336735025920485,0.20096397885172976,0.31024995354195106,0.4329439313714597,0.5914225602110095,0.6381804707910725
27,3,94.0,14,0.0,0.0,,0.09685101393505337,0.19958612719758193,0.31317862305569805,0.43525777078137595,0.5912772120928309,0.6387396749616222
27,3,95.0,14,0.0,0.0,,0.10100996924164644,0.20131864266205227,0.3113189411103321,0.4334458151210131,0.5921208077395692,0.6374158517350093
27,3,96.0,14,0.0,0.0,,0.09496510912100664,0.2014934812308063,0.31891993300581944,0.43199625059272284,0.5945946686647046,0.6355203653219335
27,3,97.0,14,0.0,0.0,,0.0901292210244948,0.20893182491564555,0.32582339429538215,0.43237787151519785,0.5926850307656768,0.6338248358918822
27,3,98.0,14,0.0,0.0,,0.10220873204808542,0.20876440769858334,0.3246714141863937,0.4311418957080707,0.5922871885365646,0.6375729025347823
27,3,99.0,14,0.0,0.0,,0.10055192421273565,0.20378248142498095,0.32051317401488855,0.43360418616867075,0.591968914753275,0.6390099219923584
27,3,100.0,14,0.0,0.0,,0.09459867309787802,0.2144037419108627,0.32042323796199884,0.43557401853715083,0.5911695293235344,0.638673550644396
28,4,21.0,2,0.0,0.0,,0.6102973914102838,0.6101124426229146,0.6348840495890887,0.6530949924585435,0.5718787671477946,0.4589071502854817
28,4,22.0,2,0.0,0.0,,0.6003169548487313,0.6116677972974504,0.6433606119116135,0.6510577351839338,0.5608832581992488,0.5007972441148836
28,4,23.0,2,0.0,0.0,,0.5936862244358734,0.6130238752626549,0.6238762262763267,0.6493790599366214,0.5551200229643121,0.5093584071167402
28,4,24.0,2,0.0,0.0,,0.6013730913144103,0.6201824008294816,0.629855811044095,0.6421805106818831,0.5653628574259126,0.5474867256933922
28,4,25.0,2,0.0,0.0,,0.5993041579792406,0.6194087384245136,0.6395764090423274,0.6443022526911838,0.5811922920196957,0.49727396546099667
28,4,26.0,2,0.0,0.0,,0.5928759869402809,0.6263724789842987,0.6178323564013855,0.6471303440589166,0.6088781707755923,0.5218532598207328
28,4,27.0,2,0.0,0.0,,0.5986351590865449,0.6252483755888714,0.6115444688382965,0.6460579928380233,0.6269069156654734,0.5860993172624328
28,4,28.0,2,0.0,0.0,,0.5875417665225646,0.625015298618816,0.6103626479073232,0.6404178981590742,0.5910207077980453,0.5969281238656197
28,4,29.0,2,0.0,0.0,,0.5964575249837634,0.6243792388317512,0.6150491125970576,0.6333707944760585,0.5741601009940512,0.6075373242370167
28,4,30.0,2,0.0,0.0,,0.603590131752722,0.6212522494334579,0.6097247726778405,0.6178035796687784,0.5606234453901878,0.5840381945789778
28,4,31.0,2,0.0,0.0,,0.6010777903298898,0.6230378519621436,0.6039304874098379,0.6218270133787639,0.5381410958103997,0.5826714211562166
28,4,32.0,2,0.0,0.0,,0.5990679171916243,0.6354547779246746,0.609474734584108,0.6191267742717586,0.5578674491452645,0.6013493111360119
28,4,33.0,2,0.0,0.0,,0.5945492651237887,0.630500278510878,0.6155686486753915,0.5999195998775081,0.5688373559880338,0.5640480070293089
28,4,34.0,2,0.0,0.0,,0.5924914781903592,0.6348609843344739,0.6051659132370949,0.6067946994919807,0.6126102230044042,0.5399289689129148
28,4,35.0,2,0.0,0.0,,0.600417294317999,0.623799736590113,0.5775018440224632,0.5672790525086105,0.629658209208473,0.5529466533390957
28,4,36.0,2,0.0,0.0,,0.6067579472201106,0.6410870594639813,0.5552690401237362,0.5991206434664449,0.593417460578973,0.5518094876882301
28,4,37.0,2,0.0,0.0,,0.6118304695418001,0.6380194914909065,0.5758909682919757,0.6000786518439806,0.614428009039889,0.5523682850010784
28,4,38.0,2,0.0,0.0,,0.6028970361903284,0.6350774455591789,0.582188390824801,0.5990870039473946,0.5745824224646193,0.5998976113629545
28,4,39.0,2,0.0,0.0,,0.5957502895091513,0.6359666285661103,0.6066397004039691,0.6084210167355976,0.5560056799643001,0.5830953078353682
28,4,40.0,2,0.0,0.0,,0.6030243433730325,0.6355200550350506,0.5892406028492047,0.5946925904348548,0.5717556849090586,0.5672311404480541
28,4,41.0,2,0.0,0.0,,0.6088435864641375,0.6364524181187441,0.6002746858633076,0.5600726241056052,0.5456771211445102,0.5889085443386162
28,4,42.0,2,0.0,0.0,,0.6039269352626382,0.6299656854467438,0.6159789311103874,0.5905359542303225,0.5375246365241004,0.591664518429879
28,4,43.0,2,0.0,0.0,,0.5999936143014388,0.6293072500736612,0.631373456400984,0.550837719048813,0.5372626049667553,0.6035445792410248
28,4,44.0,2,0.0,0.0,,0.6064190032068624,0.6222663715446382,0.6524460906284256,0.5817795464622866,0.5543434779443315,0.5722758439265578
28,4,45.0,2,0.0,0.0,,0.6115593143312014,0.6322581622916511,0.6700173033475924,0.6007101700047366,0.5387895706474418,0.5716150746057244
28,4,46.0,2,0.0,0.0,,0.6108985388598487,0.6285486126217215,0.6471526231390226,0.6248185146457697,0.5752655457601079,0.5428739588098223
28,4,47.0,2,0.0,0.0,,0.6151429428535906,0.6348113840793397,0.6446982243439142,0.6251647494085837,0.5324948366596527,0.5230427604120889
28,4,48.0,2,0.0,0.0,,0.6137654416777603,0.6470144323385273,0.6368506189052946,0.6254454985549444,0.5669998386890229,0.49421452964945817
28,4,49.0,2,0.0,0.0,,0.6030913950627124,0.6548207278656781,0.6493429869827889,0.6080234231609637,0.5911075825544317,0.47281369942830037
28,4,50.0,2,0.0,0.0,,0.6006788009778822,0.6578880570994283,0.6631078232791472,0.6066611404836959,0.5801964800455918,0.49553339178228056
28,4,51.0,2,0.0,0.0,,0.5844036556648107,0.6576131707848603,0.6623855538057708,0.6014915158283805,0.6180928895096458,0.47940083022244806
28,4,52.0,2,0.0,0.0,,0.5939470362975602,0.6518133037885735,0.6622917902684903,0.6084679894532659,0.5899088440300353,0.47123209519267756
28,4,53.0,2,0.0,0.0,,0.6015817408037595,0.6523274341415629,0.6451725733021862,0.6185192979892895,0.5533935235393693,0.4815438279582243
28,4,54.0,2,0.0,0.0,,0.6076895044087192,0.6490234638597301,0.6422768118088725,0.6079110960132115,0.5668638469323894,0.5145351485498535
28,4,55.0,2,0.0,0.0,,0.5947852427803041,0.6580776573553166,0.6182242677019998,0.6186943319603732,0.5439520738815128,0.5127884372344441
28,4,56.0,2,0.0,0.0,,0.6022523059899548,0.6540030599390804,0.6141347810350496,0.6004001346300087,0.5252771025424197,0.519683038608015
28,4,57.0,2,0.0,0.0,,0.598653910883292,0.6535139737372238,0.6114049359040028,0.5686755103159415,0.4896681609036695,0.4887272990851968
28,4,58.0,2,0.0,0.0,,0.589445035706299,0.6572350217896475,0.6347013362335207,0.5873641400823846,0.48671845207774,0.5246216769606118
28,4,59.0,2,0.0,0.0,,0.5884080946563675,0.6530180751590611,0.6294058339054835,0.6151401209890272,0.5278280901857579,0.5363073628985446
28,4,60.0,2,0.0,0.0,,0.5889321606528061,0.641550935640877,0.5970723453731925,0.6086154668570625,0.533428587394625,0.5202810679046344
28,4,61.0,2,0.0,0.0,,0.5975698402879566,0.6290974871868101,0.618474998749929,0.5915400469369592,0.573582448458066,0.5045579860057848
28,4,62.0,2,0.0,0.0,,0.6044799839960767,0.6386795945118522,0.616935563305919,0.5997909950876746,0.5847105767827523,0.45243321382058366
28,4,63.0,2,0.0,0.0,,0.5922176264501903,0.6237633806381577,0.6090931561603962,0.5526262909481654,0.563794975224593,0.5120767076729047
28,4,64.0,2,0.0,0.0,,0.5776347160426573,0.6247410339020397,0.5902051387331357,0.5661434381301503,0.5533714066421632,0.5354313167705398
28,4,65.0,2,0.0,0.0,,0.578959838925454,0.6221958607142783,0.59411441087171,0.5888457822551064,0.5475362145492071,0.5689417691836369
28,4,66.0,2,0.0,0.0,,0.5895919829060746,0.6292254544639836,0.5884721049090887,0.6251331236683526,0.5152644955024454,0.559198871719899
28,4,67.0,2,0.0,0.0,,0.5980976980905712,0.6244210341934847,0.6047447873965603,0.5931520850062051,0.5318337238495501,0.5266335897922406
28,4,68.0,2,0.0,0.0,,0.6049022702381686,0.620072288930939,0.6106405502782704,0.5814894812134217,0.5455664083144589,0.6043227328091891
28,4,69.0,2,0.0,0.0,,0.6021487860073185,0.6189685112091314,0.6170785499780501,0.5646927595767677,0.5429480630862916,0.6294539802417256
28,4,70.0,2,0.0,0.0,,0.5903526680591836,0.6210909916580852,0.6479392717611121,0.585132674638347,0.4973318980904188,0.5462381484014689
28,4,71.0,2,0.0,0.0,,0.5987062462130585,0.6327373103702222,0.6629601397884651,0.6038073044989491,0.5316622695413209,0.5436216023851748
28,4,72.0,2,0.0,0.0,,0.6040547333894456,0.6291927865318718,0.6692756887623746,0.6054325986999786,0.5473246457857626,0.5579793037222667
28,4,73.0,2,0.0,0.0,,0.6014494716392689,0.6233646741280674,0.637347913544764,0.6016812601514908,0.5384598109605124,0.5352475883850412
28,4,74.0,2,0.0,0.0,,0.5993652622391273,0.6351676639414247,0.6320672010553492,0.5803773972042532,0.5616869547336593,0.5202545754407766
28,4,75.0,2,0.0,0.0,,0.5929248703481902,0.632356987614594,0.6408430218772578,0.5873804087786542,0.5776114611818997,0.5595804092193642
28,4,76.0,2,0.0,0.0,,0.5925455812062644,0.6271427930627167,0.6312663965924119,0.5766046114736983,0.5695807095748419,0.5239269669468155
28,4,77.0,2,0.0,0.0,,0.5887987888249482,0.6263696125430542,0.6166489256364593,0.5578641530249996,0.5576558780759868,0.5224842297994836
28,4,78.0,2,0.0,0.0,,0.59746314282567,0.6262851339680046,0.6308021346045566,0.5835689254470433,0.5138526392849748,0.5259822549998251
28,4,79.0,2,0.0,0.0,,0.5948225803518641,0.6172489419491098,0.6544857602542132,0.574714229856176,0.5004848393274735,0.5562483198421784
28,4,80.0,2,0.0,0.0,,0.5870907118211568,0.6215062753860426,0.6418377701348084,0.556664979937944,0.524523765635626,0.5438402380829519
28,4,81.0,2,0.0,0.0,,0.5960966812226369,0.6249017816670609,0.6394298768534447,0.5686299283535853,0.5716802925556944,0.5371786173114149
28,4,82.0,2,0.0,0.0,,0.5889563866986138,0.6271127776627062,0.6479178109181776,0.5896031079369448,0.5767593813331012,0.5488919173548483
28,4,83.0,2,0.0,0.0,,0.5893707942866034,0.6337348593656416,0.6601713929824213,0.6251938799918795,0.569744129619459,0.5564109397939875
28,4,84.0,2,0.0,0.0,,0.5979207471949942,0.6259084984392672,0.6617004677501386,0.6223719031084162,0.5834758200781341,0.5240852365117892
28,4,85.0,2,0.0,0.0,,0.5999876851508832,0.6229265665554352,0.6497977785075009,0.6078425471050038,0.5799686944556915,0.5388048968717076
28,4,86.0,2,0.0,0.0,,0.5886237873740354,0.6284956295613303,0.6411828357817748,0.6133259283391443,0.5955311459020356,0.5747905376272131
28,4,87.0,2,0.0,0.0,,0.5877510959905564,0.6296692644154919,0.6305944909781219,0.6214997583777466,0.6129024785642645,0.5680259020591357
28,4,88.0,2,0.0,0.0,,0.5966249885581567,0.6277980354818703,0.6317598311316625,0.6392375776237955,0.6008556602272054,0.5703553115920932
28,4,89.0,2,0.0,0.0,,0.6016343603808455,0.6335023485494522,0.624412105619777,0.5914696421646146,0.5825855104128594,0.5246025129246173
28,4,90.0,2,0.0,0.0,,0.6029585756995642,0.6304242686249577,0.6474088728021226,0.604660374819212,0.5893972501624507,0.5521255111119412
28,4,91.0,2,0.0,0.0,,0.604017947954539,0.6306122937015596,0.6431625814371993,0.5879106482560422,0.5399392187027341,0.5138541972499802
28,4,92.0,2,0.0,0.0,,0.6035310704118063,0.6253319566059706,0.6358294646298592,0.6210272560577149,0.5219556178091758,0.5569638812166782
28,4,93.0,2,0.0,0.0,,0.5962575168863334,0.6156375421852595,0.6436465662888129,0.6101419219283977,0.5534410313201299,0.4944339602728315
28,4,94.0,2,0.0,0.0,,0.5904386740659552,0.6215273582073235,0.6496340858131979,0.6222920681814703,0.5537685743209554,0.5239522552266298
28,4,95.0,2,0.0,0.0,,0.5987750510184757,0.6194380958544502,0.6664419469114473,0.6139716782833624,0.5590511572064948,0.5289098341834817
28,4,96.0,2,0.0,0.0,,0.5958721069061086,0.6101368982522466,0.665719504580071,0.6176968299399188,0.5530852878233099,0.5466876400995587
28,4,97.0,2,0.0,0.0,,0.5970143975730619,0.6164023337801469,0.6364238758977614,0.58781083514843,0.5595633597476664,0.498324871883345
28,4,98.0,2,0.0,0.0,,0.6040356298241611,0.6226281791810213,0.6305003599095684,0.6230713846151964,0.605688500113534,0.49865989750667594
28,4,99.0,2,0.0,0.0,,0.6048795912542165,0.6127971334362007,0.6383790314668537,0.6061429372983392,0.5961233682628579,0.493324123416954
28,4,100.0,2,0.0,0.0,,0.6007557390947014,0.6194446360912069,0.636671266376654,0.603611900930032,0.5547337681216404,0.5488529013825074
29,4,21.0,4,0.0,0.0,,0.4762076545051389,0.557528666269157,0.6350637403188755,0.5914419114016363,0.546235972343395,0.5535431507849938
29,4,22.0,4,0.0,0.0,,0.43546861247278973,0.5629009960393894,0.6344311580222597,0.6073452028010575,0.5511115998407206,0.5695432585883907
29,4,23.0,4,0.0,0.0,,0.42157468014585664,0.5704056911168642,0.6366591850625026,0.6073197101804545,0.530947945771176,0.5728320252817126
29,4,24.0,4,0.0,0.0,,0.41691186853501333,0.5645578088796219,0.6359141193900839,0.6089910186395732,0.5584223929778951,0.5894909490415161
29,4,25.0,4,0.0,0.0,,0.4148394824472028,0.5752580456514715,0.6318900954118725,0.6088689363829294,0.5841165749958411,0.5780697401144618
29,4,26.0,4,0.0,0.0,,0.45666670726455816,0.565540963118844,0.6293206071512506,0.5941194324379557,0.6067939402538685,0.592314457514821
29,4,27.0,4,0.0,0.0,,0.4567315519888454,0.5551975316696589,0.6303527215010107,0.6000505599748529,0.6178452594274144,0.6014800027880313
29,4,28.0,4,0.0,0.0,,0.4498103903802281,0.5655129828761014,0.6279608034803805,0.578741155025128,0.628193845976625,0.6114765062116713
29,4,29.0,4,0.0,0.0,,0.4357141490285226,0.5653052839043942,0.6261757884681302,0.625927335365368,0.6053904708654538,0.5618426427329127
29,4,30.0,4,0.0,0.0,,0.4134444531660118,0.5642470985360972,0.6283801511090984,0.6198045378499639,0.5663266244709091,0.595329447714594
29,4,31.0,4,0.0,0.0,,0.41983718694018,0.5673509883020627,0.6290722606749,0.6172695106783322,0.5940071600189779,0.5372020076478032
29,4,32.0,4,0.0,0.0,,0.419584157801296,0.5763512495487969,0.6292461241353138,0.631920750965026,0.5752470036453612,0.5699707504857625
29,4,33.0,4,0.0,0.0,,0.4087131336409221,0.581796725274906,0.631218029153232,0.65483784792569,0.552083690502408,0.5569269958880962
29,4,34.0,4,0.0,0.0,,0.44433183905901086,0.5813800814849694,0.6338740120605338,0.6464110213947201,0.5797384902461223,0.5135578456950185
29,4,35.0,4,0.0,0.0,,0.4362719761379088,0.5846654103514718,0.6334361567078653,0.6492825421451748,0.5816348580417083,0.561370533623637
29,4,36.0,4,0.0,0.0,,0.4057200827962288,0.5776100447172221,0.6337504505201703,0.6456627330431508,0.5698920984129223,0.5389283187914575
29,4,37.0,4,0.0,0.0,,0.42392904962518624,0.5711791958965334,0.6351579794278901,0.6491183617827483,0.5406361642878229,0.5508883384150377
29,4,38.0,4,0.0,0.0,,0.44256553280895494,0.5742958608403824,0.6343721062539216,0.6268629077542128,0.5481708700282947,0.5015053988484747
29,4,39.0,4,0.0,0.0,,0.43983119387269987,0.5755235074403751,0.6360611760061936,0.6282522743776482,0.5940879767656926,0.5651428649638117
29,4,40.0,4,0.0,0.0,,0.45941896882016275,0.5629666575635865,0.6378825101396484,0.6247058035173403,0.5864483125534312,0.5238406659151817
29,4,41.0,4,0.0,0.0,,0.4659019972776039,0.5726179533537978,0.6389548090202237,0.629818675528987,0.6244983328155468,0.5003402250257561
29,4,42.0,4,0.0,0.0,,0.4621187698462076,0.5749085757725009,0.6413097212975944,0.6258184386934795,0.6035298827400565,0.4822369190498038
29,4,43.0,4,0.0,0.0,,0.4602946026540334,0.5741719120800861,0.6379957692799332,0.6409852059645065,0.6111490950936692,0.5254334580219261
29,4,44.0,4,0.0,0.0,,0.4472981650078804,0.5742216000820906,0.6342616169466839,0.6207540273441056,0.6004435450168483,0.5167756938072554
29,4,45.0,4,0.0,0.0,,0.44091006195907195,0.5794082990218357,0.6326121786917611,0.6045080063995225,0.6191478074256691,0.5471662319898506
29,4,46.0,4,0.0,0.0,,0.44757163821163176,0.5794693404825131,0.6290349616172968,0.5846739264141767,0.5931133345658073,0.5536583139186956
29,4,47.0,4,0.0,0.0,,0.4520341345065405,0.5795834701676059,0.6325588339565333,0.5769357947070575,0.5768963784637278,0.5339355970013272
29,4,48.0,4,0.0,0.0,,0.4446988375580001,0.5784550969267571,0.629090989088118,0.588629835570169,0.5965904835695601,0.5277798503722851
29,4,49.0,4,0.0,0.0,,0.4446157824694568,0.577441731232617,0.633510772032777,0.59853383725774,0.6321552236605825,0.5138429530658356
29,4,50.0,4,0.0,0.0,,0.4553092389907635,0.5714167559062827,0.6324803790605975,0.5872194316722268,0.5849004446389526,0.5450957370872798
29,4,51.0,4,0.0,0.0,,0.46646301249414535,0.5722550946642393,0.6338999470241528,0.5795676422067075,0.6198860963372445,0.5429198147211487
29,4,52.0,4,0.0,0.0,,0.4717350941803099,0.5746821387554554,0.6296140086960623,0.580460960052279,0.6402482278869817,0.5256638282114523
29,4,53.0,4,0.0,0.0,,0.44226120928744156,0.5756884122694087,0.6274985717583597,0.5818366608820847,0.652897719936256,0.5170826597849781
29,4,54.0,4,0.0,0.0,,0.45166403811157574,0.5787404301295397,0.6261498932938666,0.594583078329365,0.6401113514586976,0.47776677717873295
29,4,55.0,4,0.0,0.0,,0.43397600122063273,0.5787041065572873,0.6247839122091868,0.5822322694188847,0.666955919474525,0.49262900213691224
29,4,56.0,4,0.0,0.0,,0.43954900498112587,0.58030484383744,0.6244760760712083,0.5791344410336279,0.6605806317607997,0.5264493604710809
29,4,57.0,4,0.0,0.0,,0.43305742099052474,0.5779039478335233,0.6237798202469286,0.6033680976614233,0.6690647078836787,0.5467013956027629
29,4,58.0,4,0.0,0.0,,0.4322695802819593,0.5797947611989235,0.6232598163780991,0.6040289827795193,0.6390032100052202,0.5226266021007058
29,4,59.0,4,0.0,0.0,,0.43508087565592196,0.5772447907717431,0.6277579135682225,0.5972049935522882,0.6580230280118361,0.5313566834916535
29,4,60.0,4,0.0,0.0,,0.4364339268002798,0.574827780325216,0.6276793636713277,0.6194059377437598,0.6438652668603865,0.5401813028488547
29,4,61.0,4,0.0,0.0,,0.43974672821729116,0.5787195886888629,0.626387410522577,0.611140258972943,0.5934299858199759,0.4901318783781261
29,4,62.0,4,0.0,0.0,,0.4479777094152322,0.5720556056139195,0.6277126334240872,0.6239790927803188,0.6195520680864071,0.4508545306895256
29,4,63.0,4,0.0,0.0,,0.43147372831337866,0.5685866899675658,0.6297144647908473,0.6267006079724171,0.5874230262330472,0.4814314029782496
29,4,64.0,4,0.0,0.0,,0.44860127575950876,0.5785137086765798,0.6275572796541615,0.6167483567189713,0.5546954098852728,0.48069864780706606
29,4,65.0,4,0.0,0.0,,0.45794261418655247,0.58237231210476,0.6219022568139462,0.5975408619332467,0.5715417613372464,0.4431952683232206
29,4,66.0,4,0.0,0.0,,0.46732432320082423,0.5854591948473042,0.6239575466695355,0.5925716289430316,0.5475060501662273,0.487535023619652
29,4,67.0,4,0.0,0.0,,0.4652576447378582,0.5799971131699904,0.6253527562660508,0.56490546659099,0.5650179784048796,0.5324182013689142
29,4,68.0,4,0.0,0.0,,0.4536243327959105,0.582241930903341,0.6246276993202932,0.5605656521172236,0.6208222749727238,0.5240405454151617
29,4,69.0,4,0.0,0.0,,0.4568966607002637,0.5764991540499553,0.6248146260256602,0.5612744002892108,0.588975718033107,0.5157146514680842
29,4,70.0,4,0.0,0.0,,0.45459895296758157,0.58678690594087,0.6273656308886347,0.5784793448651425,0.5500103427870753,0.5226276165411776
29,4,71.0,4,0.0,0.0,,0.46368645129220337,0.5889908699161922,0.6289403352937059,0.5904828152693401,0.531491305809371,0.5067310137413678
29,4,72.0,4,0.0,0.0,,0.47110074382209755,0.5907540410964501,0.6294589147957212,0.5905605958188509,0.5161955890887556,0.5392179658435619
29,4,73.0,4,0.0,0.0,,0.46898839473824794,0.5873915536698325,0.6249319596472428,0.5905340027287985,0.5339591794783836,0.5105906861279902
29,4,74.0,4,0.0,0.0,,0.44406305643855654,0.5778387971263232,0.6305880402596087,0.5975427258974396,0.5396309281200556,0.5146148307929881
29,4,75.0,4,0.0,0.0,,0.4175245708077025,0.5770593584937309,0.6324904998783294,0.6037222924539094,0.4980436930417776,0.5370819882010058
29,4,76.0,4,0.0,0.0,,0.3967598158425113,0.5825539677709891,0.6305766605274157,0.613564099989649,0.4973854949260996,0.5381800143801915
29,4,77.0,4,0.0,0.0,,0.4260414919273379,0.5721879978112941,0.6316789297608707,0.6181793698278489,0.49809472079417294,0.5057199486961979
29,4,78.0,4,0.0,0.0,,0.4264650141382934,0.5784661238849036,0.6318264725376684,0.6092285938459608,0.5052646012554132,0.48039716599312693
29,4,79.0,4,0.0,0.0,,0.4254694565603453,0.5753940063042509,0.6306878359494967,0.6091444006678906,0.5297652625415878,0.4877912864709068
29,4,80.0,4,0.0,0.0,,0.39832345658413026,0.5731742908251969,0.6264701108403721,0.614225271255094,0.5018286861806598,0.5310602615828068
29,4,81.0,4,0.0,0.0,,0.39592256242789536,0.57332775345283,0.6301306250443364,0.593246401696771,0.46237080698750865,0.5380765397346418
29,4,82.0,4,0.0,0.0,,0.4057029917518049,0.5772885764812826,0.6261099688887903,0.5992253968552357,0.4816129697828009,0.5707982037110224
29,4,83.0,4,0.0,0.0,,0.42377108291945065,0.5798913344838708,0.6292804836534526,0.5833680102101597,0.5004458694073541,0.5656052989028891
29,4,84.0,4,0.0,0.0,,0.4284478416845413,0.574349638866734,0.6341933858867709,0.5810716045313153,0.5353050588938323,0.5239264308788323
29,4,85.0,4,0.0,0.0,,0.43415645952483184,0.5669890966085078,0.633234042558758,0.5929700897507942,0.5328755327725198,0.47459678971262553
29,4,86.0,4,0.0,0.0,,0.4360319696302903,0.5772867367468486,0.6378816310326406,0.5922824857307833,0.519325248081173,0.45946539906858846
29,4,87.0,4,0.0,0.0,,0.41794271151473283,0.5784018906594748,0.6396344579764609,0.6005189581229752,0.5360599300932076,0.45565989320456135
29,4,88.0,4,0.0,0.0,,0.4116897318602861,0.5769020414081711,0.6365661294032839,0.6132318788817133,0.5582607390924872,0.49772447995134883
29,4,89.0,4,0.0,0.0,,0.4258314394854956,0.5843271009937967,0.6344872637848691,0.6071283214005729,0.5844092084939393,0.5244765744605067
29,4,90.0,4,0.0,0.0,,0.4458489870307779,0.5838890315247693,0.6357240309632696,0.6239153560307884,0.5839557915241704,0.5208772265111208
29,4,91.0,4,0.0,0.0,,0.429488303889307,0.5791087584344146,0.6317597142299387,0.6299250648813776,0.6204435007992753,0.483832403481849
29,4,92.0,4,0.0,0.0,,0.4353898659571575,0.5780753275402043,0.6323469457537956,0.6363873046722175,0.603730598284349,0.4316565732510428
29,4,93.0,4,0.0,0.0,,0.44997249463100786,0.5846108697899947,0.6296037541762415,0.6372556036955922,0.5835122120638,0.4167118990326009
29,4,94.0,4,0.0,0.0,,0.44180413620762166,0.5904286813326707,0.6326332331475183,0.640842769379517,0.5813914550392029,0.42034323420570485
29,4,95.0,4,0.0,0.0,,0.4406149405723948,0.600270656831102,0.6308905284677485,0.615894309163638,0.5875820510186344,0.48314205988171927
29,4,96.0,4,0.0,0.0,,0.451744207953822,0.605078899352488,0.6302115515865736,0.593471503573692,0.576163830655448,0.4890040674234064
29,4,97.0,4,0.0,0.0,,0.43528552654438196,0.6036244646454866,0.6325406020847452,0.5926466671951885,0.6086820067534725,0.47391037544012804
29,4,98.0,4,0.0,0.0,,0.43209855058840485,0.5967525307500424,0.63566012956683,0.6119086527018804,0.6153186316764854,0.46986526606445145
29,4,99.0,4,0.0,0.0,,0.421086963021745,0.5927984597505753,0.6287630186034149,0.6157034223289,0.5769797638502943,0.4450898798398521
29,4,100.0,4,0.0,0.0,,0.4087157417486365,0.5922712112968962,0.6279139642907515,0.6152058639706668,0.5828540524889234,0.4516574564441229
30,4,21.0,6,0.0,0.0,,0.3360661649851164,0.5198463180873306,0.5991381453907837,0.6027327373290656,0.6256661953105602,0.6207129285841223
30,4,22.0,6,0.0,0.0,,0.34805287317061806,0.5153608445733818,0.5993150070222113,0.6147856580297872,0.6208845645786143,0.5682229117582078
30,4,23.0,6,0.0,0.0,,0.37307423560420566,0.5168889922693655,0.5960921072286812,0.6183236757609787,0.6428761300002115,0.6089757298587115
30,4,24.0,6,0.0,0.0,,0.3843616221752131,0.5205385800495812,0.5928348983403318,0.6222978987990603,0.6406979059344678,0.6239291962598876
30,4,25.0,6,0.0,0.0,,0.38263377559952516,0.5223901003791692,0.5941451138093108,0.6251297346264542,0.6425071918935489,0.593008788449814
30,4,26.0,6,0.0,0.0,,0.40261738284739634,0.5217815744114482,0.5970134252577654,0.6258946851320091,0.6180685857876783,0.5704031296992845
30,4,27.0,6,0.0,0.0,,0.4048317383836724,0.5313154123654626,0.5933881166162998,0.6195965393005938,0.6498327717112735,0.5603719931245383
30,4,28.0,6,0.0,0.0,,0.3822310426421152,0.5276000980742895,0.5907256588885085,0.6223944527786094,0.6032012291236055,0.571810056979821
30,4,29.0,6,0.0,0.0,,0.3819409585612522,0.5221635832152716,0.593403531422679,0.6270863915745752,0.5977844090752836,0.5453637287626157
30,4,30.0,6,0.0,0.0,,0.36233356458115545,0.5295557895593919,0.5847609282901008,0.6244696254268872,0.5958945233384036,0.5316131032467772
30,4,31.0,6,0.0,0.0,,0.345528120303928,0.5234347300846988,0.588451970283131,0.6237436274181631,0.6000670951107602,0.542339639549284
30,4,32.0,6,0.0,0.0,,0.3258241539806155,0.5278649125332393,0.5891560331516017,0.6267304848981703,0.5641995772694516,0.561757171576465
30,4,33.0,6,0.0,0.0,,0.3264744544866801,0.5211838605074084,0.594899183633666,0.6317193876454632,0.5864628452649645,0.5289370649463483
30,4,34.0,6,0.0,0.0,,0.3005482201148158,0.5245353152043465,0.5982828612390801,0.6432819767968181,0.6160375789944261,0.5610121900070504
30,4,35.0,6,0.0,0.0,,0.31011073133860595,0.5126172901833602,0.5932531262019382,0.6386542353810412,0.623341034972505,0.5922711451065877
30,4,36.0,6,0.0,0.0,,0.28610362275997225,0.5280878930361815,0.5931718855828141,0.637366336106284,0.5971837103511325,0.577732912423971
30,4,37.0,6,0.0,0.0,,0.3207576956344011,0.5322436987741823,0.5929319653913482,0.6399892652963022,0.617172552312817,0.5749854854126485
30,4,38.0,6,0.0,0.0,,0.30571214282500303,0.542573911038488,0.5947518287611055,0.6405711161838187,0.6235696747563584,0.56431838187646
30,4,39.0,6,0.0,0.0,,0.3227407087412458,0.5527223060379182,0.5982224487344577,0.641703306169987,0.6084375649452342,0.5583800851472027
30,4,40.0,6,0.0,0.0,,0.3313788855267531,0.5482597363156259,0.5969357735818349,0.6353202358931448,0.6278510305280481,0.5313286108066915
30,4,41.0,6,0.0,0.0,,0.33615056801173526,0.5420537251907885,0.5935730048410025,0.6285684428791931,0.582222310705158,0.5253608808705678
30,4,42.0,6,0.0,0.0,,0.3587486893973758,0.5495856814176754,0.5939094641996961,0.6304768633269444,0.5937138159844852,0.5366296479619311
30,4,43.0,6,0.0,0.0,,0.36672175581752064,0.5472567719325603,0.5921876529381411,0.6285151070644002,0.575498383535445,0.5564563824376993
30,4,44.0,6,0.0,0.0,,0.3671844388539234,0.5522192171440325,0.5896293216243731,0.6275278521205341,0.5812755405197307,0.5577601439098256
30,4,45.0,6,0.0,0.0,,0.37866130196382297,0.5349961118688508,0.5986243870954212,0.6279828922431699,0.5689551859471158,0.5085485238417281
30,4,46.0,6,0.0,0.0,,0.3925941833057689,0.5278241817349167,0.5953194121706148,0.6353109938805251,0.5793932748079722,0.5570749567955098
30,4,47.0,6,0.0,0.0,,0.39390840341148675,0.5220866376277696,0.5913104603452555,0.6324554945682388,0.5757375848522635,0.6097700983379248
30,4,48.0,6,0.0,0.0,,0.3741741195133804,0.5174594085394011,0.5923572205805422,0.6380546550159517,0.5932812934007257,0.5580262303844842
30,4,49.0,6,0.0,0.0,,0.38855171249412795,0.5195277175834623,0.5934071810602983,0.6354261392814118,0.5983978085035913,0.5571748354411742
30,4,50.0,6,0.0,0.0,,0.3759788213445658,0.5243839790113244,0.585281365654242,0.6352507393728897,0.6352972353094353,0.5311067099867042
30,4,51.0,6,0.0,0.0,,0.3745876563072733,0.5273454477792016,0.5848651941343059,0.6169242513945101,0.6150777889722359,0.5669795442293124
30,4,52.0,6,0.0,0.0,,0.3826991931872021,0.523052557255917,0.5816881486731047,0.625819327924394,0.6030658237970035,0.539616644014523
30,4,53.0,6,0.0,0.0,,0.39074094525300745,0.5223487337154975,0.5897806036706136,0.6315525200125411,0.5806476494954207,0.5490288317401687
30,4,54.0,6,0.0,0.0,,0.3743961561381809,0.513189467357414,0.5911721461320963,0.6344032159559763,0.5778345305459012,0.5481723592972753
30,4,55.0,6,0.0,0.0,,0.3865438704173229,0.5130993420678507,0.5819946377406007,0.6228975626046163,0.5877920849819104,0.5867782515424798
30,4,56.0,6,0.0,0.0,,0.3869133920561461,0.5093714041350975,0.5769118525584206,0.6177735845984961,0.6172618424244243,0.5365573827639689
30,4,57.0,6,0.0,0.0,,0.3738691591306168,0.5100448914899974,0.5825162118341055,0.6114798509622122,0.6358511599886547,0.5575337395035367
30,4,58.0,6,0.0,0.0,,0.38119970541878595,0.5183074221298503,0.5879506648207539,0.6096565890065344,0.6358370907393989,0.5476494618897189
30,4,59.0,6,0.0,0.0,,0.367038672334079,0.5212988027432808,0.5875494678425193,0.6003201268158989,0.6534972519150773,0.5893286033244468
30,4,60.0,6,0.0,0.0,,0.331055992673987,0.5169035282371117,0.5804396571798762,0.5959960965316262,0.6384059933003334,0.63338958976907
30,4,61.0,6,0.0,0.0,,0.34827474495746286,0.5254032890281082,0.5870082177951895,0.6031640398042969,0.6442952217925801,0.6350069995175305
30,4,62.0,6,0.0,0.0,,0.3531766559855102,0.5144415373324795,0.5915988169531161,0.6112165519253832,0.6506048237951763,0.6302286596967555
30,4,63.0,6,0.0,0.0,,0.38718420986317825,0.5000009436487844,0.5893923179790878,0.6197343530591288,0.6493366005814545,0.6431016299369281
30,4,64.0,6,0.0,0.0,,0.3798618576544803,0.49972795836700856,0.5921570820343206,0.6191790801242039,0.6624864197852955,0.6171780064912622
30,4,65.0,6,0.0,0.0,,0.3662555599621896,0.5112082561038312,0.5888454582064332,0.6062740066698583,0.6602834306162154,0.5825351859929133
30,4,66.0,6,0.0,0.0,,0.362868064679615,0.5046771286318343,0.5890508435227716,0.6217390718286158,0.638977468031508,0.5748934586733636
30,4,67.0,6,0.0,0.0,,0.36905786037233324,0.5113299297038874,0.5795948324481583,0.6117348627860402,0.6349990426800387,0.5647698334988082
30,4,68.0,6,0.0,0.0,,0.34946884522432137,0.519372646503613,0.5879069226764473,0.6133843643066754,0.6288365569273525,0.5388477955376682
30,4,69.0,6,0.0,0.0,,0.3469613780268914,0.5248714581843743,0.5893988841197804,0.6241143426123646,0.6251756099125737,0.5449594510112873
30,4,70.0,6,0.0,0.0,,0.34159953411415184,0.5316348319142284,0.5921623349468745,0.6167173009270077,0.6206345273374066,0.5652943387656375
30,4,71.0,6,0.0,0.0,,0.34208472439382315,0.5325751565474155,0.5895479777319602,0.6316910985857555,0.6136644541327337,0.5750790518750242
30,4,72.0,6,0.0,0.0,,0.35404043649517924,0.5336483520363523,0.5886636993420378,0.6372050807555627,0.6380231703764255,0.561569042129521
30,4,73.0,6,0.0,0.0,,0.3679517387188273,0.5258106121098989,0.5926730561456781,0.629554176243858,0.6694263810644314,0.5649557565163583
30,4,74.0,6,0.0,0.0,,0.36259476000461355,0.5183860396963638,0.5956691947239355,0.6178806255367835,0.6637902408930737,0.5746365008262807
30,4,75.0,6,0.0,0.0,,0.3701104726327507,0.5163212381799911,0.596877820913583,0.6103844029869536,0.6397903726768398,0.5735320294859939
30,4,76.0,6,0.0,0.0,,0.38365109955956,0.5244828799542174,0.5914803953745491,0.6189514946631041,0.6372214436297172,0.5619914659404988
30,4,77.0,6,0.0,0.0,,0.4079872685860096,0.5169803518354998,0.590923286931549,0.6132153985478122,0.6536674719941629,0.5809397329545629
30,4,78.0,6,0.0,0.0,,0.4069087092160011,0.509269283048104,0.5953951215965277,0.6123911794785281,0.6379712414099628,0.5572930704387022
30,4,79.0,6,0.0,0.0,,0.4029584148104931,0.523358127703528,0.5946452980114184,0.621866446095132,0.6270517355311396,0.5333417905791309
30,4,80.0,6,0.0,0.0,,0.39022613361170333,0.519350045156756,0.5994715994814209,0.6244318267903216,0.6308473009921161,0.5181300352374272
30,4,81.0,6,0.0,0.0,,0.39822145706799433,0.5183197509352628,0.5966016602364589,0.6123158495800618,0.622478150281973,0.550243454796635
30,4,82.0,6,0.0,0.0,,0.37325270812188976,0.5276477856281458,0.5961117388076265,0.6109108882238596,0.6213787274176632,0.5606693415126915
30,4,83.0,6,0.0,0.0,,0.37575601110952866,0.5250895546542612,0.5948638680037261,0.6158676580644201,0.6239589876050599,0.5792774800861028
30,4,84.0,6,0.0,0.0,,0.34640632551078837,0.5193754389525859,0.6003014321442289,0.6209769059827,0.5917776375227787,0.5593955561659334
30,4,85.0,6,0.0,0.0,,0.35437961279259944,0.5335327946585047,0.5972187364934143,0.6194450160375513,0.6015426455881242,0.602672145409028
30,4,86.0,6,0.0,0.0,,0.3516403054711917,0.5283625742590619,0.5935006954264029,0.6137069664118222,0.6079601127252847,0.6015466727693237
30,4,87.0,6,0.0,0.0,,0.3219262903523774,0.5204276094156943,0.5937873280723797,0.6226558576528878,0.5935973389842143,0.5815177415363108
30,4,88.0,6,0.0,0.0,,0.3241267166885236,0.5257526223166901,0.5911855608726996,0.621937505319017,0.5755686472334385,0.5666934977567433
30,4,89.0,6,0.0,0.0,,0.3472564700297841,0.5217782968859079,0.5888786621864337,0.61578804457764,0.5919257962038931,0.5381538290058172
30,4,90.0,6,0.0,0.0,,0.3356194321968783,0.5220474665016483,0.5843953916131082,0.6074566327606268,0.605327259356468,0.5615723882799346
30,4,91.0,6,0.0,0.0,,0.3537670887274934,0.5222382898119787,0.5845763948688707,0.6110186274378949,0.6300734950220501,0.5694017376789695
30,4,92.0,6,0.0,0.0,,0.358791464123854,0.5296155548367575,0.5899681421826004,0.6224145582738226,0.6324975216261126,0.5851829415694965
30,4,93.0,6,0.0,0.0,,0.35361725007225975,0.520737342964888,0.5847687896356732,0.6308452752613667,0.6356951205055066,0.5467998649618422
30,4,94.0,6,0.0,0.0,,0.34472585977226256,0.5119003547569265,0.5970907276965842,0.6323493034428614,0.6329148242056251,0.5498727279162854
30,4,95.0,6,0.0,0.0,,0.36898466544117314,0.5168038825556336,0.5982393319771646,0.6293615234930242,0.6444204287478305,0.5626677508569216
30,4,96.0,6,0.0,0.0,,0.37358633162910587,0.5305773815845745,0.5989991869070669,0.6338179448648533,0.6644794034198014,0.5441685905188441
30,4,97.0,6,0.0,0.0,,0.34375704668619567,0.5243137098897577,0.597509779233765,0.6277132510404744,0.6653011495452686,0.5728188505362635
30,4,98.0,6,0.0,0.0,,0.31490894278438064,0.518380092195274,0.5963370241212084,0.6331166671844296,0.6745938697886977,0.5780497544053419
30,4,99.0,6,0.0,0.0,,0.31558465599411045,0.5177125937106146,0.5948085899288762,0.6312401989167409,0.6552043746257645,0.6290809149178651
30,4,100.0,6,0.0,0.0,,0.3169794868116463,0.5241234541880693,0.595124725178326,0.641302967812523,0.6345906778364581,0.6412504549353117
31,4,21.0,8,0.0,0.0,,0.2644667105919144,0.4090899499470767,0.5339916737762243,0.6132938449316698,0.6187745379621907,0.6001276023526987
31,4,22.0,8,0.0,0.0,,0.27734539079562204,0.4042077031560731,0.5315719526487757,0.6113939704783343,0.6284806731982931,0.5993220539859199
31,4,23.0,8,0.0,0.0,,0.28400758926010394,0.393425377282047,0.541783310178751,0.6130456407027485,0.6293969975374872,0.6057366299130993
31,4,24.0,8,0.0,0.0,,0.2731136988275272,0.4031149386252576,0.5381985022996415,0.6267162717968288,0.6309624862949714,0.63070394373833
31,4,25.0,8,0.0,0.0,,0.2833000384506682,0.40562796902224507,0.545750174552731,0.6301611170713804,0.6332545568489262,0.6120013678350545
31,4,26.0,8,0.0,0.0,,0.26694565639172196,0.40670698399735566,0.5413719937988255,0.6256248984651273,0.6262843412791247,0.6180870114837064
31,4,27.0,8,0.0,0.0,,0.2647099841454084,0.4071460591407877,0.5357919734432469,0.6212588133051004,0.6314240747897664,0.6335103261513928
31,4,28.0,8,0.0,0.0,,0.2481424558732232,0.4054430486482293,0.5313279571587841,0.6209375149641613,0.6295605061245814,0.588034677668943
31,4,29.0,8,0.0,0.0,,0.2586169396829966,0.4018192647134301,0.5266578751102162,0.620002553949958,0.6352633608127872,0.5714370245872272
31,4,30.0,8,0.0,0.0,,0.2601339860695128,0.3932490452383986,0.5286078764436771,0.6188977356986706,0.6301406830053324,0.5659197098503846
31,4,31.0,8,0.0,0.0,,0.24293693590431892,0.4057343117603082,0.5388475137123283,0.6172948974125063,0.6314238269917999,0.5879941745888435
31,4,32.0,8,0.0,0.0,,0.23984925264570775,0.4077234675302856,0.5383077120340328,0.6162238029219191,0.6276437284141203,0.5695839772560352
31,4,33.0,8,0.0,0.0,,0.225717318133044,0.4040172609779811,0.5424821117637781,0.6126010855760401,0.6199424914845376,0.5676811531691335
31,4,34.0,8,0.0,0.0,,0.21590521143875446,0.40591725325481265,0.5421488289754975,0.614198067426176,0.6222367995093194,0.5878870320542834
31,4,35.0,8,0.0,0.0,,0.22714678362400745,0.4135410130530815,0.535314572563587,0.6121173484739393,0.6226620299166956,0.5843693616429301
31,4,36.0,8,0.0,0.0,,0.23288651731263849,0.4124063868247827,0.5435300570767185,0.6129464207577804,0.6261279664941832,0.6184427166493043
31,4,37.0,8,0.0,0.0,,0.23791519045327117,0.42610903440159065,0.542842629690978,0.6113929559719183,0.6257984070742701,0.6239015579072762
31,4,38.0,8,0.0,0.0,,0.2528877046218607,0.42067991843647723,0.5445616309206891,0.6115022497694487,0.6309889221923176,0.5929962254595036
31,4,39.0,8,0.0,0.0,,0.24915552914247613,0.4179455341607549,0.5372138150506276,0.6139874502231725,0.6285418751665135,0.5828367926221443
31,4,40.0,8,0.0,0.0,,0.27027153743766796,0.42718595878077315,0.5300321860769784,0.6158847579708198,0.6376395708294555,0.5376311517626542
31,4,41.0,8,0.0,0.0,,0.2820524949777575,0.4231503664361916,0.5384472817302317,0.6169661866765538,0.6356908210437685,0.5414979363418488
31,4,42.0,8,0.0,0.0,,0.2813258400054962,0.42760282028980195,0.537504427188791,0.6162870995747357,0.6312820767073706,0.5770613188534989
31,4,43.0,8,0.0,0.0,,0.2805792319100604,0.4271024995418663,0.5414321586493024,0.6246594154165391,0.6335591066572933,0.5827316769142151
31,4,44.0,8,0.0,0.0,,0.2850233112432802,0.42724100190264797,0.5371744806703411,0.6212225107613258,0.6443860513548783,0.5999242557619269
31,4,45.0,8,0.0,0.0,,0.29940978621855974,0.4200119844148407,0.5388002132577326,0.6153845426933865,0.6425130870268134,0.611881531150072
31,4,46.0,8,0.0,0.0,,0.29521167299813816,0.4178148640479319,0.5372412172518857,0.6139311856744227,0.6415077630579294,0.5820265247661194
31,4,47.0,8,0.0,0.0,,0.28111402288451054,0.42216093373120833,0.5300541078379848,0.6150754128596192,0.6416712371602764,0.5660770779202615
31,4,48.0,8,0.0,0.0,,0.27905519870236783,0.42185082233862303,0.5317695396451348,0.6153128722663241,0.6366637360154818,0.5530795476700632
31,4,49.0,8,0.0,0.0,,0.27678392044087724,0.4190077674965691,0.5281100101202945,0.6169450956053412,0.6320333685889259,0.5389297541096406
31,4,50.0,8,0.0,0.0,,0.2772191895032175,0.42313879108544655,0.5309841013153515,0.6128157560643023,0.6289980792701685,0.5173863767798755
31,4,51.0,8,0.0,0.0,,0.27178747816068544,0.4085702476255458,0.5371955495206919,0.6183690882078692,0.6271699369557157,0.5385401209100669
31,4,52.0,8,0.0,0.0,,0.2711522904914903,0.40168843722844905,0.5367728048686625,0.6165695190606046,0.6236940547228246,0.5459749103866176
31,4,53.0,8,0.0,0.0,,0.2667336122885087,0.39881557557760594,0.5343613930250699,0.6218418513583887,0.6288069767819678,0.5677113379750566
31,4,54.0,8,0.0,0.0,,0.25988842349833957,0.3993241917835477,0.5277502484565323,0.6182323756197093,0.6276481337244905,0.5774032965715912
31,4,55.0,8,0.0,0.0,,0.2498045322130074,0.4143649679030764,0.5271433478953658,0.6162094520154808,0.6291801239297279,0.5748174308692625
31,4,56.0,8,0.0,0.0,,0.23984836072891597,0.4200253369043276,0.5255967396335117,0.6191639730037044,0.6319989795864195,0.5858314809713298
31,4,57.0,8,0.0,0.0,,0.2615621671710974,0.41423945241618443,0.5245061454577087,0.6160900729359622,0.6327022064116642,0.6097619297993244
31,4,58.0,8,0.0,0.0,,0.2654059202656035,0.4118949933881522,0.5210727764367401,0.6136624091396895,0.6325737561538619,0.6255398287728523
31,4,59.0,8,0.0,0.0,,0.25338955220938575,0.4145362380205465,0.5353972336093609,0.6154643642602335,0.6227897851355546,0.6371083616518798
31,4,60.0,8,0.0,0.0,,0.2525893130730793,0.41433243488886495,0.5427393197561377,0.6189011963871814,0.6234219957503617,0.6235976117620814
31,4,61.0,8,0.0,0.0,,0.2535105019049577,0.41740734034300175,0.5423376891471292,0.6158798516427437,0.6298471074836078,0.632264602019267
31,4,62.0,8,0.0,0.0,,0.24666135004281792,0.4159320223063302,0.5481386340120941,0.6134627758471934,0.6213218818892285,0.6242070139692408
31,4,63.0,8,0.0,0.0,,0.23877606313956273,0.417765861155089,0.5461423434420762,0.6211754653203727,0.625443350699933,0.6005559289274335
31,4,64.0,8,0.0,0.0,,0.256358218352093,0.4114501144513286,0.544640128128408,0.6176992667892967,0.6317459802185788,0.5921520158317696
31,4,65.0,8,0.0,0.0,,0.23072188370128055,0.4024572542777335,0.5481203709711372,0.6182766123967812,0.631739517879103,0.5943589686404623
31,4,66.0,8,0.0,0.0,,0.2253041865124532,0.40336740283375994,0.5488003500542389,0.6133267155959918,0.6318637678180774,0.5702926979639643
31,4,67.0,8,0.0,0.0,,0.237228513156121,0.4203583952922719,0.5531119530351433,0.6122849239965068,0.6289489528765779,0.5853402971647322
31,4,68.0,8,0.0,0.0,,0.2536523491432193,0.41899016070624534,0.542750696464591,0.6167886918416143,0.6313366763048207,0.5682433074381048
31,4,69.0,8,0.0,0.0,,0.25508287535398855,0.42555641880415235,0.5460442901377396,0.61735194689419,0.6367949281894045,0.5836614781001525
31,4,70.0,8,0.0,0.0,,0.25425635164544996,0.41747738718855737,0.5461302728659341,0.6137476314314146,0.6322587455055769,0.5615552789109886
31,4,71.0,8,0.0,0.0,,0.2669248119669177,0.41944579299324297,0.5426172072672562,0.6142506471237608,0.6088836974348996,0.5931434056303327
31,4,72.0,8,0.0,0.0,,0.2508211266577876,0.4149056853774268,0.540955362201837,0.6144663250323747,0.6217207956387638,0.6256324659301529
31,4,73.0,8,0.0,0.0,,0.2413835808776589,0.40198376305913,0.536373063544897,0.6123319545588984,0.6245110182090536,0.6418137504228072
31,4,74.0,8,0.0,0.0,,0.25854173407719117,0.40185874176876696,0.5293595848723938,0.6145603614394004,0.6313949310787301,0.6606889176859851
31,4,75.0,8,0.0,0.0,,0.2503077703134867,0.41348027411308524,0.5316071618015068,0.6149008311301493,0.6329311059657851,0.5995033792901413
31,4,76.0,8,0.0,0.0,,0.24365617794165056,0.41861332610422436,0.5320975874367116,0.6135442164238327,0.6383774874958806,0.5558092261081413
31,4,77.0,8,0.0,0.0,,0.2336074230437149,0.4289935526675685,0.5306212190795093,0.6186586134771654,0.6256561962376964,0.5921836571370236
31,4,78.0,8,0.0,0.0,,0.21642539993045048,0.43287132399452943,0.5307435006713475,0.6186749005983225,0.6252103759040513,0.5635227020213913
31,4,79.0,8,0.0,0.0,,0.2172705851891012,0.4324716829780205,0.5282035743205052,0.6137645023971258,0.6277381461300096,0.5845208401653762
31,4,80.0,8,0.0,0.0,,0.20943174634246192,0.4309975896924412,0.5374043722925251,0.617520544570373,0.6295132961303913,0.6098572235834134
31,4,81.0,8,0.0,0.0,,0.2216037346494685,0.42226289754879964,0.5402275511113492,0.6164798254446086,0.6233572866706131,0.5832222029442977
31,4,82.0,8,0.0,0.0,,0.21321064596744402,0.4366291715366758,0.5423415386315367,0.61491831430248,0.6322789423370676,0.6365670970897741
31,4,83.0,8,0.0,0.0,,0.22721530373068952,0.4365481059388506,0.543703699471058,0.6089048532375931,0.6296282986151993,0.6351431838604433
31,4,84.0,8,0.0,0.0,,0.2479764616100018,0.4297419162062851,0.5365584689600356,0.6125961717010939,0.6301134804258683,0.6457038732490052
31,4,85.0,8,0.0,0.0,,0.23982815239330985,0.4276839081849427,0.5390462446647443,0.6131427446942415,0.6285799873088419,0.6546302913225238
31,4,86.0,8,0.0,0.0,,0.2563592212466061,0.43421357189839876,0.5384666967959656,0.6186306791118205,0.6333897850185497,0.6047335243244887
31,4,87.0,8,0.0,0.0,,0.26393481175704414,0.42220309664673145,0.5343821312201997,0.6179703506228226,0.6422687801771897,0.5903372428163108
31,4,88.0,8,0.0,0.0,,0.24707550765350456,0.4288975528869744,0.5352319583509069,0.6217706104843911,0.6419526591588549,0.6356534310449974
31,4,89.0,8,0.0,0.0,,0.2361870726570093,0.4293648529574158,0.530879945084912,0.6204822957208791,0.6459749482196587,0.6401211533483198
31,4,90.0,8,0.0,0.0,,0.235616475910767,0.4311735245912063,0.5273330782812156,0.6181367856535436,0.643416071912711,0.6201380187105121
31,4,91.0,8,0.0,0.0,,0.2568738669916998,0.43057467988610665,0.5337101955910394,0.6182684944716328,0.6356589830084436,0.6195053606840367
31,4,92.0,8,0.0,0.0,,0.2547649196648558,0.43356678343199595,0.5354564588624324,0.6176806029106724,0.6336716377550448,0.6277487580683727
31,4,93.0,8,0.0,0.0,,0.27122162032914615,0.42258383382997755,0.5352267634779782,0.6182616812938818,0.6448148240767986,0.6163867918864283
31,4,94.0,8,0.0,0.0,,0.27234876022991905,0.4137974741483629,0.5329969105999066,0.6113823742780954,0.6392080751898754,0.6017537821387619
31,4,95.0,8,0.0,0.0,,0.2542478601983962,0.42340841036952853,0.5337739219777753,0.6116916500777011,0.6401070035275146,0.5786413395234804
31,4,96.0,8,0.0,0.0,,0.2573065641004753,0.43552654433417193,0.5318858088812071,0.6097854994414765,0.6287390540798741,0.5971529212255294
31,4,97.0,8,0.0,0.0,,0.2574636410961916,0.42545348761257296,0.5348616064812816,0.6136475171905503,0.631349065592229,0.5909404110330321
31,4,98.0,8,0.0,0.0,,0.26150361801120725,0.42306623456248615,0.5363853784041412,0.6125415652721535,0.6276859255117805,0.6193297807290149
31,4,99.0,8,0.0,0.0,,0.2479042530898758,0.42803906757935783,0.5328627147279161,0.6124211372096369,0.6246371727349922,0.5844491600036019
31,4,100.0,8,0.0,0.0,,0.23353075716589022,0.42314017345908894,0.5345499615903112,0.6130027171010757,0.6272379621347199,0.6080572476813696
32,4,21.0,10,0.0,0.0,,0.14572454689283862,0.32178456353575136,0.4616922595996761,0.584302021367323,0.637121628328783,0.6112933954095509
32,4,22.0,10,0.0,0.0,,0.1570799778656333,0.3250153118310496,0.45830634103401674,0.584071518179103,0.636121414428738,0.6033982117414319
32,4,23.0,10,0.0,0.0,,0.16857833440379022,0.32821127201371525,0.45598214680949256,0.5822581251696113,0.6388764929133224,0.6034175289955022
32,4,24.0,10,0.0,0.0,,0.17600477190652408,0.3268241127859713,0.4540294987704218,0.580807410762018,0.6388353323267016,0.6254577472405529
32,4,25.0,10,0.0,0.0,,0.15960332761430568,0.3274829237507941,0.4515993246258435,0.5844251042162398,0.6374923776270729,0.6086413035742264
32,4,26.0,10,0.0,0.0,,0.17233734470304848,0.3355777937304518,0.4510144379686182,0.5834056509860357,0.6355634794700429,0.6101549719601326
32,4,27.0,10,0.0,0.0,,0.1674757313535223,0.3418311385198215,0.4504196285086744,0.5862381933305083,0.6376303942413328,0.6163556088898884
32,4,28.0,10,0.0,0.0,,0.17155602947766796,0.34414926429071413,0.44815606469955727,0.5874425363970375,0.6371715975755504,0.6317290184840074
32,4,29.0,10,0.0,0.0,,0.1678193720665478,0.344172333663041,0.4566286848805678,0.5865839302028746,0.6336574836925596,0.6209877982143156
32,4,30.0,10,0.0,0.0,,0.1791472262183287,0.3414024667399371,0.4502649018015739,0.5851327117753435,0.6338911842496181,0.616900701472016
32,4,31.0,10,0.0,0.0,,0.1915463505067197,0.3290271322961422,0.45616939595166317,0.5865581511529057,0.6360812307303669,0.6212809531510266
32,4,32.0,10,0.0,0.0,,0.18684516847255103,0.33258390571769125,0.4560033373382836,0.5868486393332704,0.6351277798870494,0.6365264603731383
32,4,33.0,10,0.0,0.0,,0.1805500748475077,0.3289595976957303,0.456129397292442,0.5844798220929452,0.634526335675351,0.6444262428994284
32,4,34.0,10,0.0,0.0,,0.17802066823106127,0.3296600256095868,0.4592746269863858,0.5843140822741151,0.6318629495234049,0.6488781823204308
32,4,35.0,10,0.0,0.0,,0.16907327573641087,0.32181869291576853,0.46645677237940797,0.582452176445621,0.6319144713844356,0.6462483210171437
32,4,36.0,10,0.0,0.0,,0.17757497851187282,0.3159213259237913,0.4713576965940682,0.5818273087695407,0.6329861589829346,0.6592288439751469
32,4,37.0,10,0.0,0.0,,0.1652186286562523,0.3177518071618259,0.46957936247608034,0.5804627576419615,0.6328130389520593,0.6621817324804725
32,4,38.0,10,0.0,0.0,,0.15285645129203945,0.3198228709976446,0.46535300435742377,0.5816780295402658,0.632674542927359,0.6517024246016789
32,4,39.0,10,0.0,0.0,,0.14315859351298182,0.3432858108532849,0.45719889349167453,0.5812079912452566,0.6271936447496342,0.635494278822865
32,4,40.0,10,0.0,0.0,,0.13977070665679764,0.34096343918431304,0.4613156001757289,0.5832907736106245,0.628179027565419,0.6477113134798302
32,4,41.0,10,0.0,0.0,,0.14895282922152175,0.3336502143858785,0.46504585171270046,0.5848050993019112,0.6286816930541013,0.6385197475729372
32,4,42.0,10,0.0,0.0,,0.13984381174425503,0.33523652174750396,0.46452988657098604,0.5853386375134885,0.6292200535179765,0.6449162517343942
32,4,43.0,10,0.0,0.0,,0.1357477380521787,0.33599108243145903,0.45417241108571477,0.587207723896403,0.6298001545800926,0.6548206831177827
32,4,44.0,10,0.0,0.0,,0.13394213289329185,0.3328075960201374,0.4572599174198775,0.5913897306368356,0.6292917668457334,0.6338193917752588
32,4,45.0,10,0.0,0.0,,0.15507458691443904,0.34037578134161317,0.46000996202994904,0.5889773521225125,0.6315005887398665,0.6520650662057663
32,4,46.0,10,0.0,0.0,,0.16604065346383967,0.33617554184671616,0.45275537857130954,0.5909833525703371,0.6389821715810337,0.6430654763867124
32,4,47.0,10,0.0,0.0,,0.1820706961492824,0.3436211034782062,0.4488702842772934,0.5889490006414744,0.629740962125168,0.649125492760181
32,4,48.0,10,0.0,0.0,,0.18682512305615656,0.32857708237657035,0.4487924355970895,0.5877891015984241,0.6302168814658458,0.6394978103384499
32,4,49.0,10,0.0,0.0,,0.18638911231155353,0.33318931792046,0.44569992989791735,0.5852321919050683,0.6299001976012839,0.6201779727817706
32,4,50.0,10,0.0,0.0,,0.1915315049865631,0.3226787653796306,0.4512735690877544,0.5854935769507512,0.6346051814793963,0.6365576768011098
32,4,51.0,10,0.0,0.0,,0.19508761192662202,0.3235692736565806,0.44834038146995325,0.5850247626458456,0.6393875673070375,0.6271076976959057
32,4,52.0,10,0.0,0.0,,0.21416284532004579,0.32717657218828194,0.4535395508132175,0.585327633543373,0.6378713164040907,0.6326580281287554
32,4,53.0,10,0.0,0.0,,0.207120231498889,0.3195325931878855,0.44949762207081967,0.5856922694424622,0.6376876303387788,0.6318113837594371
32,4,54.0,10,0.0,0.0,,0.21415228426274976,0.31741662998700904,0.44558753189198397,0.585095998725406,0.6311689669315685,0.6139695541606607
32,4,55.0,10,0.0,0.0,,0.19937317168750904,0.3216326957329831,0.45045637904318936,0.5853846224070214,0.6313592853109664,0.6214463545379533
32,4,56.0,10,0.0,0.0,,0.19132712796531454,0.3391238172633378,0.4470310846547972,0.589715863991158,0.6336510603294,0.6239326906258327
32,4,57.0,10,0.0,0.0,,0.17948965641697362,0.3412225548789548,0.4477094162265649,0.5876382588059703,0.639561756830094,0.6070308464252239
32,4,58.0,10,0.0,0.0,,0.17082450319678177,0.34875000408933865,0.45400837792902865,0.5874926284848092,0.6380735172297867,0.5966406226024683
32,4,59.0,10,0.0,0.0,,0.16471704342560164,0.3510479543716301,0.45896887066468955,0.5849950134141764,0.636882925549541,0.605577550105843
32,4,60.0,10,0.0,0.0,,0.15825089232521197,0.3400563050069926,0.4698994273991568,0.583861578344385,0.6355538779542516,0.61196091096852
32,4,61.0,10,0.0,0.0,,0.158225793501977,0.3473212840060949,0.4729793584918095,0.5864059013948537,0.6348672141291127,0.6177074095325887
32,4,62.0,10,0.0,0.0,,0.1721052053218491,0.3498124806317211,0.46427962836932446,0.5889261919882101,0.63307677765543,0.6136059944859805
32,4,63.0,10,0.0,0.0,,0.17838237207639884,0.3450330451681322,0.4613425067203102,0.5861418642168971,0.6328855338900555,0.5938005904539305
32,4,64.0,10,0.0,0.0,,0.17468668936860057,0.33696180548367394,0.4710218297237706,0.5870859717869293,0.633699555368898,0.5977838105304121
32,4,65.0,10,0.0,0.0,,0.18133259227858795,0.34025259670301755,0.46716921673377526,0.5851865005100477,0.63338375606083,0.5995003877545984
32,4,66.0,10,0.0,0.0,,0.17962657377952693,0.3292246758990538,0.46428773530947465,0.5846913835794744,0.634960276247417,0.6089590786791591
32,4,67.0,10,0.0,0.0,,0.19059604682616627,0.3246407162000639,0.46209935419428055,0.5843607126831223,0.6346064066264999,0.6180484059311315
32,4,68.0,10,0.0,0.0,,0.1712763475500194,0.33082516230119097,0.45777446352214,0.5833541377595418,0.6341092370669115,0.5933529963948945
32,4,69.0,10,0.0,0.0,,0.17182542668960613,0.32459357596390004,0.45914966220826575,0.5851352919402643,0.6337115014192406,0.586346042909635
32,4,70.0,10,0.0,0.0,,0.17993032049238022,0.32636686487711897,0.45875873555768215,0.5831091441785404,0.6333933129011041,0.6029177165698921
32,4,71.0,10,0.0,0.0,,0.16868985820479987,0.31984349033295617,0.46084081535140725,0.5846361937074824,0.6331387620865948,0.6100654803831667
32,4,72.0,10,0.0,0.0,,0.1675217646728005,0.3158082383893122,0.456441796504481,0.5835745225790298,0.6329351214349874,0.5912570379908179
32,4,73.0,10,0.0,0.0,,0.1544038777914684,0.31838079488309157,0.4559426148812844,0.5818605286895527,0.631039428385008,0.6013869688275681
32,4,74.0,10,0.0,0.0,,0.155897147999706,0.3160480455223421,0.45257952602716633,0.5798837323383547,0.6294196181684932,0.6138791432404631
32,4,75.0,10,0.0,0.0,,0.1606558897270891,0.32319366217603884,0.44890024692122765,0.58398795806223,0.6299598063005062,0.6135118319669692
32,4,76.0,10,0.0,0.0,,0.15139448395186836,0.33473979565525536,0.4472826284769818,0.5838202675350287,0.6314506929340408,0.5919192888377866
32,4,77.0,10,0.0,0.0,,0.1723972478548606,0.3212668272295645,0.44899917665067524,0.589444099019937,0.6317577041131744,0.603947414283431
32,4,78.0,10,0.0,0.0,,0.18657750977362486,0.31729691583408953,0.44712322025634527,0.5900072609485804,0.6318302750562511,0.586232635331854
32,4,79.0,10,0.0,0.0,,0.21990838665407603,0.31560204053819685,0.450768589150672,0.5886357098441087,0.6338723647997723,0.5947340254737117
32,4,80.0,10,0.0,0.0,,0.1982923795371588,0.32479497636432997,0.45094432900959464,0.5876293215758635,0.6335220036055295,0.5981611346838386
32,4,81.0,10,0.0,0.0,,0.20564713172741872,0.3344048812963245,0.4567617687097532,0.5910242677208339,0.6354243848155903,0.5885078545733682
32,4,82.0,10,0.0,0.0,,0.18519925374897256,0.34314853287692815,0.45607858091450326,0.5903139722486266,0.6380282088112514,0.5861566323823576
32,4,83.0,10,0.0,0.0,,0.19177498266422793,0.3308823080349803,0.4515288461518484,0.5911879916845135,0.6368466788147127,0.6057092056277276
32,4,84.0,10,0.0,0.0,,0.2037919997950183,0.33899700372600367,0.4495988025309847,0.5922670320669565,0.6359014548174817,0.6105243618716041
32,4,85.0,10,0.0,0.0,,0.20094500142169025,0.337239659578274,0.4577187940909888,0.5904435267388097,0.6351452756196969,0.6244634394836852
32,4,86.0,10,0.0,0.0,,0.17955551122643862,0.3386577975194361,0.46890314374323605,0.5908068031236786,0.634370399034072,0.6258910820848482
32,4,87.0,10,0.0,0.0,,0.1752644096953245,0.33310156715765044,0.46749575828884976,0.5910974242315736,0.6231934245047762,0.6380934589565055
32,4,88.0,10,0.0,0.0,,0.19080688979391958,0.33985878261400493,0.4668905291914499,0.5941216660712388,0.6246213532022444,0.6468338622586354
32,4,89.0,10,0.0,0.0,,0.171445021924222,0.3276663855270217,0.4560609251820858,0.5960562273899896,0.6221428972291235,0.623751558946906
32,4,90.0,10,0.0,0.0,,0.1692776238977975,0.34374178563135815,0.4542330710412421,0.596459718139056,0.6241384295490104,0.6436152645173091
32,4,91.0,10,0.0,0.0,,0.18493547455012865,0.342113883370172,0.4548254626240632,0.5953154362065384,0.6258946153326417,0.6264960804897088
32,4,92.0,10,0.0,0.0,,0.18085324736685945,0.35237762814617335,0.4528129034535264,0.5943604339144466,0.6202336680806136,0.6408620890766571
32,4,93.0,10,0.0,0.0,,0.17422867621739738,0.3489949862382317,0.45368583887733305,0.5961544749905994,0.6231015880666823,0.6210467220987602
32,4,94.0,10,0.0,0.0,,0.1783387107534435,0.354364890721085,0.45005153871184006,0.5976824745254778,0.6249053822190573,0.6122525685301455
32,4,95.0,10,0.0,0.0,,0.1923913342789847,0.34301571537951214,0.4585653580566812,0.5931468902467112,0.6238309350328148,0.6038871259460358
32,4,96.0,10,0.0,0.0,,0.18733048407549863,0.3437214557799423,0.46031540192502246,0.5903830798104129,0.6193177694467639,0.5955560818155272
32,4,97.0,10,0.0,0.0,,0.18431302384431544,0.3389918946989241,0.4520075494030406,0.5939300153680437,0.6207691949550401,0.6168470043047977
32,4,98.0,10,0.0,0.0,,0.1790679234775732,0.3347614040403278,0.4535887996317175,0.590144922920764,0.6230394677297436,0.6147238264892293
32,4,99.0,10,0.0,0.0,,0.181315812120337,0.3198741504447008,0.4505349188760815,0.5871168489629401,0.6248556859495065,0.6065346186602283
32,4,100.0,10,0.0,0.0,,0.17152990728100023,0.31989505030953186,0.45680584056816176,0.585559046783396,0.625334639490645,0.6145156531827032
33,4,21.0,12,0.0,0.0,,0.12356316105993233,0.2739926774783345,0.357506736645258,0.5085368586255653,0.616563776121515,0.6331595053943191
33,4,22.0,12,0.0,0.0,,0.1143249768906562,0.2671583340323574,0.3577780969350296,0.5089318621294994,0.6092965865780975,0.6439545381336153
33,4,23.0,12,0.0,0.0,,0.11850985191156298,0.25684286677562307,0.35300725244899156,0.5125908383944456,0.6109665966165032,0.6372034558854144
33,4,24.0,12,0.0,0.0,,0.11028232957196074,0.2542170874218278,0.3563905539687879,0.5167888715453388,0.6111727365571176,0.6230209310545239
33,4,25.0,12,0.0,0.0,,0.10370031170027896,0.24648986948719945,0.3573723156247079,0.5120824013590164,0.6113376485096094,0.6264456913493807
33,4,26.0,12,0.0,0.0,,0.10787204837337908,0.24698761307541522,0.35254413419450625,0.5141387323244042,0.6114695780716024,0.6481545859494255
33,4,27.0,12,0.0,0.0,,0.10177208674141362,0.24626779612021035,0.3590196999949624,0.5157202738889382,0.6114117655405089,0.6357295452907785
33,4,28.0,12,0.0,0.0,,0.11596986385820018,0.24013043644590543,0.3631120820301474,0.5135344360342634,0.6126587397864323,0.6427784431505328
33,4,29.0,12,0.0,0.0,,0.11610757019174592,0.2513974013781549,0.3597771272812326,0.5129299240564579,0.6125264510930608,0.6315141266211526
33,4,30.0,12,0.0,0.0,,0.12699368521311333,0.2501041754014088,0.3605300952472561,0.514753227274581,0.6130089255788891,0.6457067928001147
33,4,31.0,12,0.0,0.0,,0.13477034374437546,0.24319953987086423,0.3586762074518012,0.51045388594241,0.6145715160486025,0.6316621307281289
33,4,32.0,12,0.0,0.0,,0.12329072303821073,0.24738736557699337,0.35725950000752227,0.5122320792342638,0.6140566721027971,0.634251028464411
33,4,33.0,12,0.0,0.0,,0.12599355091180559,0.25246244989871597,0.356826351659253,0.5084369675101563,0.6153629704767883,0.6116943772735188
33,4,34.0,12,0.0,0.0,,0.12478011193778973,0.24508615946870993,0.3606721615058193,0.510618544488461,0.6146898356453459,0.6175802050459576
33,4,35.0,12,0.0,0.0,,0.1292091717200767,0.24360043987073224,0.3542193413025139,0.5123638060711048,0.6144974639147691,0.6223882092609814
33,4,36.0,12,0.0,0.0,,0.1337083004974498,0.24412523605293077,0.3490570851398695,0.5200423471112454,0.6139974303957303,0.6151488527150337
33,4,37.0,12,0.0,0.0,,0.12244108844067018,0.24663481523008102,0.34593526444428735,0.5169920946121092,0.6147272716706095,0.629546733303132
33,4,38.0,12,0.0,0.0,,0.1275138161824069,0.24281525479122124,0.3424298236532882,0.5168588054131679,0.6147695820409281,0.6227781919284638
33,4,39.0,12,0.0,0.0,,0.1236538589838071,0.2499732898009873,0.34509415813299527,0.5173560148108701,0.6159332984272932,0.6200726830869001
33,4,40.0,12,0.0,0.0,,0.11439753522975601,0.2533544533584549,0.3461037991860988,0.5133571272972729,0.6157344034462751,0.6203465081596489
33,4,41.0,12,0.0,0.0,,0.11366292497646421,0.25856401299065873,0.350796615317275,0.5150949898672331,0.6161168501110452,0.6119435980592234
33,4,42.0,12,0.0,0.0,,0.11355902993486297,0.2575464325167953,0.34631890435167845,0.5146105870274098,0.6164228074428615,0.6357008197200942
33,4,43.0,12,0.0,0.0,,0.10632167199060072,0.26114768088373175,0.3520981777171039,0.5111607850705046,0.6161260106587296,0.6075705619335958
33,4,44.0,12,0.0,0.0,,0.10053178563519094,0.25766093870831475,0.34736015427154154,0.5098868449795165,0.6179304620087478,0.6127212254512904
33,4,45.0,12,0.0,0.0,,0.12032610361739464,0.26213164637169645,0.34890687507046847,0.5065607801063584,0.6167438288709133,0.6072045568692834
33,4,46.0,12,0.0,0.0,,0.11477133752833384,0.2606899355576029,0.3488693959850572,0.5062068410081996,0.6157945223606458,0.6148896013076208
33,4,47.0,12,0.0,0.0,,0.11413783007535225,0.25166814799581955,0.35273106196011894,0.506527530486528,0.6150350771524317,0.607867788065971
33,4,48.0,12,0.0,0.0,,0.12097618907386065,0.24445071794639278,0.3619512366258785,0.51254206597586,0.6144275209858604,0.5929331070327617
33,4,49.0,12,0.0,0.0,,0.1298994798846739,0.2430920866528786,0.3759864926085016,0.5086849569034333,0.6132829452464598,0.5903422786397361
33,4,50.0,12,0.0,0.0,,0.12098098791459114,0.2538373901285923,0.36647080618465977,0.5101167183959286,0.6130258154610828,0.6094885439606628
33,4,51.0,12,0.0,0.0,,0.11892968712433231,0.257622469539995,0.36806546162456893,0.5090515916398559,0.6128201116327814,0.5995799206638621
33,4,52.0,12,0.0,0.0,,0.12166149721133382,0.25452184846250947,0.3619968189507635,0.5151651556553778,0.6137854166602504,0.5993953897796938
33,4,53.0,12,0.0,0.0,,0.12494880479534154,0.24673367831974477,0.35527906725846925,0.5160010950046381,0.6134277925921154,0.6090631438786094
33,4,54.0,12,0.0,0.0,,0.12210394062893262,0.2476185864046329,0.3610955153907443,0.5114521801264559,0.6131416933376074,0.6166308413444618
33,4,55.0,12,0.0,0.0,,0.12000391255583129,0.25097811837707207,0.3545580244104538,0.5115448131069644,0.6135011193745263,0.6186597312155008
33,4,56.0,12,0.0,0.0,,0.12362314391342084,0.24389869425139482,0.35550077700585003,0.5136451385149863,0.615258700292553,0.6105280140892729
33,4,57.0,12,0.0,0.0,,0.12407941851510387,0.238235154950853,0.35843749434246774,0.5147850812923249,0.6146064194979575,0.6358404593305957
33,4,58.0,12,0.0,0.0,,0.1236915400925596,0.23370432351041956,0.3694252682253675,0.5133901227138281,0.616502150780938,0.6392388581761747
33,4,59.0,12,0.0,0.0,,0.12210542761240228,0.24775433800297436,0.3662548346257579,0.5151213862004772,0.6206619924534504,0.6293408800886775
33,4,60.0,12,0.0,0.0,,0.12013600544306391,0.2471370344005784,0.3787933657971023,0.5153622386838623,0.6189290532266754,0.6345159604899543
33,4,61.0,12,0.0,0.0,,0.12593144864275477,0.25661366754592846,0.37546368823256787,0.5109410950698351,0.6191099411975611,0.634036880157675
33,4,62.0,12,0.0,0.0,,0.11621960695691418,0.264000174362431,0.36605256268391273,0.509711092978981,0.6188172803120742,0.6336672603765922
33,4,63.0,12,0.0,0.0,,0.1084501336082417,0.2554919625842073,0.3735448019375863,0.5150889159698224,0.6206028223943292,0.6435543566491302
33,4,64.0,12,0.0,0.0,,0.10223455492930371,0.247509769617103,0.37519173275868106,0.5165439440130493,0.6200115852694885,0.637354830138902
33,4,65.0,12,0.0,0.0,,0.0972620919861533,0.2569642339805922,0.3658349983048033,0.5181069801271337,0.6207152064506669,0.6345720973530575
33,4,66.0,12,0.0,0.0,,0.09832659731208307,0.26424605767827464,0.362219675765307,0.513976726493049,0.6219146656137801,0.6296884978638578
33,4,67.0,12,0.0,0.0,,0.10709561660086749,0.25575843514230917,0.35932741773370996,0.5121395981175522,0.619931191754939,0.6380744777345659
33,4,68.0,12,0.0,0.0,,0.10115094132340434,0.25559136657409315,0.37696029716370977,0.5083629826167869,0.6176553070757402,0.6368836939533642
33,4,69.0,12,0.0,0.0,,0.11749880912909436,0.26554578189094746,0.36724984982882625,0.5105593565737654,0.6148560961705277,0.6410315358467427
33,4,70.0,12,0.0,0.0,,0.10947349534598587,0.2640736893954253,0.3594814919609194,0.5079386276503545,0.6142843362003373,0.6520782051213722
33,4,71.0,12,0.0,0.0,,0.12209937236643867,0.25437515106607744,0.3532668056665939,0.5102198726006195,0.614956796314295,0.6556530532603044
33,4,72.0,12,0.0,0.0,,0.1131539459358613,0.24661632040259915,0.3482950566311335,0.5114410278039762,0.6143648963153512,0.6596667917543433
33,4,73.0,12,0.0,0.0,,0.11226787988973319,0.2538583331954952,0.34431765740276526,0.5078041263659261,0.6147549236200247,0.6464177036972834
33,4,74.0,12,0.0,0.0,,0.11155902705283069,0.25842362958460097,0.34722683354103545,0.5072712449485157,0.6116052222729971,0.6486927441004164
33,4,75.0,12,0.0,0.0,,0.10472166968497491,0.25743412579194913,0.3481875991203666,0.5110661222568241,0.6133151679391002,0.6379570726212386
33,4,76.0,12,0.0,0.0,,0.11636688225678009,0.24906350018329645,0.3495688309495285,0.5109552730345065,0.6130515936151952,0.6405281752846627
33,4,77.0,12,0.0,0.0,,0.1136104295285845,0.2467823124424015,0.35159333600052,0.5156136693978259,0.6128407341560714,0.6379785734770419
33,4,78.0,12,0.0,0.0,,0.11656699956064051,0.2405420495036584,0.3508263459218805,0.5127186178515162,0.6132603520292975,0.6513559310451627
33,4,79.0,12,0.0,0.0,,0.11464100553213472,0.2355498391526639,0.3535426659439895,0.5140438647615488,0.6159650526364577,0.6554052865134966
33,4,80.0,12,0.0,0.0,,0.11240332815699569,0.25082528416314825,0.3587862239561964,0.5114930911251981,0.6158065683246962,0.6465255523798
33,4,81.0,12,0.0,0.0,,0.11166738566664072,0.25135544945478694,0.3563164408220718,0.5112968481292055,0.6150447139236721,0.6463187987742078
33,4,82.0,12,0.0,0.0,,0.11531097670282553,0.2551772362201271,0.35699142389855476,0.5099956954264775,0.614588974591571,0.6394312018451753
33,4,83.0,12,0.0,0.0,,0.10919448319974497,0.2705319843559385,0.35127475121670215,0.5066478604639271,0.6152005070272821,0.6232553539656149
33,4,84.0,12,0.0,0.0,,0.11480422213237493,0.2671136655051556,0.35157898345216243,0.5091872588514776,0.6153364067756512,0.6423561375650746
33,4,85.0,12,0.0,0.0,,0.1268820976827812,0.2632084763325995,0.3469447988595884,0.5141295311187409,0.6113217633272595,0.6397706245165647
33,4,86.0,12,0.0,0.0,,0.12993162377146103,0.2587527738424451,0.35231763912283487,0.5122618418181057,0.61203106584156,0.6367224266654535
33,4,87.0,12,0.0,0.0,,0.12626605906985403,0.2586610212111424,0.36203788366509704,0.5142822846916758,0.6120243119371631,0.6414123471722363
33,4,88.0,12,0.0,0.0,,0.12372748067577907,0.25826344335665036,0.3553119190299361,0.5188093925477549,0.6126072142541709,0.6374414455703987
33,4,89.0,12,0.0,0.0,,0.12660199840937908,0.24972695423505745,0.3608247284130691,0.5136988181609491,0.6115712485998406,0.6335809920585613
33,4,90.0,12,0.0,0.0,,0.12443379426585785,0.26076215300748906,0.37102191655873656,0.5096103586515045,0.6122447635843129,0.623483139440614
33,4,91.0,12,0.0,0.0,,0.11502148345539662,0.2605106880724074,0.370854405984777,0.5092503446011719,0.6133251382214755,0.6354690789260192
33,4,92.0,12,0.0,0.0,,0.10749163480702766,0.25765343461427087,0.36236513688568,0.5112692461612734,0.613647875281621,0.6412727987317279
33,4,93.0,12,0.0,0.0,,0.10146775588833248,0.25654325539228695,0.35992058218824663,0.5099736138521316,0.6149583669252509,0.6313070150345923
33,4,94.0,12,0.0,0.0,,0.10871104045192877,0.25978716175095085,0.35970917336942054,0.5112440208051858,0.6143661528041157,0.6403584093753371
33,4,95.0,12,0.0,0.0,,0.10244328040425336,0.2509459289504979,0.36298870790513516,0.5115298117777718,0.6138385011439833,0.6431045606825467
33,4,96.0,12,0.0,0.0,,0.11460723929728271,0.25915743484707987,0.36720680794594773,0.5107859071021857,0.6134702601791017,0.6333312981697996
33,4,97.0,12,0.0,0.0,,0.11659759045098209,0.2614188245339615,0.3686132851212676,0.5101907833617167,0.6131756674071964,0.6363729466196704
33,4,98.0,12,0.0,0.0,,0.11648642738224783,0.2546424622343255,0.3739028833067839,0.5097146843693416,0.6140698612797824,0.6454228058572783
33,4,99.0,12,0.0,0.0,,0.11550990195848347,0.2521378426179739,0.37248422655863606,0.510695134050352,0.6153735218183766,0.6227372968900318
33,4,100.0,12,0.0,0.0,,0.10788236960949713,0.25431157961677175,0.3745625744360291,0.5158761488269193,0.6157306869846922,0.6177001501037558
34,4,21.0,14,0.0,0.0,,0.09445974187502451,0.23854737126765135,0.3063082377465796,0.45954052308768345,0.5675517425711727,0.6372381916996563
34,4,22.0,14,0.0,0.0,,0.09339552867644133,0.23072576601724157,0.30326951364910054,0.46077188892508597,0.5706132800404117,0.6386236300547817
34,4,23.0,14,0.0,0.0,,0.0967467756739383,0.22446848181691376,0.30083853437111735,0.46148829889179355,0.5693634346575841,0.6373230158095369
34,4,24.0,14,0.0,0.0,,0.10034577398979054,0.22431064695660408,0.30401023418931084,0.4583933359516478,0.568363558351322,0.6285961626514712
34,4,25.0,14,0.0,0.0,,0.1121895221870803,0.21933638656840376,0.310681644109424,0.45882811915675414,0.5675636573063126,0.6282475301755862
34,4,26.0,14,0.0,0.0,,0.10295154807950808,0.22024163659564966,0.3129121946993359,0.45959110886364335,0.5697630442426959,0.6363797247296094
34,4,27.0,14,0.0,0.0,,0.10253838410388205,0.2187669294990219,0.3117893352956199,0.4584168564742347,0.5686832460194116,0.634186356549205
34,4,28.0,14,0.0,0.0,,0.10362249610783411,0.214901412602338,0.31057086191168987,0.460388208119931,0.569528847123065,0.6292401388177138
34,4,29.0,14,0.0,0.0,,0.09723625042068874,0.21407320427488216,0.31227993208362725,0.4609643344404596,0.5684958883237069,0.6339409633302224
34,4,30.0,14,0.0,0.0,,0.09098893066639485,0.21684179104233392,0.30804686911873863,0.45947769363959673,0.5676695212842204,0.6407788137004456
34,4,31.0,14,0.0,0.0,,0.09902872062163114,0.2182092943369402,0.30466041874682787,0.46249930811631146,0.5681042848245825,0.6443696020099298
34,4,32.0,14,0.0,0.0,,0.09475843146622151,0.2164035742573478,0.30195125844929915,0.46357747889803386,0.5673562384849209,0.640007594519162
34,4,33.0,14,0.0,0.0,,0.09164744391930835,0.21857350665695616,0.3044892449406479,0.4600646799566401,0.5667578014131915,0.6409266332297492
34,4,34.0,14,0.0,0.0,,0.08651788546529054,0.21474667432868538,0.31270555429633906,0.46016519436074804,0.5696174818970047,0.654583518121775
34,4,35.0,14,0.0,0.0,,0.08241423870207629,0.2116852084660688,0.3189825052823486,0.46103804890572625,0.5685667961428585,0.650742009498973
34,4,36.0,14,0.0,0.0,,0.07913132129150491,0.21234960956546223,0.3134089276777158,0.46148420706909576,0.5688561156296519,0.6450521858317128
34,4,37.0,14,0.0,0.0,,0.08462562409662121,0.21611907840445896,0.31436909425659276,0.45919032401600884,0.5690875712190864,0.6460542362683566
34,4,38.0,14,0.0,0.0,,0.0862041683870604,0.21278313172668767,0.3150622457862425,0.46217438317550597,0.570982175372915,0.6478778760323353
34,4,39.0,14,0.0,0.0,,0.08631921371682887,0.21011437438447061,0.3102727200808308,0.4623342105922351,0.5702436526105881,0.6444648917985427
34,4,40.0,14,0.0,0.0,,0.0921572863363393,0.20797936851069698,0.31017858106569013,0.4590700653120011,0.5701976008038354,0.6419960252045458
34,4,41.0,14,0.0,0.0,,0.09074215135992794,0.217522301114905,0.31551721669468985,0.4580000216329211,0.5701607593584332,0.6398900325637131
34,4,42.0,14,0.0,0.0,,0.10139116631646158,0.21390570989504448,0.31387335289190316,0.45983238720249126,0.5690014181120014,0.6350247931130053
34,4,43.0,14,0.0,0.0,,0.09846881206034981,0.21101243691915608,0.30932160576535933,0.460709974217622,0.5708328036638818,0.6279589574968177
34,4,44.0,14,0.0,0.0,,0.09727871875804328,0.20869781853844532,0.3056802080641243,0.4606814297695334,0.5711680440152758,0.6282105454226905
34,4,45.0,14,0.0,0.0,,0.09661537977973783,0.21358552736407105,0.30470842830673256,0.45774784065383967,0.5720669820176958,0.6278821057408791
34,4,46.0,14,0.0,0.0,,0.09746944946406584,0.21075629089437728,0.3019896660972229,0.45879297657490226,0.5732852547884372,0.6301287051639407
34,4,47.0,14,0.0,0.0,,0.09117548990109653,0.21921624801180312,0.29981465632961524,0.4577783506432418,0.5725968716279561,0.629451086403576
34,4,48.0,14,0.0,0.0,,0.096112310183337,0.22279461113189725,0.29807464851552906,0.45542537735280647,0.5732019408827023,0.6373425697120012
34,4,49.0,14,0.0,0.0,,0.09256867913048614,0.2181235579086383,0.2966826422642601,0.4543432602429774,0.5725642314215269,0.6372126820099666
34,4,50.0,14,0.0,0.0,,0.09284734807769211,0.2202032313576865,0.30107503109720857,0.45267730503259485,0.5720540638525864,0.6507089213649483
34,4,51.0,14,0.0,0.0,,0.09499918512642028,0.21605045408926968,0.3018885363663408,0.4513445408642888,0.5730319286516778,0.6512385654180581
34,4,52.0,14,0.0,0.0,,0.09479175287443943,0.21924681685001643,0.2997337525449094,0.45314109519542045,0.5729273440055126,0.647414964100158
34,4,53.0,14,0.0,0.0,,0.08903333262939542,0.21528532248313365,0.30289088567505196,0.45596544735142164,0.571214685829665,0.6443560830458379
34,4,54.0,14,0.0,0.0,,0.0844265964333602,0.2263276203716546,0.31006736026155546,0.4539750547193503,0.5714735497479023,0.6405348034299945
34,4,55.0,14,0.0,0.0,,0.080741207476532,0.22094996530044417,0.3106236722429254,0.4523827406136932,0.5700516504235768,0.6396894170857759
34,4,56.0,14,0.0,0.0,,0.08776488424368539,0.22277652585008365,0.3120659081753086,0.45415369112329074,0.5716648862880043,0.6298390407991171
34,4,57.0,14,0.0,0.0,,0.08455016092936976,0.21810908968318737,0.3135440036945972,0.4559767208431474,0.5724563526107409,0.6302953444050053
34,4,58.0,14,0.0,0.0,,0.08521957256249624,0.21900916175372726,0.3189109808233224,0.4562554228064858,0.5708378927138476,0.6300040432403807
34,4,59.0,14,0.0,0.0,,0.08788600047953384,0.21778094962548397,0.31521454566374474,0.45633385345180627,0.569543124796333,0.6304273463580162
34,4,60.0,14,0.0,0.0,,0.08350873071347094,0.21411262870350764,0.3103945599828327,0.4542697795996579,0.5701363009212368,0.6172380099036523
34,4,61.0,14,0.0,0.0,,0.08913915663351729,0.21789214632517329,0.3181522036706806,0.45606959162424116,0.5701117194523544,0.6233757943236112
34,4,62.0,14,0.0,0.0,,0.0845112556366577,0.22386420455064754,0.319039758573744,0.4574503773512233,0.5705911766460539,0.6268908661677093
34,4,63.0,14,0.0,0.0,,0.08925073215915054,0.22737212244013763,0.3231633417011593,0.4551629987191916,0.5715633739790219,0.6279368046998789
34,4,64.0,14,0.0,0.0,,0.08990425483708386,0.22393447114783577,0.31834670782059454,0.46164993020863465,0.5718329494907534,0.6262796614046264
34,4,65.0,14,0.0,0.0,,0.09432175855729771,0.22187024270917766,0.31484162811190874,0.4641521941850174,0.5725908031729401,0.624968064819971
34,4,66.0,14,0.0,0.0,,0.10122702692957311,0.22139580491631775,0.3100962259413639,0.46265127055463157,0.5720753212537171,0.6263985636216883
34,4,67.0,14,0.0,0.0,,0.10553828067309064,0.2231871152414051,0.3081627417581779,0.45932371328191807,0.5705330676282285,0.6275429626630622
34,4,68.0,14,0.0,0.0,,0.10253552847469496,0.21984752468916616,0.3047531168583792,0.46394775658774223,0.5704291328179477,0.6326296224229183
34,4,69.0,14,0.0,0.0,,0.09522835310959984,0.2157658887544534,0.3030334011730736,0.46310724721626295,0.5717319838239668,0.6333061309400125
34,4,70.0,14,0.0,0.0,,0.09689403049010482,0.2125005800066832,0.3105220699670748,0.4596884946112233,0.5702583976844282,0.6330690165177215
34,4,71.0,14,0.0,0.0,,0.10419942772235831,0.21672268484193688,0.3066405794254967,0.45976039805380775,0.5718383873218232,0.6328793249798886
34,4,72.0,14,0.0,0.0,,0.11133613112722393,0.21326601687666996,0.3070130772512213,0.4584755972908079,0.5714733885728235,0.6256868193938063
34,4,73.0,14,0.0,0.0,,0.12726630362059466,0.21050068250445647,0.3055527273031889,0.4568041859966908,0.5700515214835137,0.6227903533690009
34,4,74.0,14,0.0,0.0,,0.11615129643089717,0.21293010567804466,0.30730091756811995,0.4546460456355656,0.5689140278120657,0.6246563944609121
34,4,75.0,14,0.0,0.0,,0.1061209674745616,0.2102319535455562,0.30406365750633285,0.4584383589286875,0.5691339009650176,0.6276643264462736
34,4,76.0,14,0.0,0.0,,0.09930337762926655,0.20807343183956545,0.30471050554121754,0.45907103473678046,0.569309799487379,0.627091233208796
34,4,77.0,14,0.0,0.0,,0.09264263243325713,0.21406877306855282,0.3063999207841624,0.4564595246276372,0.5683206502151581,0.634323034671227
34,4,78.0,14,0.0,0.0,,0.09200061582308373,0.2160275457957689,0.307689720661011,0.45769623324034986,0.5686591988874914,0.6333300295188039
34,4,79.0,14,0.0,0.0,,0.0968698546061354,0.21777969886636397,0.3043746999806457,0.4597259783452854,0.5678001697352479,0.6351229068191246
34,4,80.0,14,0.0,0.0,,0.09069581401475217,0.23277964717337313,0.30463915365971045,0.45844806152399,0.5698718049624789,0.6352594540758009
34,4,81.0,14,0.0,0.0,,0.08923042938529593,0.2352032465825334,0.30807820233956495,0.45746467530642104,0.568770254595238,0.628673628842613
34,4,82.0,14,0.0,0.0,,0.0910749162379084,0.23855801342907634,0.3046854853234888,0.4551744370833498,0.5701406472565278,0.632548413664555
34,4,83.0,14,0.0,0.0,,0.0935812396545933,0.2327782685964654,0.3061739292669915,0.4541208484565324,0.5715011953748308,0.633682864624454
34,4,84.0,14,0.0,0.0,,0.09040044669259123,0.2261104838802928,0.30316206686543,0.45589138281705627,0.5734177271611466,0.6349486385364231
34,4,85.0,14,0.0,0.0,,0.08989980117307342,0.22598636640302222,0.3023456879520113,0.46069981751909284,0.5738586253092546,0.6351278240384636
34,4,86.0,14,0.0,0.0,,0.0851197712683026,0.2237905359150249,0.3011074580479792,0.46212884576827984,0.5719597108726586,0.6345263709964823
34,4,87.0,14,0.0,0.0,,0.08377464799845862,0.22778003198094812,0.3070389643993295,0.46048215166334705,0.5715704474134917,0.6340452085628974
34,4,88.0,14,0.0,0.0,,0.0909950959223014,0.222111894587879,0.3083469434051678,0.4604991717261136,0.5701291685560482,0.6402935505176985
34,4,89.0,14,0.0,0.0,,0.09015195574502169,0.21757738467342363,0.30661982022634604,0.4625566345744218,0.5717350040191191,0.6387349297740814
34,4,90.0,14,0.0,0.0,,0.09036397060631127,0.21796151848771453,0.30351877963291374,0.45924800449775044,0.5718898042994658,0.6374120555849766
34,4,91.0,14,0.0,0.0,,0.08549110681489289,0.2193268770199205,0.30275728920854283,0.46024416451955696,0.5729005210091812,0.6363537562336928
34,4,92.0,14,0.0,0.0,,0.08663529146220823,0.22065704389983312,0.3053847529533605,0.4595765105274533,0.57232309552271,0.6389750468425411
34,4,93.0,14,0.0,0.0,,0.09655009478176499,0.21641350412298702,0.3109506582569456,0.4584402834706858,0.5707312870434228,0.6376041492397444
34,4,94.0,14,0.0,0.0,,0.10242428203674865,0.21685880399326388,0.3069834500573934,0.4614680754419983,0.5710868307189088,0.6377002080688149
34,4,95.0,14,0.0,0.0,,0.09513935595924278,0.2218901078915354,0.3038096834977516,0.4656632463158064,0.5697422752003818,0.6365842782207636
34,4,96.0,14,0.0,0.0,,0.09873340426684472,0.22424112754312336,0.3012706702500381,0.46173329389085804,0.5702956212444759,0.6408054369803933
34,4,97.0,14,0.0,0.0,,0.09218665374331966,0.21928077103761917,0.3039678932148142,0.4614520976166759,0.5691093076208356,0.6390684613500263
34,4,98.0,14,0.0,0.0,,0.08694925332449958,0.2197624550025712,0.3034213477122962,0.45836437493155363,0.5704199929021435,0.6376940508768519
34,4,99.0,14,0.0,0.0,,0.09068733207197559,0.21569783300517745,0.3009600016216738,0.45864054189131204,0.5692088049469697,0.6444471809395331
34,4,100.0,14,0.0,0.0,,0.08574979598742434,0.21600500309278914,0.30499454698359607,0.4576564028963698,0.5693697226729407,0.6454747216437161
