RunId,iteration,Step,cognitive_capacity,signal_noise,task_complexity,rng,1,3,5,8,12,18
0,0,21.0,6,0.0,0.0,,0.3821190895595209,0.4853578889309717,0.594186767964243,0.6162968276758678,0.607942040924653,0.5129374868802852
0,0,22.0,6,0.0,0.0,,0.3823693370243654,0.48262357458859134,0.5929039113615472,0.608692008531236,0.5970657326448129,0.49589254394520976
0,0,23.0,6,0.0,0.0,,0.38256129886422424,0.48028865852620467,0.5932120014261035,0.619036657054799,0.6292012020583015,0.5075308019521737
0,0,24.0,6,0.0,0.0,,0.35463441377994964,0.4811412016183786,0.5972260931921713,0.6210023327164567,0.6401531994267717,0.5607424956633714
0,0,25.0,6,0.0,0.0,,0.32922354084096384,0.4924149173786162,0.5977686159116004,0.624567791333144,0.6592591370787757,0.5965127110123165
0,0,26.0,6,0.0,0.0,,0.34868802699672774,0.4849148038571117,0.5995370094338562,0.6336730151691086,0.6285315603863902,0.6083464257459639
0,0,27.0,6,0.0,0.0,,0.3646049024961378,0.4824789168070282,0.5958497291905251,0.6417288213213654,0.6316292356629993,0.6209667272595487
0,0,28.0,6,0.0,0.0,,0.3513979059200603,0.4866713998391764,0.5980019000569959,0.6415676206775738,0.603679794966887,0.5867568996567903
0,0,29.0,6,0.0,0.0,,0.341387328095451,0.493533759377515,0.6021568811178828,0.6278983410792476,0.574645774674389,0.5862532133555647
0,0,30.0,6,0.0,0.0,,0.33672469974670205,0.4912168193745667,0.603047621598882,0.6335039116340682,0.5687035740483857,0.5536179145521595
0,0,31.0,6,0.0,0.0,,0.3285318222817155,0.4862650863986164,0.5986582189225459,0.6313889611795309,0.601299586719585,0.5467214071475361
0,0,32.0,6,0.0,0.0,,0.34558438644448053,0.48592234391630773,0.5989143164958998,0.6217568544436333,0.6132648064280596,0.5791118882606596
0,0,33.0,6,0.0,0.0,,0.3303433755948761,0.48087512555963724,0.5977848192078704,0.6211928122627555,0.6290272860599393,0.5858232687314204
0,0,34.0,6,0.0,0.0,,0.33960392562828284,0.48586293669108827,0.5982155967241595,0.6223131041071778,0.6100940857224157,0.5243516996893589
0,0,35.0,6,0.0,0.0,,0.3398951990774969,0.48521992821131577,0.5985602187371908,0.6331606619672454,0.60341681081586,0.5183670744898621
0,0,36.0,6,0.0,0.0,,0.34120218885953096,0.48844061085606266,0.6015046670410411,0.6394004497050808,0.6120136237311853,0.5386091409871347
0,0,37.0,6,0.0,0.0,,0.3469242184319186,0.49065067367002485,0.5974238552762732,0.6249833712075246,0.6220907480194768,0.5668523484086275
0,0,38.0,6,0.0,0.0,,0.3561135287585901,0.4955391941347667,0.5968279565578841,0.6259507887121163,0.6277966273180878,0.5509852083217363
0,0,39.0,6,0.0,0.0,,0.37143381276120974,0.49759419155119183,0.6012177263185935,0.6253915282786926,0.6349636431560463,0.5453787676717886
0,0,40.0,6,0.0,0.0,,0.3488069508274311,0.49446516511350813,0.6035996740370507,0.629056280905052,0.6478739440755371,0.5286815780626843
0,0,41.0,6,0.0,0.0,,0.3551436303589507,0.49782645381735263,0.6042018559342165,0.6206342764747022,0.6532420091777305,0.49401326968234704
0,0,42.0,6,0.0,0.0,,0.3704501186706206,0.49401705737892476,0.6033492261052364,0.632786154046258,0.646114063836334,0.5449701278773382
0,0,43.0,6,0.0,0.0,,0.36360921057792306,0.49909695808860144,0.6015682532210547,0.6181495685796523,0.622905248098587,0.5276655299038696
0,0,44.0,6,0.0,0.0,,0.3745888066376818,0.5089551206891075,0.5999079685879942,0.6291615898421897,0.6284456106910923,0.536982498715204
0,0,45.0,6,0.0,0.0,,0.3484897780637072,0.5038426712149591,0.5961464965138356,0.6305960577180277,0.6191730607940539,0.5278247286097072
0,0,46.0,6,0.0,0.0,,0.3503858641819972,0.5029723219571419,0.5955705632222188,0.6261365946588249,0.5991862994512009,0.5524581996274798
0,0,47.0,6,0.0,0.0,,0.32768697197620267,0.48897899751975615,0.5977475682132384,0.6225086475328123,0.5911481775251705,0.5120247554290215
0,0,48.0,6,0.0,0.0,,0.3286767486294699,0.49668168258283335,0.5981857959284538,0.6357118909487512,0.5973454795881513,0.541809811899142
0,0,49.0,6,0.0,0.0,,0.3158294413777404,0.498545376112296,0.5947687583862031,0.631103393524362,0.6082726507747321,0.5517869049640438
0,0,50.0,6,0.0,0.0,,0.313895499395039,0.4998888663473836,0.5971371234135384,0.6300690370199936,0.6137058445097561,0.5662614982443559
0,0,51.0,6,0.0,0.0,,0.319847409677312,0.4948459760771179,0.5952641957209837,0.6360442365504101,0.6358248109556784,0.5906364593784947
0,0,52.0,6,0.0,0.0,,0.3121203637056093,0.5015968862001736,0.5910971028735145,0.6282809606872968,0.6142153628712022,0.5930689337355786
0,0,53.0,6,0.0,0.0,,0.33896941576169476,0.4932347645123894,0.5941997990033874,0.636326077746905,0.6267043037398253,0.6041732144095076
0,0,54.0,6,0.0,0.0,,0.32467893924169455,0.5057946823067831,0.5966819559072858,0.6389824922953833,0.6150166252156974,0.5788958671157916
0,0,55.0,6,0.0,0.0,,0.3228186037000779,0.5060628324976615,0.5984321751046894,0.6269421195745775,0.5991961019038486,0.5626168295738243
0,0,56.0,6,0.0,0.0,,0.3543140380261031,0.5105916202812406,0.5973991060949019,0.6241532386113102,0.608832549984059,0.5581549559657397
0,0,57.0,6,0.0,0.0,,0.3602160677074425,0.5095258616825393,0.5990058952547821,0.6233510575490687,0.613650702284328,0.5964626477905826
0,0,58.0,6,0.0,0.0,,0.3355511347965589,0.5131191739130598,0.5967592131939786,0.6233823294072373,0.6032368021392417,0.5345622181700034
0,0,59.0,6,0.0,0.0,,0.33772693743478066,0.519612467595928,0.5936274921986232,0.6135633295504037,0.5771881631938016,0.5212877139213783
0,0,60.0,6,0.0,0.0,,0.3584645749550636,0.5094423968849002,0.5924564907490515,0.6136191921891778,0.5817435044823561,0.5185635052240234
0,0,61.0,6,0.0,0.0,,0.36271898167874483,0.5003622792846739,0.5888509388959687,0.6271657037109637,0.5795724115384097,0.5297238758496812
0,0,62.0,6,0.0,0.0,,0.37030343179893743,0.5028712905523463,0.5886352481069278,0.6316103372098925,0.5925490642876119,0.5393830415396836
0,0,63.0,6,0.0,0.0,,0.36445480401402053,0.49720383572240684,0.5908959398434056,0.6304563824912223,0.6184775535675298,0.5735239347198604
0,0,64.0,6,0.0,0.0,,0.3518328465706192,0.5032999156044344,0.5900357425391621,0.6358038519258526,0.6289311180155035,0.5423901251937971
0,0,65.0,6,0.0,0.0,,0.3571136321271519,0.49686692514152997,0.5893475846957675,0.6160390201542233,0.627900782080298,0.590082649263518
0,0,66.0,6,0.0,0.0,,0.3537192576214069,0.49458479046877485,0.5903669400934797,0.6167395484552661,0.6085803053006165,0.571887134373875
0,0,67.0,6,0.0,0.0,,0.34822081404732586,0.49828649330227776,0.5885136737182239,0.612660735098943,0.6030530206687386,0.5863614058915367
0,0,68.0,6,0.0,0.0,,0.3552507166146094,0.5180802690194868,0.5907986803324424,0.6276561443066749,0.5924061621484801,0.5488902058140448
0,0,69.0,6,0.0,0.0,,0.36246293957073555,0.5134580575001141,0.5912923102771044,0.6233717394808378,0.635011764775159,0.5457247549580793
0,0,70.0,6,0.0,0.0,,0.35762739079520633,0.5074831751609541,0.5919227205585491,0.6365848056663297,0.6503470747979592,0.5283648057045057
0,0,71.0,6,0.0,0.0,,0.3563508851671426,0.5122729218663284,0.5946247868257,0.627725809374207,0.6352795107980482,0.5410456344723926
0,0,72.0,6,0.0,0.0,,0.362975840472187,0.5189999240749421,0.5945887017974256,0.6259579821370683,0.6400822751599244,0.5495481651603292
0,0,73.0,6,0.0,0.0,,0.35740581876917743,0.5185367732692395,0.5945598337748063,0.624508556500467,0.6370414643121649,0.5328482524598877
0,0,74.0,6,0.0,0.0,,0.3429829379734843,0.5104053180660936,0.593202364009998,0.6316265825549212,0.6424667747409575,0.5876023296852485
0,0,75.0,6,0.0,0.0,,0.3455635469256269,0.5059056406004524,0.5921163881981512,0.6326063370317139,0.6033944775338201,0.5602808864314663
0,0,76.0,6,0.0,0.0,,0.3661954712706934,0.49485829139006804,0.5885788568552485,0.6343437306371101,0.6008421933711018,0.5256844387879085
0,0,77.0,6,0.0,0.0,,0.372222375785663,0.4959322826857117,0.5932840712097721,0.6290238304313708,0.5797429205804029,0.5495268240996929
0,0,78.0,6,0.0,0.0,,0.34758073291553204,0.4945542689023526,0.5919462476322555,0.6423873792413832,0.5797268113733428,0.5447453095884686
0,0,79.0,6,0.0,0.0,,0.3283536205202536,0.4946062383480374,0.596213490157093,0.6417171192011116,0.5727824879667038,0.5663264546892472
0,0,80.0,6,0.0,0.0,,0.3336049913666289,0.49353062723486396,0.59585966446254,0.6166652626315612,0.5481519842328043,0.5551854571206379
0,0,81.0,6,0.0,0.0,,0.3600803455652805,0.4974431627151491,0.5966754729278951,0.621474337658197,0.5777452235445345,0.5986566666130493
0,0,82.0,6,0.0,0.0,,0.3800723517403601,0.48647313670025855,0.5984269887211768,0.6204936963673402,0.595916412900385,0.6046179883918742
0,0,83.0,6,0.0,0.0,,0.3633639418182468,0.4860887841576217,0.5973949569880919,0.6145396177886809,0.6017156194559586,0.5879589361985238
0,0,84.0,6,0.0,0.0,,0.359977183052131,0.49075086799467404,0.5968048379273392,0.6226825089399555,0.6257260501029762,0.5601344649893868
0,0,85.0,6,0.0,0.0,,0.3483978457401688,0.4868276870537217,0.5985304807207321,0.6177781252767294,0.6553111848647976,0.5542017155041327
0,0,86.0,6,0.0,0.0,,0.35111843996686537,0.5016759362237385,0.597477750587736,0.6267634896193839,0.6450163756418664,0.5417902662489712
0,0,87.0,6,0.0,0.0,,0.34624400795429944,0.5018642318401026,0.5955366974603419,0.6191306833334501,0.6375495938146581,0.5551789719108939
0,0,88.0,6,0.0,0.0,,0.35245112369516807,0.5009150006074321,0.5988503436938469,0.6135687061829851,0.6300575443269895,0.5505010278797535
0,0,89.0,6,0.0,0.0,,0.32872108302442743,0.49925744766492725,0.6004023916596534,0.5961023069377285,0.6289140983960976,0.5817200883990397
0,0,90.0,6,0.0,0.0,,0.32324586977894465,0.5153486593969863,0.5978764103178758,0.6013085925056342,0.6115493934866374,0.5745286273915615
0,0,91.0,6,0.0,0.0,,0.3251238668716635,0.5121771125027637,0.5982888696121637,0.6171468118262735,0.6235208796977353,0.6156467494257548
0,0,92.0,6,0.0,0.0,,0.32077602035392483,0.5139755233110357,0.5975199680265967,0.6203223224235569,0.6240500174193659,0.6005341132790639
0,0,93.0,6,0.0,0.0,,0.32742480825037,0.5113296220895209,0.5980037157791405,0.6245165803452425,0.6165509419542243,0.6164894777155873
0,0,94.0,6,0.0,0.0,,0.3149448164188132,0.5116823585988746,0.5970563386344627,0.6278260119685035,0.6195784343113647,0.5819882167587009
0,0,95.0,6,0.0,0.0,,0.3122248564944533,0.5169341136775196,0.6014004319798563,0.6149968122934422,0.6267038838149182,0.5733828933971801
0,0,96.0,6,0.0,0.0,,0.3324073523482431,0.5167642788780482,0.5973404672273254,0.6107615934692603,0.6228119401116169,0.5459232334866249
0,0,97.0,6,0.0,0.0,,0.3425999472553432,0.5083565888424488,0.6029621102008591,0.6142845600638343,0.6160349822704256,0.5920654018251237
0,0,98.0,6,0.0,0.0,,0.34633112537377697,0.5024411653990016,0.6050261802119759,0.62560808178013,0.6302934461153912,0.5899018758548014
0,0,99.0,6,0.0,0.0,,0.3506597067409376,0.5040053168473734,0.6015754411597335,0.6246192030083056,0.6340103971887575,0.5611559703081064
0,0,100.0,6,0.0,0.0,,0.3498137949902836,0.5001145282753134,0.5999137189389374,0.6373953160555714,0.6184392965412701,0.55448120672757
1,0,21.0,6,0.0,0.5,,0.2574961811177613,0.3853316897047904,0.46025983190119896,0.4947722351298636,0.5058258782475902,0.49240542625328965
1,0,22.0,6,0.0,0.5,,0.2626076607809087,0.384250424993975,0.45785403336537234,0.4838967438515831,0.5131075297664596,0.4745459969871524
1,0,23.0,6,0.0,0.5,,0.2664061112950806,0.3881466167061765,0.4602385160800255,0.4859470849135361,0.514847295365941,0.470705783754484
1,0,24.0,6,0.0,0.5,,0.26495887698594256,0.3858854852314353,0.45999154148009086,0.4881345088698038,0.5103740183075224,0.5133741161157481
1,0,25.0,6,0.0,0.5,,0.2859975768930038,0.3791665955749181,0.4552259489602922,0.4878872369982001,0.5034397322857125,0.5029140002358442
1,0,26.0,6,0.0,0.5,,0.293271326721719,0.38775618635452297,0.45590330246236127,0.48852703679105114,0.5241366763519087,0.4708260693678116
1,0,27.0,6,0.0,0.5,,0.28773740049931024,0.377183665794678,0.4552384592299196,0.4911694532711567,0.5079360524284029,0.45113275793762214
1,0,28.0,6,0.0,0.5,,0.2859864896781819,0.38010440204642715,0.45814605677166337,0.4894689440495304,0.5154708889029374,0.45371192606488675
1,0,29.0,6,0.0,0.5,,0.28728447180958405,0.36663635392486016,0.4604721348050583,0.4826193017489814,0.5147543582994749,0.4919022564972103
1,0,30.0,6,0.0,0.5,,0.2753238633090659,0.37280997040093233,0.463461537943928,0.48184327611722005,0.5035419915856584,0.5108910689249598
1,0,31.0,6,0.0,0.5,,0.2665097747019732,0.37505176274888197,0.45920867216545885,0.47524468201409376,0.5024047581364195,0.5082687063740445
1,0,32.0,6,0.0,0.5,,0.2498918972343671,0.37013379354083736,0.458908775051901,0.4795604528107152,0.5079313100653651,0.500096417959666
1,0,33.0,6,0.0,0.5,,0.25246782334138895,0.3682914532249129,0.45892774865759123,0.4798943343429259,0.5119998107927369,0.4790907856751579
1,0,34.0,6,0.0,0.5,,0.2438744118344774,0.3864228729330392,0.45989076227970366,0.4807546564662214,0.49600984603023646,0.4491903938144019
1,0,35.0,6,0.0,0.5,,0.2500604020681588,0.373891143651373,0.4575587776681761,0.4853648403066312,0.5256271928869725,0.48757783074260586
1,0,36.0,6,0.0,0.5,,0.25130847772135856,0.37485886227843307,0.4554342986824178,0.4958767908194385,0.5433421184492382,0.4619190032386076
1,0,37.0,6,0.0,0.5,,0.26465230733907436,0.3639926554875317,0.4539936067903474,0.48830356670425673,0.5179832364558593,0.4994278165164568
1,0,38.0,6,0.0,0.5,,0.26247926127148324,0.37227814330464415,0.4570719894980626,0.48516663549494554,0.538463959476797,0.5105419788998986
1,0,39.0,6,0.0,0.5,,0.27134325117446645,0.3741453300774803,0.4574583202145205,0.4879570290166885,0.5448021455673879,0.4922309922950407
1,0,40.0,6,0.0,0.5,,0.2583568168578348,0.37289259667860364,0.45656065875359,0.4888901983224776,0.5521042881844629,0.5110458538916423
1,0,41.0,6,0.0,0.5,,0.26428998342680426,0.3746298412583132,0.4548946948472851,0.48857896945428864,0.5283676805175175,0.5145413614151972
1,0,42.0,6,0.0,0.5,,0.24976788431928149,0.3770071703965812,0.4566643192314589,0.4937354621080523,0.5323130911699692,0.5355901610152661
1,0,43.0,6,0.0,0.5,,0.2503948010455813,0.374057457960402,0.4592867447728947,0.49631111924174576,0.5473725160506009,0.5679976047163467
1,0,44.0,6,0.0,0.5,,0.26694366681543824,0.3765068273249244,0.45586883762863223,0.5001533667932185,0.5395384583270929,0.5485772845613338
1,0,45.0,6,0.0,0.5,,0.2658836812561867,0.36720369661483343,0.45528907268487934,0.4924333648418949,0.49973298257515,0.4978579051084749
1,0,46.0,6,0.0,0.5,,0.2797237002442519,0.35944002788757135,0.45697982150153427,0.4996874548338977,0.49914759373873974,0.4787195248171776
1,0,47.0,6,0.0,0.5,,0.275039116262233,0.36578848587867224,0.45523002504564064,0.49071485189011277,0.4656447906578672,0.4662417279688009
1,0,48.0,6,0.0,0.5,,0.2706081420997349,0.3626913072886556,0.45477802261848604,0.48964319707963916,0.4622298821235278,0.5140778646175749
1,0,49.0,6,0.0,0.5,,0.2822594894245348,0.3664454629881816,0.4601129742287672,0.48706937901723596,0.47855185364015423,0.5252038000871243
1,0,50.0,6,0.0,0.5,,0.2922123916151372,0.3665135104475682,0.4574776559308905,0.48635292950844045,0.4660706915786489,0.5225321260752612
1,0,51.0,6,0.0,0.5,,0.2942180143330703,0.3657025706774121,0.4553694012925892,0.4934756847373404,0.4721528711567484,0.5160949613792816
1,0,52.0,6,0.0,0.5,,0.2803335753496723,0.36862916805845375,0.4582508104217989,0.48338003552515874,0.47456452942946525,0.5614641439160989
1,0,53.0,6,0.0,0.5,,0.2697631461411364,0.37692539888421966,0.46271049849682394,0.48964027723963,0.48526631603936654,0.5481709704053442
1,0,54.0,6,0.0,0.5,,0.29776609497947437,0.37346310850669434,0.4607624013794327,0.4862457114042685,0.46868512876108365,0.4961109052812912
1,0,55.0,6,0.0,0.5,,0.3018470098687335,0.358185260553013,0.46041064971961665,0.48501550550786343,0.4553329910039544,0.47867584012492487
1,0,56.0,6,0.0,0.5,,0.3031205487189673,0.3691871542435155,0.4589225223576669,0.486578143470085,0.45141683736969307,0.466671189310477
1,0,57.0,6,0.0,0.5,,0.3110551791512769,0.36377920188334606,0.4589387465022039,0.48696311317599844,0.47306949046572655,0.5216632224004012
1,0,58.0,6,0.0,0.5,,0.28962528625395634,0.3708819242845547,0.46223482730164467,0.490417400406452,0.48554712293704255,0.5369344879565612
1,0,59.0,6,0.0,0.5,,0.2692817283876812,0.37025147376775536,0.46469098596660363,0.4934783755605981,0.4882089161021376,0.49491407242621194
1,0,60.0,6,0.0,0.5,,0.28137354621244287,0.3785380987739407,0.46355351738935324,0.4896730649526709,0.47903228599690023,0.4871846959462677
1,0,61.0,6,0.0,0.5,,0.26310890542394133,0.3748542550895576,0.459282255721799,0.49447278967111535,0.4720134002414656,0.47915403538947715
1,0,62.0,6,0.0,0.5,,0.27787377205399094,0.3677743079166486,0.4604332592276065,0.49394701469345215,0.4483501408013123,0.523530411907013
1,0,63.0,6,0.0,0.5,,0.27377693314507645,0.36114190637897575,0.4613540620322524,0.5046506618519594,0.44220278692233383,0.48664027034216567
1,0,64.0,6,0.0,0.5,,0.25513179210580306,0.3670986113505464,0.4596772522077755,0.503543378654894,0.4836254347756864,0.5100753086583903
1,0,65.0,6,0.0,0.5,,0.2802904697605494,0.3572250083512819,0.46385165192560524,0.5057608762525885,0.4355321080062978,0.48641760484415614
1,0,66.0,6,0.0,0.5,,0.2820479933988028,0.34519478042868296,0.46503661092821175,0.5039136586072571,0.4600049983031198,0.486732730727779
1,0,67.0,6,0.0,0.5,,0.2843611490862994,0.35411560494957905,0.46477785209620015,0.500094007306242,0.48012139250212726,0.4756058609782726
1,0,68.0,6,0.0,0.5,,0.2778583252093688,0.34804532926460485,0.4602617234872766,0.4946139854264359,0.4814195685848858,0.4896372231731771
1,0,69.0,6,0.0,0.5,,0.2772029696426667,0.3498125830110802,0.4578555466342345,0.5008506097099321,0.4875885262334029,0.4836089809606595
1,0,70.0,6,0.0,0.5,,0.28419080960841786,0.3525270169185012,0.46118756143267553,0.5060571843653694,0.496039429457786,0.4974812661539422
1,0,71.0,6,0.0,0.5,,0.2719515116364053,0.3498132727782614,0.46385317327142844,0.5032459281677756,0.5069606544240761,0.5224061909755381
1,0,72.0,6,0.0,0.5,,0.2921038217649799,0.3598979752835758,0.4606505211396129,0.49997164856239384,0.5073800634752167,0.5527127062472958
1,0,73.0,6,0.0,0.5,,0.28590597462219136,0.35797889881257844,0.45816658475610356,0.504894367585579,0.5027588722115057,0.5093366567268034
1,0,74.0,6,0.0,0.5,,0.28654039728811637,0.35992905339017434,0.4592818311585137,0.491176228714961,0.5103421725604842,0.47282469831433066
1,0,75.0,6,0.0,0.5,,0.28213489751737586,0.3542031064599578,0.4580194675087846,0.48504256533754,0.5142407955886187,0.42783229920402627
1,0,76.0,6,0.0,0.5,,0.27754696734075723,0.35528527456728487,0.4558028505549044,0.4797487640856673,0.5274727905983088,0.39142922625480053
1,0,77.0,6,0.0,0.5,,0.28075061337469653,0.3569614268288678,0.45644300905999396,0.4798894938612923,0.48895274181222864,0.39281064728433795
1,0,78.0,6,0.0,0.5,,0.29122831667873045,0.358767718588873,0.45480057509240834,0.48251027536140506,0.4856714764052457,0.39161459589752007
1,0,79.0,6,0.0,0.5,,0.26966673081577297,0.362055266328119,0.4590024754957511,0.48421942032410065,0.4941051815257255,0.398447622552705
1,0,80.0,6,0.0,0.5,,0.2613021671354933,0.3495879190539712,0.4599505437502316,0.48751084338679584,0.5103483811810581,0.3714757950356223
1,0,81.0,6,0.0,0.5,,0.2707565217838873,0.3563543281233495,0.46286355912547333,0.48670433810018415,0.5191677382406882,0.4271015770326569
1,0,82.0,6,0.0,0.5,,0.276960680549252,0.3507605330943842,0.45967812384825546,0.4833895510447963,0.5137801737239347,0.4273316325941293
1,0,83.0,6,0.0,0.5,,0.2746888835613366,0.33816092940956405,0.4650590752720859,0.47894086872841035,0.5348028980799435,0.4339942524309729
1,0,84.0,6,0.0,0.5,,0.2895517729974256,0.33859701718077506,0.46282196877423576,0.4864866208936931,0.5270706722812141,0.4295770637314786
1,0,85.0,6,0.0,0.5,,0.2683254958707291,0.34349932279396866,0.4608515776013623,0.4876096269089971,0.5121475720889309,0.49474486957032376
1,0,86.0,6,0.0,0.5,,0.27455403143546314,0.3479980353609537,0.458327429925503,0.4950855715315489,0.4934153169568975,0.47844215721610894
1,0,87.0,6,0.0,0.5,,0.2786353587425418,0.35383703171898323,0.46061723332813004,0.49538266761328914,0.4819678228030269,0.48035545114020917
1,0,88.0,6,0.0,0.5,,0.259592364466822,0.35719242779172833,0.4569332284728205,0.490198788670959,0.4931531496967422,0.46326261849902206
1,0,89.0,6,0.0,0.5,,0.2535591066951855,0.3538222158865065,0.4584758521064806,0.4891777152957729,0.4712610121368982,0.4908303162851002
1,0,90.0,6,0.0,0.5,,0.2630842987472822,0.35787949477577696,0.45737468426715794,0.4881979318740239,0.45778142346305517,0.4799305463730416
1,0,91.0,6,0.0,0.5,,0.2696423815415396,0.3613644437600012,0.459855036801454,0.48857428213694687,0.49066922386998113,0.44846230519365704
1,0,92.0,6,0.0,0.5,,0.25963310670622747,0.3682146867782045,0.4619418394815414,0.47911528383776536,0.48989312080642594,0.4653066662866826
1,0,93.0,6,0.0,0.5,,0.2523778459361294,0.3740326233963895,0.4612760148793605,0.4882468201645126,0.4955598667626955,0.41859371820094815
1,0,94.0,6,0.0,0.5,,0.25316243281573503,0.36177893100483,0.45840808845136516,0.47385196067007607,0.500170628177109,0.4393894912034657
1,0,95.0,6,0.0,0.5,,0.25475286346279546,0.35820787566312173,0.45965574008931637,0.4788302900087994,0.5089754259001619,0.4263259358232559
1,0,96.0,6,0.0,0.5,,0.25916618408243935,0.35918800957984603,0.4561640338817695,0.48260905333946164,0.5109985117450113,0.39620860354439336
1,0,97.0,6,0.0,0.5,,0.27604116241944515,0.3640798527896153,0.453370668915732,0.4825919205575572,0.5333492718651107,0.3930955047522159
1,0,98.0,6,0.0,0.5,,0.28079946379736886,0.3739909794003154,0.45329053771455924,0.48057639780458195,0.5450669257574309,0.36796498763526503
1,0,99.0,6,0.0,0.5,,0.2840322730166611,0.36234274068926037,0.4520197067195242,0.4813178246242485,0.5293348334013156,0.3920525358348942
1,0,100.0,6,0.0,0.5,,0.28629999174039256,0.35938824133720376,0.45005520718593567,0.4810859767631664,0.5314433750282707,0.41793463015855403
2,0,21.0,6,0.0,0.9,,0.24057705458473366,0.3559726948928457,0.3680492604276965,0.40586878421515343,0.38240695617282466,0.4146680686133948
2,0,22.0,6,0.0,0.9,,0.24869309528288114,0.3567579315873878,0.3645819580917605,0.42482535266716165,0.4194416141254134,0.3807231631830608
2,0,23.0,6,0.0,0.9,,0.2397417667325389,0.3551179059914804,0.3642810696297384,0.4269900566871129,0.4109385046145757,0.4183518975931455
2,0,24.0,6,0.0,0.9,,0.24012368551503732,0.3543989458353985,0.3616806964170241,0.41334840504825116,0.36887173319531924,0.4569526553735484
2,0,25.0,6,0.0,0.9,,0.233639987877046,0.34801226047809075,0.3663918552852846,0.4066163085751212,0.43201451278287556,0.4594514965009502
2,0,26.0,6,0.0,0.9,,0.24439240997129294,0.34812136910404284,0.3695223281939507,0.4029552257240002,0.44809078236185257,0.4608095706354033
2,0,27.0,6,0.0,0.9,,0.2610597892336261,0.34412844070282106,0.3744617683281105,0.4003104919677506,0.4505075163664934,0.5107528234208446
2,0,28.0,6,0.0,0.9,,0.2541602745995391,0.3373116822160719,0.36947672378298635,0.39809446633704626,0.46407651288935325,0.5004917809765882
2,0,29.0,6,0.0,0.9,,0.23981972659413273,0.34038348399243656,0.36624816223687473,0.4010682632726795,0.43376310088064035,0.47984375487744824
2,0,30.0,6,0.0,0.9,,0.235314143135755,0.34391361151142136,0.36287164389225923,0.42053142817630984,0.40734452733841237,0.47241827157883665
2,0,31.0,6,0.0,0.9,,0.24845453512463056,0.3371398188629521,0.3605531558270408,0.4241965704361353,0.39531583220136574,0.5140893958155337
2,0,32.0,6,0.0,0.9,,0.24256999786706315,0.33123523910513075,0.3637295701807325,0.4097771356936642,0.41910267192555145,0.46286940941534294
2,0,33.0,6,0.0,0.9,,0.24378814631877033,0.34023899262602425,0.3718490285503773,0.4112690553497441,0.4502495265198495,0.4684666729090461
2,0,34.0,6,0.0,0.9,,0.23538047614747165,0.33774522100146204,0.37298199409342525,0.41061390941302633,0.42554809109280656,0.4244363535872397
2,0,35.0,6,0.0,0.9,,0.23771241659656583,0.3396826893542344,0.3690844138313898,0.41615036825326135,0.4116414100317932,0.4336729240086069
2,0,36.0,6,0.0,0.9,,0.22665593468996548,0.3378147961753645,0.3690089519883729,0.4019266681976973,0.37734162156491025,0.43062540356100365
2,0,37.0,6,0.0,0.9,,0.23321868641428972,0.3333950816561938,0.3703126330124881,0.4090209214020312,0.39468558180834856,0.44385354941119
2,0,38.0,6,0.0,0.9,,0.2308273742606764,0.34168050897496227,0.3701225493427234,0.4080054552277204,0.4244221424285376,0.419796231722896
2,0,39.0,6,0.0,0.9,,0.22335391545081262,0.3397327745856437,0.36389249777770505,0.412553214209659,0.4446888061244831,0.4541438329231672
2,0,40.0,6,0.0,0.9,,0.2178860596841837,0.3456490523451683,0.37269232675218855,0.40773183609157904,0.48227425829541304,0.47039928640808315
2,0,41.0,6,0.0,0.9,,0.21993837042727601,0.3418470962733012,0.3717018287400199,0.4057572088716802,0.44023765654259917,0.4270856428499613
2,0,42.0,6,0.0,0.9,,0.22591386729403276,0.3412939741443093,0.369421335137052,0.4119315680702602,0.4264830974254986,0.38225781645678064
2,0,43.0,6,0.0,0.9,,0.24171817396648493,0.3410851433790695,0.367083915088557,0.41263309535057136,0.42259925982452556,0.40637070790610563
2,0,44.0,6,0.0,0.9,,0.24951167296295576,0.33893675939523266,0.36703685519451273,0.40866154905520774,0.43384119668893845,0.36770511618243007
2,0,45.0,6,0.0,0.9,,0.23892192941690832,0.3382083984245753,0.362849395633254,0.4016620928833211,0.45541416626706,0.36453496351308884
2,0,46.0,6,0.0,0.9,,0.24008353335793098,0.3367214192073803,0.3659788186154541,0.39904455214470147,0.4931628371055492,0.3904813068442886
2,0,47.0,6,0.0,0.9,,0.2524795742353764,0.3412684942998995,0.36377363306423227,0.41362412272166527,0.49416567798248,0.3801012875859276
2,0,48.0,6,0.0,0.9,,0.2669539688856703,0.3413378553728087,0.3721568898561717,0.408804749292754,0.4731594649769014,0.41357729431156215
2,0,49.0,6,0.0,0.9,,0.2653531611667398,0.337847922724542,0.3779386783993967,0.41027908064242335,0.42731832969811645,0.4222142738269268
2,0,50.0,6,0.0,0.9,,0.25597191372093286,0.3429518655461059,0.37365552284020753,0.4005689687325531,0.4312046193620014,0.4308824783464849
2,0,51.0,6,0.0,0.9,,0.23499525172657681,0.3459683167543569,0.3675470163741513,0.39688878781718795,0.3903565528615366,0.4106242946161208
2,0,52.0,6,0.0,0.9,,0.23226621353836774,0.35448535406060055,0.36117957140212065,0.40845068865408896,0.4091860498084161,0.437664096693112
2,0,53.0,6,0.0,0.9,,0.23339126803150045,0.3546714298312192,0.367035744912086,0.41083731626590525,0.39235116535411274,0.41510564608175005
2,0,54.0,6,0.0,0.9,,0.24667970661234614,0.3522899627129094,0.37120787504772323,0.41239566667392225,0.42542762218878327,0.44537478566640915
2,0,55.0,6,0.0,0.9,,0.233301632924842,0.34564352293542705,0.37225334555727857,0.41718328200343624,0.4018034900670912,0.45014722515157235
2,0,56.0,6,0.0,0.9,,0.23624613436695313,0.3473334911844438,0.3743325388614256,0.4121777724069604,0.38989155473719833,0.446893491835738
2,0,57.0,6,0.0,0.9,,0.2257194373351561,0.34912237700324694,0.3716391941978066,0.4100536960644491,0.39308490411001623,0.43049511298512666
2,0,58.0,6,0.0,0.9,,0.24000352553128218,0.3424629238713604,0.37571195105306265,0.4100626486393718,0.4140347044869771,0.4119214288280014
2,0,59.0,6,0.0,0.9,,0.2287253502666194,0.3480725105060744,0.3749216219418333,0.420252543994763,0.43233214452691426,0.430927151056206
2,0,60.0,6,0.0,0.9,,0.22410716896747354,0.3435182942695242,0.37211046066213277,0.4391321445916966,0.454284445985187,0.43457982634121517
2,0,61.0,6,0.0,0.9,,0.2327316277770631,0.35499753597742484,0.3724555946120667,0.4369643996247715,0.44424469351287577,0.4782516604305309
2,0,62.0,6,0.0,0.9,,0.22952493951306327,0.3484911325917118,0.3765616152718331,0.43847224948300206,0.4317766226468912,0.46101804051172274
2,0,63.0,6,0.0,0.9,,0.2260611323430918,0.3427384749623965,0.371409449625933,0.44724409031477663,0.40558826541654386,0.4360771640406867
2,0,64.0,6,0.0,0.9,,0.23002591862596988,0.3482279234913757,0.3702954069328857,0.4293527101532029,0.4027888647463467,0.42092233490767156
2,0,65.0,6,0.0,0.9,,0.20805225340358585,0.3483283255313095,0.37432841333669803,0.41717089895900505,0.39350156514351137,0.40912536310483516
2,0,66.0,6,0.0,0.9,,0.21074713023632946,0.3502694847425198,0.3780141010009514,0.4152000009124305,0.43341464566123944,0.4076393179347999
2,0,67.0,6,0.0,0.9,,0.22683528815800996,0.3495410804934821,0.3738061003284253,0.4321912683488197,0.4010764884085921,0.4168195659948439
2,0,68.0,6,0.0,0.9,,0.2190377260210136,0.34661014236051463,0.3688528521785656,0.4288341837001838,0.4155462864426441,0.40480772383525376
2,0,69.0,6,0.0,0.9,,0.21822099132128675,0.34810678672451384,0.3701814264486286,0.41586215394731363,0.44028569334640555,0.4058539928513497
2,0,70.0,6,0.0,0.9,,0.2182672506943082,0.35096569887366136,0.3714321866780027,0.421528356807989,0.4399197645412355,0.4433229780154659
2,0,71.0,6,0.0,0.9,,0.24153135719624128,0.35076865443702243,0.36807645057337546,0.42024297942799127,0.426598312424564,0.41790397035726007
2,0,72.0,6,0.0,0.9,,0.2316099154839597,0.34262385320343297,0.37442327906316136,0.4279837244672125,0.43353213332009355,0.39456067593540156
2,0,73.0,6,0.0,0.9,,0.23623954338209333,0.3407719845849434,0.37159849539556516,0.4243413330345917,0.43118855198850065,0.394639739035118
2,0,74.0,6,0.0,0.9,,0.24298715708059357,0.34773207914389564,0.36011295902303947,0.42704203998539497,0.4576459950827895,0.38922411503263554
2,0,75.0,6,0.0,0.9,,0.22765502595113815,0.3426787671248885,0.3537395744196184,0.43547869430410413,0.4708271442532895,0.43184918694674634
2,0,76.0,6,0.0,0.9,,0.21747885797890606,0.34219297776353286,0.3606191104434867,0.4424989548110349,0.4685567733569226,0.40395396326396565
2,0,77.0,6,0.0,0.9,,0.21665529004285816,0.3399090826785464,0.359250625897553,0.43775686044704853,0.4732608732509678,0.4343090019661924
2,0,78.0,6,0.0,0.9,,0.22318333963552797,0.33938831964640415,0.36058232302838583,0.44714814541900516,0.4690793028882928,0.423335720621037
2,0,79.0,6,0.0,0.9,,0.2285098426606343,0.34114854094236513,0.36189583277931814,0.43692950799419916,0.4532310373598314,0.4600361461956396
2,0,80.0,6,0.0,0.9,,0.20683939263131737,0.33492776240770716,0.36424409127254453,0.41705808002401545,0.45059880538647734,0.45125402045192375
2,0,81.0,6,0.0,0.9,,0.20219404394664747,0.3359921739897878,0.37273233310129344,0.41075912035693174,0.43310027219448627,0.43473035141545724
2,0,82.0,6,0.0,0.9,,0.208465295741547,0.3348623838838073,0.3699679540890554,0.4122614471662738,0.4227007980273271,0.4716523080336237
2,0,83.0,6,0.0,0.9,,0.21380090402220925,0.3368133163472461,0.36947018753040883,0.40358154884452774,0.38048921010057857,0.4450809377853446
2,0,84.0,6,0.0,0.9,,0.22067304791577208,0.33860772925595073,0.3720177539253026,0.4017076294089331,0.37865325337135397,0.4048372656181221
2,0,85.0,6,0.0,0.9,,0.21424991940025584,0.3453106969951286,0.37359563259821105,0.42552826659071397,0.3837523907341175,0.4096634584031225
2,0,86.0,6,0.0,0.9,,0.21262236814047825,0.3495169785715232,0.36990930382421416,0.4129277176642727,0.3687194062056719,0.3833017667572465
2,0,87.0,6,0.0,0.9,,0.22511059801510921,0.3487706590353726,0.36699342912291727,0.42817542654655744,0.3670513558764357,0.4100146553457976
2,0,88.0,6,0.0,0.9,,0.22354684027253624,0.33853487931773496,0.3726440414587636,0.4399277101968722,0.3919904415111957,0.43423535393101975
2,0,89.0,6,0.0,0.9,,0.23796336174606086,0.3365644548369696,0.37384525652952705,0.4529308436275722,0.3546393663236184,0.45279753231727743
2,0,90.0,6,0.0,0.9,,0.22917832351772377,0.3348173537772408,0.36776746251359094,0.4434971206911601,0.3756147440480994,0.42126072526728436
2,0,91.0,6,0.0,0.9,,0.23678855141726332,0.33637143490930177,0.3669530526608432,0.4377905164064851,0.3652587225167788,0.4191333480161615
2,0,92.0,6,0.0,0.9,,0.22292448774857937,0.3388431346656503,0.36340987430827687,0.42429832790726313,0.42432501456032734,0.40890090228802023
2,0,93.0,6,0.0,0.9,,0.220255368300828,0.33895830533266685,0.3655975829368527,0.4315906597435485,0.414002200708491,0.45113864872860293
2,0,94.0,6,0.0,0.9,,0.21864547537330364,0.33941175552213804,0.3631056048623095,0.427810888507167,0.4552629432869618,0.4322651310156519
2,0,95.0,6,0.0,0.9,,0.21613881291891648,0.3423783144639366,0.3637409160498846,0.4376236717824627,0.4586868799963826,0.42116712536602013
2,0,96.0,6,0.0,0.9,,0.21954838396058718,0.3425415261948263,0.3681971007544403,0.4394717448076538,0.4644409828392506,0.44734046652616277
2,0,97.0,6,0.0,0.9,,0.2149512982150134,0.3398326778014799,0.3714430188689532,0.4271320904325366,0.4601494162652425,0.44090643918264094
2,0,98.0,6,0.0,0.9,,0.22616316462781771,0.34995450893855856,0.3712449005992613,0.42288897895601973,0.466039321831921,0.42051543826088905
2,0,99.0,6,0.0,0.9,,0.22255915508492072,0.3468960144907215,0.3726275875992449,0.4172051997370218,0.46175050080288144,0.4753417972005667
2,0,100.0,6,0.0,0.9,,0.22455326546521812,0.3440393521687606,0.3719147710464794,0.41322358532013226,0.461386934742142,0.47071763412236506
3,1,21.0,6,0.0,0.0,,0.3710583445406104,0.5031362866760819,0.6032955442471042,0.640343978714211,0.6208620403614853,0.6491727957831819
3,1,22.0,6,0.0,0.0,,0.36413286978097875,0.5112037283566315,0.6069732565975062,0.6469242595656521,0.6288199257558391,0.6599306186729212
3,1,23.0,6,0.0,0.0,,0.36041181931904065,0.5051003858749497,0.5990518702835119,0.6433749323265016,0.6000654810907677,0.6801236059157889
3,1,24.0,6,0.0,0.0,,0.3749125253384507,0.5090652745227059,0.602031182432299,0.6514959265041652,0.5958049109451765,0.6282718119518088
3,1,25.0,6,0.0,0.0,,0.37437447897154696,0.4982841263475204,0.5991794429359921,0.6429030742113874,0.615577832700977,0.580059953585218
3,1,26.0,6,0.0,0.0,,0.36346565940049474,0.5042590779546975,0.6006656710533698,0.6434045358546807,0.6438128676761441,0.6049164669064407
3,1,27.0,6,0.0,0.0,,0.34177766188987,0.5142024180632907,0.5983225401585639,0.6468294961448797,0.6568730952416658,0.6350210156028924
3,1,28.0,6,0.0,0.0,,0.35053642536220825,0.5225315712081345,0.5964170363736067,0.642151272738917,0.6395243677677444,0.6144111723097503
3,1,29.0,6,0.0,0.0,,0.33137624348248307,0.5276660321936681,0.5962580077614662,0.6379941272492388,0.640029112731326,0.620677228213194
3,1,30.0,6,0.0,0.0,,0.34346142892617426,0.5184123668416575,0.5985640292394641,0.6420271676732563,0.6333375384175624,0.5738068224912319
3,1,31.0,6,0.0,0.0,,0.33333376085563954,0.5108294396857084,0.5961725778459156,0.6271308822041928,0.621920635650563,0.5308074095379496
3,1,32.0,6,0.0,0.0,,0.329406585053032,0.5123187646449371,0.5971613099603109,0.6386320052204597,0.6281116186482636,0.532824574703547
3,1,33.0,6,0.0,0.0,,0.3109470672882696,0.522443319491399,0.5987497273489365,0.6401299431194116,0.6050142722878815,0.5653733668020197
3,1,34.0,6,0.0,0.0,,0.315080098960645,0.5155269276567271,0.6012682010265004,0.6314916165328468,0.6166753563296643,0.5353380940927139
3,1,35.0,6,0.0,0.0,,0.3297729432167854,0.5202522454567298,0.6034355465467737,0.6351288140830288,0.636917751732429,0.559373925125465
3,1,36.0,6,0.0,0.0,,0.34002745927267014,0.5108523469931912,0.6072715127760854,0.6374774517522429,0.6407502751290232,0.5949193124608748
3,1,37.0,6,0.0,0.0,,0.35114887341982093,0.5112005347024361,0.6036072135367366,0.636795303541384,0.6446121941008526,0.547806239043091
3,1,38.0,6,0.0,0.0,,0.3409412593434617,0.5100129932194957,0.6006757741452574,0.6411313795623153,0.6355077850716638,0.5645625390751745
3,1,39.0,6,0.0,0.0,,0.3270166016755933,0.5076305110745659,0.6013994529234029,0.6474871033291493,0.6123289661065847,0.603887855116176
3,1,40.0,6,0.0,0.0,,0.34313820398696904,0.49758243718226114,0.6008152545471984,0.6451010962619741,0.6053989789588585,0.5892563751869895
3,1,41.0,6,0.0,0.0,,0.3626944337067589,0.489572466461708,0.6008754513213371,0.6471009942545688,0.6071869152044338,0.6326407313334985
3,1,42.0,6,0.0,0.0,,0.35018625720934227,0.506259757157235,0.598490364372938,0.6427240289454812,0.6111349108220226,0.6158884506077624
3,1,43.0,6,0.0,0.0,,0.3407146857845458,0.4907114581069926,0.6027831588963517,0.6459427055053402,0.6131547215974658,0.6008192235194542
3,1,44.0,6,0.0,0.0,,0.3549329670083235,0.49885310685362594,0.6024497748006596,0.6468314435113096,0.6172666516487239,0.5814328381054363
3,1,45.0,6,0.0,0.0,,0.34222514153152256,0.503504340196925,0.6021520684549935,0.6412188173062369,0.6293489857120734,0.5510750432664457
3,1,46.0,6,0.0,0.0,,0.34099750728089917,0.5051206888732906,0.6043781468152833,0.6394279077148888,0.6362769867094149,0.5535598364456329
3,1,47.0,6,0.0,0.0,,0.34925395880855653,0.5141987122238187,0.603725765135805,0.6400896723701863,0.6542481136714197,0.5782320705020781
3,1,48.0,6,0.0,0.0,,0.375268810718896,0.5257572034348372,0.6029683534665071,0.635464806677043,0.6470844387218553,0.5589375561453895
3,1,49.0,6,0.0,0.0,,0.3732947248451753,0.5274007703729251,0.6083475121267621,0.6329998848991766,0.6212854765646798,0.5885575577198009
3,1,50.0,6,0.0,0.0,,0.38861111080318905,0.5230834525417186,0.6045351692118218,0.6383885228442627,0.6320331008693847,0.5409771499741656
3,1,51.0,6,0.0,0.0,,0.37699488376449297,0.5155918302470588,0.6000837633386129,0.6381390565670189,0.627518102489785,0.5706343112745913
3,1,52.0,6,0.0,0.0,,0.3568578017897368,0.511910857273627,0.6015936346320687,0.6370203646827892,0.633676660232602,0.612575940594127
3,1,53.0,6,0.0,0.0,,0.3478077888104041,0.5059053137396573,0.601207424701142,0.636679657370997,0.654751917513666,0.6078130057188107
3,1,54.0,6,0.0,0.0,,0.34784043733031167,0.5012228107918016,0.5980674328481648,0.639707000297867,0.6104379576341981,0.5831959318513358
3,1,55.0,6,0.0,0.0,,0.340785519641916,0.49679699781096964,0.6021690476143867,0.6403016055727645,0.6125768736452011,0.5674913272009573
3,1,56.0,6,0.0,0.0,,0.33169618302402404,0.5039910138456173,0.6083734859159533,0.6379525849488339,0.6420881190370775,0.5758870074662218
3,1,57.0,6,0.0,0.0,,0.3364372055386778,0.5114361283345707,0.6076869031934988,0.6329150616067045,0.6474740780095571,0.616918869497366
3,1,58.0,6,0.0,0.0,,0.3554345596225834,0.5096275190490116,0.6112392589737979,0.6282190512578014,0.653078842367662,0.6041197048442013
3,1,59.0,6,0.0,0.0,,0.3330640134237145,0.5126785140230672,0.6113913640710711,0.6309033426679083,0.6343605178316374,0.5847974707282171
3,1,60.0,6,0.0,0.0,,0.3419574373589065,0.5153988612101086,0.613103958654858,0.6222660989113648,0.6442480304912679,0.6211137426852149
3,1,61.0,6,0.0,0.0,,0.34412003780279127,0.5153613078651696,0.6111349462075355,0.6185787059264478,0.650422000737603,0.6375237756521721
3,1,62.0,6,0.0,0.0,,0.32664898656236785,0.5103078084868873,0.6128988243640298,0.6247664566229371,0.6732914531943962,0.6340383785634734
3,1,63.0,6,0.0,0.0,,0.32537685102673797,0.5057558575744444,0.611876682521515,0.6293574755368572,0.6570332105837198,0.627456519930667
3,1,64.0,6,0.0,0.0,,0.34357693251104143,0.4978504238834832,0.6108234627217878,0.6453769265055572,0.613378814852066,0.6126946778107724
3,1,65.0,6,0.0,0.0,,0.3487402321816747,0.49543583487204856,0.6113152622287188,0.644183776589289,0.6421040377999769,0.6174310556638589
3,1,66.0,6,0.0,0.0,,0.33805995305583103,0.5032198902708604,0.6105788337441534,0.630997756218596,0.6166806735003203,0.5911870702081948
3,1,67.0,6,0.0,0.0,,0.3473420782779774,0.49390243405824685,0.6086553156097885,0.6314518016777577,0.5951150495589175,0.5485690074265771
3,1,68.0,6,0.0,0.0,,0.34981131739904286,0.510690127316954,0.6033798804569863,0.6240754006779474,0.600024895947511,0.561106522377967
3,1,69.0,6,0.0,0.0,,0.34779001984951163,0.5145386025068158,0.6042305283267674,0.6164165953046378,0.5949945688022688,0.5604788891463721
3,1,70.0,6,0.0,0.0,,0.36811129910279694,0.5226902881138418,0.6073752900594152,0.6278758530235807,0.6061323804221256,0.5533988515167069
3,1,71.0,6,0.0,0.0,,0.34686055102945734,0.5268857236778958,0.6083099571291999,0.622419543574321,0.6083350701995142,0.5785704645657648
3,1,72.0,6,0.0,0.0,,0.3578603335279794,0.5226714151856953,0.6068712133869383,0.6245963527954779,0.6377704930300334,0.5832211474107319
3,1,73.0,6,0.0,0.0,,0.3498431512277328,0.5248283596474372,0.6129098894755302,0.6242014802607783,0.6377030006896104,0.6304845552494065
3,1,74.0,6,0.0,0.0,,0.35890573796917713,0.5191588800906457,0.6128764036911761,0.6407006899790026,0.6250746450830642,0.6074222475055888
3,1,75.0,6,0.0,0.0,,0.3602902380977554,0.5198183185541744,0.6116232396575166,0.6422498677443623,0.6041359898377798,0.59899526551303
3,1,76.0,6,0.0,0.0,,0.34848537952927716,0.5206360948484509,0.6095218394095918,0.6483923466102071,0.6031396267349167,0.6183788422163137
3,1,77.0,6,0.0,0.0,,0.34630136909909376,0.5159324508773919,0.6104578197124754,0.6445398419685339,0.634109313887263,0.610933895445799
3,1,78.0,6,0.0,0.0,,0.33475524375338206,0.5200772131314189,0.6147903675356918,0.650523271688223,0.6323068466493929,0.5547119853245774
3,1,79.0,6,0.0,0.0,,0.3177897596563831,0.5213178204967899,0.6120555417121318,0.6468718103142982,0.6429232991737951,0.5479233068869699
3,1,80.0,6,0.0,0.0,,0.3030072258073347,0.5326068705255862,0.6095214750869562,0.6419255052592503,0.6352051669286396,0.5851102368918248
3,1,81.0,6,0.0,0.0,,0.2910326303870242,0.522365037507192,0.6102893488916898,0.6359615810611766,0.6391559556434114,0.587993829747578
3,1,82.0,6,0.0,0.0,,0.3044243744311736,0.5026993766034776,0.6110202909535948,0.6287457068430728,0.6379305942351629,0.597732836187144
3,1,83.0,6,0.0,0.0,,0.32074381418345194,0.5000542147510718,0.6090084813773415,0.6248008451493032,0.6460515751206172,0.6038405643277115
3,1,84.0,6,0.0,0.0,,0.32388124549525205,0.5084434557044205,0.6093406351396138,0.6204778662997821,0.6317213609005533,0.595555500532034
3,1,85.0,6,0.0,0.0,,0.32585647090589903,0.4964556221409418,0.605027005101844,0.6269778668860064,0.6317846033748886,0.600520708106165
3,1,86.0,6,0.0,0.0,,0.32376818252385625,0.4950659649236875,0.6015761010716282,0.6260052873812051,0.6209424959076585,0.5893645249198077
3,1,87.0,6,0.0,0.0,,0.30778996410131326,0.4963558026854405,0.6076849926230141,0.6265236042472029,0.5887049352540602,0.5323394478441844
3,1,88.0,6,0.0,0.0,,0.29441706115220456,0.48640394856586344,0.6039379974142794,0.6285727997286038,0.6064211684408402,0.5321536783740128
3,1,89.0,6,0.0,0.0,,0.29391842268365187,0.47816541214251035,0.6020392702682892,0.6331209266938255,0.597737679345312,0.5338440817718496
3,1,90.0,6,0.0,0.0,,0.28710238431552326,0.46880503014988906,0.601823664829097,0.6350097624557082,0.6116728183036534,0.5592869932000756
3,1,91.0,6,0.0,0.0,,0.3146307216639019,0.4624711050281641,0.5992489351791459,0.6284319175328515,0.5699795009470051,0.5350903399170946
3,1,92.0,6,0.0,0.0,,0.3331344188285093,0.4666309061672235,0.5995714046051748,0.6313613374598399,0.6066276758146432,0.5557225057650952
3,1,93.0,6,0.0,0.0,,0.3439050262695512,0.47178986180952676,0.6022826166663157,0.6287063676372494,0.6017628425376427,0.5792671326113491
3,1,94.0,6,0.0,0.0,,0.350038659119767,0.4775449909310483,0.6043879929529384,0.6181244971787926,0.6061817150313418,0.5604325707621437
3,1,95.0,6,0.0,0.0,,0.33898860710140044,0.47540478027433847,0.6075012617603519,0.618409047977744,0.5928177896270019,0.5648894042161248
3,1,96.0,6,0.0,0.0,,0.33797780600615,0.501794916740018,0.6073231261128574,0.6200758617536739,0.591193107979549,0.557911112210606
3,1,97.0,6,0.0,0.0,,0.3478956117629905,0.5010540347109931,0.6098183692191746,0.6264406878120118,0.5928826719505862,0.5370681893073104
3,1,98.0,6,0.0,0.0,,0.3651589073098722,0.5141080870110448,0.6039569440152979,0.6337499118291889,0.5817028223397657,0.5203080077499411
3,1,99.0,6,0.0,0.0,,0.3597862800474686,0.5019293512889682,0.6033888028958166,0.6407971834083488,0.5459605727811805,0.5104088709820648
3,1,100.0,6,0.0,0.0,,0.38465141110902945,0.5099741482691318,0.6015999146535189,0.6344296137072452,0.5598954174158445,0.5286320983974017
4,1,21.0,6,0.0,0.5,,0.25066124197000805,0.37119475342302444,0.4632538778926591,0.47435133279061337,0.5415328238978214,0.49510794328560637
4,1,22.0,6,0.0,0.5,,0.24102447029945595,0.36943993555366694,0.4609382135995645,0.4924052983182083,0.550042928560972,0.5087772072144972
4,1,23.0,6,0.0,0.5,,0.23161711108861308,0.3714273752792864,0.46244696897084275,0.5040509360915075,0.5503823840158878,0.5192080394275586
4,1,24.0,6,0.0,0.5,,0.23699969376779267,0.36981105046541446,0.4639128645644018,0.49398541966739257,0.5495995749861157,0.5199713521212344
4,1,25.0,6,0.0,0.5,,0.26345831429831534,0.37019694842960643,0.46788740486903607,0.48378748459343085,0.5200565416853021,0.47369533240890593
4,1,26.0,6,0.0,0.5,,0.27198313856914136,0.37004939684794796,0.46800632198642,0.46889585402280975,0.5255836915663026,0.45811270096050344
4,1,27.0,6,0.0,0.5,,0.2613777292753329,0.37471009661957905,0.46743773655711723,0.4907498075089903,0.5417288847232998,0.47704147810589764
4,1,28.0,6,0.0,0.5,,0.263335971267651,0.3805167771527693,0.46428530053113093,0.4762496063108406,0.5547028794008639,0.42807289621730743
4,1,29.0,6,0.0,0.5,,0.24659907138838738,0.38824392345397973,0.4663313645501927,0.471746207589251,0.537883006330339,0.4487792461417265
4,1,30.0,6,0.0,0.5,,0.2541015174069294,0.38056217855078106,0.4691749417995389,0.4742982363966129,0.5515650076881694,0.5241172658929586
4,1,31.0,6,0.0,0.5,,0.2562434570548509,0.3719335463022104,0.4677689606129626,0.49155894534043154,0.5447202953512135,0.4978384536377686
4,1,32.0,6,0.0,0.5,,0.2678004799110186,0.37659958317616804,0.467574215869778,0.4964765247521147,0.5651065050264912,0.5253398483502554
4,1,33.0,6,0.0,0.5,,0.2650342462589241,0.3872115649591075,0.4686408214286981,0.49521384247898537,0.530456448747261,0.53220095863841
4,1,34.0,6,0.0,0.5,,0.2561918376059843,0.3799940992876694,0.46766122049658926,0.4934427636029464,0.5425130930810621,0.5593965599644496
4,1,35.0,6,0.0,0.5,,0.26620225895708743,0.3777158608074137,0.4656708137168053,0.5025813116856179,0.5306425152460701,0.5307274702858389
4,1,36.0,6,0.0,0.5,,0.27195679849390847,0.3787632027279829,0.46649194036117186,0.48964889575043824,0.5326335014778949,0.5379823043736487
4,1,37.0,6,0.0,0.5,,0.2780083305832151,0.3741334417383893,0.4647353896084715,0.4796313952465516,0.49604972911019907,0.5422904149852498
4,1,38.0,6,0.0,0.5,,0.29626522375065334,0.3801825095807261,0.4653180745250438,0.4616946114353987,0.4866846609049637,0.545172006860403
4,1,39.0,6,0.0,0.5,,0.2908502036154812,0.3788014596489702,0.4659508577112262,0.46807814141616133,0.48495451466619144,0.5400783312081778
4,1,40.0,6,0.0,0.5,,0.2975423573600303,0.39059621107814213,0.46645708426017213,0.4808682668814594,0.47802836112579056,0.5712350184410425
4,1,41.0,6,0.0,0.5,,0.2977146923233901,0.38211533309575646,0.46591423076176836,0.47757075792008424,0.4536431762498522,0.5408953862380309
4,1,42.0,6,0.0,0.5,,0.28613139294048884,0.3803477184609945,0.46376848016844646,0.4885784975276607,0.4618228010076514,0.47469011725002624
4,1,43.0,6,0.0,0.5,,0.2753503503304295,0.38579622692044757,0.4659179082600452,0.47779422097606083,0.4651586416098684,0.520675779336934
4,1,44.0,6,0.0,0.5,,0.27464030271926443,0.38513794593686346,0.46542163176218015,0.47140862453726246,0.49401881937911857,0.5203467794709317
4,1,45.0,6,0.0,0.5,,0.2553561940284313,0.3853408453575079,0.4660337035009353,0.4789378993047223,0.4961418684481124,0.5277767897898773
4,1,46.0,6,0.0,0.5,,0.26988237044711577,0.3829733473980049,0.46773008692603624,0.47155350214852537,0.5152986459773049,0.5507519681760641
4,1,47.0,6,0.0,0.5,,0.2518361907319592,0.38440387001173615,0.4726825627095298,0.4725185571374535,0.4968734234307779,0.5538688551082703
4,1,48.0,6,0.0,0.5,,0.2476783930690945,0.39077672966472304,0.4708946135212547,0.4718826641037991,0.4823513893763353,0.5410550424670736
4,1,49.0,6,0.0,0.5,,0.26359036355646204,0.38696949178905327,0.4692295021523324,0.48225799482242937,0.501692076816081,0.5240242752705886
4,1,50.0,6,0.0,0.5,,0.2736935295682751,0.38191247923218363,0.47028672584715386,0.48252755186117396,0.4886615863137133,0.48848638309371123
4,1,51.0,6,0.0,0.5,,0.28529191641724727,0.3920998245478825,0.46777121799725696,0.4698788274173401,0.4847922824457114,0.4834821227398283
4,1,52.0,6,0.0,0.5,,0.2696377106920428,0.39995911527081174,0.4707596366168098,0.46552838207203945,0.49911697666179355,0.5152674724469187
4,1,53.0,6,0.0,0.5,,0.2667903734049904,0.3936878735939276,0.47271755945283267,0.47124951178091196,0.5155046247607608,0.49881855963533905
4,1,54.0,6,0.0,0.5,,0.26422616105410157,0.39331353408924824,0.47307717168755403,0.46942435255626347,0.5510711025336485,0.4818657719550775
4,1,55.0,6,0.0,0.5,,0.24634521821962566,0.38452831737744925,0.47241702673777086,0.4680973820476774,0.525592807902351,0.4507676753239327
4,1,56.0,6,0.0,0.5,,0.2397036895370027,0.3902173811944819,0.46912879510615396,0.471540151311497,0.5199527622987714,0.4835967140958036
4,1,57.0,6,0.0,0.5,,0.2412444513789612,0.38205139506163616,0.46561833497665184,0.46495634241599726,0.5292117447417442,0.5255303200247343
4,1,58.0,6,0.0,0.5,,0.24544124353832775,0.39319615940827485,0.46860451814070625,0.4649816766329618,0.5268093878040545,0.4951564025714766
4,1,59.0,6,0.0,0.5,,0.2492717417127562,0.39180396825114777,0.469786738637853,0.4777309706220018,0.4956851447827737,0.4760166909793281
4,1,60.0,6,0.0,0.5,,0.2489561972826908,0.38366802192130167,0.4707325150355703,0.48287729503261334,0.5165399692657273,0.508008546177739
4,1,61.0,6,0.0,0.5,,0.2530298655569047,0.3911626080728577,0.46907568408555067,0.48073384569019045,0.5126905139156637,0.5136422422351477
4,1,62.0,6,0.0,0.5,,0.252871397192805,0.38443072150512975,0.46914893981412986,0.4812193324213904,0.4951533442988879,0.536773845887782
4,1,63.0,6,0.0,0.5,,0.2761556770383252,0.37300822104363335,0.4714290020106887,0.49790486965384984,0.5078834107296295,0.526329778902895
4,1,64.0,6,0.0,0.5,,0.2676368629565908,0.3704536816816727,0.47204632573383887,0.49024311648541835,0.4853119594344345,0.5202776377124422
4,1,65.0,6,0.0,0.5,,0.24144533578598154,0.3760170222549626,0.4691788979066052,0.491740985789794,0.4980970236602973,0.48423008813158297
4,1,66.0,6,0.0,0.5,,0.23812660631184177,0.3751617258612449,0.4702462424505721,0.5030539114623933,0.5169357957537879,0.5173108865048368
4,1,67.0,6,0.0,0.5,,0.24036718937143267,0.3802221899955285,0.475174889174858,0.49512718740561945,0.5375495578618315,0.4891064172113664
4,1,68.0,6,0.0,0.5,,0.25853939128155934,0.38328706353455144,0.47168174865942036,0.49464355937290183,0.5453785260256443,0.4715850865235204
4,1,69.0,6,0.0,0.5,,0.27373439077183964,0.3936382243866847,0.4688872362470703,0.48947271899513173,0.5434271812035194,0.4690101087710537
4,1,70.0,6,0.0,0.5,,0.27914406188431334,0.38641121455619143,0.47098481161331895,0.48206664855947884,0.5351959939504464,0.5024784231004512
4,1,71.0,6,0.0,0.5,,0.26213204152985353,0.3853393505158288,0.4695364126442859,0.47755137166526174,0.5365282966512864,0.4799992167317505
4,1,72.0,6,0.0,0.5,,0.25326437155378495,0.376256301428605,0.4683776934690595,0.4700527125789618,0.5242572114481884,0.42105450170798814
4,1,73.0,6,0.0,0.5,,0.2616395057977157,0.37781334947050393,0.4693326555536411,0.4646280490667295,0.5228673703814373,0.4451990400965441
4,1,74.0,6,0.0,0.5,,0.25975910938545377,0.3866676643953081,0.4658012357283501,0.46849310127185806,0.5180507620203261,0.42624231348262276
4,1,75.0,6,0.0,0.5,,0.24203189934645092,0.3808347665630901,0.4666732757315037,0.4741756669443816,0.5108424867654178,0.4398980830821217
4,1,76.0,6,0.0,0.5,,0.25795899341499384,0.3748926605708555,0.46288488470031613,0.47421115393398966,0.5132241968854923,0.5065251551890841
4,1,77.0,6,0.0,0.5,,0.26433616600073023,0.37490017925792174,0.4617018405181562,0.4714594720255322,0.5028866249959041,0.4866161698912457
4,1,78.0,6,0.0,0.5,,0.2739569646491506,0.37514532008038265,0.4630578705057161,0.4776481719146199,0.49134993058196513,0.5340228089488027
4,1,79.0,6,0.0,0.5,,0.29030792740722977,0.37696012670000467,0.46198813372410685,0.48137719671119444,0.5129886921004063,0.4883718427758609
4,1,80.0,6,0.0,0.5,,0.29313989034634147,0.3764459208197161,0.46531837349854965,0.4869214579480336,0.49173056298547546,0.45760233110426085
4,1,81.0,6,0.0,0.5,,0.3077377714570795,0.3726573717026165,0.4653008866185318,0.47694467324747586,0.50395862630228,0.4772352335134163
4,1,82.0,6,0.0,0.5,,0.29669773697452595,0.3731119481633306,0.46714383342011345,0.47395024968684496,0.524657828929205,0.48141105404688284
4,1,83.0,6,0.0,0.5,,0.3039432868883333,0.3787832826126781,0.46982491689547545,0.4753215517403494,0.5025372242663046,0.5121112488784347
4,1,84.0,6,0.0,0.5,,0.3043371988370115,0.3795275904906478,0.47107408288570063,0.49079191457395954,0.4912746598715076,0.5359659505059834
4,1,85.0,6,0.0,0.5,,0.27911371092262893,0.37729232218007713,0.4681624740835547,0.5069324952029868,0.5030264403308956,0.5031812356471994
4,1,86.0,6,0.0,0.5,,0.2654303670530735,0.3695795528871958,0.46727854262047447,0.5175147203531241,0.4715759722025612,0.5243245899018099
4,1,87.0,6,0.0,0.5,,0.2707665999282036,0.3712875380934917,0.4683467928636119,0.5058027906687832,0.4425171672520932,0.4839822483633836
4,1,88.0,6,0.0,0.5,,0.2825725772057293,0.3735440633377565,0.4695805584161776,0.49405360077848853,0.419161167574772,0.5075482266474998
4,1,89.0,6,0.0,0.5,,0.28000550709072125,0.3655746822361949,0.46720628405247605,0.49118825832685686,0.45498129570813006,0.4531715761289202
4,1,90.0,6,0.0,0.5,,0.2668834815258038,0.3729925957437774,0.47108160343546246,0.47092243415206214,0.45322071081297366,0.4588068939817579
4,1,91.0,6,0.0,0.5,,0.2578745793963927,0.3821687654522896,0.4715277413184353,0.48465704686363437,0.4815218894488787,0.4552248948492868
4,1,92.0,6,0.0,0.5,,0.2523323223663695,0.39199750959685276,0.4703658482146643,0.4919473787393824,0.48777328374105056,0.47455808340542693
4,1,93.0,6,0.0,0.5,,0.25231336264037685,0.38789081052956004,0.47119580269701944,0.4870438863856372,0.4774013520470614,0.4830690039392761
4,1,94.0,6,0.0,0.5,,0.24788334896155684,0.3934521410876662,0.46936216997081315,0.48098991785718115,0.48966325718661696,0.5422926694717367
4,1,95.0,6,0.0,0.5,,0.27934034739195257,0.3844000771033757,0.47093072143241654,0.5086446181342846,0.47060979801551756,0.565961481574161
4,1,96.0,6,0.0,0.5,,0.2613450769763176,0.3861906408239212,0.47246544775873167,0.49232772403483754,0.47799598742997584,0.5372083352497514
4,1,97.0,6,0.0,0.5,,0.2674983678667989,0.3861995533836649,0.47219433350208834,0.48639402576980084,0.5007846188889303,0.49919620925148533
4,1,98.0,6,0.0,0.5,,0.2745293663168008,0.3839056802209509,0.4692973041212046,0.4922001184243827,0.5006654197667428,0.5172077179795787
4,1,99.0,6,0.0,0.5,,0.2831088697972538,0.3936943853388962,0.47034096742225173,0.4932305752461274,0.49300443806036975,0.506734835269513
4,1,100.0,6,0.0,0.5,,0.2811334608139707,0.38924831112319486,0.47196455654795405,0.4951173265644841,0.49423898736027283,0.49257859124105263
5,1,21.0,6,0.0,0.9,,0.23006247216038686,0.31828611318052547,0.3759486515660909,0.4112776202977219,0.4000462124623305,0.5072377014796727
5,1,22.0,6,0.0,0.9,,0.21879949673564222,0.3218562771100336,0.3769093557603007,0.40803649302252276,0.44963622423325855,0.5190788195990532
5,1,23.0,6,0.0,0.9,,0.21408489998757907,0.31844859897131567,0.3745808573759544,0.41454146901886013,0.4350832786730554,0.5143809754189892
5,1,24.0,6,0.0,0.9,,0.20862692312078795,0.31055298004895876,0.37257548733504225,0.40940351534376546,0.4508468223333468,0.4852887783903972
5,1,25.0,6,0.0,0.9,,0.20713149279948867,0.3154253871660696,0.3751602813892285,0.41171584695348173,0.45645118622933845,0.5021020843522648
5,1,26.0,6,0.0,0.9,,0.18831333167997472,0.31295759265561574,0.37496226264440946,0.3888952550041461,0.4561450404968749,0.49290533711340956
5,1,27.0,6,0.0,0.9,,0.18690564382960045,0.3057922338628211,0.3707423615151567,0.38361404855628356,0.42875333638350516,0.5162978667760532
5,1,28.0,6,0.0,0.9,,0.19159268729619677,0.3195638047236254,0.3747770497846911,0.3845972410048265,0.4193944872845998,0.49903927803368014
5,1,29.0,6,0.0,0.9,,0.1951112991423817,0.31843277814392046,0.38092964918422023,0.3772209860619412,0.43055983720596525,0.5649292105302958
5,1,30.0,6,0.0,0.9,,0.20729136263135536,0.318544009780938,0.3822153086681648,0.38105721809098275,0.42835137777284943,0.5662071319442917
5,1,31.0,6,0.0,0.9,,0.18170539552661286,0.3173045832551744,0.3797582560452927,0.37342421758666844,0.43792859123783134,0.5594768544126061
5,1,32.0,6,0.0,0.9,,0.17782613741844355,0.3144609495268995,0.37653969700176504,0.39086581447301033,0.44057966410246685,0.5121004955936076
5,1,33.0,6,0.0,0.9,,0.17756005871392225,0.3200871524528149,0.38395779989722995,0.39462863830258016,0.4080381225044272,0.529933840780482
5,1,34.0,6,0.0,0.9,,0.18667308897411058,0.3194351590917818,0.3835545601872016,0.3896968497038148,0.42238253905129924,0.457451331672629
5,1,35.0,6,0.0,0.9,,0.1987153662064914,0.31184773218833217,0.3808326987819406,0.382723996063178,0.44532092692325237,0.4943854917842976
5,1,36.0,6,0.0,0.9,,0.21031660185567577,0.30740684580060845,0.3776191364079856,0.38869405686026726,0.4347520873582756,0.4943897375621038
5,1,37.0,6,0.0,0.9,,0.18921543376659739,0.314848885880687,0.37974265488433734,0.3876984122629906,0.4464225262793148,0.47804487214877567
5,1,38.0,6,0.0,0.9,,0.19390111166356955,0.3183163257477871,0.3792749315626767,0.38805940028647556,0.4473524813057634,0.4538297682605574
5,1,39.0,6,0.0,0.9,,0.19137586781647625,0.3199343158893717,0.38167831169485406,0.3774910969574088,0.4463323506045838,0.47217801490973643
5,1,40.0,6,0.0,0.9,,0.19490465212411157,0.32703607547449265,0.37831041419539246,0.3745848538982761,0.4590234272119913,0.45715143324708524
5,1,41.0,6,0.0,0.9,,0.19667760195334255,0.33029506873063796,0.3774454829361378,0.384735090375999,0.4449385001983061,0.45106220754533444
5,1,42.0,6,0.0,0.9,,0.18496860844439914,0.3294681171802711,0.3772241973586843,0.3777146786661911,0.4434421345321454,0.40518525156616664
5,1,43.0,6,0.0,0.9,,0.18313204996165408,0.31821250200117546,0.37618401215607056,0.3803478502864891,0.42789639900822546,0.43148497968377714
5,1,44.0,6,0.0,0.9,,0.20970945203215355,0.32055279487471233,0.3761365500105647,0.38705997785683266,0.4410389726260971,0.3996937550878145
5,1,45.0,6,0.0,0.9,,0.21926425257227394,0.31352999229604656,0.3774733167150296,0.38936224314253776,0.44842890390211504,0.41430818709399464
5,1,46.0,6,0.0,0.9,,0.21529803753331697,0.307123598751744,0.37850021728664124,0.3805286087384141,0.45006969946837144,0.43493920343923237
5,1,47.0,6,0.0,0.9,,0.21859466603582628,0.3084959601365802,0.3788566026693526,0.3986840820782759,0.47905011569239414,0.4487515910595351
5,1,48.0,6,0.0,0.9,,0.21276436817373154,0.3156137713655491,0.37707129124624295,0.40012040049768316,0.4743911817325907,0.4888931460377031
5,1,49.0,6,0.0,0.9,,0.21334936706122426,0.32340773266148637,0.3759228318696164,0.4020962336416966,0.46452501313281036,0.5108772913160797
5,1,50.0,6,0.0,0.9,,0.21097990194419353,0.32106682545390286,0.37634335847244194,0.399124392797638,0.44669144571540453,0.5054265548231396
5,1,51.0,6,0.0,0.9,,0.21735690287963436,0.32300816083084244,0.37816917552209606,0.3859500000896002,0.4298974866551841,0.478192736782953
5,1,52.0,6,0.0,0.9,,0.2094659145739878,0.32041545831848894,0.38135456667457734,0.3921437046021627,0.4128016010065557,0.4622343341715115
5,1,53.0,6,0.0,0.9,,0.2139990179777512,0.3172959439380799,0.3790028209936082,0.38724404875198487,0.39503923299935106,0.5133324403873916
5,1,54.0,6,0.0,0.9,,0.20959866241622466,0.318010898327074,0.37901862149697313,0.39787901715126156,0.41237242958010595,0.49932744689970693
5,1,55.0,6,0.0,0.9,,0.21296259612652305,0.3148540943904711,0.37539683857755696,0.3922584711746784,0.41340409675157586,0.4941058945428529
5,1,56.0,6,0.0,0.9,,0.19649334523440784,0.3236682284624568,0.37688154756862347,0.3920119476230414,0.4394943228371854,0.44170601865394943
5,1,57.0,6,0.0,0.9,,0.1873327089155611,0.3277726983149575,0.37762738005598695,0.3924846859583303,0.44657252312131773,0.4206762912929327
5,1,58.0,6,0.0,0.9,,0.19564730175036935,0.32622039463462793,0.3744294716809301,0.38658640091191704,0.42360776072689504,0.4844520901149859
5,1,59.0,6,0.0,0.9,,0.19572076872382915,0.3164024754460309,0.3734199963572843,0.400868833125258,0.4416460720685086,0.5178700772991665
5,1,60.0,6,0.0,0.9,,0.189435715331108,0.31079864731315643,0.37272200619658835,0.3965306784981254,0.42990265948174916,0.5378559043972901
5,1,61.0,6,0.0,0.9,,0.20601385425962407,0.3095407353898082,0.37472797175448924,0.3994975688741655,0.42219271396461916,0.49057250154364934
5,1,62.0,6,0.0,0.9,,0.19997898016174914,0.31222373485456356,0.3779655379761571,0.3850287381996726,0.4479890689686794,0.4489016997612766
5,1,63.0,6,0.0,0.9,,0.20201816492742203,0.32042949499183215,0.37896379837860733,0.4021153654217133,0.45029792338875,0.44265788274966045
5,1,64.0,6,0.0,0.9,,0.21465422461040334,0.3236548159362784,0.3771570478136468,0.4070312937863997,0.44408804615978725,0.41212178164048485
5,1,65.0,6,0.0,0.9,,0.20163038948926534,0.32338253054215593,0.37716258646066203,0.4112077429191416,0.42141695196417006,0.40597752845964685
5,1,66.0,6,0.0,0.9,,0.18516172593643362,0.32375361278691306,0.3731380106834735,0.40875261354483816,0.44619360174011513,0.4360086060147836
5,1,67.0,6,0.0,0.9,,0.19670236207342645,0.3252065711976663,0.3701221914379628,0.4057163457187614,0.43101452446919264,0.42075351803628813
5,1,68.0,6,0.0,0.9,,0.1982736113301269,0.3197371875103667,0.3695363080243771,0.4066193657670508,0.445795960225302,0.48502595948255073
5,1,69.0,6,0.0,0.9,,0.19658057127093317,0.31675332729158207,0.37197129404357876,0.3978498171036576,0.43631856946298625,0.48734266135657645
5,1,70.0,6,0.0,0.9,,0.201039332970474,0.3237031331148909,0.37068460755424865,0.40219293672171164,0.4429271039320949,0.4919861648109869
5,1,71.0,6,0.0,0.9,,0.21596365844780405,0.3248614812221483,0.36999628559961467,0.39907969092187046,0.45970246637632844,0.5338851035418947
5,1,72.0,6,0.0,0.9,,0.2232518439727625,0.325724924812277,0.36889976853908163,0.4020261385489684,0.4730145369027704,0.49721699153377436
5,1,73.0,6,0.0,0.9,,0.2253715610221751,0.32043640501857834,0.362820274866387,0.39782384574292184,0.46238786811678867,0.5259602673684506
5,1,74.0,6,0.0,0.9,,0.21065916340444887,0.31731270129815137,0.3760256405467001,0.4062361339360578,0.46090277274556585,0.5479271296722242
5,1,75.0,6,0.0,0.9,,0.19694866191083868,0.32520125961850876,0.37372325249675004,0.3997513172531709,0.46867399255888004,0.5409337517409629
5,1,76.0,6,0.0,0.9,,0.20156768516061666,0.3203218488070957,0.37278885467100065,0.4052064109821568,0.42551448981188295,0.47359469938849835
5,1,77.0,6,0.0,0.9,,0.20958935966841624,0.3159094954975731,0.3758094688343649,0.39856374463279115,0.43342267431825043,0.46495089504978965
5,1,78.0,6,0.0,0.9,,0.20671679033379825,0.31501904262739094,0.3727409830470309,0.4024575692087039,0.4344464565741597,0.43005415874416497
5,1,79.0,6,0.0,0.9,,0.21710974620488752,0.31413490400014915,0.3792416268894298,0.4017874205035475,0.43435267954032303,0.42190879633475387
5,1,80.0,6,0.0,0.9,,0.21517314799009796,0.3122097407394024,0.3819786075831685,0.4054289853358307,0.44010417433685667,0.43515244421880805
5,1,81.0,6,0.0,0.9,,0.21434867619762737,0.3156652921700858,0.3839826400254683,0.4022465240444088,0.43744986520906837,0.4647564741492479
5,1,82.0,6,0.0,0.9,,0.21168738463902556,0.325601413790174,0.38686407113738636,0.40236820380972327,0.41664625578784953,0.46016892632141915
5,1,83.0,6,0.0,0.9,,0.2121096952886042,0.31867599954294784,0.3826570540532789,0.3923060926749158,0.40990343390245904,0.4568553275693417
5,1,84.0,6,0.0,0.9,,0.20539310494466934,0.32360700798540215,0.3747503170831884,0.3904286946291743,0.4206295187331713,0.47240623769021245
5,1,85.0,6,0.0,0.9,,0.21553192814034733,0.31874207155707845,0.3779834142391164,0.3848563530029664,0.4012113943412049,0.43871125476920503
5,1,86.0,6,0.0,0.9,,0.2160352392780231,0.3227246606761229,0.373571365835228,0.3837244391317431,0.3942981512496276,0.3887201753808909
5,1,87.0,6,0.0,0.9,,0.1954363288628023,0.32218196452356024,0.3803082377132887,0.39447591646208086,0.37397546469202564,0.35479578814451146
5,1,88.0,6,0.0,0.9,,0.19910885066762557,0.3261287205050408,0.38153108337214836,0.3947980230992289,0.3587203434203206,0.37532297893640704
5,1,89.0,6,0.0,0.9,,0.19366406836573027,0.3232436157287464,0.38287221245566755,0.4011813275934742,0.35952729568465924,0.3589512517442296
5,1,90.0,6,0.0,0.9,,0.19877564399663017,0.3214278037385449,0.38221507654893166,0.4094837174022641,0.36711888053375785,0.34895173883163416
5,1,91.0,6,0.0,0.9,,0.1897081776971736,0.32270601485749534,0.38361270001071235,0.40133369420849296,0.3732995535958771,0.3654276677672538
5,1,92.0,6,0.0,0.9,,0.18669268243678155,0.3257239081225083,0.3817926400571996,0.40704664323537376,0.3653747477093367,0.3845029863365447
5,1,93.0,6,0.0,0.9,,0.17682110732324519,0.3250378042911398,0.3821899396577728,0.4071513299851256,0.4063662265709766,0.37823318093459185
5,1,94.0,6,0.0,0.9,,0.16406502329897993,0.3231582721584607,0.3822698594165878,0.40082415487946044,0.41741527571719805,0.40944109635447534
5,1,95.0,6,0.0,0.9,,0.1664724949082025,0.3299652763163199,0.3800816864058922,0.40594523627973667,0.4211523801455922,0.4848865177398463
5,1,96.0,6,0.0,0.9,,0.1702270376809784,0.3235441516052896,0.382211467279268,0.4150015122270159,0.42134764133506203,0.5241098473711381
5,1,97.0,6,0.0,0.9,,0.1792416971386933,0.32440111119189674,0.38223669594759624,0.42230147760334563,0.42244558652248393,0.5218405156571364
5,1,98.0,6,0.0,0.9,,0.1877873767868353,0.3190928195057511,0.38528065414321944,0.4144648284983206,0.43892891171436926,0.5103992792157384
5,1,99.0,6,0.0,0.9,,0.198769691319254,0.3226123824146355,0.38396090870763444,0.40738138477171326,0.45063564830452085,0.5104453871808243
5,1,100.0,6,0.0,0.9,,0.19509555453349747,0.32559993993569125,0.38017248659432157,0.4035664775671798,0.4613701174047365,0.4690940784401955
6,2,21.0,6,0.0,0.0,,0.42396048287071275,0.5415753621948911,0.6147412156477978,0.6367963836318457,0.5995492787473321,0.5441954592591138
6,2,22.0,6,0.0,0.0,,0.4050623884931596,0.5408113227516819,0.6153191307130365,0.6301217278936007,0.6042508612524452,0.5588474263308659
6,2,23.0,6,0.0,0.0,,0.39627407208277965,0.5434442139008782,0.6188050485948882,0.6332292915767684,0.6078345722643508,0.5875997946025158
6,2,24.0,6,0.0,0.0,,0.40923390448408153,0.5402166618850801,0.6265758628326609,0.625073274555821,0.604381205550848,0.577751350162616
6,2,25.0,6,0.0,0.0,,0.4177389191786605,0.5397243625038332,0.6192519690296985,0.6259028851058385,0.5937755000422505,0.5660056246482119
6,2,26.0,6,0.0,0.0,,0.4357627513114498,0.5284745913034805,0.6120064274159072,0.6191214864711638,0.5964827324060675,0.5348356310324001
6,2,27.0,6,0.0,0.0,,0.4204264388402206,0.5344101017094811,0.6068037713143268,0.6410372800670275,0.6300826436037568,0.5357310996830573
6,2,28.0,6,0.0,0.0,,0.41570411366710164,0.5454604360721655,0.6078648812648325,0.6313939680856091,0.5853107483015545,0.5115340295652427
6,2,29.0,6,0.0,0.0,,0.4295226342156281,0.5438192930616462,0.6109254296185588,0.6214691210856372,0.6009529107694481,0.5084870995931383
6,2,30.0,6,0.0,0.0,,0.43570666356340093,0.5445162148021369,0.6049882831362475,0.6207225923675438,0.6016961408074504,0.5346915879776597
6,2,31.0,6,0.0,0.0,,0.40925238824655913,0.5530845747738142,0.6080279456625719,0.6256649592203064,0.6102787112496985,0.5848262712039631
6,2,32.0,6,0.0,0.0,,0.42617775583804196,0.549544082828277,0.6124041107184971,0.6156247549876167,0.5976970763775067,0.5940194098778607
6,2,33.0,6,0.0,0.0,,0.4061067133582135,0.5576677097590576,0.6202001558275296,0.6173768518288473,0.5870292062614036,0.6459883192362059
6,2,34.0,6,0.0,0.0,,0.3746467635716416,0.5437646308666794,0.6237223845315316,0.6261627690393321,0.5906833695792841,0.6419351581174807
6,2,35.0,6,0.0,0.0,,0.3839097337009258,0.5512877751049288,0.621008002853684,0.6274860475328403,0.6055632208770261,0.6329424795791301
6,2,36.0,6,0.0,0.0,,0.38755455524586424,0.5453371303759484,0.6152775234797333,0.6294051575875855,0.603853268539589,0.6590317011027274
6,2,37.0,6,0.0,0.0,,0.38623771343532975,0.5417309950651363,0.618833517431655,0.6183264739639025,0.6346977780571389,0.6118314025984375
6,2,38.0,6,0.0,0.0,,0.3915066812647789,0.5377779369219023,0.6142279686272525,0.6131492197089395,0.5927232361859576,0.565457037405446
6,2,39.0,6,0.0,0.0,,0.37991974445651555,0.5482547930339579,0.6131041965859891,0.6144018321687509,0.5820935850592516,0.5508488518859525
6,2,40.0,6,0.0,0.0,,0.3891972832704965,0.5509278917937592,0.6142426148779905,0.6228589508155656,0.6027082408904059,0.5601072897142327
6,2,41.0,6,0.0,0.0,,0.38139153790130587,0.5494477269031485,0.6157291270084843,0.6270498329621398,0.5797357728089793,0.5743861180345295
6,2,42.0,6,0.0,0.0,,0.40200080781550274,0.542555208860817,0.6211878196293189,0.6183702552702248,0.5633202612875791,0.5905444242879322
6,2,43.0,6,0.0,0.0,,0.39477050287984694,0.5499868683536981,0.6084711719926506,0.6259922685411802,0.5694287727038245,0.5284081334393538
6,2,44.0,6,0.0,0.0,,0.3980510799501606,0.5460116260116672,0.6146464709556618,0.6292008999779924,0.6114004654522127,0.5266725256478424
6,2,45.0,6,0.0,0.0,,0.39763806263642737,0.5357886706614868,0.6214788840868973,0.6288961736081045,0.5979978049903,0.5678929113273525
6,2,46.0,6,0.0,0.0,,0.4242798459256479,0.5340922272935671,0.622568379006834,0.6314165546443564,0.5717044034643382,0.6116699081631596
6,2,47.0,6,0.0,0.0,,0.4302601566527863,0.5371090833823617,0.6195572103810038,0.6314379460694428,0.5682636560310196,0.5713485189262827
6,2,48.0,6,0.0,0.0,,0.42686657997169775,0.5273177297653227,0.6162889959558533,0.6358131530880652,0.5760741922360945,0.5947669580557833
6,2,49.0,6,0.0,0.0,,0.44274594234544873,0.5446596516795179,0.6218139591133086,0.6377912200059893,0.5829197832079794,0.59267096496809
6,2,50.0,6,0.0,0.0,,0.4411043621992423,0.5432787543393836,0.6119245062497566,0.6370875660628305,0.5807227917385281,0.6190317828583523
6,2,51.0,6,0.0,0.0,,0.4333520748183809,0.5421740364672759,0.6078850321931495,0.6354972677634086,0.5875168751125236,0.6213308358245804
6,2,52.0,6,0.0,0.0,,0.4176604316930043,0.5430999207347852,0.6058898050004689,0.6380383088438901,0.5932299794757435,0.60550219142755
6,2,53.0,6,0.0,0.0,,0.3979698090645787,0.5515770183252449,0.6076431528499324,0.6318373178275578,0.5762477636446557,0.6119691190262183
6,2,54.0,6,0.0,0.0,,0.3819444270475476,0.5451940037575133,0.610986634417969,0.6249263443408511,0.5970624665525183,0.6323637506288562
6,2,55.0,6,0.0,0.0,,0.3858980360700658,0.5496336408449757,0.6167901240088542,0.637547350931193,0.6032405903590783,0.6126782847447496
6,2,56.0,6,0.0,0.0,,0.3907479495788418,0.5487456952906623,0.6203740937909941,0.6373862314066225,0.5999509005434398,0.6494241288878084
6,2,57.0,6,0.0,0.0,,0.4110393512068537,0.5365269305001078,0.6177627265001682,0.6281371486522053,0.6007780079054044,0.6815304059662297
6,2,58.0,6,0.0,0.0,,0.42155335243888603,0.5426999822390512,0.6246646552609962,0.6401099087418987,0.6089873078104027,0.6544203133917049
6,2,59.0,6,0.0,0.0,,0.412912880492338,0.5435732896006108,0.6149056275947582,0.6295955899161894,0.6137674797711228,0.6488466131711672
6,2,60.0,6,0.0,0.0,,0.4124388914131941,0.5315537329809027,0.6168247491234047,0.6263797462292718,0.5972907700250849,0.6134974334384592
6,2,61.0,6,0.0,0.0,,0.4036556186679524,0.5234669893521964,0.6195224752758602,0.609878666402967,0.6088111281433171,0.5971521035792341
6,2,62.0,6,0.0,0.0,,0.3825696787647027,0.5242348822461349,0.6214779302710561,0.6148268880870698,0.6035037219823354,0.597950747039467
6,2,63.0,6,0.0,0.0,,0.38203768682387784,0.5221659144218531,0.6206180223454748,0.6154382527788516,0.5956989698276272,0.6500274629573382
6,2,64.0,6,0.0,0.0,,0.38755186663583535,0.5384484571733509,0.622540925553847,0.6230195758290336,0.6110160935247828,0.6187899948420428
6,2,65.0,6,0.0,0.0,,0.40392213901959845,0.539245160493469,0.6125649880555558,0.6307350652730472,0.6162918083684062,0.5810829257169565
6,2,66.0,6,0.0,0.0,,0.38413651388240366,0.5303754982469282,0.6140488448362096,0.63298977282139,0.6251379850885292,0.6190141194468308
6,2,67.0,6,0.0,0.0,,0.41458923152286753,0.5329057232738285,0.6170231349339877,0.625746260250753,0.6373493264369855,0.5809522260107207
6,2,68.0,6,0.0,0.0,,0.3895415482332608,0.5466412906672378,0.6265393187067796,0.6300148226757039,0.618855582796762,0.5571947491215243
6,2,69.0,6,0.0,0.0,,0.3653996558490249,0.5532557337988347,0.6339230073647111,0.6378102334130815,0.6266067499694769,0.5873836962951533
6,2,70.0,6,0.0,0.0,,0.37401583794763177,0.5501556200348368,0.625777044179846,0.6330709400590722,0.6374642957724952,0.5809090311419062
6,2,71.0,6,0.0,0.0,,0.39360196804625236,0.5581569395243056,0.6157670929276466,0.6392697771905964,0.6432221688995272,0.5825609987001124
6,2,72.0,6,0.0,0.0,,0.39074427621775876,0.5619936428979455,0.6180136817213352,0.6318750033448683,0.6374554795998613,0.5874414292203143
6,2,73.0,6,0.0,0.0,,0.3807982041047973,0.554681683888046,0.6207927276135308,0.6287754427706568,0.6586229678981909,0.5909921138609218
6,2,74.0,6,0.0,0.0,,0.37998447739516983,0.5524507605785779,0.6242236228946407,0.621045774896484,0.6601135645217786,0.5737671541314482
6,2,75.0,6,0.0,0.0,,0.3791231315474125,0.5579033097279069,0.6225618716941812,0.617826298288648,0.6567268248862113,0.5877565111940505
6,2,76.0,6,0.0,0.0,,0.38104199138362127,0.5499749532134469,0.6238908683794749,0.6128158116997128,0.6209535509178341,0.5334696341037664
6,2,77.0,6,0.0,0.0,,0.37769170446345535,0.5435378304733869,0.6200326403239593,0.6138911945589467,0.621472938435587,0.5872423097619363
6,2,78.0,6,0.0,0.0,,0.35045148091134753,0.5387626534760268,0.6178832764401897,0.6274460398439963,0.6350562957280246,0.5809301859534389
6,2,79.0,6,0.0,0.0,,0.35769674737757795,0.5449774322476625,0.617464540625329,0.6219161831713309,0.6277528127181448,0.5554278522367585
6,2,80.0,6,0.0,0.0,,0.36755524438138615,0.5507564083767348,0.6226945328483829,0.6192899383094363,0.6356370454226992,0.5336748180031765
6,2,81.0,6,0.0,0.0,,0.3617042902889942,0.5472207979381377,0.6205693117180952,0.621866894158762,0.6179182501791938,0.5626537382194283
6,2,82.0,6,0.0,0.0,,0.3666989948796952,0.5437987696792188,0.6246253153441201,0.6223077220641523,0.6279351740709467,0.5921314001280168
6,2,83.0,6,0.0,0.0,,0.3900025915356933,0.5389714048406925,0.6251820686169246,0.6270326039099403,0.6679072679134828,0.5957727979524409
6,2,84.0,6,0.0,0.0,,0.4116969820900046,0.5373937815216103,0.6189412042840418,0.6242507332311646,0.6366336583319204,0.6140894892176092
6,2,85.0,6,0.0,0.0,,0.3738113052762982,0.5506307508531567,0.6182042272165199,0.6364513510737957,0.5955660773405534,0.6046465391245149
6,2,86.0,6,0.0,0.0,,0.4073922230925521,0.551019672715862,0.6210429749445586,0.6267793921772442,0.5665919607427672,0.5775080213443271
6,2,87.0,6,0.0,0.0,,0.42103981363492415,0.5439271159441754,0.6313462416088476,0.6252312428171634,0.5781861114997289,0.579943732396744
6,2,88.0,6,0.0,0.0,,0.4069662699647999,0.5354554379542061,0.6264273839451856,0.6267829009548622,0.5925620919902326,0.5604759970231997
6,2,89.0,6,0.0,0.0,,0.40145153759372454,0.5332321012197017,0.6238505458062955,0.6280694842693217,0.5797180392407342,0.564269498193827
6,2,90.0,6,0.0,0.0,,0.39259748581644127,0.5284283278416873,0.6225987209376403,0.6244635608003325,0.5690559665482317,0.6140208006225291
6,2,91.0,6,0.0,0.0,,0.38112120207338973,0.5360020813989619,0.6176006891250574,0.6378354885188469,0.5961800309770048,0.5945532379979614
6,2,92.0,6,0.0,0.0,,0.4032747760011148,0.5383423515544747,0.6078894694065695,0.6362678750607227,0.6085722005979347,0.6251463836152722
6,2,93.0,6,0.0,0.0,,0.4019437448899518,0.5432312189648579,0.6141812949120249,0.65045280082477,0.629013766933793,0.5548534310504131
6,2,94.0,6,0.0,0.0,,0.40199758403821273,0.5480634130108514,0.6156226405948501,0.6472365727734576,0.6252469196181615,0.5786626393797156
6,2,95.0,6,0.0,0.0,,0.3683597989683626,0.5366747333761552,0.6150702681002594,0.6369733274248013,0.61587492506378,0.6044201974622266
6,2,96.0,6,0.0,0.0,,0.3694243935368534,0.5284991514274179,0.621172574131988,0.639557136707118,0.6176781884152052,0.6318205725612781
6,2,97.0,6,0.0,0.0,,0.38150142781317314,0.5267317102392516,0.6190802013058064,0.6383652012257499,0.5872368887316184,0.6025457832620468
6,2,98.0,6,0.0,0.0,,0.4088022449872608,0.5253177572887187,0.6177683173551379,0.6358110729414634,0.5935100184176034,0.6061323852133881
6,2,99.0,6,0.0,0.0,,0.40748438411605986,0.5296675096403449,0.6194636551602712,0.6224610517967153,0.6016063997581461,0.6016403183226567
6,2,100.0,6,0.0,0.0,,0.3925437753825889,0.5305914120081486,0.613940634121535,0.6264153087520761,0.5961028783493543,0.5375755417211675
7,2,21.0,6,0.0,0.5,,0.250411081881708,0.39989599343146576,0.4544945125073059,0.4947758595130118,0.5499116264523962,0.5078392890037502
7,2,22.0,6,0.0,0.5,,0.27203725471288953,0.39426728252278315,0.45221575779075457,0.4952269661976036,0.5261747639527931,0.5635281099334941
7,2,23.0,6,0.0,0.5,,0.2684679256950914,0.38137678298368594,0.4545211695862344,0.4921610905081704,0.4891081721073979,0.5614637391507314
7,2,24.0,6,0.0,0.5,,0.2826512701996692,0.397027460482723,0.45421093825096115,0.4864970951798825,0.4786056185229201,0.5386928146504384
7,2,25.0,6,0.0,0.5,,0.26841580768940343,0.3919618108474408,0.4484469056053313,0.48661324080774443,0.4728854128732439,0.5195587561305446
7,2,26.0,6,0.0,0.5,,0.26410385059397035,0.38963168068154996,0.4493515270662386,0.4870141038575434,0.4874690679763486,0.5392211045200881
7,2,27.0,6,0.0,0.5,,0.26361677968625435,0.39400593419139074,0.4490492041754612,0.47783471356447754,0.47779979949592777,0.5438880946542846
7,2,28.0,6,0.0,0.5,,0.25057363403024613,0.3824434920450321,0.45104009195643935,0.47808603838975794,0.4764864983714162,0.5544309580594364
7,2,29.0,6,0.0,0.5,,0.25410081283017955,0.377954741808799,0.45358063691878225,0.4784652005926236,0.49209318937307744,0.5517773681549765
7,2,30.0,6,0.0,0.5,,0.25997202058308483,0.38098721591426726,0.4514846573199357,0.4840953898032783,0.5154427802144291,0.5712085361349069
7,2,31.0,6,0.0,0.5,,0.26139597941710047,0.385174476260785,0.45514301524367606,0.4826276084622913,0.4840239199635846,0.5457264879017519
7,2,32.0,6,0.0,0.5,,0.2550776812046766,0.382887398936434,0.455656249514475,0.4855181300484793,0.4993304566920108,0.5294334041103415
7,2,33.0,6,0.0,0.5,,0.2510865013509528,0.38612390476458597,0.4575324542617471,0.4815159025453908,0.4668503657392045,0.5250502942622853
7,2,34.0,6,0.0,0.5,,0.27133260473323434,0.3920730989009572,0.45990306747518234,0.4801064537721894,0.48579228544997344,0.5436908047438667
7,2,35.0,6,0.0,0.5,,0.25742710338505825,0.379621436086225,0.4609299086303131,0.4784057604853399,0.5074366013290268,0.4676565705910254
7,2,36.0,6,0.0,0.5,,0.25488390654137666,0.38530316063929076,0.4593379294862241,0.48194620093534224,0.4938836377803926,0.49217727660010907
7,2,37.0,6,0.0,0.5,,0.26496905746200844,0.37557082288489874,0.4580643461709529,0.4873279593123563,0.5166731311271732,0.5490553463736034
7,2,38.0,6,0.0,0.5,,0.27421117471790496,0.37617248349353627,0.45704547951873586,0.4952977735141889,0.5157706426855595,0.5002527334790573
7,2,39.0,6,0.0,0.5,,0.2779750018422331,0.3771344090545611,0.45623038619696227,0.498536554317275,0.5088626850191521,0.49337556631117485
7,2,40.0,6,0.0,0.5,,0.2733576195860602,0.3812963461804123,0.45342375076788616,0.5088895880970117,0.5166606310460041,0.5046609515261086
7,2,41.0,6,0.0,0.5,,0.2656317687922066,0.37703702511710313,0.4566942900020366,0.5073511874780259,0.5205472022920168,0.5305511034889115
7,2,42.0,6,0.0,0.5,,0.2660458807412184,0.37883525857149786,0.4525881477778488,0.5043172935265243,0.5055220622705299,0.5348290363018073
7,2,43.0,6,0.0,0.5,,0.26036844243497237,0.3865503210689921,0.45292341210078907,0.4948723895343156,0.4828232677934534,0.5143511565164555
7,2,44.0,6,0.0,0.5,,0.2742893869114127,0.38163789383201907,0.4564747250429523,0.4863915690501825,0.4707795187935968,0.4941896879047364
7,2,45.0,6,0.0,0.5,,0.2762009397543116,0.3817808811896128,0.45698050865043227,0.4872145478227388,0.4965419650029153,0.4942393709361849
7,2,46.0,6,0.0,0.5,,0.28034906308711627,0.3807097451754001,0.4561784095023194,0.48770559072133485,0.5209954128978607,0.4910972648767761
7,2,47.0,6,0.0,0.5,,0.27879784929433704,0.37905301156376936,0.4588980169895831,0.4798904409950186,0.5218512744783793,0.4997027218289798
7,2,48.0,6,0.0,0.5,,0.29213734754925563,0.3819129883922362,0.45686710208873027,0.48873876141368094,0.5095740413633866,0.5347780687790262
7,2,49.0,6,0.0,0.5,,0.2819856841147578,0.3846075995469832,0.4560876842529577,0.48602896028871934,0.5212605982470615,0.5365935847865096
7,2,50.0,6,0.0,0.5,,0.2865272387819932,0.38194936412724717,0.4544381299248365,0.48720725372247536,0.49301195988694435,0.5627120544776955
7,2,51.0,6,0.0,0.5,,0.27749759710094785,0.3785446416714015,0.4531966717842824,0.4823266986213731,0.4835333519293177,0.5612310493047664
7,2,52.0,6,0.0,0.5,,0.2826772313181353,0.3721420897940217,0.44979005320364546,0.48690753642316303,0.5024675639666977,0.5126889981400549
7,2,53.0,6,0.0,0.5,,0.28134711543546714,0.3738289855884908,0.45473516668820435,0.48272579596131493,0.5075550695660608,0.48798458456631694
7,2,54.0,6,0.0,0.5,,0.2850835784134766,0.3749305722416954,0.45569138261928444,0.4834972129625335,0.4989270611778397,0.48774914889589527
7,2,55.0,6,0.0,0.5,,0.2783502152537183,0.38745234447832966,0.4539403826433043,0.4838121669023934,0.5298308411430928,0.4875790292620191
7,2,56.0,6,0.0,0.5,,0.275020306780732,0.3843544411397456,0.4568487042058346,0.4820764422943079,0.5191134925464047,0.5092554604194058
7,2,57.0,6,0.0,0.5,,0.25033835734164644,0.38531945644380083,0.4584864180148349,0.48688235774291366,0.4965670754229615,0.48492006181246305
7,2,58.0,6,0.0,0.5,,0.2680406380827316,0.38141886449138485,0.45738313699384153,0.4928788531920899,0.5085740700256517,0.48478439021065095
7,2,59.0,6,0.0,0.5,,0.25310940821779576,0.3816056577171055,0.45452665737998305,0.4930051545180822,0.4809034110626498,0.45600309595111366
7,2,60.0,6,0.0,0.5,,0.24211409239464537,0.3864001692806196,0.4554220545200569,0.49242638472523287,0.4703945406076927,0.45356493939994547
7,2,61.0,6,0.0,0.5,,0.2437586596492071,0.38196037335771715,0.45829293300377305,0.49007165237494676,0.49263897454010824,0.4938560507701208
7,2,62.0,6,0.0,0.5,,0.26191670552448665,0.38537868425616234,0.45507378821333483,0.48721725967677687,0.5055141306684284,0.4976489024589584
7,2,63.0,6,0.0,0.5,,0.25236562615287295,0.39585799076389583,0.4502657262873841,0.48604981570545186,0.5003116174462513,0.5016383775094497
7,2,64.0,6,0.0,0.5,,0.26175205734992957,0.38521030752365226,0.4519351243240347,0.49980595402462036,0.5026984449983662,0.5575993312956837
7,2,65.0,6,0.0,0.5,,0.2710709003659387,0.38679166848614993,0.44998754126954427,0.4971491817386317,0.4777341481399097,0.5144099262417882
7,2,66.0,6,0.0,0.5,,0.2794438808318741,0.38241848515852367,0.45058403559760896,0.493435814640563,0.4569719921631946,0.477046336669138
7,2,67.0,6,0.0,0.5,,0.29264091562231376,0.38612028086730765,0.44554538348264955,0.4930920604961456,0.45835734326557276,0.48753800394615565
7,2,68.0,6,0.0,0.5,,0.2836090129110428,0.3791737833242844,0.4470303093680932,0.4891534412800504,0.46788620930594915,0.4581173071307557
7,2,69.0,6,0.0,0.5,,0.27638076417927837,0.38081967782070775,0.4438309432111908,0.4928386360496619,0.47412124447337256,0.4385196340814758
7,2,70.0,6,0.0,0.5,,0.2959291756254261,0.37950316343977086,0.44686548318502306,0.4948398888826907,0.49590524208391373,0.4567941324713945
7,2,71.0,6,0.0,0.5,,0.29677319097993654,0.37560247892459003,0.44808638912999205,0.4922341663099267,0.4767820916469209,0.45825181910380647
7,2,72.0,6,0.0,0.5,,0.2926419934977098,0.37625192518521294,0.44596071837674955,0.4901701471174544,0.48397787440709494,0.49588693868588124
7,2,73.0,6,0.0,0.5,,0.2963075755576584,0.3786869170925606,0.449776029351567,0.49060000205629084,0.469466066689908,0.49724340095231234
7,2,74.0,6,0.0,0.5,,0.29295531626701454,0.38877329851216136,0.4482602652915699,0.48534743133989694,0.44017475983690046,0.4789436373082417
7,2,75.0,6,0.0,0.5,,0.2992480330247872,0.3932763426163123,0.44920221481522954,0.49290000521484406,0.4570969718135244,0.5090256957010126
7,2,76.0,6,0.0,0.5,,0.2850802299987456,0.3939905728843004,0.4511625004682541,0.49280270047837843,0.49013946486890053,0.5218860721381964
7,2,77.0,6,0.0,0.5,,0.27209416747286286,0.3833554282901228,0.4514458176346339,0.4944595299512808,0.5155414789961494,0.5242521277002901
7,2,78.0,6,0.0,0.5,,0.2643043257384931,0.3841401109529262,0.44849189053657723,0.4966872035679571,0.5124909891205205,0.4772992580278041
7,2,79.0,6,0.0,0.5,,0.271060417395568,0.3798096055089786,0.44818078897713853,0.48896197243250644,0.5223609517558405,0.45639877650645333
7,2,80.0,6,0.0,0.5,,0.28240317746332383,0.3749147510886892,0.4460362382544668,0.48565745543475725,0.5172367769171057,0.4370886775573884
7,2,81.0,6,0.0,0.5,,0.27819854418159684,0.38360270936583385,0.4486297192196438,0.48625534555992633,0.5227316677980802,0.4320062012323341
7,2,82.0,6,0.0,0.5,,0.2679437530773954,0.3792798044694924,0.44941959263574577,0.49283409241653364,0.49461684310832627,0.42624740849653114
7,2,83.0,6,0.0,0.5,,0.2708065037581683,0.3823335485896225,0.45151710869926037,0.4912913307906027,0.49004001200446173,0.45443291048160883
7,2,84.0,6,0.0,0.5,,0.28127329536025336,0.3747287285044104,0.44844640273562797,0.4893879653989515,0.5135720238162053,0.4647092841858898
7,2,85.0,6,0.0,0.5,,0.26847478787902235,0.37505769587190185,0.4471965639988188,0.49547167428620054,0.5173368715168289,0.43812348509538185
7,2,86.0,6,0.0,0.5,,0.2795525941717413,0.3793795134437558,0.4471445277469318,0.49529479505735824,0.513187631993798,0.48973496277438827
7,2,87.0,6,0.0,0.5,,0.2918624224982963,0.3831122354190632,0.444948337973765,0.4978906682185432,0.4929356973549918,0.48276017894713946
7,2,88.0,6,0.0,0.5,,0.278612649522482,0.37756016720600066,0.44103682538357447,0.5000688246165358,0.5069428464382124,0.5046429297440935
7,2,89.0,6,0.0,0.5,,0.2769041659421863,0.37375749640794426,0.44549983833854734,0.4973716358867103,0.5069324598884645,0.5100738824031568
7,2,90.0,6,0.0,0.5,,0.2573858220182554,0.3707481377663425,0.4482005992869082,0.4894672413715164,0.4867440682154571,0.5138652703201879
7,2,91.0,6,0.0,0.5,,0.25926868168019074,0.3755082152271026,0.44820664727393983,0.4888903692906947,0.4808681391059274,0.5116438114529531
7,2,92.0,6,0.0,0.5,,0.2623868251659885,0.38331181831704564,0.45028786111327934,0.49234687234049224,0.4802784855488703,0.5475000494116815
7,2,93.0,6,0.0,0.5,,0.27016734230574946,0.3803521258211928,0.44987645673503673,0.4902655100768304,0.4547337898916795,0.5107829386482823
7,2,94.0,6,0.0,0.5,,0.27018022191061114,0.3795745585850772,0.44954733323244256,0.4877065026565421,0.4649924006833695,0.5059093787133148
7,2,95.0,6,0.0,0.5,,0.27068795576557414,0.3753583641948572,0.44833619969280686,0.4908993333353672,0.49333466586583274,0.49331004125505773
7,2,96.0,6,0.0,0.5,,0.28104967869180586,0.3751905220477377,0.44710840156456194,0.4922438289215233,0.48291921093992407,0.4807800238595033
7,2,97.0,6,0.0,0.5,,0.2662907441754827,0.3673911623301096,0.44397160229030874,0.48293418477913985,0.47535349110464037,0.4985865357715783
7,2,98.0,6,0.0,0.5,,0.26486016998129963,0.3740818704880656,0.4445645583801238,0.4854955188311491,0.47712599883612744,0.5373340029516458
7,2,99.0,6,0.0,0.5,,0.271461349891424,0.3731277153768267,0.4452196292265692,0.4725689688135172,0.4605495510753633,0.4722640179514904
7,2,100.0,6,0.0,0.5,,0.2606252315039589,0.3798310715161681,0.4469504119378224,0.4765179366972797,0.46125018633077286,0.4723616716874336
8,2,21.0,6,0.0,0.9,,0.21487925242986905,0.32763751547162995,0.3778857581052001,0.4238093713910426,0.40003810923213956,0.44301175931121756
8,2,22.0,6,0.0,0.9,,0.21051134952987374,0.330258019173871,0.38415310370391376,0.41861751934969266,0.4151225318099624,0.44761072350689773
8,2,23.0,6,0.0,0.9,,0.21154331996559103,0.3263260852373332,0.380674065205204,0.4103757399194043,0.411541539987192,0.42061488817048404
8,2,24.0,6,0.0,0.9,,0.20641371699423647,0.32444685988510663,0.3808050903412963,0.4103382483689237,0.3963393062735031,0.4335384371836691
8,2,25.0,6,0.0,0.9,,0.20867141387169977,0.3216988863114841,0.38090991045017003,0.41049857033276327,0.42495242915162584,0.4064766645710332
8,2,26.0,6,0.0,0.9,,0.19938649245412038,0.32409213712348456,0.38357183413308593,0.4086437135381339,0.4283725596865807,0.39816558303257577
8,2,27.0,6,0.0,0.9,,0.20914946943752058,0.32327594568144963,0.38583178329857704,0.4192323177447852,0.42958309635986713,0.36518869692909983
8,2,28.0,6,0.0,0.9,,0.22282622038574956,0.32240169280697584,0.3855920100163789,0.42581236217480634,0.4432863792342595,0.3572447898724021
8,2,29.0,6,0.0,0.9,,0.2320661690591173,0.3248642061946708,0.38843002644399693,0.42341839195052317,0.4449575019780306,0.36433894787363597
8,2,30.0,6,0.0,0.9,,0.22283199626905748,0.32268844609092173,0.3870098593323306,0.4192410595030697,0.4316635982639391,0.3661820073145806
8,2,31.0,6,0.0,0.9,,0.22163086028403015,0.3221529928553993,0.3869337353724914,0.43099471480823154,0.40505751649184607,0.36372250996606525
8,2,32.0,6,0.0,0.9,,0.23336096283479196,0.315917262795128,0.38281223502832246,0.4484473434539818,0.4163340742027713,0.36351276772037877
8,2,33.0,6,0.0,0.9,,0.2376324761946788,0.3212007776658313,0.3795150347529873,0.44073675312766386,0.3737503114816464,0.42062848915694967
8,2,34.0,6,0.0,0.9,,0.23576362590319283,0.32609176858717626,0.37604322118865746,0.43326202814810894,0.3911951113638138,0.4284411283366424
8,2,35.0,6,0.0,0.9,,0.22555893881722575,0.325464561412458,0.37986893554095336,0.4340995696107373,0.3985171763601742,0.43500045316880415
8,2,36.0,6,0.0,0.9,,0.23310442132623024,0.32736091405289724,0.3822213611647668,0.41836103099438116,0.3973433295675794,0.4200482409425489
8,2,37.0,6,0.0,0.9,,0.2361225864944394,0.32389766089613276,0.3771010627047528,0.413790828539478,0.410549408195537,0.4357250871379484
8,2,38.0,6,0.0,0.9,,0.23544980301178403,0.32314126835410717,0.37510672767354314,0.40515519290947866,0.4130248089195403,0.4416648503171706
8,2,39.0,6,0.0,0.9,,0.23814783635411274,0.3217050403850469,0.3744338979205348,0.3985588279477305,0.41020825265341043,0.4313342320718734
8,2,40.0,6,0.0,0.9,,0.257330215797324,0.32114496856985364,0.3753904326625741,0.3920271257478075,0.41169308076818095,0.39746110942658913
8,2,41.0,6,0.0,0.9,,0.24870403327596682,0.3241433614214962,0.3772389295075766,0.40133130561469643,0.43784358992163136,0.38771524245060307
8,2,42.0,6,0.0,0.9,,0.2544698714565065,0.322700680832437,0.3787177269835785,0.41003221839422876,0.4507652426303559,0.43847403348809166
8,2,43.0,6,0.0,0.9,,0.24790249564223132,0.3269389684130867,0.37623942831719215,0.40961165087646545,0.4477723032044498,0.4186840774958152
8,2,44.0,6,0.0,0.9,,0.24000987172173022,0.3315565284420936,0.3783406498822578,0.4157571920576949,0.46311931188152994,0.4463054820863528
8,2,45.0,6,0.0,0.9,,0.22892954549502206,0.3407641509470984,0.37702103568750656,0.4101974874523724,0.4535769531160678,0.43368530478200273
8,2,46.0,6,0.0,0.9,,0.22079024877375425,0.3337468052349156,0.37937746527158417,0.4190766598478177,0.43644884869024303,0.4399420395391845
8,2,47.0,6,0.0,0.9,,0.2066061894992976,0.3263484053136888,0.3788451721224409,0.4184515466574785,0.4431496671416908,0.4136784327822456
8,2,48.0,6,0.0,0.9,,0.2063752899480112,0.3280215762000412,0.38125929827051847,0.42078650204529416,0.4326789486427612,0.46726100337219006
8,2,49.0,6,0.0,0.9,,0.20477920918629372,0.3252996357904262,0.3819340219939321,0.4422845510867412,0.42947837965117663,0.47475519308953185
8,2,50.0,6,0.0,0.9,,0.2077437658914425,0.31843457714314954,0.379895733376846,0.45168026534888994,0.4095943768525207,0.447175680142564
8,2,51.0,6,0.0,0.9,,0.22070870356223754,0.3184181880262828,0.38084317007899404,0.4647404015873919,0.4209183612027491,0.4770323759202605
8,2,52.0,6,0.0,0.9,,0.23629599307463195,0.3208892508887464,0.38289511016933697,0.4343070933118976,0.418673059427962,0.462598401044224
8,2,53.0,6,0.0,0.9,,0.2385882599755103,0.3276281162800443,0.3814986572612316,0.42351122579568906,0.4354145796080352,0.463294740769783
8,2,54.0,6,0.0,0.9,,0.22924202713750588,0.3368280619405436,0.3794588566627879,0.40722989962506073,0.4372116237766462,0.4333477518885579
8,2,55.0,6,0.0,0.9,,0.2233772017324652,0.33267653405372677,0.3824109911031802,0.4089304758425053,0.4242028816640503,0.4045735665093336
8,2,56.0,6,0.0,0.9,,0.22585204388528282,0.3298117535547446,0.38219463105967727,0.40062044866365404,0.44326489480592707,0.406770075193095
8,2,57.0,6,0.0,0.9,,0.23949784275043262,0.3304211066776227,0.38351634156932074,0.41393870785068254,0.4267052860950721,0.457750056472871
8,2,58.0,6,0.0,0.9,,0.2436445949187319,0.3208548104247938,0.3856569790284065,0.41152743854424445,0.45814511641295724,0.4190344890020394
8,2,59.0,6,0.0,0.9,,0.22715750276429053,0.3200698400350751,0.3843688975488715,0.42637559434984273,0.4643315583225049,0.3871927734496918
8,2,60.0,6,0.0,0.9,,0.21216923121434084,0.31944186372330013,0.3829269028721685,0.42810240829086527,0.4948963094901755,0.39264505639642255
8,2,61.0,6,0.0,0.9,,0.20295496173235922,0.31817866491987695,0.38177330713080615,0.4291250643235813,0.48180125391849665,0.4159852670256886
8,2,62.0,6,0.0,0.9,,0.20622301650694047,0.3248434032175268,0.3788720640377673,0.41642983509647974,0.47187213363468167,0.3951561964218716
8,2,63.0,6,0.0,0.9,,0.2077940467025019,0.3255112214872648,0.3803040243695922,0.408406053541854,0.47826390451908163,0.43276459631938946
8,2,64.0,6,0.0,0.9,,0.21657286107852172,0.329626179420066,0.3785917352773741,0.4210773661986941,0.44361977302102906,0.40702135242248916
8,2,65.0,6,0.0,0.9,,0.21427108762212926,0.3206753104292197,0.38073618248033697,0.4417871851863982,0.4350426359115994,0.43383534031551124
8,2,66.0,6,0.0,0.9,,0.21333409246385146,0.33127102505542927,0.37893746176596993,0.4415236938198041,0.41404266864482697,0.41848502203786636
8,2,67.0,6,0.0,0.9,,0.21255345046092833,0.32715821844774223,0.3764152161431053,0.42989323829862086,0.42750879422872234,0.4665492593239158
8,2,68.0,6,0.0,0.9,,0.23879004631509418,0.3277093680319657,0.37997607868743416,0.42220815183230975,0.44178648118086794,0.5046155084723203
8,2,69.0,6,0.0,0.9,,0.22844762650271977,0.32313107170886124,0.3819907153788356,0.4230576741937278,0.4312305110939311,0.5199311020176802
8,2,70.0,6,0.0,0.9,,0.23840801839438752,0.31669972587789763,0.38330412688969995,0.4297791164480035,0.43865131004143676,0.5211514750123957
8,2,71.0,6,0.0,0.9,,0.23766702737756665,0.3141730975647076,0.3874045296801426,0.41675268491654605,0.42623443058604105,0.5097036524760885
8,2,72.0,6,0.0,0.9,,0.24339191602780716,0.31819527422511323,0.3831888704744434,0.410598252319512,0.43807219628312416,0.5179417840880813
8,2,73.0,6,0.0,0.9,,0.2442649983380505,0.31325394267521117,0.37981634310988405,0.4128865155169967,0.4423171969440546,0.5447829579394422
8,2,74.0,6,0.0,0.9,,0.23586313004887383,0.31340023527535393,0.3808102319199762,0.4123643149145363,0.4444496063945267,0.5430736494839026
8,2,75.0,6,0.0,0.9,,0.22447592581360878,0.3145252978396286,0.379830754661743,0.40718490357307263,0.4412052458769165,0.5598871735219897
8,2,76.0,6,0.0,0.9,,0.2360258941042789,0.31718602817936803,0.3833230200851348,0.3921705178002037,0.4514286596325087,0.526815672058941
8,2,77.0,6,0.0,0.9,,0.21386390024002644,0.31772298168027957,0.3835849994456251,0.38185286918708455,0.4404663865880919,0.5126727478181117
8,2,78.0,6,0.0,0.9,,0.22714739479958906,0.32308646677628394,0.3876292277248827,0.3828463758460889,0.44800962498226715,0.5043365271385956
8,2,79.0,6,0.0,0.9,,0.22916708493722066,0.32548199125718547,0.389267648309548,0.39618144163520935,0.4064463666665071,0.4760360688220328
8,2,80.0,6,0.0,0.9,,0.23272438253957067,0.33182051012927233,0.38691794933222357,0.38333482467395386,0.4345579759834334,0.45753183812041165
8,2,81.0,6,0.0,0.9,,0.22359509548230094,0.33050399645660616,0.3876390614128963,0.39574402767505273,0.45626063589459526,0.42287422064529706
8,2,82.0,6,0.0,0.9,,0.22247786808350573,0.32613957915977865,0.3878718858518959,0.3969089741132792,0.4604017718919562,0.4009823415696821
8,2,83.0,6,0.0,0.9,,0.21734266484994685,0.3275102046115308,0.38164543301641335,0.3922940598031451,0.4460616771677085,0.4544508371713244
8,2,84.0,6,0.0,0.9,,0.21465516021883407,0.3235606515325684,0.38349950698569646,0.39469198073231754,0.4426650743738406,0.4643290140146122
8,2,85.0,6,0.0,0.9,,0.2270801413329288,0.3239578693232485,0.38072559751927065,0.39641939067918963,0.41560197960231643,0.471370768559287
8,2,86.0,6,0.0,0.9,,0.2107216326087685,0.33025491822159414,0.3822470889085205,0.404548167839262,0.4176388419537573,0.4666759008805982
8,2,87.0,6,0.0,0.9,,0.2121177463633254,0.3264953808066078,0.37990199154904936,0.40245619198224103,0.40297125967780395,0.4561686325494859
8,2,88.0,6,0.0,0.9,,0.21624593090689284,0.3150951419212905,0.38168222996081835,0.40657328922408686,0.3808145282966538,0.4720285168333575
8,2,89.0,6,0.0,0.9,,0.21880333418419445,0.30993725433593666,0.38052835309441674,0.4048038801589125,0.40266925458821534,0.48578665977838587
8,2,90.0,6,0.0,0.9,,0.2128644567326185,0.31844951567168955,0.3813492658530507,0.4036047189685391,0.43277402364939077,0.5031147873691291
8,2,91.0,6,0.0,0.9,,0.21217040900445722,0.32785612631882377,0.38134525085957355,0.39813928177889407,0.42280617177129154,0.4672307457643027
8,2,92.0,6,0.0,0.9,,0.20715191665421023,0.323405038762131,0.3790021926183724,0.3954712748490921,0.4442002228672968,0.47472424487332887
8,2,93.0,6,0.0,0.9,,0.22702722029936945,0.32739023936074874,0.3802331837054509,0.40836539434600017,0.45250242949801117,0.5215732642577857
8,2,94.0,6,0.0,0.9,,0.22080696961511143,0.3174236449221357,0.3804523851414937,0.406356602857424,0.4509336749706853,0.48330014968952784
8,2,95.0,6,0.0,0.9,,0.22255616379175933,0.31884902311358737,0.37787667568190464,0.40339393088276154,0.46504797886708166,0.44248043448710456
8,2,96.0,6,0.0,0.9,,0.21586672041867044,0.3144301796166263,0.379227923923041,0.40649371922453464,0.47584174559099957,0.4841246520374086
8,2,97.0,6,0.0,0.9,,0.21129194264500434,0.31849956229101545,0.3766475858687621,0.39303170865945997,0.47486678615159494,0.4272877575991707
8,2,98.0,6,0.0,0.9,,0.211849187612953,0.3177291997175811,0.3825671004011238,0.38654186761860804,0.45956206967248353,0.45306604844778436
8,2,99.0,6,0.0,0.9,,0.20689493954100682,0.315977720698425,0.37891172951901536,0.39007757697622375,0.4355139354231681,0.4158757901573405
8,2,100.0,6,0.0,0.9,,0.22775842848739383,0.31789152465593384,0.38132167910946335,0.39651033148598624,0.42499022073344805,0.37224108141870105
9,3,21.0,6,0.0,0.0,,0.3110895062924057,0.5165839990287009,0.5848150113355454,0.6237469814947422,0.5986140451616995,0.5513992226706771
9,3,22.0,6,0.0,0.0,,0.34307118834528577,0.5094758475643453,0.5833932416583509,0.6284175225297048,0.6145062335804574,0.5436809523596419
9,3,23.0,6,0.0,0.0,,0.3471578355544813,0.5070334490966244,0.5893710853779692,0.6254185734615653,0.6058043993836152,0.5059789943512787
9,3,24.0,6,0.0,0.0,,0.37866656675498733,0.5048478301887058,0.5901502343135259,0.621160543183224,0.631069078012629,0.5487194460473146
9,3,25.0,6,0.0,0.0,,0.3681560052532215,0.4978543691892681,0.5889957953874482,0.6181645075807736,0.655085786670685,0.5905240332455848
9,3,26.0,6,0.0,0.0,,0.36595036609069764,0.49930236186627364,0.5925187530145344,0.6117468493664049,0.6574008436945784,0.599937291881174
9,3,27.0,6,0.0,0.0,,0.3525890637258827,0.49889466053816706,0.5952541136731907,0.6228507896658761,0.683334761653493,0.5881437407571614
9,3,28.0,6,0.0,0.0,,0.3534968128688266,0.5086564148658388,0.5948566569497029,0.6198715768162986,0.6898112239138054,0.5756883568189725
9,3,29.0,6,0.0,0.0,,0.3630157019471051,0.5098964580444155,0.5972074422643382,0.6239018746967967,0.6592614793254987,0.562876127868462
9,3,30.0,6,0.0,0.0,,0.3451576898059271,0.505280195249289,0.5933071864013852,0.6196385420756192,0.6413486469234658,0.5554792739873049
9,3,31.0,6,0.0,0.0,,0.3564333893935459,0.5129667634702233,0.5922002461112612,0.6253475597681767,0.6487161972172908,0.5335548953875778
9,3,32.0,6,0.0,0.0,,0.3847333909898548,0.5039232893603929,0.5962765466984207,0.6307848836382888,0.639923266091928,0.5522108887051079
9,3,33.0,6,0.0,0.0,,0.36894985899192123,0.5062100464319141,0.5986980778398838,0.6326703877256998,0.6552578475797352,0.5066491033423431
9,3,34.0,6,0.0,0.0,,0.36553485915022305,0.5052560811578434,0.5997008539365846,0.6341989656246764,0.6683004173751178,0.5216790659003706
9,3,35.0,6,0.0,0.0,,0.36149771508732853,0.5042883696821147,0.5984140491604182,0.6351605673576122,0.6417435805854244,0.5151425441883276
9,3,36.0,6,0.0,0.0,,0.33678444934831664,0.514856585155916,0.5973846053394849,0.6413296166715126,0.6398622674655919,0.5094058025465908
9,3,37.0,6,0.0,0.0,,0.3311457251149433,0.5108143924082007,0.5965610502827385,0.6465642986793833,0.6164888359989337,0.5028177298797993
9,3,38.0,6,0.0,0.0,,0.335511750921291,0.5105685483977881,0.595506273054473,0.6468040745085071,0.6081152686732223,0.5244904840216827
9,3,39.0,6,0.0,0.0,,0.33689228068071425,0.5070032670627287,0.5919462510334931,0.644880238431419,0.6254147633096276,0.5110866214471276
9,3,40.0,6,0.0,0.0,,0.3527002903374621,0.5079703869577619,0.5917669841101346,0.6399258225751664,0.621623473630047,0.4631248553299515
9,3,41.0,6,0.0,0.0,,0.3474779297042257,0.5082933440374371,0.5887193135523072,0.6314603764610764,0.6156795230296854,0.47913655280118783
9,3,42.0,6,0.0,0.0,,0.3464637833355441,0.5072728458058393,0.5922975675464217,0.631768056032221,0.6126795271809037,0.4748710642410473
9,3,43.0,6,0.0,0.0,,0.3563682253447343,0.5047474009281391,0.5891437803013367,0.6212602574371853,0.6424344726391589,0.4773216534699107
9,3,44.0,6,0.0,0.0,,0.3654018178245916,0.5129395615902534,0.5905211926975822,0.6307899065388886,0.6529655266888167,0.46188573833844293
9,3,45.0,6,0.0,0.0,,0.35348460045971064,0.5050313959465271,0.592404695515929,0.6322906514720514,0.6573190803028699,0.48586761043731486
9,3,46.0,6,0.0,0.0,,0.3707583253183193,0.4985145858164062,0.591898233370368,0.6382070864978296,0.6398726126889885,0.5354498744173813
9,3,47.0,6,0.0,0.0,,0.35776980645469275,0.5075170821212661,0.5899231819814913,0.6345199402437075,0.6248173004551111,0.575238386920492
9,3,48.0,6,0.0,0.0,,0.3637776132729624,0.5094841142175628,0.5894930425753461,0.6368345328048728,0.6477816580128843,0.575464258893271
9,3,49.0,6,0.0,0.0,,0.35218523681840724,0.5085689640862585,0.5883658014353561,0.6372924940470778,0.6648497497583392,0.6057238808598514
9,3,50.0,6,0.0,0.0,,0.3476820290515879,0.5006367499869627,0.5917792515271455,0.6361913696617248,0.6661053843405379,0.6193232913316027
9,3,51.0,6,0.0,0.0,,0.3679658541078775,0.49905782833406837,0.5913978781793413,0.6335564754432592,0.6424179417213958,0.5348384604228585
9,3,52.0,6,0.0,0.0,,0.37537029084880585,0.49750745943737984,0.5920071748803387,0.64075429270638,0.6247717186374324,0.5382409499637572
9,3,53.0,6,0.0,0.0,,0.35745455563188194,0.4978704535923909,0.5889114661684705,0.6358691973381394,0.6319656639413784,0.5450508247309036
9,3,54.0,6,0.0,0.0,,0.37105519260115577,0.4899881993604772,0.586434899198976,0.6343853605196119,0.6415323260511009,0.5567141583356059
9,3,55.0,6,0.0,0.0,,0.3494052724339994,0.48939078210478926,0.5871223963168056,0.6342296976774653,0.6365571834176347,0.5281710518087304
9,3,56.0,6,0.0,0.0,,0.34187370124060873,0.5015412447581387,0.5836692679709313,0.6270996412981267,0.6037836814527836,0.5331562431588494
9,3,57.0,6,0.0,0.0,,0.3523935273483266,0.5035735882475636,0.5893564001023185,0.626526015085755,0.6161723441774626,0.5434379651648225
9,3,58.0,6,0.0,0.0,,0.34972173986833,0.5068284534980192,0.5856919773250567,0.6285205525149731,0.601547912891542,0.5193095570633962
9,3,59.0,6,0.0,0.0,,0.3658586420622495,0.5014914162654593,0.5865280588176702,0.6286345352366167,0.6056777607153363,0.508980303626284
9,3,60.0,6,0.0,0.0,,0.3564490681361734,0.4974389751564029,0.5905445637587122,0.6336910731251124,0.6339116825418174,0.5512921485433104
9,3,61.0,6,0.0,0.0,,0.3553394269471068,0.5053594120492017,0.5926588986905481,0.6365214551940984,0.6213707632827264,0.5305589591808821
9,3,62.0,6,0.0,0.0,,0.35625212288205854,0.5106222649604872,0.5921015959100634,0.6459067591936292,0.6238498038268128,0.532446583606023
9,3,63.0,6,0.0,0.0,,0.3557368901800676,0.5235423452770659,0.5930008860489228,0.6480069274282887,0.6265864927105776,0.4887306028137758
9,3,64.0,6,0.0,0.0,,0.36852667976733217,0.5334422021399845,0.5932585821068913,0.6567989326845866,0.6223505225287027,0.4534440267237942
9,3,65.0,6,0.0,0.0,,0.33739541810138884,0.526581053951824,0.5959289823900888,0.6440584805593986,0.6038767154516075,0.5004186394794592
9,3,66.0,6,0.0,0.0,,0.32410644329310145,0.5159445898357834,0.5933180313320827,0.6395361991308786,0.6086782176158991,0.5443582025509791
9,3,67.0,6,0.0,0.0,,0.31933795616350047,0.5101187006823835,0.5899601513298657,0.6345261443181305,0.6095466131705476,0.5375982277121267
9,3,68.0,6,0.0,0.0,,0.3265464347529966,0.5172120890113869,0.5872738473280921,0.6336150543547905,0.6209639785427385,0.5137294382872395
9,3,69.0,6,0.0,0.0,,0.3567075216705129,0.5228867996745896,0.5877935548200985,0.6457585417622691,0.5996671770322702,0.5474755598072669
9,3,70.0,6,0.0,0.0,,0.3615934100989058,0.5157096623560793,0.5906425651814141,0.639850084864103,0.5920535939422413,0.5933445905187194
9,3,71.0,6,0.0,0.0,,0.37215264600753045,0.5239936192950878,0.5902180231055635,0.6478234940290193,0.5976430684527305,0.5806896565524889
9,3,72.0,6,0.0,0.0,,0.3829936597760152,0.5222663103796702,0.5887596049000876,0.6389555124510774,0.6260281083098554,0.6207296393324032
9,3,73.0,6,0.0,0.0,,0.3791150561887363,0.5155877921148319,0.5922988015555333,0.6266354763931119,0.6170389428138401,0.589103561704641
9,3,74.0,6,0.0,0.0,,0.3882821939372279,0.5125537384477052,0.5904243497242543,0.6308476375516343,0.6350407820051521,0.5631224167077058
9,3,75.0,6,0.0,0.0,,0.40163904831904185,0.4969618028739049,0.5949959718306921,0.631102221807019,0.6262765196125987,0.5578752842172966
9,3,76.0,6,0.0,0.0,,0.3907695157665654,0.49224918897344827,0.5997521385368397,0.6311130999301409,0.6332801506622001,0.5653809495588917
9,3,77.0,6,0.0,0.0,,0.36444998730427236,0.49567919184733533,0.5964418124403839,0.6387236554538964,0.6426085488147173,0.5972111908099731
9,3,78.0,6,0.0,0.0,,0.3730535644855939,0.493906382291625,0.5951279269099321,0.6388169121424786,0.6342963017550183,0.5424919726907654
9,3,79.0,6,0.0,0.0,,0.37341089054336657,0.4908963379907919,0.6011920779469444,0.6286079394287374,0.6219333186059037,0.5997551748764578
9,3,80.0,6,0.0,0.0,,0.3686653049089825,0.49453401607200576,0.6060433987765543,0.6262746381473312,0.6019179437272028,0.5687831275818116
9,3,81.0,6,0.0,0.0,,0.3552684628203569,0.5043326263257459,0.6003009502699215,0.6237725374338581,0.6004768907800418,0.5893817772498673
9,3,82.0,6,0.0,0.0,,0.35826927397092245,0.5008663236770043,0.5931132421124266,0.6275845667995307,0.5990400124515097,0.5958126027196401
9,3,83.0,6,0.0,0.0,,0.3676130267392418,0.4998277002684769,0.590031826279856,0.624014771814536,0.6272148264453372,0.5863021092788668
9,3,84.0,6,0.0,0.0,,0.3526262313983594,0.5092355011962653,0.5906788270350352,0.6226502043665497,0.6203776039662938,0.6292582156385077
9,3,85.0,6,0.0,0.0,,0.3554143500168168,0.5083700736692207,0.5854155435245174,0.6225958600901988,0.6031114615905511,0.6223945672885466
9,3,86.0,6,0.0,0.0,,0.37302242851788386,0.5072970357086153,0.5900745314916618,0.6196583469783736,0.6010560363134733,0.6184244782288223
9,3,87.0,6,0.0,0.0,,0.3409920171018302,0.5050586994782986,0.5876008577832441,0.6255307906626194,0.6152678787458374,0.6286255259444482
9,3,88.0,6,0.0,0.0,,0.33098414439688256,0.49849923483917263,0.5927371782778839,0.6205761916795467,0.6066608439082971,0.5938202655108902
9,3,89.0,6,0.0,0.0,,0.3293800443435912,0.506387614669758,0.5894447987026062,0.620796863421358,0.6046322340107995,0.583619821293809
9,3,90.0,6,0.0,0.0,,0.34877086640119925,0.5050174398091489,0.5928779556666608,0.6259273375193004,0.6306075733903468,0.5492641915715835
9,3,91.0,6,0.0,0.0,,0.35044225500907983,0.5052011416029332,0.5871748464298178,0.6250069333929661,0.6046690851367,0.5892258753632837
9,3,92.0,6,0.0,0.0,,0.3379893152864297,0.5077751726613893,0.5897276185017175,0.6419140851535586,0.6109867902373386,0.5636356518767096
9,3,93.0,6,0.0,0.0,,0.3466160354208238,0.5137711711248805,0.585988952044576,0.642317146213154,0.623046541508754,0.5703966488859723
9,3,94.0,6,0.0,0.0,,0.3211315355638059,0.5099460611833722,0.5830368029211481,0.6374579388323182,0.6451135227715896,0.5749131069229316
9,3,95.0,6,0.0,0.0,,0.33665744656359625,0.5146097139860984,0.585082808348069,0.6369011854693882,0.6347720132418051,0.5491412939168434
9,3,96.0,6,0.0,0.0,,0.3209170577765309,0.5136048056601064,0.5809387285749443,0.6421317307877265,0.6515861198954325,0.550473722509351
9,3,97.0,6,0.0,0.0,,0.31086470267663463,0.5223097339383095,0.5802922154498702,0.6482808568633169,0.6535156393640554,0.5219424096057506
9,3,98.0,6,0.0,0.0,,0.33022856929893657,0.5236396780363307,0.5831226446967619,0.6409801922114461,0.6308266435103287,0.519130112929077
9,3,99.0,6,0.0,0.0,,0.3446553771055805,0.5195752854229981,0.5831072182992091,0.6312569740000816,0.6393964597145558,0.5196573208658111
9,3,100.0,6,0.0,0.0,,0.320897384258324,0.516641901050607,0.5887736430644848,0.6261598251209773,0.6251750471965404,0.5229873038090437
10,3,21.0,6,0.0,0.5,,0.2716102045040941,0.38529835885598607,0.39469053993024605,0.48012972945299304,0.5029689655932016,0.44162440723109386
10,3,22.0,6,0.0,0.5,,0.27751318669688363,0.37411487026608303,0.4010192230884833,0.47577124639332286,0.4815056679486701,0.45502275622738536
10,3,23.0,6,0.0,0.5,,0.28139886064117386,0.3711032758327342,0.39334671373371455,0.46129133692324586,0.49277988000176515,0.45206307528148704
10,3,24.0,6,0.0,0.5,,0.2802189108241579,0.3775068458035841,0.3985506009578662,0.4647068293790723,0.5106762766048691,0.44905576381846446
10,3,25.0,6,0.0,0.5,,0.2639398153468497,0.3716168432455119,0.40031920556919853,0.4636613439282698,0.4787815768296836,0.4475848617909562
10,3,26.0,6,0.0,0.5,,0.26319920896731097,0.37627479831065447,0.40216086879389124,0.47802215258161596,0.4890182742069423,0.4763515609135383
10,3,27.0,6,0.0,0.5,,0.2620328919806334,0.3905495893839796,0.4048409254077422,0.4755370657554379,0.49379716921816874,0.5109764466573494
10,3,28.0,6,0.0,0.5,,0.26687038038194955,0.39244701528093195,0.41186463818415797,0.47906274532103554,0.5042121220799254,0.492683714576254
10,3,29.0,6,0.0,0.5,,0.264068762700409,0.3983990590698742,0.4114763152026132,0.4718244363665932,0.5078346704062509,0.48361587640491654
10,3,30.0,6,0.0,0.5,,0.23300254589597938,0.3942551685029688,0.4114052299299159,0.4777499494475469,0.4930597955379176,0.4928231922562431
10,3,31.0,6,0.0,0.5,,0.2544238266351135,0.39727374938972415,0.41585986502771305,0.4778119815485571,0.49191694646061324,0.444324600026582
10,3,32.0,6,0.0,0.5,,0.24777746211466828,0.3991421442992061,0.4161231987268268,0.4739106850071778,0.5014509243912432,0.42519742796904375
10,3,33.0,6,0.0,0.5,,0.24958966390489054,0.4004950521708329,0.41462412149685746,0.46644610182908713,0.4808768662289033,0.45314874169572095
10,3,34.0,6,0.0,0.5,,0.23496932539410414,0.39509571222963824,0.41221813367878524,0.4671036596997314,0.4582223805598072,0.4594914872373801
10,3,35.0,6,0.0,0.5,,0.23584203139939391,0.4001461973882828,0.40972941284253406,0.46862633253007696,0.4507199195410173,0.42417694614646767
10,3,36.0,6,0.0,0.5,,0.2404665096739957,0.4001243016843744,0.402222588596122,0.47600338191052866,0.47078569946634163,0.4311587216877508
10,3,37.0,6,0.0,0.5,,0.25108185654618825,0.39190017917321845,0.3991945118489792,0.482148706720919,0.4709531669987129,0.4096589589927949
10,3,38.0,6,0.0,0.5,,0.24353347344035056,0.38876628363146915,0.3983446435943588,0.4843065253446235,0.4901556858495935,0.41773635499429923
10,3,39.0,6,0.0,0.5,,0.24533429856114286,0.3803346125536449,0.402549854699816,0.49422844204884137,0.5002645371200947,0.44213956375320196
10,3,40.0,6,0.0,0.5,,0.24491892946589838,0.3849025569744616,0.4015499730769617,0.49375123875781946,0.521365099275139,0.44510517015596374
10,3,41.0,6,0.0,0.5,,0.2445866341897028,0.3866839999033652,0.4034086820265834,0.5046517084575871,0.5182997496823282,0.4651742678922327
10,3,42.0,6,0.0,0.5,,0.2493304101566532,0.38185749919258993,0.4015360379133058,0.5020611040700429,0.5287823511502807,0.47541722467020814
10,3,43.0,6,0.0,0.5,,0.23296590826521718,0.39273369878592335,0.4064347090483011,0.5054110242047753,0.5167639221900714,0.47853283280483544
10,3,44.0,6,0.0,0.5,,0.22055396922874357,0.3948932224525169,0.40586458258984665,0.4933494011587256,0.5189344400745662,0.4436660602972703
10,3,45.0,6,0.0,0.5,,0.2241226485474007,0.3994377357666633,0.4021081070439589,0.49193508721178014,0.5020015435868934,0.45630957179455045
10,3,46.0,6,0.0,0.5,,0.222359426996749,0.3961121299199034,0.395424546932192,0.48847291361397405,0.4952531974744579,0.4548217899290769
10,3,47.0,6,0.0,0.5,,0.2306145607639057,0.39097249306524623,0.39762038347875267,0.48307951545391026,0.5073281556540971,0.4457541645163728
10,3,48.0,6,0.0,0.5,,0.2647415441415112,0.3834153811143451,0.4015924413113984,0.47987153005147765,0.5082004042729519,0.43936841464027354
10,3,49.0,6,0.0,0.5,,0.27666574606628735,0.37853304271719496,0.4015459518179275,0.482767292280767,0.521496631937391,0.4557845115928737
10,3,50.0,6,0.0,0.5,,0.2606047189835828,0.3841495789611827,0.4058787941930951,0.4771635233952104,0.5302673227311641,0.4278965072070239
10,3,51.0,6,0.0,0.5,,0.2599572999936508,0.38388160447551894,0.41073173595046236,0.478517447661461,0.4842359962774288,0.4305484227512263
10,3,52.0,6,0.0,0.5,,0.2575548006213662,0.3825038737234171,0.415759902963823,0.4859959622926949,0.4620963592643973,0.42944624423244593
10,3,53.0,6,0.0,0.5,,0.2736344276194422,0.3929716592505589,0.412940833566497,0.48873938391489763,0.43486701936713235,0.40636362449824137
10,3,54.0,6,0.0,0.5,,0.2581693479406736,0.3933586511146919,0.4145498830095538,0.48163906662534933,0.4574448179593916,0.44911292593280566
10,3,55.0,6,0.0,0.5,,0.24343292456528057,0.3931111330119272,0.4129206523406421,0.486674725991535,0.4485734592435394,0.47389384268350343
10,3,56.0,6,0.0,0.5,,0.2378076478110529,0.3851262930716898,0.4119232578089642,0.4773483767853993,0.472865975982203,0.5041759090806112
10,3,57.0,6,0.0,0.5,,0.24521254340015886,0.3910073108983531,0.4063730795906896,0.48610750674037606,0.4812634702621,0.5027071910738861
10,3,58.0,6,0.0,0.5,,0.24034956730567628,0.3880519890115769,0.40789192564309895,0.4869231988075057,0.47508081957744785,0.4811819180732499
10,3,59.0,6,0.0,0.5,,0.25292145948793,0.3870035325158343,0.40081351126320375,0.48771434826237103,0.4726354769443799,0.46342429329869084
10,3,60.0,6,0.0,0.5,,0.2538106923971286,0.3836035768556095,0.4054727835724525,0.5008436684877727,0.4750242796590983,0.4394135657920237
10,3,61.0,6,0.0,0.5,,0.2614108451418665,0.3746213154793826,0.39982603234424696,0.5021260030387642,0.48579743480478166,0.46684776792165783
10,3,62.0,6,0.0,0.5,,0.2603158583990309,0.3826033288245073,0.408044087243041,0.5083519931718526,0.47626264570805044,0.49178990569821035
10,3,63.0,6,0.0,0.5,,0.2642451319300445,0.37672004972175394,0.4060062715381717,0.5075971794483568,0.4730601875564882,0.5063060385836569
10,3,64.0,6,0.0,0.5,,0.2628696303508202,0.38386253572840073,0.40481916002389423,0.5151238460445482,0.5075128741088772,0.5165136395939317
10,3,65.0,6,0.0,0.5,,0.2758931195050269,0.38178969907569255,0.40189652739673026,0.5073349587690236,0.5101756853793111,0.4940525460580253
10,3,66.0,6,0.0,0.5,,0.2803902962494883,0.37130794244184817,0.4029959467202898,0.5129214300694341,0.5179532220493577,0.5085376130452789
10,3,67.0,6,0.0,0.5,,0.2700242473120441,0.38657610468893455,0.4043022617147643,0.5075188540365001,0.5305000483198434,0.5455188880460888
10,3,68.0,6,0.0,0.5,,0.27765885351119013,0.3817711830210454,0.40200406395136,0.5024682993377678,0.5151250013022928,0.5515290288634614
10,3,69.0,6,0.0,0.5,,0.28122905157137223,0.37846307369250753,0.397051056647373,0.49340726545411434,0.5245896933150412,0.5313061288483987
10,3,70.0,6,0.0,0.5,,0.2824444660693262,0.36678437132169933,0.3978366054671706,0.4986788077705346,0.5159179739352835,0.5365892363036744
10,3,71.0,6,0.0,0.5,,0.2699076311407915,0.3615036932558767,0.4033447120083437,0.49519529180652383,0.48132911129217826,0.5562440962609837
10,3,72.0,6,0.0,0.5,,0.26045199508101047,0.37313274210132474,0.39933030112705675,0.47950404671950525,0.46445328169785904,0.5486888537992676
10,3,73.0,6,0.0,0.5,,0.25067291039994727,0.3696900501431302,0.40136974524017777,0.4835054283151388,0.47699013253194245,0.5284466845100289
10,3,74.0,6,0.0,0.5,,0.2656971815942831,0.3689960694858489,0.4020534657931143,0.48232690068362266,0.48477493646535663,0.535964009512277
10,3,75.0,6,0.0,0.5,,0.2633516076055357,0.3647975803971749,0.4041302446015873,0.49058595729665255,0.5028859714253524,0.5459844310511135
10,3,76.0,6,0.0,0.5,,0.25520717625280587,0.35957651831263493,0.40617557180413283,0.5013425739294032,0.5111476490016185,0.5122006307698171
10,3,77.0,6,0.0,0.5,,0.24772447933214684,0.37304664326835857,0.4108363149230711,0.4910694981229483,0.4986621949072978,0.47121182992380123
10,3,78.0,6,0.0,0.5,,0.24270547363409473,0.39202934918096677,0.4124103486465646,0.480488953795037,0.49705051149735374,0.46578233049278506
10,3,79.0,6,0.0,0.5,,0.2589032500108109,0.39308435331859926,0.4065828104376335,0.47228409258385345,0.5017582462977616,0.4746397793432939
10,3,80.0,6,0.0,0.5,,0.27278003029460063,0.3784813950225728,0.4019207798704887,0.4798435337893071,0.4856836956525587,0.44412473537598374
10,3,81.0,6,0.0,0.5,,0.2478863464482151,0.38246535938233306,0.4065565773281869,0.47810232427501376,0.4926083707992276,0.4445402026848747
10,3,82.0,6,0.0,0.5,,0.24910293948868137,0.3759107545179845,0.3999311578971346,0.48168703996966517,0.4985505046931726,0.47513353939250375
10,3,83.0,6,0.0,0.5,,0.2470136527420545,0.3773011867151093,0.39798612569532266,0.4827298187390934,0.4780782998997033,0.48814460432402973
10,3,84.0,6,0.0,0.5,,0.246942075287303,0.38027580328641,0.3887656750475289,0.47352827649557144,0.4714017510963611,0.4696964943572766
10,3,85.0,6,0.0,0.5,,0.24082605603849766,0.38609025721647705,0.39153137651932235,0.481167272252126,0.47776805641868664,0.4828640142479969
10,3,86.0,6,0.0,0.5,,0.2189273009704856,0.3806729435989006,0.4007836041775681,0.4691317610436213,0.469744333397495,0.4944559465362312
10,3,87.0,6,0.0,0.5,,0.2351039839431021,0.38110029618569324,0.40100856877718705,0.46340719747892145,0.479308387104506,0.46160341682765405
10,3,88.0,6,0.0,0.5,,0.2291531961884307,0.3889498645531268,0.4030962635160492,0.4646600569255698,0.469667550163846,0.44051036082704104
10,3,89.0,6,0.0,0.5,,0.22745512716369332,0.3952295192470736,0.39983253935829105,0.4687797181537877,0.46781506921544125,0.41249023004297136
10,3,90.0,6,0.0,0.5,,0.2262025025375321,0.39305521074890903,0.4015847006858702,0.4796903607506248,0.4515349862348012,0.4160557649000339
10,3,91.0,6,0.0,0.5,,0.21722674813869247,0.38914383909209915,0.3937990958116241,0.4744637332524907,0.44237477844017487,0.44812243694553733
10,3,92.0,6,0.0,0.5,,0.20315737820224172,0.3848513906030804,0.39048708213558425,0.47609140338110684,0.4665207338460619,0.5006925903056685
10,3,93.0,6,0.0,0.5,,0.21457325925162465,0.3837441341390072,0.38694511066000337,0.479999049306716,0.48681691141000644,0.5021866272788817
10,3,94.0,6,0.0,0.5,,0.21579117761424849,0.3816949778041777,0.38621062004838447,0.4800193710668953,0.513685972975731,0.4926322199985564
10,3,95.0,6,0.0,0.5,,0.22449978685361177,0.38411793656713805,0.38795753015388296,0.4828651540661356,0.5329922479418866,0.4384964566817331
10,3,96.0,6,0.0,0.5,,0.2320405061281491,0.3894537447952347,0.3904313331893293,0.4819483159604916,0.5258975880862344,0.4266639287629029
10,3,97.0,6,0.0,0.5,,0.21461506463837857,0.3808845814846573,0.3991416600618737,0.4788205068831508,0.5383277258324229,0.4022108699637144
10,3,98.0,6,0.0,0.5,,0.21718394687700232,0.38603080997515254,0.39983216453079823,0.48020752558627305,0.515868462574703,0.3899906577308797
10,3,99.0,6,0.0,0.5,,0.21445532665324282,0.3828253988230641,0.4007624887989808,0.4799036013726516,0.4735105016786654,0.3997974614915951
10,3,100.0,6,0.0,0.5,,0.2322060669659832,0.3854289030742208,0.3960577965254696,0.4801130681391369,0.48621245396492985,0.3834717574262074
11,3,21.0,6,0.0,0.9,,0.23921345712366252,0.34516795689194024,0.3824603678108397,0.42596938840577714,0.4220316770970675,0.4212204828839966
11,3,22.0,6,0.0,0.9,,0.24525742402040773,0.34416247020915974,0.37978099521575526,0.42064190225083314,0.3919256560153511,0.4597503362161685
11,3,23.0,6,0.0,0.9,,0.2391146713049403,0.34157999084735585,0.38151336205722697,0.41656533305578425,0.37932621244964726,0.4299269967625473
11,3,24.0,6,0.0,0.9,,0.22915455301688686,0.33238008646632566,0.3772172173519549,0.4163310402940665,0.36202228307582496,0.44685553333898403
11,3,25.0,6,0.0,0.9,,0.23397633595912484,0.3403776449959577,0.37366915245321464,0.4222716534031622,0.3681490155724275,0.421713266612198
11,3,26.0,6,0.0,0.9,,0.23447961354038363,0.34088884349482573,0.37274802292965514,0.4351486425357776,0.38266609454312644,0.41981527013862924
11,3,27.0,6,0.0,0.9,,0.23060762285637418,0.33866156227102384,0.37701317587424316,0.42556976544955855,0.41700702910808063,0.4195189950491132
11,3,28.0,6,0.0,0.9,,0.2314518846068129,0.3367775563000016,0.37770307073285003,0.40913787204714874,0.4281338048917257,0.43805826229198647
11,3,29.0,6,0.0,0.9,,0.23526843383127308,0.3397498500489934,0.37717171756836465,0.4095984858946255,0.4076648706985745,0.4591577946894401
11,3,30.0,6,0.0,0.9,,0.2428746512782614,0.33157028943220845,0.37716719737115,0.41339370193294817,0.4326152526304032,0.4857455105869636
11,3,31.0,6,0.0,0.9,,0.23755467597376848,0.33189470755132494,0.37866034127443726,0.41510284101192924,0.4295453394875012,0.4650954605829984
11,3,32.0,6,0.0,0.9,,0.23711126262500642,0.3319396733171633,0.3847727702393035,0.41198576410779764,0.44524523462724463,0.46410779551149617
11,3,33.0,6,0.0,0.9,,0.22563567666989148,0.3369051568832646,0.3819048389015679,0.4109913338933315,0.40665148645600596,0.43246956538050885
11,3,34.0,6,0.0,0.9,,0.22086592952806722,0.33446156640985736,0.3796990787592772,0.40543266233072206,0.3970706090399516,0.452788177277254
11,3,35.0,6,0.0,0.9,,0.22516775351364257,0.3346162697641032,0.38260316878037176,0.3950943938503289,0.4060681393041808,0.4192250539237728
11,3,36.0,6,0.0,0.9,,0.22679946092067865,0.33664375877884956,0.3851219912733884,0.4035581711110966,0.43862597560746697,0.4389815480404196
11,3,37.0,6,0.0,0.9,,0.21578682400764873,0.3305631189228915,0.38299356303716525,0.4067859711531773,0.4617629306817008,0.43954754666454876
11,3,38.0,6,0.0,0.9,,0.2080653130870521,0.3260303167090237,0.3829387071967756,0.40967306502321976,0.46571538029568293,0.43445782439855296
11,3,39.0,6,0.0,0.9,,0.21822077327341258,0.3339207671486911,0.375850537027835,0.4055084933499556,0.45947311964661414,0.40791781895207935
11,3,40.0,6,0.0,0.9,,0.2144003729869699,0.3288088616306272,0.3767080298870603,0.40265168140290475,0.45349365620912946,0.39135493958247625
11,3,41.0,6,0.0,0.9,,0.19698264148159333,0.3264133418497575,0.37937627633853654,0.39673365700195273,0.4644085060415454,0.3991765167691335
11,3,42.0,6,0.0,0.9,,0.19618979327952848,0.3311267688178993,0.3781275554424399,0.39583105363169524,0.4455022588086085,0.4311877156943962
11,3,43.0,6,0.0,0.9,,0.21123973134698826,0.3207268570497762,0.37248010053017,0.4043999495963938,0.4393737867694675,0.4463936356325243
11,3,44.0,6,0.0,0.9,,0.22145192322622886,0.3181613072105315,0.3728800504425905,0.4065237206128723,0.43827554922466544,0.4948747158208068
11,3,45.0,6,0.0,0.9,,0.20321279223305555,0.3230233469255209,0.37511733276795955,0.41516297308642747,0.41679373159695005,0.4807916454202482
11,3,46.0,6,0.0,0.9,,0.22746908480006808,0.32299210297415487,0.3751031271964522,0.4060261457603513,0.4347642137273864,0.4169880317064779
11,3,47.0,6,0.0,0.9,,0.2104455368420582,0.32619651553793727,0.37821483627833463,0.41281234968047914,0.450345746459504,0.40625044892162965
11,3,48.0,6,0.0,0.9,,0.20749473583110972,0.32110033243365976,0.37868465768487247,0.41636797733881536,0.4424106759077301,0.4043595718722036
11,3,49.0,6,0.0,0.9,,0.20901972068895497,0.32235072889023775,0.37592637377091975,0.41650643437772744,0.4441928693860751,0.4450522920029104
11,3,50.0,6,0.0,0.9,,0.22076828078953697,0.33061308142415485,0.3737197466397576,0.4123244984144219,0.43395738541338646,0.4345710828077003
11,3,51.0,6,0.0,0.9,,0.21067252829409502,0.33070342843147954,0.3752923442738726,0.4115198260077896,0.4204957246289599,0.4356604013017883
11,3,52.0,6,0.0,0.9,,0.20843161704897165,0.3176194759681602,0.3795042179232802,0.4015951976225346,0.4453521426792184,0.5076458831134729
11,3,53.0,6,0.0,0.9,,0.21978498630764304,0.31856682521628565,0.376346097951011,0.40937510564382507,0.44370157093710205,0.5040262117804041
11,3,54.0,6,0.0,0.9,,0.20889120858510662,0.3232639427865879,0.37789017077469594,0.4291291587525824,0.46201895918051006,0.44801353419012385
11,3,55.0,6,0.0,0.9,,0.19990005253901297,0.3121243292627182,0.379125429033644,0.4222289573989337,0.4503298092688051,0.43066008402653405
11,3,56.0,6,0.0,0.9,,0.19919222584417876,0.31127928498088514,0.37792962131817676,0.4228971963927834,0.4331211663633705,0.4998236961982071
11,3,57.0,6,0.0,0.9,,0.20135028956760498,0.3176101554827677,0.37723966707299594,0.4106707240381612,0.4203951487601021,0.5213979124276495
11,3,58.0,6,0.0,0.9,,0.2087289583367094,0.3240822016833019,0.37980158608728504,0.4142364577635247,0.386758175796999,0.5115358022717142
11,3,59.0,6,0.0,0.9,,0.21301089345091348,0.31635463846549317,0.3787372388882825,0.4273026466008707,0.38317694467233543,0.47425090493856825
11,3,60.0,6,0.0,0.9,,0.22411615937634216,0.3215780119294902,0.3798030835245132,0.41967801976776115,0.4070751159578867,0.45325353084284237
11,3,61.0,6,0.0,0.9,,0.22774513347320907,0.3218358349773304,0.38160454119827775,0.4104747848018033,0.39545687894489345,0.4485009388956721
11,3,62.0,6,0.0,0.9,,0.2104408166941369,0.3223675665108866,0.3822102163361395,0.43142829200723865,0.3996849878173752,0.42164294191118135
11,3,63.0,6,0.0,0.9,,0.20560279243259294,0.31816963630157147,0.3847727096212732,0.43643057470342195,0.41910968920800273,0.4349709929658321
11,3,64.0,6,0.0,0.9,,0.19719692189233112,0.32074867233341275,0.3845428751830079,0.423356729427216,0.42875012487713426,0.4206646924477192
11,3,65.0,6,0.0,0.9,,0.20101249246502428,0.32610628559574356,0.3841133019093171,0.4315847983011925,0.4468579985196797,0.4262316290889624
11,3,66.0,6,0.0,0.9,,0.1990790098795726,0.32706706267168184,0.38338317156090923,0.4250219981215766,0.44409642909437724,0.45807241680626304
11,3,67.0,6,0.0,0.9,,0.20446294378731525,0.3179355339432734,0.3816025072671819,0.4129561036770532,0.42513678225259344,0.4292682496250542
11,3,68.0,6,0.0,0.9,,0.21161636106736906,0.31724967297693085,0.38831573836304106,0.4046183498714985,0.39860306574350346,0.46966056561101244
11,3,69.0,6,0.0,0.9,,0.21824528804391777,0.33078689353561613,0.38949649646338286,0.410196958375594,0.4021052709780456,0.5001402875203371
11,3,70.0,6,0.0,0.9,,0.2267593337359101,0.32698920831018474,0.38349257574235707,0.4119488134275467,0.4262914190541136,0.4940385509146096
11,3,71.0,6,0.0,0.9,,0.22167274374093004,0.31879387068502957,0.38180596609007006,0.41998373743906575,0.4311609071632482,0.46372202991765354
11,3,72.0,6,0.0,0.9,,0.23189559306263519,0.32473607431611595,0.37925747383913955,0.3957118284424345,0.3892809181986091,0.4997405232322283
11,3,73.0,6,0.0,0.9,,0.23035597424882764,0.3347188770862613,0.3784554007716668,0.41885099272789683,0.35387346711636297,0.49072108036340945
11,3,74.0,6,0.0,0.9,,0.23843831517345065,0.33773889120849365,0.38273563679773515,0.4289755073026619,0.3424180025424025,0.5273695399534513
11,3,75.0,6,0.0,0.9,,0.23067976976316196,0.3378134440989843,0.38084923882753724,0.42771061981572495,0.3452128976281863,0.5386675265325016
11,3,76.0,6,0.0,0.9,,0.22153983943107045,0.3321422991691164,0.3784662711467949,0.4426760885568301,0.3373618088289821,0.5521326479772511
11,3,77.0,6,0.0,0.9,,0.20530140445289966,0.33617443326813207,0.37778227789952046,0.44939217485495986,0.3929907179274603,0.5096226315031132
11,3,78.0,6,0.0,0.9,,0.2079968213039458,0.3331991433372764,0.3795241034967275,0.44529749532555785,0.37968281981410146,0.49542681219682694
11,3,79.0,6,0.0,0.9,,0.2094213890672239,0.3210512823613022,0.3744246204389035,0.4280126532976857,0.3519217211233142,0.491005476820647
11,3,80.0,6,0.0,0.9,,0.19537562123473023,0.3166797699488198,0.37655454471503214,0.4193514601804343,0.373347238914317,0.5066133357191956
11,3,81.0,6,0.0,0.9,,0.2103348737797232,0.3113667772759163,0.37817021914954296,0.4241867212043589,0.3662601096785996,0.4639153234658509
11,3,82.0,6,0.0,0.9,,0.2188924213266752,0.3068521946646611,0.3755148229426562,0.42414347188007034,0.3661897065929005,0.46379814198471897
11,3,83.0,6,0.0,0.9,,0.22092301284843438,0.31711227385135615,0.38033903317844586,0.4198567695653253,0.40466144500917833,0.47898267224579694
11,3,84.0,6,0.0,0.9,,0.21827960722450124,0.3195078378066644,0.3810845189566439,0.4058371366783454,0.39110259843085277,0.47163972104173624
11,3,85.0,6,0.0,0.9,,0.21289270168715416,0.32546787879283545,0.38103802939490616,0.41428967130731803,0.39597055962137717,0.4505949571666556
11,3,86.0,6,0.0,0.9,,0.21664272480972624,0.32956691908285174,0.38056044687844104,0.40391618180863337,0.39972508953169295,0.43804851490259356
11,3,87.0,6,0.0,0.9,,0.21265438691212743,0.3330607200443197,0.38245820993164115,0.4062876321501667,0.40712684654460657,0.46417277228907566
11,3,88.0,6,0.0,0.9,,0.2252557016011268,0.33315688674217486,0.38511151137562477,0.4244831528390943,0.40233304104015194,0.43299144552921165
11,3,89.0,6,0.0,0.9,,0.22996432532382388,0.3305100242674231,0.3819019100675833,0.4243934484931091,0.4104137437666663,0.46084738568839534
11,3,90.0,6,0.0,0.9,,0.2432614167535223,0.32666917788566796,0.37846504310393564,0.4208381709566928,0.4091550742923413,0.45854616169920825
11,3,91.0,6,0.0,0.9,,0.23233923745764135,0.31979500628588164,0.3807818869120368,0.40312427890657443,0.4066112446477882,0.43146750318558896
11,3,92.0,6,0.0,0.9,,0.22412685293800463,0.32368175609977057,0.37963477051171396,0.41570640540799186,0.4127051270134364,0.438281208418856
11,3,93.0,6,0.0,0.9,,0.22280443821912396,0.32351883031355466,0.37560319498102196,0.44015346576701386,0.4099914410396872,0.4326315123249239
11,3,94.0,6,0.0,0.9,,0.22582527962293258,0.3224855905626069,0.3700813168495086,0.43175043394044355,0.4189236555741219,0.5065653271658047
11,3,95.0,6,0.0,0.9,,0.2279587684714298,0.3212025569513774,0.3660431096558249,0.4297519985226386,0.4162105724584834,0.5087512146397952
11,3,96.0,6,0.0,0.9,,0.24423503886742398,0.32432722921097984,0.36853019640448914,0.4158200310678016,0.40782320046576437,0.49779418344316123
11,3,97.0,6,0.0,0.9,,0.2460965705591202,0.32128534186159563,0.3747513319479123,0.40738544357908035,0.3962053169547882,0.5081894387819796
11,3,98.0,6,0.0,0.9,,0.22994047598628836,0.331170139641275,0.3765257730443193,0.410137914018637,0.40223796960427805,0.5128363524585351
11,3,99.0,6,0.0,0.9,,0.2272073357401901,0.32660835962469437,0.3750333194025389,0.4154668402984375,0.397977127755582,0.5177016661776912
11,3,100.0,6,0.0,0.9,,0.2234822425454322,0.32563521804294615,0.3781964022777112,0.41926260023504625,0.36816458605143193,0.4819406923490913
12,4,21.0,6,0.0,0.0,,0.3075614567910506,0.5334040224866954,0.6038137490200677,0.6239243269329977,0.6047425147812959,0.5827014195480607
12,4,22.0,6,0.0,0.0,,0.3240398412118165,0.5368009718607772,0.6001356642870784,0.6276390640043301,0.5960790207821469,0.5830058178072488
12,4,23.0,6,0.0,0.0,,0.32123248512225155,0.5360073718135159,0.6065326431953743,0.6255758545136967,0.6092762853450724,0.5820018123463697
12,4,24.0,6,0.0,0.0,,0.31387992752263116,0.5398893036305268,0.6102367103363324,0.6246057228558787,0.5918651563307451,0.5565356390539367
12,4,25.0,6,0.0,0.0,,0.30563625208618733,0.543457489137707,0.6085970895944011,0.6313214480369742,0.5907725561534314,0.572264170399883
12,4,26.0,6,0.0,0.0,,0.31931033100818873,0.5374028916863591,0.6089347057096266,0.635368995532919,0.61765966870112,0.6035394726689363
12,4,27.0,6,0.0,0.0,,0.3352077867887666,0.5280269488554319,0.6160396252200695,0.6336580592298389,0.587521477199508,0.5616681714607595
12,4,28.0,6,0.0,0.0,,0.32999688150806367,0.5242151290384157,0.6074585373867296,0.6315957994106884,0.5805020596652957,0.5874316739798844
12,4,29.0,6,0.0,0.0,,0.35242247434664364,0.5287241734631064,0.6086233219606723,0.6276139752757608,0.5935842144669088,0.5988910083758336
12,4,30.0,6,0.0,0.0,,0.35243053197217133,0.5404509417025899,0.6048731345261628,0.6272018290823194,0.6079141456866949,0.5739292272267694
12,4,31.0,6,0.0,0.0,,0.3505804901539936,0.5410170899183575,0.6045107362028678,0.6260842632700239,0.6236210209715426,0.5839289275024077
12,4,32.0,6,0.0,0.0,,0.3514387626177225,0.5324542805760617,0.6069855643020815,0.6291621888500757,0.6065007892227172,0.5971371021268173
12,4,33.0,6,0.0,0.0,,0.38454057359501354,0.5162699316059592,0.6028840393457646,0.6250449976915472,0.6029826087749053,0.540742989983693
12,4,34.0,6,0.0,0.0,,0.37521425781364426,0.5099816533337687,0.6009001754711495,0.6308619306950882,0.595576926449356,0.561524507159728
12,4,35.0,6,0.0,0.0,,0.3784744620865797,0.5166903387322428,0.5929882005579727,0.626567547320024,0.5801001090780757,0.5522755693923694
12,4,36.0,6,0.0,0.0,,0.37921311072740094,0.5206599402748986,0.588871093961385,0.634989143135275,0.5905158404957578,0.5282605955790929
12,4,37.0,6,0.0,0.0,,0.3654707804848207,0.5180382040242902,0.5936763057590755,0.637325252460575,0.5700538132183438,0.5290026304972713
12,4,38.0,6,0.0,0.0,,0.3621488733288333,0.5152184808652092,0.5929155215648854,0.6337044012737033,0.58877468644293,0.5219239377153195
12,4,39.0,6,0.0,0.0,,0.3501108023194966,0.5224462936300196,0.5964292377005276,0.6346558577794003,0.5862734594579762,0.542162662960069
12,4,40.0,6,0.0,0.0,,0.35848724113176467,0.5306801258475586,0.5979702836287378,0.6382489051460162,0.5714891302332268,0.5890442718411772
12,4,41.0,6,0.0,0.0,,0.37322571506082375,0.5264802240519144,0.5960285502774799,0.6314352082248688,0.5742471307882033,0.5856205876788206
12,4,42.0,6,0.0,0.0,,0.35701923298167676,0.52068043382043,0.6022673004175542,0.6222364127264407,0.5951367423953366,0.5797168181894033
12,4,43.0,6,0.0,0.0,,0.3601866566298778,0.5244698611100824,0.6044703323853319,0.6306980683530254,0.601788368513428,0.5681341134228503
12,4,44.0,6,0.0,0.0,,0.3501341176155729,0.5276501712426019,0.6028851182126032,0.62822435484325,0.6182154383977825,0.5572275950593878
12,4,45.0,6,0.0,0.0,,0.3351265494910365,0.5344441943606744,0.6002825715277074,0.6310010397775019,0.6209101791206895,0.5537389808630107
12,4,46.0,6,0.0,0.0,,0.34369510313667967,0.5335066169596179,0.5982005341797909,0.6317956843587813,0.6053995791753273,0.5200878239649327
12,4,47.0,6,0.0,0.0,,0.3497187902928082,0.5327783479845474,0.5958250161788194,0.6228737588420752,0.5995406335689567,0.5528117553449676
12,4,48.0,6,0.0,0.0,,0.35934825925393554,0.5235864784553107,0.593891390876319,0.6305992133585396,0.613065821955748,0.5416110942263823
12,4,49.0,6,0.0,0.0,,0.34726924613351123,0.5339137160729247,0.5977696047523438,0.6233179983979148,0.6099428027171151,0.5266170170089273
12,4,50.0,6,0.0,0.0,,0.3411910117998411,0.533683749105885,0.601226899629735,0.6262731141990822,0.5960183699582504,0.5276223118404457
12,4,51.0,6,0.0,0.0,,0.33179939387008206,0.5336531400503267,0.5946188142742879,0.6206942638413431,0.6102275124029097,0.49459147040486967
12,4,52.0,6,0.0,0.0,,0.3201657547110183,0.5371940209781136,0.5980462073631421,0.6275324276721781,0.5883898200147527,0.4945448141485578
12,4,53.0,6,0.0,0.0,,0.32541863336634824,0.5362005086781112,0.6015134379092741,0.625678081198211,0.5779963081919625,0.4781236469615774
12,4,54.0,6,0.0,0.0,,0.3311994624155911,0.5346717354785888,0.5971719628848061,0.6252953945107844,0.5625122561096879,0.5157505411958029
12,4,55.0,6,0.0,0.0,,0.32515977319906625,0.5409830582341792,0.5923644075185188,0.6299910042162735,0.561373236308935,0.5091610400348172
12,4,56.0,6,0.0,0.0,,0.35742065337914086,0.5487073549066133,0.5984682451092809,0.6249457492433403,0.5767735292733487,0.5119532036204669
12,4,57.0,6,0.0,0.0,,0.36001754848867196,0.5430171219485936,0.6018834099882566,0.6245772528464404,0.6139900276192345,0.5144325333596308
12,4,58.0,6,0.0,0.0,,0.34821424205753093,0.5347270453548272,0.6048365573156136,0.6273547346460049,0.6170095421149617,0.49400290004433145
12,4,59.0,6,0.0,0.0,,0.333872481914835,0.5237593357561641,0.6018620060716245,0.6186770007592397,0.6017392171203035,0.47367178866808307
12,4,60.0,6,0.0,0.0,,0.325981578396234,0.5318228826393933,0.6052449659295858,0.6120562857993576,0.5886131387391542,0.4821705085965564
12,4,61.0,6,0.0,0.0,,0.3214040162483725,0.530489824025067,0.6026405033253963,0.613224691224975,0.6002215597717226,0.5295834207072153
12,4,62.0,6,0.0,0.0,,0.33190110365172226,0.5282379776028644,0.6010158632911458,0.6171840045630714,0.6033464865054464,0.5360741561062442
12,4,63.0,6,0.0,0.0,,0.3389720436599024,0.532121055581472,0.6001215429372543,0.616744043079412,0.5994524501874089,0.5524144222741872
12,4,64.0,6,0.0,0.0,,0.34753288013980727,0.5423086419003944,0.6014851517917474,0.6209401187423206,0.6008958223138834,0.5810506343250053
12,4,65.0,6,0.0,0.0,,0.3554619604545691,0.5262431628968168,0.6020381338928517,0.6324302260112837,0.5925665847996588,0.6218703486658621
12,4,66.0,6,0.0,0.0,,0.35829859509760914,0.5280186419313205,0.5958597790425908,0.6321895986289712,0.6067986367244005,0.6076230330047624
12,4,67.0,6,0.0,0.0,,0.36670347424732724,0.5259632699608027,0.6057082907993812,0.6322713321754875,0.6180584027430545,0.5929028364501517
12,4,68.0,6,0.0,0.0,,0.35619192449097153,0.518519927954061,0.6076431046582653,0.6301680602907724,0.6432264510230398,0.5921065607544704
12,4,69.0,6,0.0,0.0,,0.3337034722535296,0.5093019339711417,0.60672671230855,0.6422546143972159,0.6534625620672494,0.5866955676104303
12,4,70.0,6,0.0,0.0,,0.3187314302527443,0.5136651987606609,0.6014495814880364,0.635867493601105,0.6556175452674505,0.5446755928063112
12,4,71.0,6,0.0,0.0,,0.328515175667036,0.512471364590972,0.6017718937723668,0.6406801662517742,0.6478815514704854,0.5166211819950086
12,4,72.0,6,0.0,0.0,,0.34320299849154356,0.5166299567121782,0.6020607426689439,0.6340901764179553,0.6292392356850275,0.5504349370678419
12,4,73.0,6,0.0,0.0,,0.3584630753325903,0.5183903375365186,0.6009574464394929,0.6394957120591414,0.647291339642763,0.5421789193861255
12,4,74.0,6,0.0,0.0,,0.3327726894265196,0.5101663227398368,0.6038424291703548,0.6351963893780715,0.6459385381275016,0.5238939363337523
12,4,75.0,6,0.0,0.0,,0.34305911220183427,0.506794039803604,0.6048160400083316,0.6316855469354735,0.6391344959438755,0.5144450357165595
12,4,76.0,6,0.0,0.0,,0.34036825413747723,0.518950863484499,0.5980017203744387,0.6349135197870452,0.644061789509828,0.5141385200355935
12,4,77.0,6,0.0,0.0,,0.35580460394639707,0.5132653262939437,0.5977872290114163,0.6308151423909003,0.6201617548964241,0.5017892090786302
12,4,78.0,6,0.0,0.0,,0.34249200593673484,0.5103160887578339,0.5952898647875172,0.6294225797859492,0.5995497009876325,0.5483132873776276
12,4,79.0,6,0.0,0.0,,0.3427675920397727,0.5206387555081493,0.598283124533063,0.6268511163956703,0.5886097056548898,0.5234723776575907
12,4,80.0,6,0.0,0.0,,0.3287430845712192,0.5219232182590414,0.5982900757073595,0.6274158694192902,0.6319339377449146,0.520156656753578
12,4,81.0,6,0.0,0.0,,0.3393497128688607,0.5205666210039006,0.6013296313570555,0.634385121037317,0.5735591134091452,0.4820482026297099
12,4,82.0,6,0.0,0.0,,0.3467713440935046,0.5193247819360073,0.6027405455667918,0.6387892871854886,0.573373832978052,0.4881997973961528
12,4,83.0,6,0.0,0.0,,0.3376243534353739,0.5204365059281131,0.6015012887577711,0.6281083883381713,0.5783890625202146,0.471225258368812
12,4,84.0,6,0.0,0.0,,0.3488127080331994,0.5244274544057639,0.5995954879313138,0.6143323745959599,0.5854352368925958,0.47674329818948735
12,4,85.0,6,0.0,0.0,,0.32746559029160116,0.5265288813358271,0.5989852426493887,0.6198598970052848,0.5644160812322572,0.47178733484595653
12,4,86.0,6,0.0,0.0,,0.33211672440191387,0.5263094772354379,0.5995959154448461,0.6194300288359027,0.5679437302053374,0.5030414960294853
12,4,87.0,6,0.0,0.0,,0.34368405530050705,0.5288835906440792,0.5989855846602146,0.6159024646821301,0.5809236834091833,0.5160839555761577
12,4,88.0,6,0.0,0.0,,0.36241069820027794,0.5198015764127638,0.6015658202027108,0.6333866645166941,0.593809325954739,0.5668215738886662
12,4,89.0,6,0.0,0.0,,0.3873626058546028,0.5173089893985356,0.6005615084665064,0.64506578835276,0.6006870113729865,0.549836845071621
12,4,90.0,6,0.0,0.0,,0.39498779389971583,0.5282936904605224,0.601457965242633,0.6474763402917885,0.6113156050616964,0.5592591238811802
12,4,91.0,6,0.0,0.0,,0.4063529654122765,0.5211811249985029,0.6044337087425031,0.6449734553803206,0.6131429405910869,0.5474845018302438
12,4,92.0,6,0.0,0.0,,0.3879287982505967,0.5165412433695562,0.6005697222930514,0.6488069648581514,0.6223637195438283,0.5161232756004195
12,4,93.0,6,0.0,0.0,,0.38592159337832455,0.5160776218467289,0.6034598975787663,0.644437508673913,0.6227616900088119,0.5355120320623339
12,4,94.0,6,0.0,0.0,,0.36602672441203,0.5144488271129077,0.6053751703197531,0.6431213788066549,0.6283612135183394,0.5189695658288621
12,4,95.0,6,0.0,0.0,,0.38559104578373443,0.5187421489705593,0.6013602178341867,0.6393175751326703,0.6257136298780169,0.5425493903198875
12,4,96.0,6,0.0,0.0,,0.38847488011519354,0.5205408431156994,0.6036612649428544,0.6404884858625868,0.6264028715502309,0.5300064318244248
12,4,97.0,6,0.0,0.0,,0.3887864333771252,0.5203315933241602,0.6012582126884799,0.6399636922690457,0.6145725720208601,0.5398155040232944
12,4,98.0,6,0.0,0.0,,0.3583610391651958,0.514332716363022,0.6023286868553599,0.6352877877678023,0.6057180061468825,0.543188937546435
12,4,99.0,6,0.0,0.0,,0.34782033478348984,0.5165683435169832,0.599909022207638,0.6346543419799533,0.599711920042967,0.5452886945732882
12,4,100.0,6,0.0,0.0,,0.3581476245647555,0.5092695680885397,0.5963256483281321,0.626408257966775,0.604825859391124,0.5492762428801459
13,4,21.0,6,0.0,0.5,,0.2393108126690115,0.4011498254567975,0.4347639836818943,0.4817218323415192,0.47946655053587034,0.4794578207806743
13,4,22.0,6,0.0,0.5,,0.22663633510285958,0.40295396295971464,0.4324532196842685,0.4812294600571482,0.4933484440264434,0.470932417220122
13,4,23.0,6,0.0,0.5,,0.21469816245599,0.3990471632479443,0.4366516877722619,0.4823001442392001,0.4889505487061855,0.5174801846070116
13,4,24.0,6,0.0,0.5,,0.20470648656646673,0.39522280382849806,0.4393733091544935,0.4798901930366736,0.4997449024128879,0.5500218988353537
13,4,25.0,6,0.0,0.5,,0.18683025317529983,0.397848745064558,0.4313927253993607,0.4818273147069034,0.5167438432659892,0.5478421338610019
13,4,26.0,6,0.0,0.5,,0.1814502936154199,0.40238863694343696,0.43070404779580207,0.4844241515914975,0.5177056164325015,0.5637468973642733
13,4,27.0,6,0.0,0.5,,0.19279257835504748,0.38755758187394623,0.4268030999936392,0.48294313378962384,0.4854130218753278,0.5602389284263334
13,4,28.0,6,0.0,0.5,,0.1918747095714495,0.3913388120100759,0.4310946313020487,0.48418467432883683,0.4873202613362929,0.5355513098561481
13,4,29.0,6,0.0,0.5,,0.19320298000180283,0.3969614979402548,0.433580021611216,0.4880219605625511,0.47033788236847973,0.49930979829613387
13,4,30.0,6,0.0,0.5,,0.20713569787042027,0.3928861201917807,0.43150605002772596,0.4921663697417037,0.5065587772353521,0.5184485717111231
13,4,31.0,6,0.0,0.5,,0.20667163268100217,0.3830936270126823,0.4337111777218512,0.48579196221689125,0.5001376571190731,0.5046323329259906
13,4,32.0,6,0.0,0.5,,0.22154536322478605,0.38338420013105146,0.435673258747058,0.4841218760402029,0.511365607501844,0.5204371013651043
13,4,33.0,6,0.0,0.5,,0.2208948093211144,0.3934236437058284,0.4387346489699467,0.47809422330883605,0.5025996988371438,0.5120035378701963
13,4,34.0,6,0.0,0.5,,0.23425331778779607,0.39699221011853586,0.43329334520523866,0.4770441375134422,0.5086130792360424,0.5134193623073409
13,4,35.0,6,0.0,0.5,,0.2380939298212636,0.40202457314580853,0.43261514775938875,0.4821857596946769,0.508948135053022,0.5177639700725579
13,4,36.0,6,0.0,0.5,,0.24535395145995914,0.40766063191440144,0.4346775562239359,0.481786064755649,0.4979269496299791,0.5024229995431854
13,4,37.0,6,0.0,0.5,,0.2372462355526333,0.4118999547799601,0.43878086414351924,0.47877640104613317,0.5081047298871292,0.5023473212372156
13,4,38.0,6,0.0,0.5,,0.23502820087669596,0.41966806240257865,0.43462127424369995,0.4778999144586574,0.533948523025439,0.509945400744848
13,4,39.0,6,0.0,0.5,,0.2576278233253756,0.4109538607926867,0.4388522251887717,0.47926345469987497,0.5238399385971009,0.5348072283047813
13,4,40.0,6,0.0,0.5,,0.2559005030346988,0.401610103324231,0.4350990544842371,0.480964076705418,0.4981336546502302,0.4850402652806152
13,4,41.0,6,0.0,0.5,,0.24700913009956685,0.40258082917030363,0.43191672694082744,0.48308774075935446,0.4907299554720555,0.4930734842745775
13,4,42.0,6,0.0,0.5,,0.24400275347736114,0.40450322345462875,0.42955065588588176,0.4800484049119785,0.4947339984488794,0.5180409330454754
13,4,43.0,6,0.0,0.5,,0.24267079635116331,0.4058195505653849,0.42452056602541444,0.4835194464087603,0.47419368587397204,0.5234158375163213
13,4,44.0,6,0.0,0.5,,0.2373481306312252,0.4068726122539898,0.42564384721196663,0.4831829050831889,0.48782030212333083,0.5222194896246327
13,4,45.0,6,0.0,0.5,,0.23777845515265356,0.4124762650857276,0.42738790989952014,0.4888177144243099,0.4853149123117004,0.45536167564041197
13,4,46.0,6,0.0,0.5,,0.22516686987312035,0.4037522520494267,0.42570683945968224,0.49153214754356905,0.4992414552837087,0.5009429533351984
13,4,47.0,6,0.0,0.5,,0.2139951898849482,0.393409677439592,0.4245218334743356,0.48691487211663087,0.5183872221868071,0.5335786314659261
13,4,48.0,6,0.0,0.5,,0.20475963861948904,0.39769396499310466,0.42357382868605836,0.4871183323005794,0.5104427924014476,0.5116936312656589
13,4,49.0,6,0.0,0.5,,0.22338092480197552,0.38693990285374147,0.42281542485543655,0.48295647092529104,0.5043201155685428,0.5295280320755938
13,4,50.0,6,0.0,0.5,,0.217005782165511,0.38623591516316574,0.4328138904133457,0.47963646775078406,0.4821427206942029,0.5420570348095748
13,4,51.0,6,0.0,0.5,,0.24223705705751858,0.3851323682919193,0.4308931450694297,0.4835055393922012,0.472805262844372,0.5523511393783606
13,4,52.0,6,0.0,0.5,,0.23305669296786763,0.3878837275451863,0.4292688186013106,0.48246413480599043,0.46074175843579396,0.5213637145969998
13,4,53.0,6,0.0,0.5,,0.23355860508683463,0.3831539967262308,0.4321193714506256,0.4790102486990566,0.43924175192346143,0.535202443099472
13,4,54.0,6,0.0,0.5,,0.2464375625036007,0.38635136188235475,0.42947752570229636,0.47652993006869215,0.4484626950487412,0.5255179751888718
13,4,55.0,6,0.0,0.5,,0.24080856874416612,0.3836015807264776,0.42975385566671404,0.4697203981668485,0.42176444792710965,0.518641164394173
13,4,56.0,6,0.0,0.5,,0.23296602353520895,0.38670331600141555,0.432934180638575,0.47697211233339953,0.45023605309387393,0.4910166187480958
13,4,57.0,6,0.0,0.5,,0.23683447023046708,0.3781473836603902,0.4326991214388733,0.47742968405065245,0.4699061162526399,0.47529015476630476
13,4,58.0,6,0.0,0.5,,0.24471235144652886,0.3790857733105685,0.4387279186815931,0.47873876211528177,0.4622104926109545,0.466461262825451
13,4,59.0,6,0.0,0.5,,0.24834319502620109,0.3893225686402276,0.43796083983456563,0.48557994882705613,0.46263953739940494,0.5094405981606683
13,4,60.0,6,0.0,0.5,,0.22718316428515695,0.39681308525392484,0.43583637786938667,0.49109774711969445,0.46443552368383256,0.4695511314956725
13,4,61.0,6,0.0,0.5,,0.2257983701248396,0.388404813803113,0.4327771221167618,0.4904727996591672,0.4784121521339079,0.5181194995702414
13,4,62.0,6,0.0,0.5,,0.23971184712589944,0.39515465609347017,0.43005918104684715,0.4910274016948367,0.4673158621152457,0.5026755760805679
13,4,63.0,6,0.0,0.5,,0.23033808259628102,0.40093228541659653,0.42868937757623077,0.49910078465932334,0.4834115809746692,0.4831006477623281
13,4,64.0,6,0.0,0.5,,0.232405129405385,0.3945194640712294,0.4311347634286281,0.49513262191139135,0.5111527469457329,0.4976643514056132
13,4,65.0,6,0.0,0.5,,0.22684313614609652,0.40105384367598973,0.4365285975358365,0.48280566192444657,0.4810354921339511,0.510452603425362
13,4,66.0,6,0.0,0.5,,0.22552634761359122,0.40712233057329755,0.430343337864294,0.4869183576677437,0.45590283341781374,0.4970146999437187
13,4,67.0,6,0.0,0.5,,0.23494062262889778,0.4047767777202589,0.42986453776774863,0.4780718444361856,0.43611309271967447,0.5057070454971493
13,4,68.0,6,0.0,0.5,,0.2415665526866651,0.40917645251795004,0.4342294523534996,0.4763258635884512,0.4572974691850213,0.5137161827560813
13,4,69.0,6,0.0,0.5,,0.24394451774035883,0.4109429965220836,0.43202559462155277,0.47672152434698517,0.44561601318161487,0.5089911227737439
13,4,70.0,6,0.0,0.5,,0.2559011137823413,0.404520277888213,0.4321214000739665,0.48189022920438473,0.46075266669202064,0.4991422196509907
13,4,71.0,6,0.0,0.5,,0.2680345361309616,0.3907699130726439,0.43451782325819155,0.4773577628533204,0.4812639440870464,0.5129320559569669
13,4,72.0,6,0.0,0.5,,0.2606353896628319,0.3942864324598746,0.4302170563838465,0.48362556487107666,0.4665280432594612,0.5379397423339285
13,4,73.0,6,0.0,0.5,,0.2586954853649932,0.38664512056079714,0.43294800880861084,0.4859404593643867,0.4814878047355406,0.5335034693313653
13,4,74.0,6,0.0,0.5,,0.26146786478726897,0.3941246569904582,0.4249362818042937,0.4784599046344435,0.5072249322619983,0.5259924355021749
13,4,75.0,6,0.0,0.5,,0.2653635689601835,0.4052998329170469,0.42338433214809124,0.47817912054431727,0.49809413517089796,0.5193085362316308
13,4,76.0,6,0.0,0.5,,0.2779142818012109,0.3985538587903755,0.4254971659127246,0.4823023024195754,0.4952322924701954,0.5466691512830014
13,4,77.0,6,0.0,0.5,,0.2571043613666891,0.4048970370240731,0.42650865540842664,0.48169383611959316,0.4918928868289364,0.5071739240892914
13,4,78.0,6,0.0,0.5,,0.2580662245985691,0.40683352107097026,0.424331838125212,0.47897615902247426,0.503966359013267,0.4597848664087564
13,4,79.0,6,0.0,0.5,,0.26455493979046535,0.4012326975273224,0.42151410934759265,0.48635363506255747,0.4951882884734797,0.46752513584030586
13,4,80.0,6,0.0,0.5,,0.24551070719580265,0.4050478630810367,0.42116145789708404,0.48433006712670473,0.4859743507532811,0.44860195725204977
13,4,81.0,6,0.0,0.5,,0.24902151943476164,0.40164650863576484,0.41942810077178977,0.4871565025363286,0.46140721603304613,0.49723878505465036
13,4,82.0,6,0.0,0.5,,0.2370060878726905,0.40329589647554265,0.4217597679678747,0.4868221471679023,0.46831223283579854,0.5312196232075672
13,4,83.0,6,0.0,0.5,,0.257111005891047,0.4055526086321459,0.4223729234450799,0.48079534762567666,0.4605368663980869,0.5046215544887677
13,4,84.0,6,0.0,0.5,,0.2403208831613727,0.3948499627057674,0.4249427455251043,0.48030030783434696,0.4407900593296989,0.5327226261649104
13,4,85.0,6,0.0,0.5,,0.22223656858806837,0.3956578030762647,0.42729193658903986,0.4850010005335049,0.4581676387812883,0.5151601918492534
13,4,86.0,6,0.0,0.5,,0.22907621756737587,0.3996674395534566,0.4305378658408089,0.4927503912576521,0.48444839962489983,0.5513289805048125
13,4,87.0,6,0.0,0.5,,0.2344959914103681,0.39165674104208403,0.43412057248316727,0.4903410546781754,0.48550260590490846,0.5234889264171815
13,4,88.0,6,0.0,0.5,,0.22688742834415465,0.3983979224320763,0.43073176469119,0.4927808824830445,0.5170571387567642,0.5774596216276601
13,4,89.0,6,0.0,0.5,,0.2171936598781457,0.4009353097473428,0.434819530688653,0.4940519501185602,0.5293136241665269,0.5627460868243823
13,4,90.0,6,0.0,0.5,,0.2193750695974352,0.3980105752339831,0.44163097211551355,0.49320242642499235,0.53231495965196,0.5266341764202609
13,4,91.0,6,0.0,0.5,,0.21807260538458123,0.396016678358122,0.43786862510922103,0.49434704748820024,0.5295801564353764,0.5290075033382182
13,4,92.0,6,0.0,0.5,,0.22386807010361326,0.3927984159166402,0.4403502214833436,0.48812406788469476,0.48713099019678435,0.5178795019097929
13,4,93.0,6,0.0,0.5,,0.2291884723109776,0.3986616426279007,0.4357154838913312,0.4838949292811997,0.48579389568278797,0.5372524334735479
13,4,94.0,6,0.0,0.5,,0.21789213431190935,0.403737874644141,0.43252874901965477,0.48825742138031913,0.48287338123300005,0.5095639040977328
13,4,95.0,6,0.0,0.5,,0.23839960013822453,0.4074132096099013,0.4333518026362927,0.48236719558634045,0.4885699810562872,0.5152475069434872
13,4,96.0,6,0.0,0.5,,0.24169294799003235,0.4103613727389009,0.4334780356194444,0.4876913821099226,0.4899450660072257,0.535420280878456
13,4,97.0,6,0.0,0.5,,0.24096796651845245,0.4071427058120086,0.43738827663671936,0.4922946175130008,0.5085807963215335,0.5541936284584061
13,4,98.0,6,0.0,0.5,,0.2512333032310515,0.4059200846418175,0.4310114254192382,0.48541840516588397,0.5096926716871494,0.5210638279817454
13,4,99.0,6,0.0,0.5,,0.24910874336266584,0.40234428588438964,0.43504325927109144,0.4865632096777956,0.49010734975374504,0.5148081538923159
13,4,100.0,6,0.0,0.5,,0.25087879801758023,0.3930914033004091,0.43804493601975525,0.4869021860820683,0.46021519355913243,0.5331637916693202
14,4,21.0,6,0.0,0.9,,0.21112809155630058,0.28476236192289933,0.3751085615487578,0.40579396237268195,0.41150079274754453,0.4705698142086937
14,4,22.0,6,0.0,0.9,,0.22026938550019054,0.27326220652924016,0.37935327886294296,0.40815800590140583,0.4045727097311641,0.46720872231105587
14,4,23.0,6,0.0,0.9,,0.220351935495473,0.26664014981012973,0.3758005255129919,0.4163495041341473,0.39720128832599155,0.4697104418660027
14,4,24.0,6,0.0,0.9,,0.21830733469747993,0.27106928053115603,0.37865027283928177,0.4105143629848758,0.3964925141806801,0.43679481286010285
14,4,25.0,6,0.0,0.9,,0.22101947321612175,0.2785985534449318,0.37332079829863024,0.4140963112838253,0.38511206350235916,0.46331278111282465
14,4,26.0,6,0.0,0.9,,0.20158989374393,0.2778672946665176,0.37394568938284983,0.4172908556923546,0.40619514049101335,0.415767965770751
14,4,27.0,6,0.0,0.9,,0.20503667930777705,0.2772822876437863,0.3707536915484858,0.4297443073703441,0.40231695351914176,0.37542118408341035
14,4,28.0,6,0.0,0.9,,0.21371360003813783,0.27486995619717025,0.3689208556614262,0.4268000546730761,0.3945508352040275,0.409302787367044
14,4,29.0,6,0.0,0.9,,0.21475211864995555,0.2856679703161925,0.36964583109025284,0.4164890313658135,0.38028679623443057,0.4003396727728651
14,4,30.0,6,0.0,0.9,,0.20857715277358885,0.2752532000082994,0.36995188969027254,0.41503572231240443,0.3806266835741324,0.3859392840832472
14,4,31.0,6,0.0,0.9,,0.21477637488581588,0.26748838084945653,0.3662193576902971,0.4160821337935075,0.4058751896363056,0.39703918542398825
14,4,32.0,6,0.0,0.9,,0.22660047175409698,0.2768065197974652,0.36706797688118226,0.41360592030721477,0.3945012253084876,0.4442716106522865
14,4,33.0,6,0.0,0.9,,0.22630495481488772,0.28282579648736766,0.3621376391367179,0.40974790348891926,0.398839301424138,0.4682855704965683
14,4,34.0,6,0.0,0.9,,0.2169439877946954,0.2865958654687634,0.36302269785548513,0.4085761808711948,0.41512427499368937,0.44458303675739674
14,4,35.0,6,0.0,0.9,,0.20092414885106286,0.28278084758454936,0.36339680590740986,0.4109921167710618,0.4246597210566369,0.43402242142778624
14,4,36.0,6,0.0,0.9,,0.19473283263441066,0.2842476393845,0.36522659128703977,0.40653127721909355,0.4193115849515447,0.3973491668034768
14,4,37.0,6,0.0,0.9,,0.18729868562968988,0.29416905626274187,0.3632425982572209,0.4095408724735175,0.4183934220287373,0.4485075734408464
14,4,38.0,6,0.0,0.9,,0.19651743516277384,0.29762669123952595,0.36740737101966386,0.4140391182593712,0.4265617348481904,0.45749159579331494
14,4,39.0,6,0.0,0.9,,0.18710294683351017,0.2978203369830682,0.3681611216338014,0.4185589545781906,0.4241301826217356,0.451103510743303
14,4,40.0,6,0.0,0.9,,0.1977721871412793,0.2938336320570818,0.36975880624858454,0.41726859499823254,0.41543408166991413,0.4247394883782006
14,4,41.0,6,0.0,0.9,,0.21299712155846778,0.2864984973023876,0.3662076250260725,0.4150828296664052,0.4272359705432821,0.4167815235504766
14,4,42.0,6,0.0,0.9,,0.20627254758422967,0.2785841856705419,0.3652840024434955,0.4238924213148464,0.42389108193791714,0.4201116257461964
14,4,43.0,6,0.0,0.9,,0.20767523397327547,0.2768770077889726,0.37123173850715796,0.4178779297816167,0.41605753090165026,0.40124188291662255
14,4,44.0,6,0.0,0.9,,0.20147739377281115,0.2819475747544687,0.3723663495874049,0.42139279255363055,0.4164822234281411,0.4480166029533474
14,4,45.0,6,0.0,0.9,,0.20294249764741146,0.2935959191501994,0.36829365969712874,0.4216578239019368,0.4074245652904536,0.4090912231249881
14,4,46.0,6,0.0,0.9,,0.20389876708607724,0.2906097509746523,0.365696252985292,0.42117726263692534,0.41376932607041483,0.4135889485490905
14,4,47.0,6,0.0,0.9,,0.21624306280411268,0.29255682059772525,0.3743460602256165,0.42349220528892306,0.39129248902002445,0.39158807289873543
14,4,48.0,6,0.0,0.9,,0.20750985273977784,0.29581591922555384,0.37419706176178746,0.41676415132358013,0.4041059856664007,0.4245042811664444
14,4,49.0,6,0.0,0.9,,0.21077655255246133,0.2969879636593123,0.37167555183206746,0.41799491095717733,0.4130552317079516,0.4616530096102517
14,4,50.0,6,0.0,0.9,,0.21798976496332215,0.2979255992063191,0.3703190890886757,0.4152963457479014,0.4122445568755656,0.5029038101343806
14,4,51.0,6,0.0,0.9,,0.21563607149638905,0.28820436780368924,0.37008194731622807,0.41593406122249454,0.4247189201872447,0.47874361476640087
14,4,52.0,6,0.0,0.9,,0.2050905425955817,0.27399166620531257,0.36646613788018734,0.41546170883160655,0.4488435410844821,0.46650151598471956
14,4,53.0,6,0.0,0.9,,0.18193574022111636,0.2748425300752065,0.36615155792717163,0.41859181692583897,0.44437639751074104,0.4341413913481193
14,4,54.0,6,0.0,0.9,,0.1913844368252192,0.2713056157168873,0.36332182636894206,0.4159807490537575,0.4398136122312792,0.45563940663559616
14,4,55.0,6,0.0,0.9,,0.19114465283566007,0.27737972085237905,0.36197451206022735,0.4152492974174278,0.42824390327309514,0.4226163047258889
14,4,56.0,6,0.0,0.9,,0.1961767154530095,0.27884346894739276,0.3673514034368526,0.4147310254096469,0.4245385112552625,0.4638659141401008
14,4,57.0,6,0.0,0.9,,0.19193399076347664,0.27462461442880615,0.36739558518712073,0.4154209114765769,0.4238925279943353,0.4561254908669333
14,4,58.0,6,0.0,0.9,,0.2040228030847709,0.27233228875415894,0.36715084151020283,0.41418122640101523,0.4331897748099259,0.44992910914467277
14,4,59.0,6,0.0,0.9,,0.19984307318996303,0.2741039386743387,0.3636344404016114,0.41703588084569987,0.39714894316596927,0.41021033837389653
14,4,60.0,6,0.0,0.9,,0.191670452784127,0.2790511154313341,0.36130813234849396,0.40506246304601834,0.3856013268757027,0.4303943813533553
14,4,61.0,6,0.0,0.9,,0.18801641201695013,0.27393934523891195,0.36585979829268234,0.3971996311438657,0.4098485445242078,0.44293183164854255
14,4,62.0,6,0.0,0.9,,0.1914282620930318,0.28320012514763204,0.36811962346721716,0.40266784310479525,0.4244877281972861,0.4515797679973866
14,4,63.0,6,0.0,0.9,,0.196774099923571,0.2745904847048433,0.3674743463967955,0.40476409039727396,0.407264909738028,0.4450591716795169
14,4,64.0,6,0.0,0.9,,0.20814091192155462,0.2836871903951608,0.366297379540074,0.4068160216083541,0.394706674569448,0.4251379573740392
14,4,65.0,6,0.0,0.9,,0.20442033452108888,0.2811500527453309,0.36535580605469675,0.4051668938372212,0.3909641787246337,0.44477349018227974
14,4,66.0,6,0.0,0.9,,0.2137580285731854,0.2795186120088588,0.3676172108854159,0.4040490358194506,0.37763578495789785,0.4227911606674521
14,4,67.0,6,0.0,0.9,,0.21444188442661377,0.2803932576321062,0.3714428759368368,0.41049180059094265,0.3625790971732089,0.4628384628701981
14,4,68.0,6,0.0,0.9,,0.20817833826343737,0.2825282085992086,0.3711276324959645,0.41067124046432024,0.3734555800125836,0.4670717325255902
14,4,69.0,6,0.0,0.9,,0.2121914692895266,0.2857309679173364,0.36730268602397637,0.40851719438826073,0.3710922214088128,0.46038747104512306
14,4,70.0,6,0.0,0.9,,0.20986954653019324,0.2774033104019767,0.36232540645095324,0.40760561009817575,0.3868087065379045,0.5048934065152695
14,4,71.0,6,0.0,0.9,,0.19942490350700007,0.2730225303074048,0.3670666983001409,0.4119419504771343,0.42640144191949825,0.49430732563608704
14,4,72.0,6,0.0,0.9,,0.19035425711755202,0.28795767777354586,0.3695364702067719,0.408924407994718,0.4304717031540476,0.5213200835983232
14,4,73.0,6,0.0,0.9,,0.1857620555894321,0.3012828577878838,0.3686723270646845,0.4061201109993454,0.4171202316362937,0.5117705787512885
14,4,74.0,6,0.0,0.9,,0.20159630200290243,0.29416397545793976,0.3665350016939536,0.3984170985708175,0.43974683324085656,0.47838367993281106
14,4,75.0,6,0.0,0.9,,0.1842550312792314,0.291932166702343,0.3681239713736173,0.4039750230925548,0.440046772324812,0.5153919876255417
14,4,76.0,6,0.0,0.9,,0.200132879217254,0.28755539261441343,0.36801363953653243,0.3936640738430033,0.43326551380127276,0.5151270266630865
14,4,77.0,6,0.0,0.9,,0.21137756512833566,0.2882579165850544,0.3638106401988669,0.403406920790339,0.4258717723978326,0.4773178602029777
14,4,78.0,6,0.0,0.9,,0.20928176790324943,0.28915164543246574,0.36586987232785423,0.41183008289685236,0.41066826767246056,0.4685931444671594
14,4,79.0,6,0.0,0.9,,0.20363800687680528,0.2937472493658945,0.3669311226803536,0.41419226369208195,0.41201472315756577,0.42365058810370015
14,4,80.0,6,0.0,0.9,,0.20115391022778611,0.2982736437380131,0.370894005372787,0.4136840897664559,0.398249737341132,0.43864706367916473
14,4,81.0,6,0.0,0.9,,0.2005532142109751,0.29016824315015344,0.3751763834607057,0.4155822100173504,0.40283170024043014,0.4956946500992717
14,4,82.0,6,0.0,0.9,,0.19544916134868057,0.28786761017461554,0.36862436440033663,0.4161815702096989,0.41589491188742694,0.42675796613249045
14,4,83.0,6,0.0,0.9,,0.20690578405411583,0.28707245616471166,0.3703312763533407,0.40332757800620767,0.43421172451389933,0.4695705502442354
14,4,84.0,6,0.0,0.9,,0.20228684956933307,0.27847650099987686,0.3685829235053101,0.40449550773842413,0.44303838159343145,0.4659852848906163
14,4,85.0,6,0.0,0.9,,0.20349796751110824,0.28256250651151327,0.36976230882270256,0.40679712339387797,0.4501238259478246,0.4742991069087828
14,4,86.0,6,0.0,0.9,,0.20306082876696596,0.2950007481767776,0.3662104270853669,0.4074104881839945,0.4455190659791063,0.5032465420201143
14,4,87.0,6,0.0,0.9,,0.21681865049998578,0.29633582682029125,0.3664828041059322,0.4079250421793514,0.45980989296499547,0.48376165737265786
14,4,88.0,6,0.0,0.9,,0.2205155472338552,0.29643835656470435,0.36358682331195064,0.4097226785720206,0.44507608185438646,0.45475174923796813
14,4,89.0,6,0.0,0.9,,0.20615298105200056,0.2986479439017196,0.3702492263144447,0.41003824920548604,0.42822815534851627,0.4324112814457009
14,4,90.0,6,0.0,0.9,,0.1979841938890031,0.29510781258633983,0.3704487104420343,0.40400510029663456,0.4372913719102418,0.37540606760648854
14,4,91.0,6,0.0,0.9,,0.18927594380164284,0.29055235113208217,0.37317226076751464,0.4061462401393993,0.4262658923211869,0.36581051229687234
14,4,92.0,6,0.0,0.9,,0.18376637904530554,0.3019815344332878,0.37574734018365874,0.40691227985435285,0.42449415836828874,0.39458861547999996
14,4,93.0,6,0.0,0.9,,0.19687253683568703,0.2995196881865971,0.37291577456956454,0.4013568030053971,0.4095012003746648,0.42331053838266774
14,4,94.0,6,0.0,0.9,,0.19217807925819816,0.29258005743129034,0.3743424327800288,0.40757515071752726,0.39570864747514317,0.4284486848987109
14,4,95.0,6,0.0,0.9,,0.190349998182248,0.30037854888970295,0.37556647625747863,0.4113562464045765,0.39077449004315323,0.38763527551096344
14,4,96.0,6,0.0,0.9,,0.1871352253429733,0.29267823543372007,0.3781145018421358,0.40708055664356557,0.4212672519722151,0.43999516316590925
14,4,97.0,6,0.0,0.9,,0.17375768866605015,0.30209662915006413,0.3709748591054808,0.40641642477752615,0.4220080797584348,0.4673310377268661
14,4,98.0,6,0.0,0.9,,0.17533975298781718,0.29430990053116535,0.3678951011906705,0.4032316161570454,0.43134026099688916,0.5509693646743257
14,4,99.0,6,0.0,0.9,,0.17993665453266477,0.2934708817417927,0.3723259333814247,0.399170758378229,0.44939063204921076,0.5747795098990836
14,4,100.0,6,0.0,0.9,,0.18527361875638013,0.29384501908082095,0.37236989326625164,0.41474510992169983,0.4483341701171854,0.48762326540091544
