RunId,iteration,Step,cognitive_capacity,signal_noise,task_complexity,rng,1,3,5,8,12,18
0,0,21.0,6,0.0,0.0,,0.36192044279933683,0.4890552004519965,0.6155224901083922,0.6304076893971544,0.6193430120077179,0.5736493044372335
0,0,22.0,6,0.0,0.0,,0.3645498398905694,0.4942340916914242,0.620923521334214,0.620235881770342,0.6264972491850662,0.6194192952046464
0,0,23.0,6,0.0,0.0,,0.3536213386967895,0.49831164066776845,0.6210486963655323,0.6208132418046051,0.629184531038931,0.5858210988929646
0,0,24.0,6,0.0,0.0,,0.35463478186236175,0.49806175931723085,0.6206005201888131,0.6292828544254534,0.6252882792353992,0.576519059602587
0,0,25.0,6,0.0,0.0,,0.3549705773760789,0.49965582672270925,0.6229045279167621,0.620459446628483,0.6395940099909577,0.5754266311226465
0,0,26.0,6,0.0,0.0,,0.34356025106938737,0.5042296452091772,0.6198021600115167,0.6225653976214576,0.6128742546961595,0.5641087510147911
0,0,27.0,6,0.0,0.0,,0.372169491109431,0.5054794450897903,0.622265839774925,0.6296761899467449,0.6128251189165556,0.5661754274189259
0,0,28.0,6,0.0,0.0,,0.3440575399686394,0.5127836399753952,0.6203956167838058,0.62921889470104,0.5636433396508043,0.5761684819457511
0,0,29.0,6,0.0,0.0,,0.35859074849369976,0.5074278828194257,0.6202465261077326,0.6167537322792478,0.5813916154738182,0.5927177186822694
0,0,30.0,6,0.0,0.0,,0.34221157211418524,0.5104245518758123,0.6176308004951168,0.6231775056307192,0.6021752147881195,0.5810847705662364
0,0,31.0,6,0.0,0.0,,0.3339124041202408,0.5115877953258249,0.6145652863635415,0.6345705763852466,0.6168189027995925,0.5793182836122901
0,0,32.0,6,0.0,0.0,,0.3246441278985689,0.4943923510294176,0.6135532571383994,0.614077204793897,0.604804429130869,0.5767814091148972
0,0,33.0,6,0.0,0.0,,0.3028263992591952,0.5126109625609507,0.6093061563052558,0.6160263335828303,0.5964078679129793,0.6194819546802017
0,0,34.0,6,0.0,0.0,,0.31698857802121916,0.5173405685229712,0.6126464903587541,0.622610210846557,0.5983569669522939,0.624766690892413
0,0,35.0,6,0.0,0.0,,0.3280779518544465,0.499802079243019,0.6165413040527149,0.6105811787934454,0.5955741817205757,0.6150215918375006
0,0,36.0,6,0.0,0.0,,0.35867267228065847,0.4998820469959628,0.6136407645675069,0.6135500930037614,0.5865887731165644,0.6271049890323981
0,0,37.0,6,0.0,0.0,,0.3542232558024825,0.48794097500270023,0.6113203329793407,0.6092454520689989,0.5852072281246178,0.6172395099720085
0,0,38.0,6,0.0,0.0,,0.36472990096013713,0.48690835783084,0.6141460028024713,0.6165065922965065,0.5651920802750928,0.5819439436551896
0,0,39.0,6,0.0,0.0,,0.38654976871359387,0.4868865846189475,0.6095167819347951,0.6129439095528597,0.5803956323253289,0.550617263034911
0,0,40.0,6,0.0,0.0,,0.36675401957325127,0.4925715685547882,0.6100694290116189,0.61656876918847,0.5951702704291679,0.5469649539196851
0,0,41.0,6,0.0,0.0,,0.3707651065269264,0.48886908813746927,0.6121801760099863,0.6220609838887434,0.5866978790602216,0.5368786519925991
0,0,42.0,6,0.0,0.0,,0.3588684475334631,0.49068012817443807,0.6186877566334898,0.6212884065135136,0.58102958573286,0.5434322070750888
0,0,43.0,6,0.0,0.0,,0.3478392591727768,0.48825410378955764,0.6142971441384543,0.6216002414633325,0.6011316576465946,0.566133201869676
0,0,44.0,6,0.0,0.0,,0.35826825861925204,0.4837391670292539,0.61373859754639,0.6142468018863628,0.6008117535336028,0.5952962184639674
0,0,45.0,6,0.0,0.0,,0.36876026565528336,0.48027179617003235,0.6133226395862239,0.6241091828062239,0.6053658367921514,0.5697785585242329
0,0,46.0,6,0.0,0.0,,0.35459633951686664,0.4892127455070666,0.6156030836101859,0.6275259713114106,0.592675251921291,0.5512171289145379
0,0,47.0,6,0.0,0.0,,0.35494827140097956,0.49257022645168264,0.6120215679737668,0.6340488027038338,0.6178816597853987,0.54948683860148
0,0,48.0,6,0.0,0.0,,0.3369262039431897,0.5013699375681414,0.6086906003576359,0.6433318261536691,0.6178208039024511,0.540143943048995
0,0,49.0,6,0.0,0.0,,0.3594296422739567,0.49006418013951303,0.6067379931206822,0.6488981747057727,0.6257997745251067,0.5347101395737466
0,0,50.0,6,0.0,0.0,,0.36389123534706524,0.4926181713669986,0.608159635659814,0.6366770494828244,0.6283376695556023,0.49446188056031143
0,0,51.0,6,0.0,0.0,,0.3669132140532848,0.4857485183979806,0.6082698051998989,0.6357554924937117,0.6284287393044802,0.5215371636842017
0,0,52.0,6,0.0,0.0,,0.3758874844496103,0.4805801453832824,0.608357940831967,0.6429772214193487,0.6562053229504162,0.47820815167979064
0,0,53.0,6,0.0,0.0,,0.3833735940152646,0.483876563089642,0.6089050559619406,0.6456596826073413,0.6648254910438147,0.4986857522339271
0,0,54.0,6,0.0,0.0,,0.3772960342813908,0.48758427609254457,0.6108794058418385,0.6599481306395043,0.6490885958312265,0.4970517136689083
0,0,55.0,6,0.0,0.0,,0.3702554575297053,0.49872375743032116,0.6075841378489151,0.6664692692388512,0.6329645438546787,0.5251709876950603
0,0,56.0,6,0.0,0.0,,0.36179486927514215,0.49477280882882135,0.6023985770614001,0.663760184822174,0.6168536736957808,0.5190745394049169
0,0,57.0,6,0.0,0.0,,0.3739029540291597,0.489806599950915,0.6098184830590748,0.6583398347559283,0.6510587229300189,0.5618697188562312
0,0,58.0,6,0.0,0.0,,0.39375075589837805,0.4914301376251946,0.6084155914231827,0.6511383376347307,0.639668160384303,0.5322229890145408
0,0,59.0,6,0.0,0.0,,0.398432709514008,0.5002624309054113,0.607457187575663,0.6586012978943296,0.6313703901998449,0.5736188299370559
0,0,60.0,6,0.0,0.0,,0.38364840799279787,0.49941718261870005,0.609610751734248,0.6431016233561302,0.650574841780206,0.5440986345466261
0,0,61.0,6,0.0,0.0,,0.3685818283727237,0.5014044726795671,0.6114439624596846,0.6407533856302934,0.6431357517553805,0.5784000183784463
0,0,62.0,6,0.0,0.0,,0.365787177698778,0.4880020659972623,0.6142449063867463,0.644307645462561,0.6039366141324238,0.5633156436054108
0,0,63.0,6,0.0,0.0,,0.35410526841574796,0.4877615511520853,0.6118036464347323,0.6441480566420112,0.5923462374718864,0.5786388284391888
0,0,64.0,6,0.0,0.0,,0.3565474276375299,0.4884918196145742,0.6111850138198336,0.6483799520503692,0.599814419640777,0.5649761985811133
0,0,65.0,6,0.0,0.0,,0.3765439020228457,0.49859308470969116,0.6050945625401114,0.6400681843375972,0.5926494780470433,0.5932010766908667
0,0,66.0,6,0.0,0.0,,0.3820763715612664,0.49738874659440063,0.6033523297161494,0.6398626626780883,0.5965951678294993,0.5719681480379738
0,0,67.0,6,0.0,0.0,,0.38272731669734744,0.4937048001600849,0.608906378876138,0.6369662096431185,0.6235433258674716,0.5951629968068463
0,0,68.0,6,0.0,0.0,,0.3666777280444623,0.501869787223991,0.6090043002098239,0.6257023227462402,0.622454430715108,0.5742922465992992
0,0,69.0,6,0.0,0.0,,0.3709329426477759,0.5046773769677222,0.6053218795203549,0.624296873197982,0.6195303975728985,0.524336653650401
0,0,70.0,6,0.0,0.0,,0.3854585416312023,0.5089411516196477,0.6028501076592245,0.6321093841615533,0.6003497385571193,0.5552093918080077
0,0,71.0,6,0.0,0.0,,0.37991830915310304,0.510184011977186,0.6008641456695677,0.6420323837823065,0.6087800385207318,0.5398775656199185
0,0,72.0,6,0.0,0.0,,0.3700171412756167,0.5226196167892424,0.6012235799187633,0.6415517388597759,0.6259321688994725,0.5558823343824908
0,0,73.0,6,0.0,0.0,,0.3839843579710442,0.5018301072363756,0.6014888835093821,0.6389958989903437,0.6252459989881836,0.5345342654014974
0,0,74.0,6,0.0,0.0,,0.37198747258297626,0.5194965292855364,0.6049464678797918,0.6387548905191544,0.6057096129467313,0.5383049948462688
0,0,75.0,6,0.0,0.0,,0.3601988753923077,0.5058314679527836,0.603417173462843,0.6422630365146624,0.5953956031722841,0.5435678128126858
0,0,76.0,6,0.0,0.0,,0.3552000628178166,0.5067478236517158,0.6104334324939578,0.6403691255948754,0.5897455277761895,0.5584624020880975
0,0,77.0,6,0.0,0.0,,0.3350314820118293,0.5169377974642072,0.6100093355157847,0.6333378334408535,0.5846290990476629,0.5776636127949303
0,0,78.0,6,0.0,0.0,,0.34080436633396805,0.5087669673666669,0.6127944937080821,0.6328251547573469,0.5714996747370518,0.6009830231452291
0,0,79.0,6,0.0,0.0,,0.3580461601585304,0.5071016646296839,0.6093089409450883,0.627340874918197,0.5990590066825472,0.6042864279413441
0,0,80.0,6,0.0,0.0,,0.36294812813890603,0.5049035008716235,0.6068442281163806,0.630634294998033,0.6147949857498008,0.6070590232216829
0,0,81.0,6,0.0,0.0,,0.3463155723926622,0.5119484035428925,0.6075226992450272,0.6271318201232393,0.6070138709010731,0.5846672151230713
0,0,82.0,6,0.0,0.0,,0.3366405849067698,0.5074641184040172,0.6054633721691732,0.6187003943311962,0.6113564288240626,0.5815191981405057
0,0,83.0,6,0.0,0.0,,0.3424875939418742,0.5006394582336192,0.6107948095010501,0.6134403444465388,0.6231163472648988,0.6005590404520781
0,0,84.0,6,0.0,0.0,,0.347814760331846,0.495987239753185,0.6090435689261751,0.6210031935187657,0.6313820136817305,0.5944517677875326
0,0,85.0,6,0.0,0.0,,0.3570324018038348,0.5046350673076179,0.6096681409795962,0.6163724158569541,0.6285961825403442,0.5849680947100078
0,0,86.0,6,0.0,0.0,,0.3492025650899639,0.5146205348977545,0.6141586245493884,0.6198791363818916,0.655669134562775,0.5900835413028978
0,0,87.0,6,0.0,0.0,,0.32647381994117985,0.5139752940268814,0.6117346209648458,0.6203718668768818,0.6495738803954578,0.5780598457714295
0,0,88.0,6,0.0,0.0,,0.3204548028888956,0.5156212893958944,0.611096910425148,0.6275698996317426,0.6466269309155179,0.5455867207054977
0,0,89.0,6,0.0,0.0,,0.31194720957621264,0.5126418810232223,0.6139910010125449,0.6227176709139666,0.6368328486803903,0.5299941867947233
0,0,90.0,6,0.0,0.0,,0.3226863348662833,0.5171499685322358,0.6139169082791087,0.6219278268085099,0.6382825386288824,0.5839953494357786
0,0,91.0,6,0.0,0.0,,0.3419642046222039,0.5103628687548659,0.614639557235934,0.6187789937097582,0.6341807203220003,0.573786847544883
0,0,92.0,6,0.0,0.0,,0.3627491663314386,0.5091276365533359,0.6132655973432942,0.6209063812529039,0.6434324713296882,0.5933467024259442
0,0,93.0,6,0.0,0.0,,0.38240319152642155,0.5068869669071313,0.6164054116056781,0.629465502053677,0.6177076062376354,0.5807770567574579
0,0,94.0,6,0.0,0.0,,0.363991777259766,0.5011130987951298,0.6189798811567252,0.644986331007733,0.6150112416305892,0.591571319533401
0,0,95.0,6,0.0,0.0,,0.34870762641018904,0.5000007668507417,0.6190267403901291,0.6414698021993893,0.6319334923663824,0.5643929257832708
0,0,96.0,6,0.0,0.0,,0.3286698023897195,0.507869327588147,0.6189767533843893,0.6533733546605331,0.6352589725160702,0.5879756159625245
0,0,97.0,6,0.0,0.0,,0.32235868478678864,0.5186934629354151,0.6193199891761224,0.6519142813896399,0.6198817335828829,0.5551544421224806
0,0,98.0,6,0.0,0.0,,0.34094718788147266,0.5193126523836186,0.616961979486453,0.636305431358124,0.6336778441825928,0.5415440457492257
0,0,99.0,6,0.0,0.0,,0.3646810223784496,0.5098293927891613,0.6151482693501229,0.6329254404186601,0.6511779492534526,0.49042631109304474
0,0,100.0,6,0.0,0.0,,0.3674766620043814,0.48760831388474346,0.6147964854327136,0.6363478339469164,0.653464053153513,0.47640320240352557
1,0,21.0,6,0.0,0.5,,0.27384685037975104,0.37738639454987316,0.4604449023863449,0.4891336388937919,0.442282476329087,0.45798571150100686
1,0,22.0,6,0.0,0.5,,0.28656108999196844,0.36910471329219013,0.46275602787920045,0.47815623889884085,0.4500485827028101,0.46887003818982026
1,0,23.0,6,0.0,0.5,,0.2820745072938654,0.3701783484909494,0.46099869330879717,0.46667093762050804,0.46657687849438056,0.4550015009856204
1,0,24.0,6,0.0,0.5,,0.26739302421956324,0.37840998218416055,0.4661210374513973,0.46464341579136414,0.46233037333891325,0.4541410806737999
1,0,25.0,6,0.0,0.5,,0.2566310727586531,0.3725750775768713,0.4624157515120767,0.46053367258134836,0.4525538479555703,0.44004266139152365
1,0,26.0,6,0.0,0.5,,0.2634172038655783,0.374637057337128,0.4573512422717415,0.4732692672407094,0.47697150427496793,0.4591238338291751
1,0,27.0,6,0.0,0.5,,0.24173562727866252,0.36537240229482154,0.4582821254217543,0.47929229531574313,0.46967927235860873,0.4455737988732259
1,0,28.0,6,0.0,0.5,,0.23695858530145647,0.37636754944042944,0.45861235423933444,0.4665494778367602,0.4876794322584634,0.4495387194492605
1,0,29.0,6,0.0,0.5,,0.2531637546188851,0.3690788605682856,0.4555152504876444,0.4631313275820304,0.4882249703478744,0.4117653418579919
1,0,30.0,6,0.0,0.5,,0.2640692700215089,0.3684873646970402,0.45307101412292095,0.46042526954230134,0.4807145375459956,0.42890331678202065
1,0,31.0,6,0.0,0.5,,0.27817901384986893,0.36393806393714506,0.4546440980458236,0.46739937211013116,0.4994414571266767,0.49420854575002204
1,0,32.0,6,0.0,0.5,,0.2711689062625377,0.36099754297925885,0.4536716265683854,0.4724963099837888,0.48349527398044545,0.5214130577500462
1,0,33.0,6,0.0,0.5,,0.27924120949631825,0.35524926014010283,0.4527693943849821,0.4870769308451882,0.49472274792469156,0.4961616009941171
1,0,34.0,6,0.0,0.5,,0.27184804840745463,0.36577673274137495,0.4557205537569608,0.49208183425123375,0.499658062639191,0.4645724977493093
1,0,35.0,6,0.0,0.5,,0.2606276672718344,0.36532659282722296,0.45535637087340275,0.4882135482406609,0.5204276926260113,0.49182996343849733
1,0,36.0,6,0.0,0.5,,0.2404711498421425,0.36317942803467135,0.45411718982899585,0.49030046641579056,0.5223438041897758,0.49723488652876335
1,0,37.0,6,0.0,0.5,,0.2499593581728566,0.35749170159002686,0.4560423152168275,0.48667198290376384,0.49476696476761506,0.49010001038874434
1,0,38.0,6,0.0,0.5,,0.25584750287021363,0.37482419235744757,0.457346048036597,0.49358031495120136,0.4814375970610346,0.4950959478586925
1,0,39.0,6,0.0,0.5,,0.2517271988711878,0.37098223344196096,0.4571233944083536,0.4943947359980612,0.4908750344504891,0.4826455883481365
1,0,40.0,6,0.0,0.5,,0.2596548890338375,0.3755173428008569,0.458639624914131,0.48903213506692256,0.49297835919208743,0.47794958083592964
1,0,41.0,6,0.0,0.5,,0.26607344287593027,0.36990571369950426,0.4594727230852989,0.4797976432142407,0.47644679036729337,0.4671506045673916
1,0,42.0,6,0.0,0.5,,0.25958436084708025,0.3632104723255155,0.4615334678559667,0.4806941200366719,0.47920618422831723,0.4302356092710647
1,0,43.0,6,0.0,0.5,,0.26013950090168453,0.3714999469249236,0.46412989841006136,0.46744112375308156,0.49218660941631337,0.47997282567613625
1,0,44.0,6,0.0,0.5,,0.24582702242370685,0.37523259393719705,0.46545477455160517,0.46429123572187453,0.5386032488794119,0.4613552635890293
1,0,45.0,6,0.0,0.5,,0.242527050081008,0.3819538949683664,0.4628749714382205,0.46931343700104733,0.5152307530077234,0.4708104108084202
1,0,46.0,6,0.0,0.5,,0.24801961811878354,0.38447282098872165,0.46184181447011047,0.48363991450704297,0.4949682105321712,0.4618027587681196
1,0,47.0,6,0.0,0.5,,0.23106937878627615,0.390044996259616,0.4605122707404588,0.46459338322155974,0.5195964816618202,0.47512302636091003
1,0,48.0,6,0.0,0.5,,0.23795605917127052,0.38315887656369574,0.4637564867932028,0.46575947064023593,0.5202579814106488,0.47662342477022585
1,0,49.0,6,0.0,0.5,,0.24158842657829319,0.3805055386036867,0.46083728256483597,0.48849692273910944,0.5003586909962917,0.47060623689105635
1,0,50.0,6,0.0,0.5,,0.2391187088769285,0.37506751666173027,0.46275093065831985,0.47974958385721,0.5042081448675327,0.4596607616178689
1,0,51.0,6,0.0,0.5,,0.22250343496420927,0.38500070955072685,0.46294930788028654,0.487207075171807,0.5189892924323893,0.47903449584937896
1,0,52.0,6,0.0,0.5,,0.23549715622340855,0.38121694872660183,0.46490196555262575,0.49404567539814154,0.5073054487180918,0.5104088781304004
1,0,53.0,6,0.0,0.5,,0.23673946063256063,0.37824499189768573,0.4660559293070028,0.5062677982301034,0.529489499464142,0.4713463618722079
1,0,54.0,6,0.0,0.5,,0.24278513895477033,0.3798629675558879,0.4683716497142603,0.508691242599926,0.5077764333756598,0.5024415652790678
1,0,55.0,6,0.0,0.5,,0.23067817375277894,0.37559973668785396,0.4658206043697006,0.5012962212130232,0.4853868136568578,0.479452543649861
1,0,56.0,6,0.0,0.5,,0.2288198575947935,0.37860027100066135,0.46634698948471004,0.5017066316655744,0.49519259978065333,0.4916790431968188
1,0,57.0,6,0.0,0.5,,0.2221902961739693,0.3703852993498963,0.46542198139352475,0.4924966470427445,0.49508358747289016,0.4954486031678364
1,0,58.0,6,0.0,0.5,,0.2457214224142461,0.36545641165942994,0.4624690603516311,0.4789503456407396,0.4983365389106676,0.5226652702061323
1,0,59.0,6,0.0,0.5,,0.2653689540144691,0.3605890762162939,0.4622207934797723,0.48442033173508375,0.516350637168097,0.5493594842150149
1,0,60.0,6,0.0,0.5,,0.2529008271044839,0.3694028300375463,0.4634505747036122,0.49791390346591236,0.5032749322179495,0.5277722248036101
1,0,61.0,6,0.0,0.5,,0.25610088030251205,0.37360627774854466,0.4658814198589524,0.5072326534791143,0.5453433817736619,0.5071176219392974
1,0,62.0,6,0.0,0.5,,0.24618642238215452,0.37187017256843957,0.4669265650552029,0.5009966298132204,0.5334746827246166,0.4932288960932504
1,0,63.0,6,0.0,0.5,,0.23180849335644793,0.3685065810478654,0.46244407085030287,0.4941852648772939,0.5292362386775755,0.5109080430204995
1,0,64.0,6,0.0,0.5,,0.2336760111507365,0.36241984175855896,0.4583919918537024,0.49996372927918253,0.529411182129828,0.4756515434611309
1,0,65.0,6,0.0,0.5,,0.24327021517363398,0.36895801498376496,0.45825543080249587,0.49319054296664283,0.530705220148239,0.4492094617806435
1,0,66.0,6,0.0,0.5,,0.23449997464046463,0.3684378449034163,0.4611405006640078,0.5103301310721973,0.5227139969391512,0.50759699628902
1,0,67.0,6,0.0,0.5,,0.2638974291518351,0.3686596515830999,0.4606498010907377,0.49816492253794664,0.5116664536236708,0.4802247724435734
1,0,68.0,6,0.0,0.5,,0.2793509454130586,0.36763292790060287,0.4646442197981102,0.4812298801984742,0.5098106482055444,0.4987268988544078
1,0,69.0,6,0.0,0.5,,0.29074660658356233,0.3708266761114366,0.467169681218369,0.49044879506655403,0.5386593573560774,0.4253573960347422
1,0,70.0,6,0.0,0.5,,0.3002739200031423,0.37655624810000826,0.4688195750745766,0.48076015036274083,0.5478165556149237,0.40416138861166634
1,0,71.0,6,0.0,0.5,,0.27122100018871365,0.37927763487726474,0.4630549291910551,0.4841909460136592,0.561538307602378,0.44560691918180434
1,0,72.0,6,0.0,0.5,,0.27167095949599124,0.37425440192818515,0.46027603648311777,0.4789351087372015,0.5326579563981417,0.47808821905074367
1,0,73.0,6,0.0,0.5,,0.2688492101895704,0.3748808925518591,0.4619242175799513,0.49259008724212733,0.5561793650935885,0.49353804322611294
1,0,74.0,6,0.0,0.5,,0.25905911751554,0.37411419248072936,0.4590752337035404,0.4999043627035073,0.5639710761922454,0.46733057504017816
1,0,75.0,6,0.0,0.5,,0.25487032247049546,0.3780069750096509,0.4577616368899702,0.490376505496655,0.5323457669109068,0.5112647524896174
1,0,76.0,6,0.0,0.5,,0.25165910037020506,0.37067668357046324,0.45871325329118984,0.4806119997219115,0.517282889602135,0.47874329794550363
1,0,77.0,6,0.0,0.5,,0.25015574129880597,0.36446406289914257,0.4589572565348828,0.47727652342702587,0.5266130949087451,0.46662734962451724
1,0,78.0,6,0.0,0.5,,0.2589715548589787,0.355679121021264,0.4555489086155946,0.47307781978968844,0.5286850940507499,0.48032089566548936
1,0,79.0,6,0.0,0.5,,0.2618598902077345,0.3635060835807158,0.45692879894957006,0.4770528745975121,0.5117425469935839,0.48907223118867255
1,0,80.0,6,0.0,0.5,,0.25218848238913366,0.3650064501474235,0.4591284895181868,0.47849746151872646,0.5094065049700223,0.5149412722034781
1,0,81.0,6,0.0,0.5,,0.2629838879654912,0.365872013487206,0.45821344070358483,0.4896348278638173,0.5177483820152355,0.5090729799972398
1,0,82.0,6,0.0,0.5,,0.2726931948586809,0.3699407495420987,0.45695058694627644,0.48702067378034386,0.5176898897624379,0.5278703805287579
1,0,83.0,6,0.0,0.5,,0.27142249487511827,0.37468415568096713,0.46018431091791373,0.48393865861259666,0.5246513100726526,0.5368491889326299
1,0,84.0,6,0.0,0.5,,0.2714920464020662,0.38567922296294677,0.45797954186460477,0.46799166917056567,0.48573539395604504,0.5587320566166607
1,0,85.0,6,0.0,0.5,,0.2711741506478814,0.38227460506398375,0.4574224526560543,0.4697722269895756,0.49944658326829616,0.559300637122605
1,0,86.0,6,0.0,0.5,,0.28284595578780636,0.3785941835619972,0.45678935411519345,0.4667936769980989,0.47054782575910636,0.5468121140482849
1,0,87.0,6,0.0,0.5,,0.2877034775631609,0.3674643017926927,0.4574181371940858,0.46505551400734557,0.49853049790848136,0.5574889289627826
1,0,88.0,6,0.0,0.5,,0.29251999409606755,0.3750144167559169,0.4574763470748026,0.47744827425039843,0.49588063088497664,0.5349422960833554
1,0,89.0,6,0.0,0.5,,0.27293264593993627,0.3796673147427846,0.45860411158438624,0.47382296698156373,0.4869495648832827,0.47756249725936906
1,0,90.0,6,0.0,0.5,,0.2699579545716759,0.3749462810317773,0.45912883446597624,0.4879295279728567,0.45376205230732164,0.4925341690437408
1,0,91.0,6,0.0,0.5,,0.2608471794331595,0.3779896612226801,0.45443033559132157,0.5100833285880794,0.4457177709050145,0.5615770267770263
1,0,92.0,6,0.0,0.5,,0.2524279985816764,0.37188356843696274,0.45415144721231415,0.49625991346427745,0.42881789304894075,0.5463085583969274
1,0,93.0,6,0.0,0.5,,0.2617109189099766,0.3657308016383201,0.45810879224379153,0.5031375049099341,0.43505764572787947,0.5454870247545109
1,0,94.0,6,0.0,0.5,,0.2689077295280698,0.3751393553159602,0.45367514222368915,0.5015510227300224,0.4370665313008941,0.5134403340047913
1,0,95.0,6,0.0,0.5,,0.2655927831809436,0.37883239498370813,0.45150498724681914,0.5067013965015612,0.4175800458554537,0.52403409469984
1,0,96.0,6,0.0,0.5,,0.2582699287600498,0.37883756246093403,0.4509578976057861,0.49922548025642505,0.4516857438251282,0.48768487821818196
1,0,97.0,6,0.0,0.5,,0.25948127518748854,0.38011748416917507,0.45040472390774255,0.4990730392068839,0.4598821192281452,0.5636210726536472
1,0,98.0,6,0.0,0.5,,0.26711164444660007,0.3876431563721293,0.45231043302812496,0.5006905303655388,0.45470713111525585,0.5625138299564714
1,0,99.0,6,0.0,0.5,,0.26774037536093337,0.3878608789481611,0.4528871655868706,0.49936505968924827,0.47456896445438684,0.5947286909908488
1,0,100.0,6,0.0,0.5,,0.2646320964681989,0.37626019044864967,0.4572910131940743,0.4835801028137765,0.46511181285781494,0.556563926619171
2,0,21.0,6,0.0,0.9,,0.2358708259920415,0.3299115586160675,0.391566577054594,0.4213517756027779,0.40885323909451665,0.5308989906108194
2,0,22.0,6,0.0,0.9,,0.2263432731713698,0.32340313471214266,0.3888473602625121,0.42312259600767915,0.41647986558261785,0.5380022346246314
2,0,23.0,6,0.0,0.9,,0.22490743316185294,0.32267535122547847,0.3896725782756503,0.4094176126469642,0.43555607939335655,0.5455279461627786
2,0,24.0,6,0.0,0.9,,0.2368559724276417,0.32368401208851705,0.38816621458341877,0.41321025433580544,0.45770660503435023,0.5294625504013625
2,0,25.0,6,0.0,0.9,,0.2521334547313203,0.32758608429449076,0.38804439268100466,0.4040319333284733,0.45421364489720084,0.5400886803685486
2,0,26.0,6,0.0,0.9,,0.23935337616279276,0.32822356790331275,0.38711288181501163,0.3995038802535562,0.42836205838325847,0.5203959801424941
2,0,27.0,6,0.0,0.9,,0.23329545662503323,0.32707195813242224,0.3874509421735883,0.40398527476157975,0.4251571734422625,0.47264484445854926
2,0,28.0,6,0.0,0.9,,0.24225483036679374,0.3244890736577616,0.38663812140907855,0.40308317252582937,0.435718394318673,0.4598832940512594
2,0,29.0,6,0.0,0.9,,0.22789361641732145,0.3223883400613943,0.3849045957460998,0.4028908415880911,0.4209370274432973,0.4989121730495093
2,0,30.0,6,0.0,0.9,,0.22654196435045088,0.3301064069266426,0.3876016357138915,0.41104111730003334,0.42162837715524465,0.4857393840022509
2,0,31.0,6,0.0,0.9,,0.23994267735584057,0.3202866877232758,0.38567540718995014,0.4113176856526398,0.4242205589644392,0.51012327286385
2,0,32.0,6,0.0,0.9,,0.23578695650942957,0.3223840506463408,0.38413442437079703,0.40594335240993046,0.3981671080087002,0.4952979271823545
2,0,33.0,6,0.0,0.9,,0.2564714902571215,0.31655855083835255,0.3861514452695876,0.4054628604983965,0.4172957706885927,0.4599050978398468
2,0,34.0,6,0.0,0.9,,0.24746895962164728,0.31110999951059193,0.38859911533268177,0.4214780884505921,0.4397734830954292,0.48379341215608135
2,0,35.0,6,0.0,0.9,,0.22911697098329134,0.31089692926228857,0.38647339088498234,0.4153851783921354,0.40607944080631364,0.4262948169912092
2,0,36.0,6,0.0,0.9,,0.2273836468347783,0.3139987987009728,0.3847728113268228,0.4252034897639084,0.38014308864829804,0.43546536496584365
2,0,37.0,6,0.0,0.9,,0.2376758544232719,0.3184608515430303,0.3844956167316661,0.418536097720835,0.3474930344527486,0.40436165255238354
2,0,38.0,6,0.0,0.9,,0.23843440526201878,0.3203688971587281,0.38535713010691186,0.4023240951456546,0.377504131460651,0.4269420620197627
2,0,39.0,6,0.0,0.9,,0.2320688854852802,0.3226834851326564,0.385797125099799,0.39430678634064364,0.3655760852199776,0.42326942814762464
2,0,40.0,6,0.0,0.9,,0.21603224946756922,0.32975361242359724,0.3872323901454799,0.3847656799332215,0.3678797196358388,0.4706199780256533
2,0,41.0,6,0.0,0.9,,0.21299581655754968,0.33321933309044705,0.3883806021820246,0.3979892418344599,0.3659816397903386,0.45845612881468956
2,0,42.0,6,0.0,0.9,,0.20365566120315243,0.33509385930365293,0.3862985803644565,0.3944216994274019,0.3559255114127738,0.4443697063093802
2,0,43.0,6,0.0,0.9,,0.19765378325074953,0.3335408165766367,0.3857162319617731,0.3941289750574979,0.35667503482952345,0.4682267985836871
2,0,44.0,6,0.0,0.9,,0.2044792458311145,0.3262573479852168,0.38716767563505916,0.3941415263125824,0.36968846833706925,0.48908008615590115
2,0,45.0,6,0.0,0.9,,0.19472519995086507,0.32439187008341347,0.38641150817825526,0.4021508316985038,0.37997971477158743,0.48395104303292563
2,0,46.0,6,0.0,0.9,,0.19300216339629278,0.326740882632344,0.38580657421281217,0.3810722428150489,0.3863638536863312,0.46857431550876855
2,0,47.0,6,0.0,0.9,,0.20173627450467313,0.3316366925713309,0.3850734113331483,0.39128612585927647,0.3636005106403305,0.4143835530772151
2,0,48.0,6,0.0,0.9,,0.21090062969227588,0.3187422074665464,0.3858193657880976,0.39528968476567955,0.3571782222714206,0.4242593567600742
2,0,49.0,6,0.0,0.9,,0.20700432982104236,0.3106550678011912,0.38749939840342806,0.40037265744869677,0.34034889145275765,0.42816095423466705
2,0,50.0,6,0.0,0.9,,0.21515492937263864,0.3088713872368198,0.38451034829020836,0.4112673885139625,0.34417034783973344,0.44812005746755335
2,0,51.0,6,0.0,0.9,,0.22858641804029728,0.30855155489985464,0.3842856463023746,0.4149812800409928,0.356090814799569,0.4077255988263107
2,0,52.0,6,0.0,0.9,,0.23346401357214613,0.31576465316008395,0.3841058847121076,0.41797865645735816,0.3701441867203964,0.39854076636530933
2,0,53.0,6,0.0,0.9,,0.2316474391065777,0.3140803918278745,0.382878806388523,0.4182823943088708,0.3782333214073701,0.36835837799401894
2,0,54.0,6,0.0,0.9,,0.2222096746549072,0.3148127202005814,0.38598100422783005,0.41790473013673857,0.37112613593095267,0.4179104547416729
2,0,55.0,6,0.0,0.9,,0.22763781208447303,0.32156173688203527,0.38546217105247205,0.411990621996322,0.40352489844436323,0.39436969669390676
2,0,56.0,6,0.0,0.9,,0.22425307257229815,0.3249949776257184,0.38804769595898925,0.40710107348931024,0.40877775498771934,0.44353290178856514
2,0,57.0,6,0.0,0.9,,0.2350171101605949,0.3357485772319519,0.3871155244373993,0.40284035013008507,0.4141639123711773,0.46815340802312855
2,0,58.0,6,0.0,0.9,,0.22566030050621255,0.32646202062547147,0.3885363253228694,0.38577286071900974,0.44443662949077545,0.4597318063469906
2,0,59.0,6,0.0,0.9,,0.21849345962744918,0.3261464958479872,0.38967296603124557,0.3868464709300502,0.45009489389354795,0.4595624912036449
2,0,60.0,6,0.0,0.9,,0.22335327923111442,0.3240332384467367,0.38924979383926606,0.39296017108624237,0.4414615816859674,0.5247993619891763
2,0,61.0,6,0.0,0.9,,0.2101430335156076,0.3255805321464244,0.3910777941884245,0.3977891135952268,0.43747605297819214,0.5298213932044056
2,0,62.0,6,0.0,0.9,,0.21833284783294812,0.3155588757845694,0.3895396030209475,0.40617156636960133,0.4539703968346986,0.517418090418112
2,0,63.0,6,0.0,0.9,,0.22462394371678177,0.31583309232289564,0.3861425119842239,0.41171724715909275,0.445893822715225,0.491882891217053
2,0,64.0,6,0.0,0.9,,0.21137441471192675,0.3217891240198317,0.3885919687043908,0.40434752725024004,0.45688975561828704,0.4779205931164703
2,0,65.0,6,0.0,0.9,,0.21333854632891708,0.3268583253209124,0.38538440453097855,0.4208381717434081,0.43589625471159377,0.48853358806940006
2,0,66.0,6,0.0,0.9,,0.2227324418760507,0.32982115893687514,0.3839016222436197,0.41877083971733703,0.3984103200163125,0.4254354061356758
2,0,67.0,6,0.0,0.9,,0.21568362136734676,0.3183968926735137,0.38788252596327844,0.397815634072657,0.4295918141452198,0.41186109418838546
2,0,68.0,6,0.0,0.9,,0.21019350947161394,0.3199987694299529,0.3869833884408307,0.39441594498391225,0.4274977551611815,0.43862692572521295
2,0,69.0,6,0.0,0.9,,0.22421108218485902,0.31741903463772225,0.3881814008183052,0.3898989879557585,0.41241373097763867,0.4347933944597736
2,0,70.0,6,0.0,0.9,,0.2218901195412522,0.3115138519335646,0.38805654166891373,0.3912029016379267,0.410697975805242,0.40540092797924976
2,0,71.0,6,0.0,0.9,,0.22376944974564977,0.31457242273765657,0.3871226010053389,0.3841367347551324,0.3962398238683701,0.4385008376234934
2,0,72.0,6,0.0,0.9,,0.223573181200638,0.3136668678439402,0.38637544847447913,0.3984098238991027,0.3803505864016586,0.45554995009615
2,0,73.0,6,0.0,0.9,,0.2276221651089584,0.31728743566418727,0.38469445739842023,0.4154602205397929,0.403130395918749,0.48920441086853544
2,0,74.0,6,0.0,0.9,,0.2226309418814619,0.32105733509696305,0.3865994716916861,0.41451565056065653,0.41845686376489344,0.4835800945689737
2,0,75.0,6,0.0,0.9,,0.23344514191310334,0.31442449230095726,0.3837904069208148,0.4005776524883956,0.41557957742654966,0.49641496954745074
2,0,76.0,6,0.0,0.9,,0.24190702724127694,0.3118008710608896,0.3847929622582308,0.40341921258335073,0.40263861267691886,0.520779392325093
2,0,77.0,6,0.0,0.9,,0.24519429197996545,0.3166172157357555,0.3855950065281636,0.40796305948405626,0.4069312336202833,0.5194224102901667
2,0,78.0,6,0.0,0.9,,0.23940149415669837,0.32793925560544984,0.3849041571854294,0.41378030963465706,0.41462899920088325,0.4999240860543893
2,0,79.0,6,0.0,0.9,,0.23952392622182012,0.32929425643345,0.3854347467626132,0.4248067825684819,0.4433419658977624,0.5317293846997833
2,0,80.0,6,0.0,0.9,,0.23414039477082102,0.3325580553082752,0.38802575652710214,0.4313941109707951,0.4443842623091398,0.5045146231321245
2,0,81.0,6,0.0,0.9,,0.22983356961002183,0.3337920323667103,0.38809265701536294,0.4374003792084853,0.4726946559135398,0.5198399196051902
2,0,82.0,6,0.0,0.9,,0.23219588083975767,0.33342199329904215,0.3871514932824983,0.4320124709093724,0.46204950673202444,0.5140056065444939
2,0,83.0,6,0.0,0.9,,0.22293576569356982,0.3284619896765256,0.3842320241934646,0.4310878326428277,0.47271075858588796,0.4708725561139824
2,0,84.0,6,0.0,0.9,,0.22139526897889747,0.3233161656584024,0.38706357847178324,0.42935763040242075,0.4554825705478551,0.5101436085984655
2,0,85.0,6,0.0,0.9,,0.21751005819810354,0.3273374670334229,0.38741149949900555,0.43004457896737813,0.43921136547622586,0.5292220325149843
2,0,86.0,6,0.0,0.9,,0.20468229848848338,0.32723131481754325,0.38768983632078335,0.4256781361993137,0.429826860676196,0.5621951091248111
2,0,87.0,6,0.0,0.9,,0.20434239328709083,0.3212483567198454,0.3898298281736384,0.42242515868606817,0.45410107578118647,0.5336130966381316
2,0,88.0,6,0.0,0.9,,0.20457332391028876,0.318786645603214,0.38745796115774767,0.41462662723699595,0.45027439556181276,0.5422382921770498
2,0,89.0,6,0.0,0.9,,0.2132814340414014,0.3307327185185672,0.3888102746991481,0.4129866895766569,0.44358261029385354,0.526254491093918
2,0,90.0,6,0.0,0.9,,0.20780420825488477,0.33017855612903546,0.39180944792770117,0.42005664995888187,0.4401586466869206,0.49074228251380436
2,0,91.0,6,0.0,0.9,,0.2079470332147438,0.33131936379027227,0.3901249260123688,0.40636469658036345,0.4832843923228989,0.4661165051776887
2,0,92.0,6,0.0,0.9,,0.21690979378208727,0.32619097550945464,0.39069463087553574,0.41643941002534,0.48089971112112206,0.5019128198190753
2,0,93.0,6,0.0,0.9,,0.23030891641259874,0.3199885525720384,0.39006712571469815,0.4096776702820211,0.4770744000911932,0.4745002281276256
2,0,94.0,6,0.0,0.9,,0.22484368762638313,0.3245952906646691,0.3898143372933375,0.4005862404848668,0.4705061420670157,0.44696752496310693
2,0,95.0,6,0.0,0.9,,0.20483055114005938,0.3235804257814522,0.39044615990031056,0.4071238794681248,0.46021141825224976,0.4570258384919219
2,0,96.0,6,0.0,0.9,,0.2257685236221712,0.31696116640302535,0.38903429559045644,0.4188953052958432,0.46266266755380003,0.47654470967747303
2,0,97.0,6,0.0,0.9,,0.24083723682236718,0.32517575743989247,0.3898221265380058,0.41918629210116487,0.45679783643828537,0.46420515344930824
2,0,98.0,6,0.0,0.9,,0.23722741086201196,0.3235392951586304,0.38853506890061257,0.42267350067836656,0.4406558331478683,0.506012283502874
2,0,99.0,6,0.0,0.9,,0.22875958753776987,0.3294164420250527,0.38750542279069794,0.43202233893162045,0.421427761528226,0.49102303704501293
2,0,100.0,6,0.0,0.9,,0.22432703802522655,0.3392857487514195,0.388599028298199,0.4431628667959885,0.4208628771460153,0.5096128607458374
3,0,21.0,6,0.25,0.0,,0.3423787343538725,0.5062757659728668,0.5959885602420454,0.6164348979063541,0.569128940815246,0.5017487164445684
3,0,22.0,6,0.25,0.0,,0.3229605829454728,0.5048377296917677,0.5911893841556473,0.6107324350475178,0.5959924842288722,0.5115852831892843
3,0,23.0,6,0.25,0.0,,0.3246367513413327,0.48227407410600504,0.5951807964440798,0.602696911159079,0.6177165733659586,0.5107901469157679
3,0,24.0,6,0.25,0.0,,0.30086229525201597,0.48553723220312445,0.5901106131846787,0.6122235296555233,0.5974028623898303,0.5552997213670541
3,0,25.0,6,0.25,0.0,,0.31152658215457885,0.4790211519044596,0.6069855367899425,0.6074654630716179,0.5729786406504813,0.5593093274307847
3,0,26.0,6,0.25,0.0,,0.3252031861863548,0.4994164851735312,0.5807511929309029,0.6077275347250766,0.5824586931428872,0.5587752651259478
3,0,27.0,6,0.25,0.0,,0.33401057004343315,0.5104294337450987,0.5767411251277303,0.653705420327649,0.5268270030482546,0.5696527691966666
3,0,28.0,6,0.25,0.0,,0.3184571598219364,0.5129760204101104,0.5716132880097413,0.6532200257575816,0.5399131966304335,0.5702029317162726
3,0,29.0,6,0.25,0.0,,0.3245304398151041,0.49441089553250955,0.5776610646998558,0.6348118157094518,0.552866820138157,0.572690169436225
3,0,30.0,6,0.25,0.0,,0.316214166831336,0.5099744442613037,0.5768016871105253,0.6325314466923703,0.5562507601418664,0.5748943964148754
3,0,31.0,6,0.25,0.0,,0.35255652754787875,0.5067966155825844,0.5947332996696294,0.6496395598031113,0.5405497480411293,0.5690293342303058
3,0,32.0,6,0.25,0.0,,0.35163800475263507,0.4940169383966503,0.5847955600037797,0.6536057626476438,0.5229218387793384,0.5564173643189211
3,0,33.0,6,0.25,0.0,,0.39673739487931897,0.4786577565748552,0.6129744058890012,0.6512109566927299,0.49495128059191645,0.5587926107161596
3,0,34.0,6,0.25,0.0,,0.3959379258005268,0.48782828508292575,0.6269288130689363,0.6478220089265153,0.4915643768211001,0.5228043632696818
3,0,35.0,6,0.25,0.0,,0.3898085644220105,0.48438284105468615,0.6238134010083679,0.638952158246731,0.4970357867796394,0.5299712035655784
3,0,36.0,6,0.25,0.0,,0.38047435804582863,0.4933397969808183,0.5987813323827507,0.6389780382528923,0.5328557264569813,0.462095264072392
3,0,37.0,6,0.25,0.0,,0.3812334203737236,0.5149067384811243,0.6212535530031359,0.6394705301198774,0.6143019465968498,0.4827852762600431
3,0,38.0,6,0.25,0.0,,0.36145825452027114,0.5109850150963475,0.628050643489525,0.6278043242123643,0.6151520283480876,0.5251691237695357
3,0,39.0,6,0.25,0.0,,0.3666816808274127,0.4856771466632884,0.5851115046370099,0.6239900923828459,0.5744438937164877,0.49141167031908956
3,0,40.0,6,0.25,0.0,,0.33429601993614944,0.4690183726177436,0.569203478993275,0.6115717915337497,0.5679776171313773,0.5331111715527704
3,0,41.0,6,0.25,0.0,,0.3119079920388107,0.4621803574080746,0.5628718009169118,0.5934424677166374,0.5430735143590028,0.5697075005389994
3,0,42.0,6,0.25,0.0,,0.31681649615948637,0.46136613872468624,0.533682116801508,0.617145733528851,0.5566807924799724,0.6158402927500032
3,0,43.0,6,0.25,0.0,,0.33387964587658503,0.4737451797889225,0.5435350480870104,0.6172307789561898,0.5762840961729088,0.5975220854293612
3,0,44.0,6,0.25,0.0,,0.3200895258039241,0.46024140684002823,0.5573302431865057,0.6417999030877581,0.5454480718107168,0.5944675754958038
3,0,45.0,6,0.25,0.0,,0.3178085241727752,0.4696484680292571,0.5777507796243037,0.6001576934706636,0.5629611943576179,0.625017416407218
3,0,46.0,6,0.25,0.0,,0.3418365390765664,0.4911245201929078,0.6032714590844391,0.6043626816387073,0.5571621645443486,0.6449840068435747
3,0,47.0,6,0.25,0.0,,0.3317556964609335,0.4788654366032108,0.5949613276560155,0.6136308328746959,0.4995348328703793,0.6401944105934125
3,0,48.0,6,0.25,0.0,,0.30905608802352097,0.5062818439617701,0.5770686270879397,0.6155462910725298,0.4804174808715939,0.5747227902725346
3,0,49.0,6,0.25,0.0,,0.3048211243579136,0.49104087149456654,0.568948293233403,0.6021273650835777,0.4906731556817566,0.5520292249646701
3,0,50.0,6,0.25,0.0,,0.32262089595207183,0.49032879158413356,0.59476907380817,0.6042449652091163,0.5139449893245895,0.5700734059237097
3,0,51.0,6,0.25,0.0,,0.3148937857128829,0.4885732255776107,0.6055857792101411,0.5980618957580066,0.5247966130876633,0.5126495380444878
3,0,52.0,6,0.25,0.0,,0.30745743009657694,0.47256209380573394,0.6151150810870366,0.6146264099298335,0.5069183161410674,0.5055420743155825
3,0,53.0,6,0.25,0.0,,0.31306621401650503,0.46929466418779314,0.6044491280168642,0.6163656599762504,0.5338338878800224,0.533958805447196
3,0,54.0,6,0.25,0.0,,0.32030642610551446,0.4892386660359004,0.6117378987349398,0.6353068794943407,0.5072451958308334,0.5479098004129481
3,0,55.0,6,0.25,0.0,,0.3223919462345968,0.4976487097407901,0.6012373269747412,0.6079104848788838,0.5298472200438569,0.5048478766287123
3,0,56.0,6,0.25,0.0,,0.32871095884558743,0.4658699435499914,0.5853846292606975,0.5989915863620137,0.5294436517290475,0.4986763502959917
3,0,57.0,6,0.25,0.0,,0.32540032629535576,0.47356101798998707,0.5567150479981284,0.5918762682105608,0.5446107839195097,0.5254601556394988
3,0,58.0,6,0.25,0.0,,0.34111498415062114,0.49095628696455096,0.5584648744350041,0.5896046492395693,0.5410453433276905,0.5242039534002604
3,0,59.0,6,0.25,0.0,,0.3558331797318574,0.5190611815610119,0.5756093077533821,0.5834284743625041,0.5549224737117908,0.5507049863766559
3,0,60.0,6,0.25,0.0,,0.36994319837121675,0.5405983637520874,0.5480012577989644,0.5713111590070532,0.5375177917861829,0.5374941688199835
3,0,61.0,6,0.25,0.0,,0.3761470790035361,0.5264336385325008,0.5361850648099823,0.589057867968284,0.5552213292852735,0.5349186420411856
3,0,62.0,6,0.25,0.0,,0.3641596984512752,0.5200472988624172,0.5354095501609674,0.6199002244031218,0.5791123277267094,0.5245672606915651
3,0,63.0,6,0.25,0.0,,0.35919676805445416,0.5027438861061579,0.5536116842357272,0.5981477270107352,0.5995340422619436,0.5170167555175706
3,0,64.0,6,0.25,0.0,,0.38342620264708793,0.5228930841182726,0.5618414686568902,0.6243793501240293,0.6041618877042246,0.5416810649264792
3,0,65.0,6,0.25,0.0,,0.36593242604345033,0.5198818741843375,0.5888084320549545,0.5919716954737504,0.6259879564254855,0.5810195065374173
3,0,66.0,6,0.25,0.0,,0.3654254745568536,0.5293713418807448,0.5714445021883302,0.5889974939908884,0.5768770855147723,0.5791985735518483
3,0,67.0,6,0.25,0.0,,0.3615333851199213,0.5239369929939162,0.5637447110841206,0.5839163540045017,0.5758326850550295,0.5501967031572914
3,0,68.0,6,0.25,0.0,,0.343527495682255,0.5144510981595143,0.5886699504654861,0.5856021050707276,0.5326660575745364,0.5350384782144205
3,0,69.0,6,0.25,0.0,,0.33441693742029044,0.4890092562884815,0.5769036165441038,0.6114005176796848,0.5532928209487987,0.5413372292393553
3,0,70.0,6,0.25,0.0,,0.36429477381405795,0.49455020462774496,0.5594773803841614,0.6221206054806749,0.5896313321063571,0.566908961461355
3,0,71.0,6,0.25,0.0,,0.35188447800233885,0.4863545443518575,0.5401651849598134,0.6185565009976673,0.5393539010364348,0.5264988779037709
3,0,72.0,6,0.25,0.0,,0.34888733516896614,0.47552286981283476,0.5487524946120711,0.6026017920335043,0.5449384891938757,0.5300038133535914
3,0,73.0,6,0.25,0.0,,0.3474965784007203,0.4671974210829137,0.5558707467250553,0.6290725612104395,0.5708964804318488,0.5620703539800316
3,0,74.0,6,0.25,0.0,,0.3330111884241883,0.46471276414865026,0.5532539727531128,0.6510051324362319,0.5693994913657938,0.5517154192996692
3,0,75.0,6,0.25,0.0,,0.33925050871650725,0.49394539126538184,0.5565523937803583,0.6415697243989703,0.5587904351369173,0.528957518996797
3,0,76.0,6,0.25,0.0,,0.3491831499663446,0.5064205930501451,0.5520526445333056,0.6658913575383436,0.5923401551930424,0.5521024508777826
3,0,77.0,6,0.25,0.0,,0.3260667316597208,0.5063551945598215,0.5476518418720794,0.6436671218568341,0.6288135976354767,0.5732093155802678
3,0,78.0,6,0.25,0.0,,0.33153650482831193,0.5081023913998912,0.5563631443972229,0.6410684735570241,0.6331119443362982,0.5427418791342824
3,0,79.0,6,0.25,0.0,,0.3446016758626021,0.5162579407489066,0.5502888926253073,0.6425279990932287,0.5891430330708632,0.5048050925790352
3,0,80.0,6,0.25,0.0,,0.34828332128284084,0.5201876207585756,0.5842445356929103,0.6358214962193616,0.5661586877881752,0.566651297055914
3,0,81.0,6,0.25,0.0,,0.3344314246240881,0.5034834642009846,0.5774648876743833,0.6349703735160914,0.5405647776006847,0.6177615925196938
3,0,82.0,6,0.25,0.0,,0.35676013620709524,0.5002445128609448,0.589680114329113,0.6334129900459671,0.5121146518638005,0.643729120171312
3,0,83.0,6,0.25,0.0,,0.3483673998486453,0.496350022488235,0.5963973752552413,0.6461516117580498,0.5515999062926636,0.6204975601020577
3,0,84.0,6,0.25,0.0,,0.3527058789877716,0.49103517978276645,0.6038297378901148,0.6569126014673583,0.5663417893494547,0.5520895565877506
3,0,85.0,6,0.25,0.0,,0.3525428653436945,0.4948383316892837,0.5997172762656217,0.6346824275836587,0.5729659423125428,0.5708015159986831
3,0,86.0,6,0.25,0.0,,0.34361414197695306,0.49361479060150815,0.6019801633539185,0.652427085225048,0.5671383849738413,0.5299351894913318
3,0,87.0,6,0.25,0.0,,0.33377478665639265,0.5102634020795624,0.5802189832303996,0.6370072336368429,0.5729549112525988,0.5228982362647553
3,0,88.0,6,0.25,0.0,,0.3406871861936721,0.5050341670545243,0.5819463259181141,0.620846698208775,0.5722054672747077,0.4984949354464656
3,0,89.0,6,0.25,0.0,,0.340693851165191,0.5366146576290778,0.5836057509623276,0.618926836853092,0.570846011233059,0.5427879325983663
3,0,90.0,6,0.25,0.0,,0.3547538810878295,0.5230744853643108,0.5900566544387675,0.6285185829808742,0.5558753505999012,0.4743534478017346
3,0,91.0,6,0.25,0.0,,0.3346606413960557,0.5227754142096802,0.5664163235281816,0.6122403668796408,0.5633404125047312,0.49944524072382956
3,0,92.0,6,0.25,0.0,,0.3421500091042628,0.5034226624343515,0.584146865104768,0.5949458964939988,0.567232509654364,0.5558991295669353
3,0,93.0,6,0.25,0.0,,0.3419601615100268,0.5001696038904084,0.5826149978160606,0.6082205006325927,0.5714146753661034,0.5188558008200381
3,0,94.0,6,0.25,0.0,,0.34881594440623975,0.5179054012873998,0.6020483450884988,0.6075480657657524,0.6054060341915333,0.49681632818690513
3,0,95.0,6,0.25,0.0,,0.3298863144066549,0.5205649493940223,0.585720827871562,0.6040413829445582,0.6275724564541991,0.49476641853465075
3,0,96.0,6,0.25,0.0,,0.33747979189549493,0.5038190807673686,0.5983129916723605,0.6090264817519475,0.5946873842914006,0.5272950118835531
3,0,97.0,6,0.25,0.0,,0.33659889327036213,0.47525045192300386,0.5746170261326824,0.5854096964453446,0.5819309947258767,0.4933447309409715
3,0,98.0,6,0.25,0.0,,0.3123119673054905,0.4584794125084367,0.5755503723551995,0.5943024527017791,0.5757652866093712,0.5225213395177639
3,0,99.0,6,0.25,0.0,,0.3189632700508653,0.4823088895715757,0.573365095876361,0.6144950266903587,0.5875866271285265,0.5418753738463079
3,0,100.0,6,0.25,0.0,,0.31885272697755707,0.5023844289576079,0.5593402128399025,0.6156390044277029,0.6092713327685033,0.5100386755643305
4,0,21.0,6,0.25,0.5,,0.23251540747149688,0.3721168259204211,0.4456247807434619,0.4862690436634357,0.45822135727174373,0.5365961262324254
4,0,22.0,6,0.25,0.5,,0.22987009520506047,0.34309243936500444,0.4286725883440323,0.4711864132381412,0.4614269793801138,0.5105978242004303
4,0,23.0,6,0.25,0.5,,0.2337180822603079,0.3622944160992234,0.4441780382353547,0.4996582234785474,0.47967653000336663,0.5084119864293355
4,0,24.0,6,0.25,0.5,,0.23706071263583267,0.340890259177251,0.43567136665608636,0.4978642400599081,0.4882725791812784,0.497708279166587
4,0,25.0,6,0.25,0.5,,0.2276469335179001,0.3471536728075823,0.4288005586252462,0.48251978493417225,0.5035404185807879,0.45465984299235573
4,0,26.0,6,0.25,0.5,,0.2325121629273152,0.35723088840445116,0.4381666509837169,0.48484853900539776,0.5037591887084125,0.49090706640305404
4,0,27.0,6,0.25,0.5,,0.22450514971204907,0.343305396461142,0.43464204603258133,0.5002365467691753,0.4748522574963204,0.5161754868851111
4,0,28.0,6,0.25,0.5,,0.23330031039969468,0.3617830798987414,0.44151919448978766,0.48266848784191174,0.5150957881056668,0.4648463397200725
4,0,29.0,6,0.25,0.5,,0.2353070246200088,0.3675248489289521,0.43999172741423054,0.5259511110775643,0.5316295508138296,0.468675983184752
4,0,30.0,6,0.25,0.5,,0.2503511650276682,0.3585344728231271,0.4341880073759806,0.5203456771259511,0.5019102881710288,0.45734236559677105
4,0,31.0,6,0.25,0.5,,0.2564488788690521,0.36156838541521025,0.45092511520419637,0.5182537987351867,0.48403597829241746,0.43579955257222913
4,0,32.0,6,0.25,0.5,,0.2546959910447378,0.3628327715719074,0.4495617395555754,0.5548694856006529,0.4678170751579174,0.48967882354009235
4,0,33.0,6,0.25,0.5,,0.25461837542638266,0.36246716264500284,0.44139236439963386,0.5469453186801898,0.4877632459177349,0.4632589529749967
4,0,34.0,6,0.25,0.5,,0.24670090835578445,0.3683299027314673,0.41757012553650236,0.5361298216972105,0.4848482651871877,0.4790270043245499
4,0,35.0,6,0.25,0.5,,0.24460102019345906,0.3903231103610628,0.4192749761058544,0.5232956051388842,0.47659924041154633,0.46449517909880916
4,0,36.0,6,0.25,0.5,,0.25284071697505517,0.3675492149053439,0.42355142142878055,0.5220398852987972,0.459417536404532,0.42596620788808204
4,0,37.0,6,0.25,0.5,,0.25082157282854806,0.3898117199019903,0.4347748577701018,0.5142136625031201,0.49693200617000627,0.44924381241686656
4,0,38.0,6,0.25,0.5,,0.262251114362121,0.3695996855503145,0.43100124552838437,0.5132651564024314,0.47476736038580036,0.46131611847814924
4,0,39.0,6,0.25,0.5,,0.23563870674027848,0.3502930664324173,0.4546134132499926,0.5221694779615539,0.4574098347276725,0.4400731793163811
4,0,40.0,6,0.25,0.5,,0.2322610254756475,0.34786954610946674,0.4444289917550314,0.49554255023102645,0.4685452668781904,0.4618389091343752
4,0,41.0,6,0.25,0.5,,0.23530468613777772,0.339492753224679,0.4451739888758667,0.5208968694189161,0.46397032295940566,0.49034731226445044
4,0,42.0,6,0.25,0.5,,0.23805657410519787,0.3417693662268166,0.4404083855060203,0.5149067709326547,0.4398332328291799,0.48452034310929015
4,0,43.0,6,0.25,0.5,,0.24605511358810098,0.3290986512087087,0.4160525295914351,0.5058262442947156,0.4911436810400371,0.49544964097992095
4,0,44.0,6,0.25,0.5,,0.2831689473080321,0.34191443172088,0.44670022649475066,0.4800784314900778,0.5062040036951034,0.46708304749635643
4,0,45.0,6,0.25,0.5,,0.28855664568283634,0.35101185434773075,0.4364063681139981,0.4896100376165979,0.5106921074878386,0.4959006977508279
4,0,46.0,6,0.25,0.5,,0.2610207982787395,0.35913788088931275,0.4512580959072364,0.4842757225660825,0.47164598818733355,0.5373869934468972
4,0,47.0,6,0.25,0.5,,0.24715144287880636,0.36574148391112804,0.45419812089065414,0.47895845214357563,0.49170431270027715,0.5262134946866459
4,0,48.0,6,0.25,0.5,,0.23670048244956532,0.3481745372685834,0.4462935991313439,0.47425429560046606,0.44773349319013817,0.5001851482886376
4,0,49.0,6,0.25,0.5,,0.23454348609398817,0.33261852796005387,0.483940615001824,0.4802702440287045,0.44079912901213253,0.5147838912995054
4,0,50.0,6,0.25,0.5,,0.23045448353998094,0.3443668631456373,0.48239512806722074,0.4951372886060373,0.4357442673140248,0.476997346116068
4,0,51.0,6,0.25,0.5,,0.2244801342297607,0.357354465470351,0.47783926895557655,0.4975493775711256,0.4294676262324817,0.47737598184964936
4,0,52.0,6,0.25,0.5,,0.21681293348080874,0.35967282722087013,0.45488532851871827,0.4866723749150129,0.43839867978780783,0.4645975893257949
4,0,53.0,6,0.25,0.5,,0.2231907805011756,0.35963668744019067,0.444655322264663,0.4939871742092251,0.44423047615129707,0.4854629159696424
4,0,54.0,6,0.25,0.5,,0.25005216654967233,0.3600864663755987,0.4575506581766756,0.47753021364125275,0.4372476990108275,0.4990656204470586
4,0,55.0,6,0.25,0.5,,0.23051797812642935,0.3636380225028934,0.45125968740135003,0.4713039376831908,0.47934262432122915,0.47524799480942326
4,0,56.0,6,0.25,0.5,,0.26483579751339786,0.37531241242747315,0.45100328221202873,0.4451850593684699,0.5027087482409178,0.4692672893339586
4,0,57.0,6,0.25,0.5,,0.24072968702188718,0.36538008492081075,0.47181923674574244,0.41168142738237823,0.5449943850789036,0.4945998670332557
4,0,58.0,6,0.25,0.5,,0.2465174680499267,0.3552723700822157,0.46370238124228624,0.4393476986885029,0.570709910845882,0.4698287293776078
4,0,59.0,6,0.25,0.5,,0.2324758170176983,0.34426681904790557,0.46281160159861867,0.4681958975983024,0.545612950477351,0.4879364378397376
4,0,60.0,6,0.25,0.5,,0.2213874599677239,0.36361989136687445,0.4726651660626401,0.4773420613572125,0.563422722263347,0.5283178541739717
4,0,61.0,6,0.25,0.5,,0.21531262355455555,0.3615995151210107,0.45866065638384523,0.4967610568045947,0.5346212770650801,0.513358763049873
4,0,62.0,6,0.25,0.5,,0.2153492796195992,0.36980744874075866,0.4531459746819584,0.5089692624909283,0.5311657468549166,0.5023210075570398
4,0,63.0,6,0.25,0.5,,0.22796874984634083,0.3705082649063588,0.446258224581193,0.4874308184523706,0.5362151824098556,0.45525014806206093
4,0,64.0,6,0.25,0.5,,0.22994742765610746,0.3688376507164753,0.4391690651432379,0.49772739191412174,0.5464740588814229,0.4375095701487169
4,0,65.0,6,0.25,0.5,,0.22327322242607922,0.3766991625466877,0.44158674801424586,0.5069698040709246,0.5253631883082032,0.4797021254914819
4,0,66.0,6,0.25,0.5,,0.22334953049005155,0.35636765844423995,0.4639856609457588,0.5414767533886374,0.463324766120125,0.45933371201382867
4,0,67.0,6,0.25,0.5,,0.21653304348481858,0.3592856056613852,0.44978729244237436,0.5147526914263214,0.4586996260120997,0.4349532623729294
4,0,68.0,6,0.25,0.5,,0.20933756358916797,0.3424838915172431,0.42712035453293185,0.5194717702292213,0.44830314071387845,0.4365069940539537
4,0,69.0,6,0.25,0.5,,0.2078741959529471,0.34293273296596594,0.4359078828501778,0.5243443362044662,0.4563561512095,0.4418964258555498
4,0,70.0,6,0.25,0.5,,0.22425588568584875,0.32698052470611466,0.45127917588644284,0.5054518733771955,0.4816972123362544,0.49173498513896857
4,0,71.0,6,0.25,0.5,,0.22387784335534403,0.3396210149348823,0.4315039222335626,0.5245770616322615,0.47391829434194943,0.5392991497497933
4,0,72.0,6,0.25,0.5,,0.24426966236591388,0.3229790976166185,0.42862630357789355,0.5211913444188091,0.4665895502139817,0.5058908274823815
4,0,73.0,6,0.25,0.5,,0.26372052108073585,0.33411698525277567,0.4334198571457846,0.521044417943522,0.44846961277442093,0.515247137359122
4,0,74.0,6,0.25,0.5,,0.2681190973551196,0.35216342382894517,0.42794582092461225,0.5240230628644571,0.44694927849228366,0.5121790654742359
4,0,75.0,6,0.25,0.5,,0.2787310792900611,0.3704052681590166,0.4355585023918279,0.5221119862430178,0.43104184619273644,0.4923865757321476
4,0,76.0,6,0.25,0.5,,0.28173566408536366,0.37914025267395485,0.4050447285532613,0.5132002327423527,0.45542870640768324,0.4714761461628093
4,0,77.0,6,0.25,0.5,,0.26370853048855813,0.3888340220630935,0.4161835254839278,0.5201964115165835,0.45022506143752705,0.4652294137332693
4,0,78.0,6,0.25,0.5,,0.2712998391190242,0.3784947998615601,0.44565253041217384,0.5148800639888236,0.4373501865085091,0.49365319595780227
4,0,79.0,6,0.25,0.5,,0.2716742411814412,0.3732599819109907,0.46368863240775476,0.4958784599893942,0.45464189705245966,0.48560827549800545
4,0,80.0,6,0.25,0.5,,0.2870372057829244,0.3710836348275441,0.4691317194290699,0.4695899317067318,0.47513094873215256,0.4906571390734486
4,0,81.0,6,0.25,0.5,,0.27251209129495557,0.366554112745327,0.4558554256520993,0.4922183799986624,0.47312642006416183,0.4524243680977767
4,0,82.0,6,0.25,0.5,,0.2498330162497226,0.34872849337552886,0.45405355462309016,0.5069303616505719,0.45789837904244485,0.4439419653813438
4,0,83.0,6,0.25,0.5,,0.2506486107549301,0.34790457851400675,0.4522182927787851,0.5228326295202029,0.4731915734518218,0.4659162173241941
4,0,84.0,6,0.25,0.5,,0.2615894809156325,0.3341936181814935,0.4474742743608703,0.5293737068404387,0.4766623753500855,0.48042056940224687
4,0,85.0,6,0.25,0.5,,0.2657713627769495,0.3456842444435947,0.46392951788781855,0.4981920357069008,0.4981527483733664,0.4595823943908958
4,0,86.0,6,0.25,0.5,,0.26874791102179485,0.337432981284051,0.4646378405172237,0.5034863809862811,0.45277407277298354,0.5019583322320825
4,0,87.0,6,0.25,0.5,,0.25325542695080394,0.3470563579756182,0.4607099621764864,0.5067639451363648,0.4482547533192758,0.4944629124548511
4,0,88.0,6,0.25,0.5,,0.2405423679925877,0.32749094252830535,0.488900708937072,0.506093053886403,0.4692145913536942,0.49958201360183124
4,0,89.0,6,0.25,0.5,,0.26389129175453496,0.3248385054122848,0.48038701416321794,0.480588741117043,0.4692088139775853,0.4524815273521825
4,0,90.0,6,0.25,0.5,,0.26075126722415715,0.322728983391512,0.4576125944562426,0.46615995491023304,0.4737564244852911,0.46511404149281077
4,0,91.0,6,0.25,0.5,,0.24398221363451134,0.32935399119108444,0.4726511754195936,0.4983335205032321,0.4288050524047657,0.46742273390151834
4,0,92.0,6,0.25,0.5,,0.23431636562569516,0.33587122930583846,0.4733971308623232,0.4932335586965661,0.45900548979955647,0.4614355862605338
4,0,93.0,6,0.25,0.5,,0.24665531579147917,0.33852959951811,0.44646521158125135,0.4769185865285418,0.4261314766920063,0.4841473771951529
4,0,94.0,6,0.25,0.5,,0.23497196262590592,0.3464709068940778,0.4558361286743775,0.486963052979418,0.4413919725797892,0.5007957869044779
4,0,95.0,6,0.25,0.5,,0.23542423757973982,0.3411692066654106,0.46177660361719913,0.5031060071018217,0.4646453925148394,0.48430263934140827
4,0,96.0,6,0.25,0.5,,0.24020642200194192,0.3264458188723695,0.48325631024313137,0.5330299565776405,0.476050567207425,0.46000624690755654
4,0,97.0,6,0.25,0.5,,0.2658692671040187,0.3323575338798725,0.468444392172486,0.5452339601825716,0.4984489950496994,0.43293107245277407
4,0,98.0,6,0.25,0.5,,0.25289066521877496,0.36593758934932125,0.45684770126103763,0.5292092840208964,0.5213193858982754,0.43530828877869227
4,0,99.0,6,0.25,0.5,,0.2691640890699585,0.3695885284812636,0.4453415238124426,0.5365868176745743,0.5213549894116836,0.4264963954926075
4,0,100.0,6,0.25,0.5,,0.261961000603081,0.37644307143270245,0.47532961335908686,0.5462333303119066,0.48211044607376763,0.4236182572659362
5,0,21.0,6,0.25,0.9,,0.23138424616577885,0.33146964789659317,0.36798116729719565,0.45859816258839514,0.39501723370006053,0.4538214955545358
5,0,22.0,6,0.25,0.9,,0.22703739816438953,0.31669586742271594,0.3688157148066088,0.4486079895703844,0.3923627152514706,0.4075088617597452
5,0,23.0,6,0.25,0.9,,0.22284915071177064,0.3242107486092717,0.37868651445689433,0.4433147008650929,0.35548017720938024,0.4182794672161447
5,0,24.0,6,0.25,0.9,,0.21087720830360207,0.31540755403501497,0.3831972654077102,0.43894750547919675,0.3430316669579351,0.41746692737564084
5,0,25.0,6,0.25,0.9,,0.21546155316953047,0.3073383067269206,0.3649282357482302,0.4570554724551788,0.32241039032976737,0.4216927008763373
5,0,26.0,6,0.25,0.9,,0.20620621526420302,0.34530696645974923,0.3773242723511623,0.4291049202557914,0.32958159791402397,0.41361322659714717
5,0,27.0,6,0.25,0.9,,0.2152320412457987,0.34237190866946976,0.37733963271143267,0.4437572633959408,0.35008412199008115,0.41892970938113594
5,0,28.0,6,0.25,0.9,,0.21466719451633579,0.3534396231931164,0.3506773784563406,0.4315658738264855,0.3705043448543548,0.406891295588372
5,0,29.0,6,0.25,0.9,,0.2240713869415046,0.3329021273569111,0.3604361278020248,0.4321951388468889,0.40714493097567195,0.3819746353734545
5,0,30.0,6,0.25,0.9,,0.22551773098828262,0.34737687727151567,0.36286881234893714,0.42617739473652233,0.3962944596197439,0.3999004039697537
5,0,31.0,6,0.25,0.9,,0.2426736894633424,0.33359130274872767,0.3708495568777987,0.42621041858043124,0.3960355571578179,0.4222766911977943
5,0,32.0,6,0.25,0.9,,0.23069787555211602,0.3286732784208302,0.3883529369448813,0.404462865462299,0.42181691054631737,0.42076508830505466
5,0,33.0,6,0.25,0.9,,0.22873896994377402,0.3153280828132895,0.3865288586489883,0.4202299773166219,0.433448813733614,0.48483116766498285
5,0,34.0,6,0.25,0.9,,0.21533687998452922,0.3084304554472131,0.41272803654049006,0.42730171279124507,0.40255643101080885,0.4826166030221251
5,0,35.0,6,0.25,0.9,,0.21126501168100292,0.3191597439859959,0.40013916463885274,0.4220459790657457,0.3849320243826964,0.5045976036936969
5,0,36.0,6,0.25,0.9,,0.1900141041187025,0.2996174345040961,0.3937678477695666,0.4321745738096946,0.3672463921899638,0.49407483290774773
5,0,37.0,6,0.25,0.9,,0.18379239710420572,0.30647582884829255,0.3778277489444958,0.4058420574548321,0.3404270772724328,0.5105060945324658
5,0,38.0,6,0.25,0.9,,0.19461628812987058,0.31515107245279855,0.3972830237228163,0.40319325678117385,0.32101833561282633,0.5246982810271774
5,0,39.0,6,0.25,0.9,,0.18259924542334882,0.2986890245682194,0.4039946756395225,0.38510519983156677,0.32994382946656325,0.5255498380049108
5,0,40.0,6,0.25,0.9,,0.1752295851414244,0.3247178173818659,0.3971845713526686,0.4096764007510136,0.3769360267357903,0.49273871225162785
5,0,41.0,6,0.25,0.9,,0.18443382786496676,0.30110137367771933,0.3942506853281439,0.39048706688115753,0.4233824678585261,0.4685894952634449
5,0,42.0,6,0.25,0.9,,0.168174131800683,0.32689806039452957,0.40192200549904955,0.3707274394106112,0.42015916111780066,0.5099112511934928
5,0,43.0,6,0.25,0.9,,0.18850003760787978,0.32940437661619665,0.41914709678652373,0.37919548741222336,0.4238380098183073,0.4885364334377621
5,0,44.0,6,0.25,0.9,,0.18039930139978988,0.33554103148561826,0.4188401708446065,0.3857700853806317,0.3906687294557493,0.4927859832652497
5,0,45.0,6,0.25,0.9,,0.18420531158981412,0.33098164385786605,0.41829391307580177,0.3991302633337737,0.3901394377332815,0.5075956671429892
5,0,46.0,6,0.25,0.9,,0.22104088199356636,0.3184035686798038,0.4180796440193367,0.3990538491450024,0.3982641893782487,0.44566098457587094
5,0,47.0,6,0.25,0.9,,0.20699339826999896,0.3205165702466307,0.38550596875509435,0.4003280319628163,0.403881842110006,0.41902408234678273
5,0,48.0,6,0.25,0.9,,0.218861310086428,0.3390693703536535,0.40155983101640863,0.3932270610871016,0.45092122840114535,0.4748364449587221
5,0,49.0,6,0.25,0.9,,0.22312600114044895,0.3439006967196209,0.3938675651544015,0.397431493631909,0.433060842630763,0.4475944078715135
5,0,50.0,6,0.25,0.9,,0.20726380325033394,0.3297634010176248,0.40474051218699564,0.36652890019094964,0.4566423373862475,0.4456573440250839
5,0,51.0,6,0.25,0.9,,0.2169198843431337,0.3277846774305736,0.4103970635191379,0.38662958048922663,0.4072475804402457,0.44901997178039166
5,0,52.0,6,0.25,0.9,,0.2054331574520168,0.31072578465663936,0.41778452591448606,0.39055261571185895,0.43208473167723077,0.4984511258991737
5,0,53.0,6,0.25,0.9,,0.2065933079194327,0.3058419594065086,0.4095312398282875,0.4019065272096446,0.46480366783768245,0.48872086190057534
5,0,54.0,6,0.25,0.9,,0.20684324436999107,0.2915254991867628,0.40794378890719507,0.4066585654437113,0.46406358469918707,0.48305344049881127
5,0,55.0,6,0.25,0.9,,0.18617296409227066,0.3108045025529048,0.40612397801544076,0.39008960149745925,0.4342421946473477,0.4882209224115409
5,0,56.0,6,0.25,0.9,,0.20048097483823096,0.3077694005513888,0.40015008113463074,0.406066071508724,0.4740308131754107,0.4752933999050438
5,0,57.0,6,0.25,0.9,,0.20173877759247066,0.2938188662918443,0.40473645583618856,0.40172043997868145,0.48086492086003385,0.4751754793114492
5,0,58.0,6,0.25,0.9,,0.1944424369998458,0.2842467051409926,0.38050843391014977,0.3825390530428478,0.4517196325130236,0.4725203424524147
5,0,59.0,6,0.25,0.9,,0.1934411712034693,0.2980378364238619,0.385068922655852,0.38619113551127315,0.45513285047725927,0.5212417961936474
5,0,60.0,6,0.25,0.9,,0.19911487800319208,0.31255249382834327,0.40481871865762586,0.40719949411514583,0.4485410399878592,0.5174475592227462
5,0,61.0,6,0.25,0.9,,0.209061942882379,0.3269205130015337,0.4214793516865331,0.41277067670988676,0.4552956414868189,0.5139147781150128
5,0,62.0,6,0.25,0.9,,0.24864013929964907,0.3360371539945735,0.4269613199651364,0.4443118899018178,0.470039254044364,0.48815928415417265
5,0,63.0,6,0.25,0.9,,0.2522254180771084,0.33211712497782414,0.41626442383961215,0.4254725989342398,0.47140246419632365,0.5282077191878365
5,0,64.0,6,0.25,0.9,,0.24715166658498347,0.33184312230121754,0.4095371557120585,0.4220023007800392,0.47563215186578056,0.49959340999324364
5,0,65.0,6,0.25,0.9,,0.22889422029390474,0.34305089485618645,0.3948787318102191,0.4275865102735179,0.4795345882304812,0.507427559536997
5,0,66.0,6,0.25,0.9,,0.2247953615000456,0.3307810372477657,0.3991530948101999,0.4266934474222248,0.4679158012718124,0.5069116123844161
5,0,67.0,6,0.25,0.9,,0.22849781178908218,0.3402538455831702,0.3918572025219108,0.40873846245029866,0.4378781066310114,0.48895010034012615
5,0,68.0,6,0.25,0.9,,0.2308381968847061,0.3429222152507841,0.3826526662098524,0.4055331027364392,0.4179675831835299,0.4994827795970983
5,0,69.0,6,0.25,0.9,,0.22348875312285252,0.34358899705220003,0.3801732609349191,0.3825601030004981,0.3969515553901801,0.5332425704132523
5,0,70.0,6,0.25,0.9,,0.21738923713158612,0.33659870958665244,0.39535418135975964,0.377485032441992,0.38688711897727074,0.5510576040765647
5,0,71.0,6,0.25,0.9,,0.20421469348151086,0.3226751955686166,0.3835931447737657,0.3962070533973865,0.4152757879659335,0.5316043183616325
5,0,72.0,6,0.25,0.9,,0.23370204652408644,0.3263805710259906,0.37798206185077643,0.4030737890454226,0.41505192314660694,0.5227818821169525
5,0,73.0,6,0.25,0.9,,0.23242291020983635,0.3408103807995474,0.36957539526995997,0.40552988660109285,0.40942233635891656,0.49306768224664943
5,0,74.0,6,0.25,0.9,,0.2222515718527053,0.33112064213018966,0.398270908671553,0.3950551548925622,0.41657491746664077,0.49490472140233727
5,0,75.0,6,0.25,0.9,,0.23668674578361992,0.3378263830252722,0.4065013747120204,0.39982293670458974,0.4405332585131445,0.4422261567517209
5,0,76.0,6,0.25,0.9,,0.21309251502522147,0.3419018118054401,0.4145233204403872,0.3845951065826249,0.46201020829007805,0.4213494302516921
5,0,77.0,6,0.25,0.9,,0.2167188533796458,0.34638181795175604,0.4270845895120738,0.39647321918316536,0.4895555568739014,0.4468976304074572
5,0,78.0,6,0.25,0.9,,0.21826974254035622,0.361498374111454,0.4103679755524019,0.3861390024845524,0.4900364405486668,0.4379861675989606
5,0,79.0,6,0.25,0.9,,0.2301395162881797,0.3393164050733343,0.41687662596989244,0.4245265469131895,0.4800592252097126,0.4909543788489289
5,0,80.0,6,0.25,0.9,,0.2369450483958327,0.337411198524903,0.3796457483154946,0.4205401836693817,0.44746308471675056,0.48833117022739475
5,0,81.0,6,0.25,0.9,,0.2344666472702484,0.3253990847932635,0.39300785164863633,0.41917943553486736,0.46847731132128273,0.45227207399608627
5,0,82.0,6,0.25,0.9,,0.2302951778606092,0.32043328999557913,0.39037834043946446,0.43374282476013615,0.4555911753695943,0.465578477288011
5,0,83.0,6,0.25,0.9,,0.21131543924948692,0.32767353623821094,0.37006029885040725,0.4351705092987685,0.4262563676901266,0.5324627818304087
5,0,84.0,6,0.25,0.9,,0.22746115307668519,0.32429389600207503,0.3265317812851624,0.43753858807526474,0.39574621993586656,0.48163894903767435
5,0,85.0,6,0.25,0.9,,0.24647077206396717,0.34440873049383314,0.33752569307440317,0.46620318341072425,0.4163458800157544,0.46285744272803714
5,0,86.0,6,0.25,0.9,,0.23358597734137568,0.3415957193201534,0.3383502080904942,0.4412596949653473,0.4385555460365387,0.4576104897887743
5,0,87.0,6,0.25,0.9,,0.20690883196414883,0.3293427702369295,0.3591422356282667,0.4308384912575557,0.4152414266458013,0.4237713702812494
5,0,88.0,6,0.25,0.9,,0.21884617737673154,0.3397455464485885,0.3866321560706145,0.45319327627082845,0.4396440018860984,0.46173639338997685
5,0,89.0,6,0.25,0.9,,0.2096352845031038,0.3408757329833668,0.4087986676096046,0.42974013052243826,0.4172708608087534,0.4689721514069441
5,0,90.0,6,0.25,0.9,,0.20822173769987043,0.3433772217631067,0.37740557284332354,0.40343194586464837,0.3881204460788422,0.47285772848671287
5,0,91.0,6,0.25,0.9,,0.20574050183247947,0.34251651476566086,0.39002659769992926,0.42696814040458086,0.3961732583672833,0.48794257846283406
5,0,92.0,6,0.25,0.9,,0.21513362739875888,0.32865242789861965,0.39500288015873797,0.4498401267794082,0.4443651786850557,0.5097139732784058
5,0,93.0,6,0.25,0.9,,0.19402518563106538,0.33125785711498784,0.3974563599416167,0.43993786041877253,0.40458781051280857,0.46952634755804434
5,0,94.0,6,0.25,0.9,,0.19245743203702795,0.33667374204834244,0.3967669913183033,0.44207347303820754,0.43675865363632704,0.46968072284748646
5,0,95.0,6,0.25,0.9,,0.17740076407524638,0.3580876260028141,0.41840028286001874,0.44543524198381024,0.44336568316534597,0.4784642283302924
5,0,96.0,6,0.25,0.9,,0.20484913502072394,0.3319456741835844,0.42455349212696786,0.4519181193503308,0.4199304910077263,0.4440493203759618
5,0,97.0,6,0.25,0.9,,0.19834765191799278,0.32631324510411847,0.4372759528851765,0.4393223371115857,0.4424817020522114,0.4197047673506707
5,0,98.0,6,0.25,0.9,,0.19857290120234797,0.30342623994474255,0.4244135767275535,0.438933099430487,0.4801375433792849,0.45003765108268523
5,0,99.0,6,0.25,0.9,,0.20244976213057025,0.30887629087020907,0.3873123404693466,0.4332198172872033,0.4802896479538791,0.4510967738306211
5,0,100.0,6,0.25,0.9,,0.22698809826347163,0.3012364556001462,0.38540658254047766,0.39892327080989287,0.4517315244327402,0.47972996288576397
6,0,21.0,6,0.5,0.0,,0.3313354496517092,0.41317775300918064,0.43710459149522685,0.6241340747211673,0.6512766035991839,0.5435604818583739
6,0,22.0,6,0.5,0.0,,0.3492092988632894,0.42698562854068733,0.47764793058495236,0.6270261197478445,0.5959944296448698,0.5400583711632664
6,0,23.0,6,0.5,0.0,,0.32180058884372814,0.40761194966052744,0.48446112553649084,0.5938474681898435,0.5433218682834663,0.5647540674504733
6,0,24.0,6,0.5,0.0,,0.3247311261627026,0.41761469790271555,0.5284788914427154,0.6148692337385618,0.5612644771155482,0.5546955336681225
6,0,25.0,6,0.5,0.0,,0.32873060941977494,0.4277363149054262,0.5343232988086541,0.6182361993131938,0.5798106317992779,0.49891034800653955
6,0,26.0,6,0.5,0.0,,0.33916351425458235,0.4201676440492375,0.5988094145491558,0.5870759388376533,0.5664814745232097,0.5391282784052316
6,0,27.0,6,0.5,0.0,,0.3499946517407075,0.4032804993254867,0.5887659955352389,0.5769265379418502,0.5463231104424118,0.5176172253370275
6,0,28.0,6,0.5,0.0,,0.35313636260841996,0.4294877555928037,0.5829583262276568,0.5735484875086033,0.5561440816565936,0.5173081443379319
6,0,29.0,6,0.5,0.0,,0.32989105886409736,0.4381164954275093,0.5979601184630756,0.5468688528956696,0.5394313583630539,0.5154958624946075
6,0,30.0,6,0.5,0.0,,0.3197761595104839,0.4600883787881174,0.6042184567962792,0.5806253209312231,0.572347824748058,0.54090645525996
6,0,31.0,6,0.5,0.0,,0.30867083026791425,0.4637729282798249,0.5924248958823763,0.6009644076242571,0.5279275300496663,0.5441791264654171
6,0,32.0,6,0.5,0.0,,0.2927671505689871,0.4573468281689353,0.6010707748629679,0.5727297183915239,0.5034205939682054,0.5008277814024232
6,0,33.0,6,0.5,0.0,,0.3076301600910272,0.4743712452698995,0.5829615560216741,0.5820399121791529,0.4839352868209549,0.48369451808445485
6,0,34.0,6,0.5,0.0,,0.29089107942496634,0.46034439523896753,0.5900744200965428,0.6294333474070811,0.4635619835219676,0.48505124411612466
6,0,35.0,6,0.5,0.0,,0.2743410761536104,0.4496644298385742,0.5878940888229117,0.653619365276219,0.4752862601610488,0.5466651829753922
6,0,36.0,6,0.5,0.0,,0.2853414735343469,0.4634924668748509,0.6185831109625429,0.6486820874216133,0.507272117222835,0.5891602412334814
6,0,37.0,6,0.5,0.0,,0.2611994487531286,0.44252116127209706,0.6179726684353068,0.6429801821164436,0.5141081121076646,0.571327238542775
6,0,38.0,6,0.5,0.0,,0.25926819887624963,0.4822667040023186,0.6313020105664434,0.6537088759095658,0.5235296125029693,0.5278960538497925
6,0,39.0,6,0.5,0.0,,0.28647321032724943,0.4742353487889881,0.6200222464713292,0.6168203206851518,0.5479216461752758,0.5100020000901279
6,0,40.0,6,0.5,0.0,,0.28165137598379136,0.4798246317174966,0.5937250896028164,0.6068138964484937,0.5734562019886901,0.5473901792681058
6,0,41.0,6,0.5,0.0,,0.3010340498565057,0.4479333761688503,0.6017752565107837,0.5981207948972254,0.5809732069531703,0.5193983589634887
6,0,42.0,6,0.5,0.0,,0.3288736176305416,0.4572219153718017,0.610685078511342,0.5626809269856918,0.5796742538011401,0.5029635360741674
6,0,43.0,6,0.5,0.0,,0.3116036148040434,0.4766560929322101,0.6106361703710375,0.587726776831322,0.5682695506933493,0.532128534382733
6,0,44.0,6,0.5,0.0,,0.2920230855818261,0.4857692403487861,0.580328013325454,0.5689347331340996,0.5106656616152083,0.5269812758039586
6,0,45.0,6,0.5,0.0,,0.3343972700650328,0.5032398622439526,0.6098864373517385,0.5626332272201505,0.5375849804197059,0.5623939296033726
6,0,46.0,6,0.5,0.0,,0.33470965794453367,0.515379201669665,0.6390582927502573,0.5429158252222733,0.5545937720278602,0.4853060823389585
6,0,47.0,6,0.5,0.0,,0.3349593280681699,0.4704844812713168,0.5805814270572103,0.5670156645390328,0.5662035283922181,0.5273837158643477
6,0,48.0,6,0.5,0.0,,0.34230314621900515,0.4822470872460869,0.6003871531018778,0.585303145190068,0.5643798572890615,0.5291149156424204
6,0,49.0,6,0.5,0.0,,0.33151483080570576,0.48367583413629023,0.621921420270206,0.5586546335809899,0.5953826932734597,0.5015865872784906
6,0,50.0,6,0.5,0.0,,0.3187866172359579,0.49631592389059165,0.6364958355693181,0.5251806056349223,0.6021950766108352,0.4875326303690404
6,0,51.0,6,0.5,0.0,,0.308819169664455,0.4877799426496069,0.6228218120546078,0.4838640218921114,0.6084202810187564,0.481384242613718
6,0,52.0,6,0.5,0.0,,0.3261498389283036,0.48143793239432,0.5922239094451157,0.49614992285603066,0.6322562732100725,0.48258974150909734
6,0,53.0,6,0.5,0.0,,0.2896533220429228,0.47211529725348694,0.5834290304621754,0.5396743718716241,0.6374651705545729,0.4383394587903665
6,0,54.0,6,0.5,0.0,,0.2770608461076537,0.47805797875009315,0.5440976557319559,0.5567360525773911,0.6212765238700899,0.46726070207808695
6,0,55.0,6,0.5,0.0,,0.31307766146558175,0.46156516245494095,0.514283286766805,0.5640557832286581,0.6836841210140554,0.44801397099053064
6,0,56.0,6,0.5,0.0,,0.3062037854977008,0.4781174577919615,0.5410911328294012,0.6034981408911249,0.6335659618619275,0.4364552398804099
6,0,57.0,6,0.5,0.0,,0.2859914742299503,0.49423832330797624,0.5711399475431134,0.5833285854412174,0.6018952741767267,0.44916419190432794
6,0,58.0,6,0.5,0.0,,0.3017209516567556,0.5048584132822023,0.5697025142800534,0.5791219588257656,0.5740507461299981,0.42590246829735606
6,0,59.0,6,0.5,0.0,,0.3421860585033417,0.5059943964170692,0.5738527574053272,0.5534504183284003,0.5552585241246788,0.3845588854757346
6,0,60.0,6,0.5,0.0,,0.3383753876669641,0.48075997023162065,0.5392814331273108,0.5951391838343354,0.5676667339948684,0.4527749202157915
6,0,61.0,6,0.5,0.0,,0.35975005703237184,0.46336369865992016,0.571568887552838,0.5860748045261444,0.570837050374405,0.5279942011194079
6,0,62.0,6,0.5,0.0,,0.35378283179646275,0.454685653752757,0.5657291536665137,0.5497320945762358,0.5191192210897533,0.48519381555890817
6,0,63.0,6,0.5,0.0,,0.3573411950055911,0.4228886858721827,0.581012035149447,0.5724978206352052,0.5217387598109827,0.45224581591340735
6,0,64.0,6,0.5,0.0,,0.33295126509094697,0.42614817123777915,0.5741361489026222,0.6281226278383694,0.5286667986247947,0.462777653749421
6,0,65.0,6,0.5,0.0,,0.2930727949063781,0.4635970534572783,0.5849672488783807,0.634572905799471,0.5266764383947814,0.4789799140563411
6,0,66.0,6,0.5,0.0,,0.2805891878764103,0.4650485323351264,0.5833966787764183,0.6392750360523831,0.5406000461108305,0.4697302054253424
6,0,67.0,6,0.5,0.0,,0.29470874045674683,0.43864429479555095,0.5795504686954034,0.6389537249537742,0.4851188355761987,0.48007560168568036
6,0,68.0,6,0.5,0.0,,0.2846111616010935,0.4693841852356656,0.578761818549115,0.5952781059206628,0.5167932045816788,0.47099573852963594
6,0,69.0,6,0.5,0.0,,0.2953140751477191,0.47288834696676674,0.5746609111941757,0.5976723919283333,0.5331710958344023,0.46783779095426226
6,0,70.0,6,0.5,0.0,,0.2892914584252207,0.45891718327420944,0.5614760480779933,0.6263946887494163,0.5758141871790077,0.5293028116548962
6,0,71.0,6,0.5,0.0,,0.27658324242390087,0.4771952512527574,0.5867904276174636,0.5959620514987735,0.5287138003347648,0.5314857479165952
6,0,72.0,6,0.5,0.0,,0.28176820490483867,0.45793966158196325,0.5529343583896807,0.5987746577869102,0.5875830917769245,0.5694984190131578
6,0,73.0,6,0.5,0.0,,0.2861259940929277,0.4692733476545269,0.5328601086137441,0.596736715863439,0.5452933591605773,0.5830074340247473
6,0,74.0,6,0.5,0.0,,0.3064270578245638,0.47792233877805934,0.5603140103064534,0.5848693059545568,0.5105094052050008,0.5917081137148904
6,0,75.0,6,0.5,0.0,,0.312589469103693,0.451312501037388,0.5425056348511648,0.578266979845776,0.5450156860832409,0.5494007561896093
6,0,76.0,6,0.5,0.0,,0.33381665163661084,0.44308650510063413,0.5839872947194839,0.5899876964835444,0.5273885291481808,0.5583963322314366
6,0,77.0,6,0.5,0.0,,0.30116022386360364,0.44886228833215647,0.5990218456592077,0.5928032374772584,0.5283593449784557,0.5344205334423286
6,0,78.0,6,0.5,0.0,,0.2991490475966387,0.464341914553671,0.5837297281310633,0.5945704239990045,0.5489649623931515,0.5214463710347694
6,0,79.0,6,0.5,0.0,,0.29830248842190354,0.48032564915824005,0.5428597320705372,0.5809195631209995,0.5596782803501206,0.5301201349294999
6,0,80.0,6,0.5,0.0,,0.290787116647634,0.45859414621222355,0.5615430155950485,0.6095106233682113,0.5749508451578145,0.5398823826735126
6,0,81.0,6,0.5,0.0,,0.2840493301329424,0.46405442133487773,0.565541341129913,0.6003466511470672,0.62273344481727,0.5717571631492756
6,0,82.0,6,0.5,0.0,,0.28172854482564097,0.4949788550309976,0.574051347561211,0.5987555671057497,0.5841605167539934,0.5636923834310887
6,0,83.0,6,0.5,0.0,,0.2733829303732501,0.48037056501555764,0.5720595637863758,0.6168673197252947,0.5993532291199263,0.5909539067448709
6,0,84.0,6,0.5,0.0,,0.28164111109425877,0.5003510441512425,0.5340073587730773,0.5768493366640054,0.5665917681194672,0.6167904629736095
6,0,85.0,6,0.5,0.0,,0.31544009290231734,0.4653440143552124,0.5420452941112709,0.5716949437563523,0.5981270860569717,0.6185067664467869
6,0,86.0,6,0.5,0.0,,0.362770225109833,0.48698764958916324,0.5331904396810265,0.49984683212026193,0.5600904885485127,0.622470830232077
6,0,87.0,6,0.5,0.0,,0.35085410980378046,0.4769181108843797,0.49352818736266285,0.5277085135467984,0.5673598410765757,0.6679265692656935
6,0,88.0,6,0.5,0.0,,0.34806796217164704,0.46378905164768014,0.5389094384375401,0.5355730104251204,0.6320898548932996,0.5738439581047474
6,0,89.0,6,0.5,0.0,,0.33934114100362167,0.4619967734246031,0.5479680918734898,0.513779593454109,0.6391213039236903,0.5741888335475337
6,0,90.0,6,0.5,0.0,,0.34539718863751934,0.4700564132627397,0.5636271710259991,0.5414394372982565,0.6213407188334271,0.5991651113509794
6,0,91.0,6,0.5,0.0,,0.3337489728555247,0.48820165870465376,0.5787451965459406,0.5563593843064105,0.631856587833129,0.5916571102599997
6,0,92.0,6,0.5,0.0,,0.3099829859363293,0.5024580387137693,0.6076707078860131,0.6234493687582103,0.6068018165454161,0.5652869925888673
6,0,93.0,6,0.5,0.0,,0.30940005806913246,0.5137491552099831,0.5880790637691947,0.635659706839752,0.585416759880314,0.5396560565531965
6,0,94.0,6,0.5,0.0,,0.3527872175431737,0.4784125372595212,0.5515944059460219,0.5963344538094827,0.6044592602904337,0.4938422396047013
6,0,95.0,6,0.5,0.0,,0.34434102974424696,0.5194062779531808,0.5419460484769837,0.5701657237436686,0.5713872127775896,0.5555425554995659
6,0,96.0,6,0.5,0.0,,0.35791255585813586,0.5180715588005617,0.5430759389655382,0.5763052059185696,0.5823121345942847,0.5112320533474526
6,0,97.0,6,0.5,0.0,,0.38631555452370836,0.49796777717153445,0.5379633015126434,0.5725811428709249,0.6096266398651417,0.5099791093763864
6,0,98.0,6,0.5,0.0,,0.34344845627509696,0.49129445042142483,0.5209997343799112,0.5591468248702354,0.6363355322444388,0.501629401935709
6,0,99.0,6,0.5,0.0,,0.3420354094710158,0.5179322106317715,0.5478538551807154,0.5810656398316062,0.6147215277738255,0.5258654367841149
6,0,100.0,6,0.5,0.0,,0.3288401106917292,0.49961335120216177,0.5280025845591074,0.5755830562509792,0.6416116839011332,0.47872046891166936
7,0,21.0,6,0.5,0.5,,0.3342786134424177,0.40642201622114466,0.45141880266187523,0.5154939079754579,0.4974896377527065,0.5377271594290015
7,0,22.0,6,0.5,0.5,,0.33899664306628197,0.39677495412691643,0.4750703767267166,0.4916968422646031,0.45945314999674397,0.5871626548443538
7,0,23.0,6,0.5,0.5,,0.31034509226277474,0.3902507242682883,0.4651270167939172,0.5086380275693935,0.48742404701865594,0.5945955913245295
7,0,24.0,6,0.5,0.5,,0.3127525784664624,0.40364104060697786,0.4795035137230066,0.5120508164068391,0.4966454436366633,0.598667091329822
7,0,25.0,6,0.5,0.5,,0.27910383250243165,0.43387094509794366,0.4458754173010634,0.5429010015635709,0.5173422895948803,0.5793906212149513
7,0,26.0,6,0.5,0.5,,0.27431123220572223,0.4340688345948872,0.45374852311095537,0.5283667081405139,0.5307216933651119,0.5354014396876388
7,0,27.0,6,0.5,0.5,,0.2603961520708592,0.43971954830454224,0.4938427493460923,0.503084990249878,0.47101367963976115,0.5170069452074962
7,0,28.0,6,0.5,0.5,,0.2856855369122403,0.4241163257385618,0.5179004079317434,0.5481634657228509,0.504463325911503,0.5036437705704643
7,0,29.0,6,0.5,0.5,,0.27586473019929014,0.4233320742571755,0.518723819968457,0.5349094579319617,0.5224832829747992,0.5077354521709522
7,0,30.0,6,0.5,0.5,,0.2678313365556089,0.4123649511896665,0.46372141729474803,0.5805646787644234,0.4941336528491358,0.4835005769905643
7,0,31.0,6,0.5,0.5,,0.2523863686428342,0.3909248982323964,0.4904632543357084,0.5448186680615488,0.4882733986805441,0.5281667455726882
7,0,32.0,6,0.5,0.5,,0.27144551922415944,0.3860689609145628,0.5082605603227787,0.5630487165232342,0.43412861425729987,0.5225333964581506
7,0,33.0,6,0.5,0.5,,0.26025849492876596,0.3682350304103059,0.4877819966608299,0.5918376062296106,0.38689442015745057,0.49833751607203924
7,0,34.0,6,0.5,0.5,,0.27733601497386334,0.3915795271461191,0.4875548643354247,0.578579859582577,0.42513442127986584,0.519991926219532
7,0,35.0,6,0.5,0.5,,0.2738701346063349,0.38274444253124845,0.45728838299979185,0.5548709203586404,0.4123732052361815,0.46954178932888607
7,0,36.0,6,0.5,0.5,,0.2828791433070672,0.3935853177948493,0.4355578130236678,0.513415424322889,0.43965199371972685,0.4713902400314504
7,0,37.0,6,0.5,0.5,,0.28444132745219947,0.41368969429115454,0.44647839139728995,0.5441599367172021,0.48893425888514336,0.47765120808042
7,0,38.0,6,0.5,0.5,,0.32025492683633994,0.3999949080031507,0.4365192006876429,0.5561875617921834,0.480375037337793,0.5095673007449011
7,0,39.0,6,0.5,0.5,,0.3322748508064618,0.372614312803066,0.4683143652238656,0.5169547031116932,0.4844612128451079,0.5425584008921666
7,0,40.0,6,0.5,0.5,,0.31945610113413947,0.3745002360114502,0.4920619631114655,0.48665277799961143,0.49397507081457076,0.5248070019696572
7,0,41.0,6,0.5,0.5,,0.30565348505185963,0.37306190980792164,0.44827429340075475,0.4911893513884219,0.5131070264664667,0.5798456015757258
7,0,42.0,6,0.5,0.5,,0.2785141994755495,0.3675396649091839,0.4509324546646486,0.4996064828752586,0.5504856211731732,0.5764487156643419
7,0,43.0,6,0.5,0.5,,0.27942714935570756,0.36741328269492973,0.4342222552540528,0.5112811643797167,0.5526923488825632,0.5441527080600449
7,0,44.0,6,0.5,0.5,,0.28646441340629913,0.38953817452608996,0.41291840295783444,0.517470604656987,0.565163947583559,0.4985772281049622
7,0,45.0,6,0.5,0.5,,0.2805860659988462,0.38525090168507786,0.4202984911265487,0.5202339307703079,0.5657386972676106,0.5314598396748786
7,0,46.0,6,0.5,0.5,,0.24560884689884915,0.4291007375358905,0.4333659039013341,0.5055738091758762,0.5133451746930365,0.544573660281983
7,0,47.0,6,0.5,0.5,,0.22836678300514635,0.4338514664460999,0.4489517155385186,0.5310632066812873,0.5320546936885331,0.5556589282255864
7,0,48.0,6,0.5,0.5,,0.22775281932138713,0.4692360474779935,0.43675675908755085,0.4913919931977581,0.5069542765575946,0.5646271666526963
7,0,49.0,6,0.5,0.5,,0.22671104755570187,0.4073171235558413,0.4366085715800268,0.5232219486076239,0.5634369243144255,0.5168288433364047
7,0,50.0,6,0.5,0.5,,0.20351684479655868,0.3665927313380379,0.4430268733936808,0.5655776134087602,0.541461964482908,0.6048072894290805
7,0,51.0,6,0.5,0.5,,0.2196319592965814,0.3703095300944539,0.451470670497613,0.5500481072204825,0.5385029215485949,0.5825083336724186
7,0,52.0,6,0.5,0.5,,0.22355402529144267,0.3459253980803147,0.45846192463568347,0.561578595199266,0.5404120430245005,0.5359303309884313
7,0,53.0,6,0.5,0.5,,0.22964131351225525,0.36123603922897607,0.46177443162643456,0.5530816908034709,0.5275924796741087,0.5027264421868006
7,0,54.0,6,0.5,0.5,,0.23524240141131675,0.38588449240790773,0.462053302981705,0.5317927477482983,0.5528944530388398,0.44889115607793667
7,0,55.0,6,0.5,0.5,,0.25582366531012707,0.3797262667751056,0.4585285864999588,0.5535141977865272,0.5323826972680937,0.44080769377311146
7,0,56.0,6,0.5,0.5,,0.2355203465936943,0.329118752260163,0.465851676953471,0.5508714472449668,0.5085721456726066,0.40098916141331775
7,0,57.0,6,0.5,0.5,,0.2384292516539371,0.3490170875641637,0.4685445850905966,0.5231605206329027,0.5263184616139356,0.4103254231912543
7,0,58.0,6,0.5,0.5,,0.2460788738514057,0.3301649302895482,0.5107327556147363,0.529925296102424,0.5413767722375383,0.4094055388534613
7,0,59.0,6,0.5,0.5,,0.2646825798902664,0.3499918444347892,0.4641185836342728,0.5568788384915907,0.5104264005360482,0.42580234171908327
7,0,60.0,6,0.5,0.5,,0.274165114386555,0.3065886604298317,0.46387533302935485,0.5571637094814424,0.4626628663693075,0.5258852878627607
7,0,61.0,6,0.5,0.5,,0.24919062148856722,0.32013746457149694,0.4360194986943763,0.5387538873044284,0.4361657593422629,0.5247303762324506
7,0,62.0,6,0.5,0.5,,0.24143885564148726,0.3281185133684198,0.4455518652455934,0.5443503082611941,0.4347066375344757,0.47171372776648024
7,0,63.0,6,0.5,0.5,,0.2532957552803107,0.38300084863322087,0.4172128956913735,0.518192767430619,0.4803248603292015,0.513297636856721
7,0,64.0,6,0.5,0.5,,0.29216396745274537,0.40749200142184455,0.4005978065102182,0.5080324388752102,0.46137198040611327,0.5386482281010225
7,0,65.0,6,0.5,0.5,,0.25456880587761094,0.384373471845079,0.46487899741421324,0.49536694967158823,0.4428496584211061,0.5364732478340153
7,0,66.0,6,0.5,0.5,,0.2554069355331886,0.38855282224715587,0.46759456631316754,0.4808039367983237,0.4448521961989754,0.5154502162321423
7,0,67.0,6,0.5,0.5,,0.2579470351118241,0.38946677266254254,0.46960599829856997,0.4547227102897543,0.4497892123994783,0.5379404759288869
7,0,68.0,6,0.5,0.5,,0.25436434247527656,0.3546275072337014,0.46379751972708194,0.4885921087493609,0.4853164304154184,0.530559794229198
7,0,69.0,6,0.5,0.5,,0.26964245607948845,0.3440911574711971,0.47699244178754163,0.5141080901763896,0.45240576787935316,0.510622064815089
7,0,70.0,6,0.5,0.5,,0.26067908667038114,0.3513277454623827,0.45927552437544683,0.5360375766092406,0.45580968962240265,0.49036204744954376
7,0,71.0,6,0.5,0.5,,0.2734253528601198,0.3916452291981908,0.4355458772852995,0.5683497405675879,0.49746377101211825,0.5281558605529959
7,0,72.0,6,0.5,0.5,,0.3139571720511646,0.42218392661706927,0.45596160352851617,0.542085109534106,0.48826229291278844,0.5232996084903315
7,0,73.0,6,0.5,0.5,,0.2997673652369242,0.4364167266876583,0.4300984141864442,0.472323498233719,0.4577609185962329,0.46279904023884066
7,0,74.0,6,0.5,0.5,,0.2950129831715489,0.430541703500609,0.43468137503167376,0.4513868583086128,0.5030138502360173,0.5038209567917676
7,0,75.0,6,0.5,0.5,,0.28152187994695826,0.43083589015555984,0.43980685123716096,0.43070695482971527,0.5072701225432386,0.5344868071273072
7,0,76.0,6,0.5,0.5,,0.32054654673876776,0.393424176052727,0.43302468659706383,0.42731536872575504,0.5164509693028446,0.5654424880429214
7,0,77.0,6,0.5,0.5,,0.3273482535206419,0.38133052957901764,0.45657779674233023,0.4828901888380793,0.5244766150693624,0.5692999153375775
7,0,78.0,6,0.5,0.5,,0.29904370526016183,0.3940847387427805,0.4583061049548108,0.5237254438730437,0.5545038850264566,0.5571890729337313
7,0,79.0,6,0.5,0.5,,0.3160893902712825,0.37861491663756125,0.43170788400484594,0.4831601258661449,0.598041362897842,0.5673467230949776
7,0,80.0,6,0.5,0.5,,0.3011703942175509,0.3769813482020511,0.4268151094903043,0.495140571244606,0.6299668408060344,0.5533828520497999
7,0,81.0,6,0.5,0.5,,0.3004124796957184,0.36527812384930775,0.39558993570544565,0.5126236238457538,0.5984152553057498,0.5787162830390553
7,0,82.0,6,0.5,0.5,,0.28279986921662637,0.3604888963210168,0.4158130240228329,0.49116759267690735,0.6234242913536461,0.5287493881676754
7,0,83.0,6,0.5,0.5,,0.2744965317336828,0.34387693380840856,0.40571756031965894,0.4376758316870175,0.6519508328539483,0.5612351175177037
7,0,84.0,6,0.5,0.5,,0.26066006060321445,0.34653569342378415,0.3731323094276201,0.453323784915145,0.6294774094118959,0.5085825758211838
7,0,85.0,6,0.5,0.5,,0.2540311637954844,0.3231032337013886,0.39996174773390714,0.46800479241210774,0.623958208664114,0.5031355970817607
7,0,86.0,6,0.5,0.5,,0.24940640222051794,0.3111815267611699,0.41333708438416716,0.4976329485436402,0.5792480463267793,0.5261440979050975
7,0,87.0,6,0.5,0.5,,0.26293626486911553,0.3307516686517481,0.42088486332331776,0.5016789887391345,0.5463973387522116,0.4661563244879958
7,0,88.0,6,0.5,0.5,,0.23082069450264978,0.3671010922653363,0.4338353133082215,0.44277922769008515,0.5510778145797359,0.48811037963730775
7,0,89.0,6,0.5,0.5,,0.23374468890803507,0.39040648552175755,0.43351242981253907,0.4578454898045378,0.5520438018662357,0.45964034230874856
7,0,90.0,6,0.5,0.5,,0.2393753422055386,0.3952547371267004,0.43277962890174815,0.47572394367401677,0.5239484099978917,0.4472937169105644
7,0,91.0,6,0.5,0.5,,0.2857261679885698,0.39213935984683596,0.4451768877965723,0.5135006168621855,0.5166640462390211,0.4122166802783466
7,0,92.0,6,0.5,0.5,,0.28282679678239475,0.3891991597317602,0.43703396545279094,0.547043107724589,0.4907111002554486,0.38367874327954626
7,0,93.0,6,0.5,0.5,,0.2776504687553828,0.3948278075407319,0.44282030840497066,0.5213707747889265,0.540586785490424,0.3945928191508813
7,0,94.0,6,0.5,0.5,,0.2777967654975061,0.3946652782761214,0.39720296398679794,0.5425136168704495,0.5194171675104741,0.352289708047559
7,0,95.0,6,0.5,0.5,,0.30293735176719283,0.41312473674307315,0.42698414255360245,0.5612916517385786,0.47214378071437046,0.4039760119346938
7,0,96.0,6,0.5,0.5,,0.3143319458563673,0.3989821639336365,0.436176991677375,0.5083405536383486,0.4633626711069482,0.40829403819975907
7,0,97.0,6,0.5,0.5,,0.2851050984787996,0.40316948534726854,0.447019744304778,0.4690253137879343,0.49739925007506747,0.42595550831910395
7,0,98.0,6,0.5,0.5,,0.2499918398357733,0.3877829074580441,0.4323462846665297,0.4692850536955028,0.49419394746288264,0.45190826724205957
7,0,99.0,6,0.5,0.5,,0.2606065340622653,0.3771372926910514,0.42185736422556336,0.4566388027763681,0.5186533365805707,0.44152661379364755
7,0,100.0,6,0.5,0.5,,0.2521097992699791,0.35840503236579957,0.4074362451618979,0.526422498766865,0.5138260818355711,0.4589354821849333
8,0,21.0,6,0.5,0.9,,0.24911072737248685,0.3983525527240579,0.4403006290208964,0.4374085230285883,0.46027805121502097,0.46809723469534326
8,0,22.0,6,0.5,0.9,,0.2485642566699607,0.3669361619809865,0.451657708464949,0.43737392731538965,0.45206090079305916,0.4954579949103327
8,0,23.0,6,0.5,0.9,,0.23988384493521994,0.3381346728708743,0.45845754697269747,0.40349993910418946,0.4661547996899901,0.4886641442479359
8,0,24.0,6,0.5,0.9,,0.2364003130487812,0.31089351845045077,0.4339550140097758,0.42862803752441214,0.46590372414244674,0.4889968583283846
8,0,25.0,6,0.5,0.9,,0.22480417471662367,0.33420538899095187,0.41355567555188133,0.42426589066010856,0.48532838999924943,0.5143707116384237
8,0,26.0,6,0.5,0.9,,0.2374595665618123,0.3137479432410536,0.43207762239822467,0.41186615067890975,0.48176984179489485,0.5399855141643206
8,0,27.0,6,0.5,0.9,,0.2389093205347502,0.30342202361237647,0.42481149991558825,0.4218339026522388,0.4798971693294094,0.5487707953699169
8,0,28.0,6,0.5,0.9,,0.23226081135102392,0.3350658812680095,0.3873919555823978,0.4644629640188197,0.482816910981434,0.6070928560307361
8,0,29.0,6,0.5,0.9,,0.2149495368005196,0.34960873855644636,0.41416656713032696,0.46406718441069883,0.436697651980285,0.5939562679601909
8,0,30.0,6,0.5,0.9,,0.20268725573658114,0.36566133701983244,0.37179636577181985,0.43756619580063366,0.4357346853754338,0.5602145654861728
8,0,31.0,6,0.5,0.9,,0.19975679067826502,0.33822461907786094,0.39933579368503375,0.4279314314455397,0.4737944778334338,0.551827141722729
8,0,32.0,6,0.5,0.9,,0.20034119542475262,0.34247955279808523,0.41644595613188373,0.4319525311793523,0.47567972597223296,0.4853317477286592
8,0,33.0,6,0.5,0.9,,0.20848643888133403,0.31175170930673474,0.42562644746147915,0.48274539205538824,0.47625527513315263,0.4357863234631917
8,0,34.0,6,0.5,0.9,,0.22421263962422736,0.28568100429777604,0.42720181247897815,0.47524433275300576,0.46567875384436264,0.4830435240349476
8,0,35.0,6,0.5,0.9,,0.24668786159090175,0.2680205795477123,0.4235714167739336,0.4831526540424447,0.48188393192617907,0.49986253153283655
8,0,36.0,6,0.5,0.9,,0.23814015846011594,0.31770123855458265,0.40110142157431355,0.48230154643958534,0.5140137457579661,0.5203426829951706
8,0,37.0,6,0.5,0.9,,0.22039147124130753,0.3552019455102344,0.3765416094216823,0.4771348737076223,0.42914297954734854,0.4841116838768439
8,0,38.0,6,0.5,0.9,,0.2213065595319958,0.39254491516787976,0.40586815545626037,0.4740133956712492,0.41712132736037033,0.48113988035589667
8,0,39.0,6,0.5,0.9,,0.21849443770731325,0.37654930845418433,0.43010485102109186,0.4278629090273453,0.45708103013519646,0.5137333252411598
8,0,40.0,6,0.5,0.9,,0.20048731672857603,0.3786837052192483,0.378017418304731,0.47072377809831556,0.4735507728563716,0.4709866601929279
8,0,41.0,6,0.5,0.9,,0.2395193202386582,0.33210876509553755,0.41369015621594674,0.513381631035586,0.46860996247065784,0.504962773844704
8,0,42.0,6,0.5,0.9,,0.2604322781000102,0.35926786639368996,0.4017760896102434,0.5212946331576915,0.466332812308469,0.4399214108165708
8,0,43.0,6,0.5,0.9,,0.23884764236269557,0.33746123256688315,0.4048835015021498,0.5003849020632183,0.5056984220321685,0.466457418497735
8,0,44.0,6,0.5,0.9,,0.27709819231428173,0.3344695140643189,0.4285339147827537,0.48643823462720154,0.5187107533715158,0.4783697648049248
8,0,45.0,6,0.5,0.9,,0.24171466416005144,0.32112311884172196,0.4127678983222814,0.4431243432041678,0.5627015862127172,0.48269581184393984
8,0,46.0,6,0.5,0.9,,0.2683347390249644,0.30858517179826844,0.4044846810332208,0.44254044780943164,0.5625555172152465,0.4826834851241365
8,0,47.0,6,0.5,0.9,,0.28476312423325967,0.3625918744558278,0.4173410887390471,0.49274617913422947,0.5406618460663828,0.5222097068937802
8,0,48.0,6,0.5,0.9,,0.30297964024536866,0.3767827981798423,0.42813651433145355,0.4716700468512654,0.5235781726713074,0.5003995547693799
8,0,49.0,6,0.5,0.9,,0.2854976401351675,0.39022199065065405,0.432581970697436,0.48300701560381254,0.47402336407632706,0.4921529010100577
8,0,50.0,6,0.5,0.9,,0.2671577814876753,0.3946961783542774,0.4221647262307505,0.47407831043934123,0.47738658470204565,0.5252956482224259
8,0,51.0,6,0.5,0.9,,0.23551142678422865,0.4038545381551404,0.4302708232290208,0.47690607811286395,0.4962610396432117,0.5760757692747644
8,0,52.0,6,0.5,0.9,,0.2405655178990404,0.39954578016589726,0.45359981812434846,0.43784863663926277,0.49983043359510243,0.5671855593172114
8,0,53.0,6,0.5,0.9,,0.20638279767305368,0.4176955729099121,0.4005105546256768,0.4362630808161271,0.5147608237496925,0.5439969086673389
8,0,54.0,6,0.5,0.9,,0.18129114792780904,0.38681166137263445,0.3848341568260783,0.3964777272257606,0.4951200369486499,0.5833956351250306
8,0,55.0,6,0.5,0.9,,0.175353822574776,0.35086633411542817,0.39290027265480904,0.3924875186044511,0.5062565613397876,0.5642782927185743
8,0,56.0,6,0.5,0.9,,0.18853963434975446,0.38083178763926534,0.37292518216791204,0.4584639240043836,0.4900243713022183,0.5570425882231771
8,0,57.0,6,0.5,0.9,,0.20343238748361606,0.416102977793498,0.40080452726941046,0.4045538071303243,0.4803848241657348,0.5655368866328556
8,0,58.0,6,0.5,0.9,,0.20495437686839207,0.4295220590132094,0.38730579542281174,0.38323965725567116,0.4778688561848788,0.5690739294425002
8,0,59.0,6,0.5,0.9,,0.19580834159727423,0.3842031120562558,0.4171814479828583,0.34454058671692006,0.43212613471433536,0.5320461717103515
8,0,60.0,6,0.5,0.9,,0.23388370543087628,0.3588633352206693,0.40543048008656585,0.346679766536,0.44609415895019444,0.5246754898759474
8,0,61.0,6,0.5,0.9,,0.2105945124109132,0.3691560241304072,0.4064221012925361,0.36956268653428886,0.44839467261954163,0.4859198139257111
8,0,62.0,6,0.5,0.9,,0.23957648073692553,0.3682707945759723,0.4139805281474301,0.3837663720927397,0.46052271340688283,0.49125509494348024
8,0,63.0,6,0.5,0.9,,0.22810018316127562,0.3646057513305422,0.4356148996649292,0.38981523090948794,0.49885717142105823,0.46655957840337414
8,0,64.0,6,0.5,0.9,,0.23564775410190078,0.4065927242734054,0.4377027962088835,0.390439594119147,0.5026846503473064,0.45725118412661037
8,0,65.0,6,0.5,0.9,,0.20218744318626455,0.41933529838469896,0.40016280572780794,0.40621084025772014,0.521557920234865,0.4445809379052812
8,0,66.0,6,0.5,0.9,,0.18213551974453862,0.41760459491876,0.402613603371876,0.44576881165993515,0.5270269359692379,0.4847313321516572
8,0,67.0,6,0.5,0.9,,0.18873545832411937,0.4463755236998108,0.3922234308218751,0.47427335207536103,0.5463747007784372,0.47864827602370175
8,0,68.0,6,0.5,0.9,,0.21451312608693654,0.3973953961952036,0.42261978257200755,0.48212236024689814,0.5702203460209615,0.45750233464999657
8,0,69.0,6,0.5,0.9,,0.2150014225772851,0.37423934287412586,0.43789626688988703,0.4238012264155747,0.5482711655573456,0.4489021962711529
8,0,70.0,6,0.5,0.9,,0.21119919542296567,0.39955104663291313,0.40246356863834976,0.44564890953684505,0.529095149030464,0.43373694340601193
8,0,71.0,6,0.5,0.9,,0.2449277811503808,0.41551559630199375,0.4208514673450875,0.4412648098076689,0.4753352803760465,0.43747163109371917
8,0,72.0,6,0.5,0.9,,0.24476178551802347,0.39121304159838816,0.42773983828878465,0.4640180799647923,0.5040944640441603,0.4391151359597519
8,0,73.0,6,0.5,0.9,,0.2403648495285958,0.4017794784660433,0.4309894696134006,0.4991285372974363,0.5192474575185102,0.4378195831987548
8,0,74.0,6,0.5,0.9,,0.2147844410072123,0.3638467656923467,0.44912590159119725,0.5263148998935294,0.5868460879028488,0.47963281887342885
8,0,75.0,6,0.5,0.9,,0.20841603112446236,0.3675057054052216,0.46784438328992406,0.5077574867674906,0.5957705155616883,0.48737829675148603
8,0,76.0,6,0.5,0.9,,0.2192250437035987,0.367853010182342,0.5110444381823657,0.4818172724825279,0.5681961296194957,0.5035240712679664
8,0,77.0,6,0.5,0.9,,0.2380544034144912,0.3763613473474399,0.5015801818632487,0.4369231380570272,0.5395589645218762,0.48879692341529923
8,0,78.0,6,0.5,0.9,,0.21363082137013062,0.3713981442274972,0.506324387905563,0.42917121318663787,0.49147173672839306,0.5163710216352893
8,0,79.0,6,0.5,0.9,,0.2276397100420926,0.3468930468287251,0.502613089029379,0.4184333855142325,0.4813939497183492,0.516705992018302
8,0,80.0,6,0.5,0.9,,0.2170603726149034,0.3451159562891547,0.4890302270759556,0.4462536586914675,0.5166177468714146,0.5189932802127302
8,0,81.0,6,0.5,0.9,,0.2242137100117707,0.3424451118675871,0.4592227052748162,0.4184169159891039,0.5387083088404276,0.5136981893684175
8,0,82.0,6,0.5,0.9,,0.23498372806230106,0.33580633236828794,0.44466440488677134,0.42245354265039803,0.5061272576199058,0.5586748458370165
8,0,83.0,6,0.5,0.9,,0.2355975391130693,0.3333723363052784,0.44395901472942284,0.4069023320216898,0.524191859994026,0.5296644065249096
8,0,84.0,6,0.5,0.9,,0.25362393207049505,0.2974945351291204,0.4172943566591355,0.46961300136104206,0.4920829412748223,0.554332858200648
8,0,85.0,6,0.5,0.9,,0.25391228835418667,0.3514473985656258,0.44336923148601703,0.4509270626664648,0.44331184469713963,0.5496816799810365
8,0,86.0,6,0.5,0.9,,0.23613439318704357,0.36480165234576034,0.4435304851014193,0.4970487099003015,0.4967501155077209,0.5462404267727115
8,0,87.0,6,0.5,0.9,,0.2122489028436953,0.351736515657776,0.42910569268799936,0.49433141076948434,0.4855828190341082,0.5025046750274482
8,0,88.0,6,0.5,0.9,,0.23590773774251533,0.35337424330978984,0.44364727874947557,0.46728682428028,0.48870606083419077,0.5282746748451875
8,0,89.0,6,0.5,0.9,,0.23552513112448112,0.3855850960192645,0.44261866034727826,0.4502259388020888,0.4906785210612294,0.548271396644205
8,0,90.0,6,0.5,0.9,,0.22318850799358464,0.3614107319239691,0.4322059835669515,0.4024690510659686,0.46126551304257835,0.5122809321615861
8,0,91.0,6,0.5,0.9,,0.2116364499422628,0.37362671475777715,0.438645527801319,0.3962715122286619,0.4967338863674994,0.5374585373650284
8,0,92.0,6,0.5,0.9,,0.20593221490023278,0.3508126703059456,0.4418077404508529,0.41026679042059844,0.4954217753618832,0.5350631773275992
8,0,93.0,6,0.5,0.9,,0.2119048788397278,0.34998837416570594,0.46711193873473256,0.4546748126588917,0.5138045340829812,0.5589018635384444
8,0,94.0,6,0.5,0.9,,0.22815915744033255,0.31580329634576165,0.449480992647597,0.4349287298884315,0.49798625898404014,0.5399538494917695
8,0,95.0,6,0.5,0.9,,0.269359752974173,0.33446691956382163,0.43619329940789314,0.4051264403713827,0.5084467222194118,0.5397063484668466
8,0,96.0,6,0.5,0.9,,0.25079309969918095,0.36853814395409734,0.4252177739918352,0.4057882764702442,0.48319457228762575,0.4907947670782459
8,0,97.0,6,0.5,0.9,,0.24404145863909904,0.33008005410653307,0.4320047445732264,0.3842665342270245,0.4477726890199989,0.4873755122350767
8,0,98.0,6,0.5,0.9,,0.21815332993201508,0.3673403484135696,0.41809921748235546,0.40574892952279784,0.44224582716453026,0.4764683177961018
8,0,99.0,6,0.5,0.9,,0.23721276929648133,0.38170256031936634,0.3889449914992822,0.38819538354585326,0.44350630430538207,0.475939314048309
8,0,100.0,6,0.5,0.9,,0.23487472317435376,0.35578770793601044,0.37979133692370814,0.41963512938420716,0.4278160598335356,0.4796634078593886
9,1,21.0,6,0.0,0.0,,0.3687469986454814,0.465723284479591,0.554983165846864,0.609693914393447,0.6160717044356423,0.5583069845115632
9,1,22.0,6,0.0,0.0,,0.3498909125979524,0.46279761021820687,0.5538170012433199,0.6157211235226177,0.611097103121181,0.5896601106195998
9,1,23.0,6,0.0,0.0,,0.3529081458666645,0.47541844302331926,0.5561923132720075,0.611638942795782,0.6089207077218453,0.5672039686373853
9,1,24.0,6,0.0,0.0,,0.3796265679387015,0.4704257203017043,0.5605652032980959,0.6268331304981312,0.6077303043406512,0.5841037492406481
9,1,25.0,6,0.0,0.0,,0.35997835487526336,0.4719153070352359,0.556533139789795,0.6287112662267361,0.5948712134227219,0.5982093672488027
9,1,26.0,6,0.0,0.0,,0.3576508397643542,0.465650669911805,0.5576347803002468,0.625825620624703,0.6217196019702281,0.5962275380381497
9,1,27.0,6,0.0,0.0,,0.340761706982893,0.4595090921229502,0.5504864378679936,0.6298156722632418,0.5999533043071729,0.620401224159318
9,1,28.0,6,0.0,0.0,,0.32804172952160615,0.4685597905007704,0.5481154036691419,0.6278123410247443,0.6073051004686848,0.5876810226582242
9,1,29.0,6,0.0,0.0,,0.3417976561519842,0.48310030387938163,0.5486518206777709,0.6289065064449127,0.5976607761350975,0.5806163521086889
9,1,30.0,6,0.0,0.0,,0.3637651387789103,0.4808633996223547,0.5479056074325231,0.6272454881284802,0.6271515550108606,0.5487829179408534
9,1,31.0,6,0.0,0.0,,0.35221826008539353,0.46959376237594974,0.5460507393207658,0.630487809937266,0.6213113032383345,0.5164907170232018
9,1,32.0,6,0.0,0.0,,0.33602938192602405,0.4816939573926485,0.5404493652400397,0.6306232719131137,0.6262373256561969,0.48345876640631175
9,1,33.0,6,0.0,0.0,,0.32074860508153963,0.48312990972521436,0.542663545469361,0.6335034572476219,0.6268350973425094,0.5350608960337334
9,1,34.0,6,0.0,0.0,,0.31238316926563237,0.47741590498905184,0.5403773617832288,0.620584466387238,0.6287481970811368,0.5385618275701222
9,1,35.0,6,0.0,0.0,,0.3183767180156567,0.47513961681353534,0.5442573829758025,0.6170936454204219,0.6339279787839255,0.5571915380126677
9,1,36.0,6,0.0,0.0,,0.3235794805128675,0.4688236576424855,0.5480194791910777,0.6218358265817603,0.6490688472272013,0.5164172026243492
9,1,37.0,6,0.0,0.0,,0.32978567936072,0.4772030171914217,0.5577244356571998,0.6182383701917651,0.6307146434647731,0.5376773857797271
9,1,38.0,6,0.0,0.0,,0.3257336122008712,0.4645714854838606,0.5535559420236099,0.6172538548891631,0.6300198293872136,0.582244129029034
9,1,39.0,6,0.0,0.0,,0.3341373249852523,0.45559612820792195,0.5618037460463288,0.6149504149887219,0.5913630746129444,0.6031768629296927
9,1,40.0,6,0.0,0.0,,0.3246900345472725,0.4572511505888187,0.5666621069100093,0.6060006804738793,0.6008462938214988,0.5854342287682803
9,1,41.0,6,0.0,0.0,,0.32385710936733636,0.4745627254156096,0.5601415435235136,0.621498291931186,0.6123050483355359,0.5983586891591046
9,1,42.0,6,0.0,0.0,,0.33304404621561573,0.4751923808405022,0.5579437033846395,0.6275552958010258,0.6134749601387113,0.5789039103398907
9,1,43.0,6,0.0,0.0,,0.3379698119427951,0.477030480527129,0.5512671127687389,0.629455433150785,0.6360545385674738,0.5397360806646601
9,1,44.0,6,0.0,0.0,,0.3498842062898123,0.47518652961472113,0.5552906675487682,0.6340668118279665,0.6184458141182422,0.5589189285044363
9,1,45.0,6,0.0,0.0,,0.35389882485384194,0.47005276215845715,0.5532931627604742,0.6360909844543823,0.6223673239221229,0.5740183523260258
9,1,46.0,6,0.0,0.0,,0.3473321407288667,0.4852545553468122,0.5622981062892884,0.6305635240436562,0.6297738757308666,0.583457219173447
9,1,47.0,6,0.0,0.0,,0.32923579268756115,0.48641096173815673,0.5555514740059396,0.6338119835038306,0.6220687111989502,0.5461049512080894
9,1,48.0,6,0.0,0.0,,0.3274184698115584,0.47515745144275023,0.5534253300950583,0.6333125332484145,0.5892014837602977,0.5849460075044866
9,1,49.0,6,0.0,0.0,,0.3123419130202706,0.49271426892964953,0.546349037859474,0.6338723034168361,0.5621342278164763,0.5879620005279598
9,1,50.0,6,0.0,0.0,,0.31177859912851164,0.4949581667132522,0.543229105451816,0.6247715662034727,0.5927534463253366,0.5772237824173004
9,1,51.0,6,0.0,0.0,,0.31791172988552513,0.4799054731914351,0.5464270173275196,0.6192592541866477,0.6145146889111708,0.5584200650459963
9,1,52.0,6,0.0,0.0,,0.3058465599519492,0.4851703016742127,0.5468859955366755,0.6151045702335731,0.6030031124153773,0.5549563517211954
9,1,53.0,6,0.0,0.0,,0.28606174235201687,0.49068400952128977,0.5438282898501674,0.6155232478254796,0.6243836371180222,0.5760142653933905
9,1,54.0,6,0.0,0.0,,0.2907157449512277,0.4939034015239282,0.545786665124935,0.6203562924801699,0.6328026933759358,0.5943040404520386
9,1,55.0,6,0.0,0.0,,0.2918857312809178,0.4939353999724971,0.5475501750473877,0.6267988847713811,0.6193313609227193,0.5988008203661199
9,1,56.0,6,0.0,0.0,,0.28774169669895266,0.4859500264010464,0.5473790147047882,0.6308431000957206,0.6287842542328597,0.6006612412226268
9,1,57.0,6,0.0,0.0,,0.2982046987523651,0.48791620201051045,0.5568622041912713,0.6248430028409429,0.6311724276047199,0.5726631721342136
9,1,58.0,6,0.0,0.0,,0.31293004122083,0.47523177557052304,0.553985856572133,0.6163950774346514,0.6132290586798169,0.5675553280092329
9,1,59.0,6,0.0,0.0,,0.3287941847513896,0.4779601642675141,0.5467974590411336,0.6170316895464834,0.6379437935402871,0.5738626351222411
9,1,60.0,6,0.0,0.0,,0.3290014213441501,0.4822326174564983,0.5400670894461929,0.622729876542097,0.6359216799726866,0.5533682883838124
9,1,61.0,6,0.0,0.0,,0.3415041929109844,0.4906134671820642,0.5356420332588866,0.6286969460255241,0.6208923739196667,0.5355197652265206
9,1,62.0,6,0.0,0.0,,0.3528514793645057,0.4916469546353248,0.5406496902280321,0.629819229874399,0.6293178403176988,0.5341225504871312
9,1,63.0,6,0.0,0.0,,0.333243340098881,0.4820295278999171,0.5414527315912696,0.6309648088646076,0.6236504321770111,0.546349944888768
9,1,64.0,6,0.0,0.0,,0.3305437296414839,0.4804104559432695,0.5392355826060993,0.6333364562792585,0.6247518554525915,0.5687602708109856
9,1,65.0,6,0.0,0.0,,0.31580506381765494,0.47304032894627274,0.5424623592065776,0.6415907447620638,0.6281473045659546,0.6054696376538519
9,1,66.0,6,0.0,0.0,,0.30156221881131656,0.46542504806647556,0.5400119055163994,0.6403662792515037,0.6020550168204782,0.6376281112449219
9,1,67.0,6,0.0,0.0,,0.3042358896779883,0.45538081031764543,0.5529817812407984,0.6421667777679911,0.5773886264681648,0.664731037400853
9,1,68.0,6,0.0,0.0,,0.301865825283916,0.46555057137518113,0.5525449227350961,0.6437946338906203,0.634283534751577,0.6037944524133015
9,1,69.0,6,0.0,0.0,,0.3147921514820199,0.47445219578654535,0.5579971507454635,0.6426591292520597,0.6422922706532249,0.6220526847106191
9,1,70.0,6,0.0,0.0,,0.32900690893117013,0.4797416156893757,0.5625001895539459,0.6339680058969315,0.628473700072643,0.6250466922641803
9,1,71.0,6,0.0,0.0,,0.31553855018284793,0.47817644907035,0.5601596493856139,0.627821845318671,0.6332132893770719,0.5944957928094488
9,1,72.0,6,0.0,0.0,,0.32294501159951294,0.4886703775340003,0.56254925237714,0.6245446457335109,0.6298382670560984,0.5629312939739941
9,1,73.0,6,0.0,0.0,,0.31576928493892664,0.49720438312037035,0.5570102883917805,0.6260598283525203,0.6056918586640176,0.5674339003760563
9,1,74.0,6,0.0,0.0,,0.31002870361045753,0.4906549551507364,0.5538680205214026,0.6262013045102303,0.6186570772684921,0.5721741675198186
9,1,75.0,6,0.0,0.0,,0.31556330365831836,0.49874839955287575,0.554938149383189,0.6143723085055185,0.6408851447743305,0.5513135039497417
9,1,76.0,6,0.0,0.0,,0.32337273787708065,0.49047112260392717,0.5564531969218371,0.6224306607671745,0.6328185148976103,0.5218573086833164
9,1,77.0,6,0.0,0.0,,0.33494153621402023,0.49452098916057485,0.552118971067848,0.614666002660222,0.6267291411957346,0.5531342756474492
9,1,78.0,6,0.0,0.0,,0.32556247828347273,0.48910177989094106,0.5494214302290253,0.6200251509013512,0.6199484884906068,0.5253678698074299
9,1,79.0,6,0.0,0.0,,0.3276993272438919,0.49463542690318957,0.5510310172723903,0.6219550086437293,0.6047136920813907,0.5304533176335845
9,1,80.0,6,0.0,0.0,,0.31794374699551414,0.5001183805180719,0.5531382651439769,0.6198303898305324,0.5793008645815568,0.5641123413016831
9,1,81.0,6,0.0,0.0,,0.3358120811546647,0.49133359891164596,0.5543543450812484,0.6195755022291956,0.5722534503913004,0.5667971204215413
9,1,82.0,6,0.0,0.0,,0.3244108428345679,0.47874023766061613,0.5512097294397458,0.6304925104148449,0.5670753041432837,0.5469317543836449
9,1,83.0,6,0.0,0.0,,0.3154385473924588,0.4669311299493263,0.5520416766734948,0.6270005077222897,0.5763358750508718,0.5655449868582877
9,1,84.0,6,0.0,0.0,,0.33273359903489613,0.470033042137968,0.555140478828204,0.6239766686074324,0.5569551317305923,0.5951213967845349
9,1,85.0,6,0.0,0.0,,0.35886100204152427,0.47171143529007853,0.5531730117840229,0.6251984931413996,0.5639841145425377,0.5775525057743149
9,1,86.0,6,0.0,0.0,,0.3454319191257341,0.47514389204315854,0.5552473018414844,0.6310135617644272,0.5638015235077055,0.566160923330085
9,1,87.0,6,0.0,0.0,,0.3469766340981747,0.471814988013944,0.560723589532918,0.6337081056890543,0.5659980928669632,0.5600912497047263
9,1,88.0,6,0.0,0.0,,0.3445666286122394,0.47696115293271674,0.5526076253772336,0.6347767774461236,0.5590766340462281,0.5975005339257574
9,1,89.0,6,0.0,0.0,,0.3483283905374629,0.4884860377944305,0.5503768891788778,0.6299666480119426,0.5371156279042338,0.6279758434976838
9,1,90.0,6,0.0,0.0,,0.3565578447684432,0.48314395070791527,0.5517189066011191,0.6349119909477536,0.5422924629509167,0.5752258714378418
9,1,91.0,6,0.0,0.0,,0.36016757746994515,0.4716456746621886,0.5508289945311997,0.6352634759787816,0.5633013767813523,0.5780084156918335
9,1,92.0,6,0.0,0.0,,0.3660622954146746,0.464898635831298,0.5499061610893681,0.6349974547160575,0.5759698838995926,0.5433306338284865
9,1,93.0,6,0.0,0.0,,0.37595191347096363,0.46499787823399596,0.5426193072756811,0.6239495542106623,0.5928786820394583,0.5558872429617535
9,1,94.0,6,0.0,0.0,,0.38846970713015244,0.4652051954094906,0.5422914175552898,0.6294491016759208,0.6451578858357112,0.5350853775543286
9,1,95.0,6,0.0,0.0,,0.40206572249488887,0.4800011019157087,0.5470112423570113,0.6267203164301172,0.625881463502597,0.5356927283215939
9,1,96.0,6,0.0,0.0,,0.36631364399574606,0.4822588944658719,0.5507871021983887,0.6236148175509462,0.6487394958358138,0.5164496318181488
9,1,97.0,6,0.0,0.0,,0.3805180932094532,0.48335438796600255,0.5500640259411633,0.6173676873390852,0.6379055665054463,0.5318647257415031
9,1,98.0,6,0.0,0.0,,0.36631954327985783,0.48977412299016443,0.5461246180860143,0.6194536046502649,0.6224345605289792,0.5248257026923329
9,1,99.0,6,0.0,0.0,,0.3690579821957167,0.4897992155852492,0.5460027775057389,0.6176862377252919,0.5905371642185402,0.5551831029399168
9,1,100.0,6,0.0,0.0,,0.37038973443999745,0.48473082112263954,0.5469617197470484,0.6232396638232254,0.5834703267143257,0.5789459768322114
10,1,21.0,6,0.0,0.5,,0.236269286301895,0.37243638854452166,0.4512356482282459,0.47403814296489655,0.44461617050923186,0.5388137501272918
10,1,22.0,6,0.0,0.5,,0.24870390287397073,0.3704183700348584,0.4482212343588163,0.4746920191792361,0.4503673993958833,0.5357365317720728
10,1,23.0,6,0.0,0.5,,0.2557213058807334,0.3724579049375515,0.4546504372595809,0.4791272696541264,0.44940067999743044,0.5021336581057867
10,1,24.0,6,0.0,0.5,,0.25396459182590875,0.3764291994860703,0.4540554610931018,0.4746955499030124,0.4744260810447011,0.4995996272404577
10,1,25.0,6,0.0,0.5,,0.23917055092118825,0.378658400387325,0.4493457721620001,0.4766240652887057,0.49107561282547085,0.5062070405418371
10,1,26.0,6,0.0,0.5,,0.24082738519828162,0.38549525454723904,0.4479160595399165,0.48086699966996554,0.4863138467994739,0.5244762197597909
10,1,27.0,6,0.0,0.5,,0.22268416176850048,0.38120913011633806,0.4491075561885003,0.4779169411365574,0.48522552095972704,0.5492126252965156
10,1,28.0,6,0.0,0.5,,0.24871086169543904,0.37893765665950463,0.4501557651790968,0.47561545047097303,0.4658533458598993,0.5102615632354418
10,1,29.0,6,0.0,0.5,,0.24338645524999397,0.3778193975440679,0.45273314324949177,0.4774644848988179,0.4858883882180044,0.4971640769024227
10,1,30.0,6,0.0,0.5,,0.23763386153829424,0.3794859807153493,0.4515737911474701,0.4887921068313171,0.48495697479462674,0.5035404757524335
10,1,31.0,6,0.0,0.5,,0.238067911676164,0.3763486293011501,0.45144193034881164,0.4880117013451823,0.4770559542589178,0.5359480527261742
10,1,32.0,6,0.0,0.5,,0.2599258079006787,0.37379537329926493,0.4495929860893657,0.4905744957314272,0.4953232918780322,0.4621321243975072
10,1,33.0,6,0.0,0.5,,0.25732819344186497,0.3731648554832338,0.4470145789772723,0.4941126826896798,0.4936931253633336,0.48526186796111864
10,1,34.0,6,0.0,0.5,,0.2628555842293271,0.375063427416652,0.4469989397296946,0.48970401122818885,0.5009411506275383,0.4727670341193845
10,1,35.0,6,0.0,0.5,,0.25534838025822504,0.3710315838376085,0.45229638761381974,0.4806135590728434,0.491503102567908,0.5244281721658381
10,1,36.0,6,0.0,0.5,,0.250074406421875,0.3720339575681388,0.45519469902631793,0.48208545719294327,0.48809609933267656,0.5046913090205581
10,1,37.0,6,0.0,0.5,,0.2468844222100131,0.36585111294326095,0.45354303576893107,0.48538986848507,0.4951496670562075,0.5037143737908367
10,1,38.0,6,0.0,0.5,,0.26402399561770296,0.35689393073378417,0.4543762659346789,0.491522445076474,0.4849590701911789,0.44509312031294374
10,1,39.0,6,0.0,0.5,,0.24981343774075243,0.3575760696658682,0.45553450042113053,0.4899428090117951,0.4888549317186598,0.41997267735162735
10,1,40.0,6,0.0,0.5,,0.2552593106191727,0.3604004705318322,0.45838288972463204,0.49073703651790046,0.5085213217652296,0.4363112938098899
10,1,41.0,6,0.0,0.5,,0.2477277924772534,0.3560533149843052,0.4604252753237913,0.4961907021252543,0.4734012346278704,0.39250123986913377
10,1,42.0,6,0.0,0.5,,0.25510156391001176,0.36044996972674614,0.45677966206934945,0.4930195399500036,0.5049358053313199,0.4102368064957188
10,1,43.0,6,0.0,0.5,,0.26098288010992376,0.3639672935206989,0.457146272949607,0.4979538038265051,0.5102193802849595,0.4375277605492992
10,1,44.0,6,0.0,0.5,,0.253379630501958,0.35700897440499724,0.4560293838242077,0.5063555594470748,0.49349732451945566,0.4342550777038493
10,1,45.0,6,0.0,0.5,,0.26117163217238343,0.35476917193558555,0.45636534437890014,0.4971082953671416,0.4481520881366941,0.4418279081463205
10,1,46.0,6,0.0,0.5,,0.275573587093208,0.358165825326079,0.4576567202367242,0.4872678291370326,0.45639969771205313,0.4376941163452712
10,1,47.0,6,0.0,0.5,,0.2708679800738607,0.36488995922468526,0.4557715440337925,0.4864565930106023,0.43795951646718567,0.4475897704883177
10,1,48.0,6,0.0,0.5,,0.2741048538537695,0.36989744710301375,0.4521569177635068,0.47599778547536103,0.41997971025664427,0.5096152127446306
10,1,49.0,6,0.0,0.5,,0.2552827605434768,0.37460235705570655,0.45280220587216996,0.4850560605992939,0.45602417964910763,0.4661817746182567
10,1,50.0,6,0.0,0.5,,0.22701333804444954,0.3754346192742306,0.45162904124561265,0.4797648571072758,0.4485238077757142,0.46803280238735284
10,1,51.0,6,0.0,0.5,,0.2506539395546231,0.3806552397334729,0.4518972355784638,0.4772147496101612,0.4486906504919051,0.4545505638036418
10,1,52.0,6,0.0,0.5,,0.27099908957363106,0.3832085911600739,0.4510857709852412,0.47956569523588427,0.4578174877162221,0.4585658176088508
10,1,53.0,6,0.0,0.5,,0.2515914230852693,0.3893135561321785,0.45091657908049887,0.46827850925247194,0.46955458953729245,0.46985149559554706
10,1,54.0,6,0.0,0.5,,0.25748547547000317,0.38286593208422987,0.4513272658463728,0.47316109221049985,0.45953624169949503,0.4958811964764377
10,1,55.0,6,0.0,0.5,,0.2615799616327503,0.3859468225770083,0.44950125448741457,0.48094430008600525,0.46167671549371103,0.5081698068919254
10,1,56.0,6,0.0,0.5,,0.2729534415588503,0.3908052216156962,0.44898828013780834,0.4798281033817897,0.46123688903648086,0.5051105586133652
10,1,57.0,6,0.0,0.5,,0.2677503003684023,0.38599059697700805,0.4535645337318657,0.4834141370221543,0.4695778966798373,0.5201024949064934
10,1,58.0,6,0.0,0.5,,0.2803961349587783,0.38491568649127117,0.45032856001882654,0.4836672232208654,0.47088659037278957,0.5327370286919603
10,1,59.0,6,0.0,0.5,,0.2736469142201291,0.38335683845265167,0.45349969639712706,0.4829980869766059,0.445291107024432,0.5301786008253045
10,1,60.0,6,0.0,0.5,,0.24917000315888022,0.3796706211317252,0.45521244293332386,0.4950417369385587,0.45275344987339716,0.5501132255924481
10,1,61.0,6,0.0,0.5,,0.24565232551306598,0.3745826111638283,0.4517966888120397,0.48726805085664937,0.46015499850031916,0.5614235774096975
10,1,62.0,6,0.0,0.5,,0.24398071458297205,0.36858895546984244,0.4508246275975087,0.48588326937817455,0.4888673201006261,0.579199540768335
10,1,63.0,6,0.0,0.5,,0.23474960925165048,0.3686162113015752,0.4534082654316377,0.4790338267920814,0.46350198251290475,0.555165277211407
10,1,64.0,6,0.0,0.5,,0.25125493657650455,0.3805385849126326,0.4539649013269072,0.483066302227686,0.48204171650236194,0.5384263002140932
10,1,65.0,6,0.0,0.5,,0.26074550484333453,0.3743389366657164,0.4568683191527169,0.48326884625979466,0.445760939387965,0.5412881024440775
10,1,66.0,6,0.0,0.5,,0.2718372178043931,0.36955736703492387,0.4549283564120558,0.4895087882679728,0.472045387711308,0.536386740727379
10,1,67.0,6,0.0,0.5,,0.28108460912243166,0.37181352732716055,0.45471739368621167,0.4904404563359657,0.46397040157419117,0.5400748084756214
10,1,68.0,6,0.0,0.5,,0.2746583063781944,0.3713740177541701,0.45410902623440663,0.48982376394649957,0.4326414151455807,0.5422431115023099
10,1,69.0,6,0.0,0.5,,0.25256066064392035,0.3708442611290373,0.4586867473442092,0.4807825241738025,0.43518089370689417,0.5243599568654921
10,1,70.0,6,0.0,0.5,,0.2491774690551909,0.3820995009373359,0.4563366744232442,0.47074212943379273,0.4616833724302726,0.535668670230254
10,1,71.0,6,0.0,0.5,,0.24053943558532462,0.3875326632207071,0.45606440586985963,0.47052173690656557,0.47100044730653023,0.5590532859241909
10,1,72.0,6,0.0,0.5,,0.2439736563612389,0.3808567201745123,0.4555800976327176,0.4698066326712671,0.49000988776607624,0.5169991877233835
10,1,73.0,6,0.0,0.5,,0.23909258902633482,0.37428058551205,0.4561949593544573,0.47425269436547185,0.48345305712958886,0.47260061152855803
10,1,74.0,6,0.0,0.5,,0.2424228591586186,0.36933253714525033,0.45865236557475697,0.48735456360838836,0.4779972507222502,0.47122403361013243
10,1,75.0,6,0.0,0.5,,0.23658564643746124,0.37275258978943593,0.455361334270122,0.47837577686069344,0.4953089742454851,0.45167486569080556
10,1,76.0,6,0.0,0.5,,0.24398346521233133,0.3688090602171889,0.45031505715822034,0.478843346528794,0.5124658167444829,0.4700548033172236
10,1,77.0,6,0.0,0.5,,0.23797992826774134,0.3677845333748553,0.4462790791945552,0.4905296838504632,0.5136810750130864,0.4694305664106274
10,1,78.0,6,0.0,0.5,,0.24966527646367848,0.35975462716581696,0.45071966144683523,0.48681274820096865,0.5071457812304868,0.452872941426985
10,1,79.0,6,0.0,0.5,,0.2445795932987322,0.3657891814559192,0.44901517096778465,0.48408049218831445,0.46503310393224007,0.4228476864562126
10,1,80.0,6,0.0,0.5,,0.22978694918817508,0.3584771300695217,0.45101286539029817,0.4769648653152526,0.45848773882469257,0.4238166406999063
10,1,81.0,6,0.0,0.5,,0.2375184873533991,0.35640349024442713,0.4536343833664773,0.47513569263203126,0.4495472878855689,0.41764376954267934
10,1,82.0,6,0.0,0.5,,0.2367533264512213,0.37047782253728456,0.45350150927515537,0.4799386631266292,0.45291490039168625,0.42428707890807543
10,1,83.0,6,0.0,0.5,,0.23355703871442007,0.3666704619766142,0.45453598643372733,0.471201035907869,0.4362664375690857,0.444840120310829
10,1,84.0,6,0.0,0.5,,0.2599825873405267,0.36609999611362876,0.45319677166945205,0.4635947313330774,0.46486712048233675,0.4788379225188235
10,1,85.0,6,0.0,0.5,,0.25122007133308966,0.37161155293819115,0.44951046580631476,0.4681399909813175,0.45604549984398385,0.4768496452609295
10,1,86.0,6,0.0,0.5,,0.2439248721019421,0.3768261653062519,0.45235693599868265,0.4771614585271515,0.46469696625970747,0.46010780795151174
10,1,87.0,6,0.0,0.5,,0.23689900084724017,0.3782830608046962,0.45405341224746526,0.4899612940106296,0.4503642449922001,0.4516332760521422
10,1,88.0,6,0.0,0.5,,0.23433028652686333,0.3763210781219672,0.452630006345849,0.4912404408299832,0.4677114214802402,0.4706794970570664
10,1,89.0,6,0.0,0.5,,0.2313778931588343,0.37890662968742683,0.4520427632584811,0.49969858191659905,0.48246138766075325,0.47274796495648086
10,1,90.0,6,0.0,0.5,,0.2211011919875287,0.37373058770715495,0.45102148715466156,0.5043241327502591,0.4779108863569993,0.5232357095020952
10,1,91.0,6,0.0,0.5,,0.24424328381959287,0.3760378294418352,0.45261791833979964,0.49480993969223563,0.4885468811544933,0.5226786999965236
10,1,92.0,6,0.0,0.5,,0.23784370898346915,0.3756776847366728,0.452198407002167,0.4941269783720991,0.4845125191598316,0.4744214531723744
10,1,93.0,6,0.0,0.5,,0.24400197469332058,0.3838096016767472,0.45828054388335343,0.49263185678871435,0.48277823755318083,0.4769822721626708
10,1,94.0,6,0.0,0.5,,0.25249956312004,0.38834042785231665,0.4572184376886564,0.5016918816090491,0.47475295321234035,0.49320669721027965
10,1,95.0,6,0.0,0.5,,0.26224813618399245,0.3839497002739411,0.4542141919612416,0.5034934431957054,0.4968052078794535,0.4474014932603346
10,1,96.0,6,0.0,0.5,,0.2533418071101564,0.38084383023878665,0.45585494879430655,0.5028453281990815,0.5156802166976093,0.5105003267242185
10,1,97.0,6,0.0,0.5,,0.2568195504859068,0.3834066202383174,0.4542700534611107,0.49929294963906157,0.5096891355128862,0.5113403362346483
10,1,98.0,6,0.0,0.5,,0.2499803837165498,0.3756481627294338,0.4530622106133018,0.4987787806191092,0.5282351731893423,0.5033538643346075
10,1,99.0,6,0.0,0.5,,0.2584751963451793,0.37080673413033366,0.4506303190044214,0.4942012405972731,0.5026418974652529,0.5150000237491242
10,1,100.0,6,0.0,0.5,,0.24277539003639698,0.3769598418871729,0.4531746332352249,0.4976501037825477,0.49495414036961327,0.4971908760698616
11,1,21.0,6,0.0,0.9,,0.23216138095775105,0.32694985604241317,0.3695078910449872,0.42131469510117203,0.4365703862429949,0.4271363069245878
11,1,22.0,6,0.0,0.9,,0.21874561119993907,0.3228895978047567,0.37218436462077165,0.41587928241440003,0.4292145059964856,0.4542188609986152
11,1,23.0,6,0.0,0.9,,0.2220750619382479,0.3247980883824242,0.3720960074783176,0.4188697966758415,0.42660571236275374,0.4068532614311017
11,1,24.0,6,0.0,0.9,,0.2159804610403313,0.3159153007483285,0.3739426441597872,0.4162287633086498,0.41166532570834696,0.4488638657883347
11,1,25.0,6,0.0,0.9,,0.22202877123843798,0.31129324479700893,0.3769147520494086,0.4152280943435729,0.4164390335721384,0.4435198144646604
11,1,26.0,6,0.0,0.9,,0.20021699840148227,0.31216338664369087,0.3795416540684152,0.41362434955610083,0.41540284644692216,0.48627954288732
11,1,27.0,6,0.0,0.9,,0.18818912017230982,0.30874815532377015,0.3843945514231148,0.4120324056128572,0.398774974074076,0.45747298380317547
11,1,28.0,6,0.0,0.9,,0.19752280250438675,0.30663221455525536,0.3787502745097584,0.414622569763534,0.39666778497771554,0.44852771977435213
11,1,29.0,6,0.0,0.9,,0.1878418392853655,0.31224862359329436,0.3807608563293857,0.41154226193674914,0.3967114224378444,0.42553136148059867
11,1,30.0,6,0.0,0.9,,0.17577612088871697,0.31634706875725993,0.3814219774773957,0.40768020884039835,0.41384724196028894,0.4532357033244178
11,1,31.0,6,0.0,0.9,,0.17749289462310539,0.31757075881557995,0.38003355200037103,0.42524378591197565,0.39152784047013683,0.4822820737850158
11,1,32.0,6,0.0,0.9,,0.18535612412076316,0.31721982387518644,0.38029267977742987,0.43389604448830815,0.41342457868106264,0.5064306098975249
11,1,33.0,6,0.0,0.9,,0.18034368541828788,0.3134095493963884,0.380499981999077,0.4294512640230659,0.4121568108919518,0.48637108489602277
11,1,34.0,6,0.0,0.9,,0.18715797148625626,0.31140668218387635,0.3764686723145898,0.43296828549368643,0.44041926493932076,0.4594686591696058
11,1,35.0,6,0.0,0.9,,0.19272322592680297,0.31584542282367367,0.37240957122293833,0.42750755436292576,0.41606059599135425,0.4444148765860434
11,1,36.0,6,0.0,0.9,,0.1904018120567528,0.3144624930402364,0.3729969351404826,0.4205545874530042,0.4066012035179165,0.4761422250805173
11,1,37.0,6,0.0,0.9,,0.18558520186519742,0.3095420880704801,0.37658070868495175,0.42155711723529443,0.4159109538840718,0.4276722420274722
11,1,38.0,6,0.0,0.9,,0.17106214290288987,0.3113513718225229,0.3790252036695404,0.42350840163051656,0.42668560310525994,0.3940545515284948
11,1,39.0,6,0.0,0.9,,0.17541216948644298,0.30888669494820575,0.37637211870233156,0.41854481057366266,0.4649175595042518,0.3976333809862913
11,1,40.0,6,0.0,0.9,,0.1768891648898657,0.3135957660971834,0.37628026408762716,0.4152760588890372,0.4304129253419836,0.4294016293306523
11,1,41.0,6,0.0,0.9,,0.19389596260952452,0.3123438070258824,0.374176167036801,0.4072092320329027,0.4349258502469084,0.4532592053392034
11,1,42.0,6,0.0,0.9,,0.18971929304839652,0.30152157023266685,0.37477271846251214,0.4062666064917827,0.44453259561473696,0.4990274972519476
11,1,43.0,6,0.0,0.9,,0.18746662712285134,0.3126521733096574,0.37105280814127617,0.4053092546327985,0.43405526472651196,0.4346110969360419
11,1,44.0,6,0.0,0.9,,0.20534255493012013,0.3157347036097666,0.3669936108329165,0.40184222139709613,0.43597644324375384,0.4048613567253052
11,1,45.0,6,0.0,0.9,,0.1837172418480249,0.3058958841577224,0.3637462529862287,0.4002752094218175,0.4248162632110307,0.43650389780059146
11,1,46.0,6,0.0,0.9,,0.18924583543685677,0.30452230481636533,0.3611483667088785,0.4082025381865744,0.44188706072046424,0.3934459409469488
11,1,47.0,6,0.0,0.9,,0.19366871030792232,0.30889909914423425,0.36410126249286473,0.4022597116471195,0.4526905618564726,0.38319703332968735
11,1,48.0,6,0.0,0.9,,0.19338026974859732,0.3092371437675836,0.3664635791200539,0.40451463606755134,0.4283024849579082,0.36589751060995
11,1,49.0,6,0.0,0.9,,0.1884535362115309,0.30617349408493044,0.3675193790777434,0.4074090992649538,0.43698235888687587,0.3930670647879474
11,1,50.0,6,0.0,0.9,,0.18700365142519354,0.30073109069381043,0.372025355691083,0.39934218935973875,0.4190759985628,0.4259006873332954
11,1,51.0,6,0.0,0.9,,0.18543754366150506,0.30322914470478407,0.3722670388640116,0.39684643007707116,0.4371042452480764,0.41868671084367826
11,1,52.0,6,0.0,0.9,,0.1875695458985615,0.29866014580621636,0.36988231780653746,0.40206088820355684,0.4678004449967307,0.4775498125149603
11,1,53.0,6,0.0,0.9,,0.17351181651283631,0.29777365545984236,0.3740890148177957,0.4094510752677145,0.47207692091112463,0.5007941545652279
11,1,54.0,6,0.0,0.9,,0.17366008603830546,0.2915270456377829,0.3705058452255031,0.41063108061137726,0.4410592558989526,0.509824417996296
11,1,55.0,6,0.0,0.9,,0.16455746898159374,0.2922390825190438,0.37075319196210277,0.40825584662242953,0.4858956333447023,0.4997527668053226
11,1,56.0,6,0.0,0.9,,0.16290950571287938,0.29342495631147425,0.3723325769321984,0.41041481606634767,0.4568811972570238,0.49044649428212095
11,1,57.0,6,0.0,0.9,,0.1690653942226986,0.2932665432308867,0.3699347482610869,0.4116628417328032,0.4579902704084116,0.5118060506645277
11,1,58.0,6,0.0,0.9,,0.17736964464390717,0.2879213558546185,0.3701295162770676,0.4037060237836972,0.4382596284845738,0.5261081755661081
11,1,59.0,6,0.0,0.9,,0.20390716964262195,0.28963704726802963,0.36883304493736657,0.4025890455423182,0.4069004301140933,0.48711316406659827
11,1,60.0,6,0.0,0.9,,0.2112714113081345,0.29814698572051335,0.36630106932115974,0.4005081223692143,0.38536289800265344,0.41718113301565724
11,1,61.0,6,0.0,0.9,,0.21635760206556937,0.30387482780096686,0.3657702873726402,0.395886213209104,0.39230751808275716,0.38265009540723754
11,1,62.0,6,0.0,0.9,,0.22151977598186465,0.29934859947711084,0.3676855080602441,0.3999579109169419,0.3964902294953362,0.4114778232013765
11,1,63.0,6,0.0,0.9,,0.21964284548848098,0.3023931016583175,0.3642997707680908,0.40612905526750376,0.4071766003576148,0.4241800297998929
11,1,64.0,6,0.0,0.9,,0.2207642584822239,0.3053622327658997,0.365788332396173,0.4030473706454815,0.40779270459290035,0.4146846932223897
11,1,65.0,6,0.0,0.9,,0.20684120400225373,0.320042381344097,0.3649485683395759,0.40387045288846934,0.4372121904909819,0.4379323311502071
11,1,66.0,6,0.0,0.9,,0.2152669953798106,0.3213769201104251,0.36511081043835997,0.3995802929185263,0.43501433088092184,0.4691320437210943
11,1,67.0,6,0.0,0.9,,0.20171858674096202,0.32192634956901084,0.3678186717132041,0.4037344043024035,0.44649911788351304,0.44609777246055016
11,1,68.0,6,0.0,0.9,,0.1967540912326608,0.31717476995144783,0.37201557409214225,0.4136700979078524,0.40935554464060253,0.4534164327844997
11,1,69.0,6,0.0,0.9,,0.18571590528790816,0.3195946540042154,0.3722592135848589,0.41243323214777056,0.40563845153620326,0.46800989904114354
11,1,70.0,6,0.0,0.9,,0.19043856625414485,0.3237256872669943,0.36987605758321535,0.41195752296654853,0.3968207880863961,0.48655155397980987
11,1,71.0,6,0.0,0.9,,0.19390412641571375,0.33196443617249266,0.36713547943783875,0.4114105155929925,0.38381038906423093,0.4815897612540675
11,1,72.0,6,0.0,0.9,,0.20630899814687265,0.33257616063108986,0.3713557293082199,0.4072662301618287,0.39352208126412763,0.5030290446347288
11,1,73.0,6,0.0,0.9,,0.21787664943572316,0.3300631644875337,0.3721538616087078,0.4112776114035519,0.42085514806337637,0.4589315128825578
11,1,74.0,6,0.0,0.9,,0.21048936222673595,0.33686251075497603,0.3689577226582328,0.4062409185593642,0.446594301511408,0.49726482867827054
11,1,75.0,6,0.0,0.9,,0.2116807128676333,0.3297126094602751,0.3719794705404734,0.40287008668550567,0.46178147168964206,0.46929233637880186
11,1,76.0,6,0.0,0.9,,0.21161661225254344,0.32506537452240747,0.36965226314770694,0.41256727423035217,0.44354982167117407,0.4980169649621223
11,1,77.0,6,0.0,0.9,,0.23384342428658145,0.3190697456267434,0.3694383839820826,0.4100312994231189,0.42383738946873584,0.4914327136467257
11,1,78.0,6,0.0,0.9,,0.2258013508536167,0.3172258454338423,0.374281321994986,0.4070235411038726,0.4225404763053442,0.4743968148277782
11,1,79.0,6,0.0,0.9,,0.2123150456718038,0.3163549826097413,0.37257701336268795,0.4088063883477659,0.4184731860974096,0.496370893404512
11,1,80.0,6,0.0,0.9,,0.1963805361680169,0.3108224127881304,0.3732441798159124,0.41272327465634684,0.41957243295150565,0.4933944435252523
11,1,81.0,6,0.0,0.9,,0.19192187032795613,0.31376727832769813,0.3706640305680581,0.4081733418150818,0.41142911452133113,0.4586790403393103
11,1,82.0,6,0.0,0.9,,0.19628312781009677,0.31712387688996885,0.366682588774342,0.402577163902318,0.4002945605705328,0.49270760671530267
11,1,83.0,6,0.0,0.9,,0.18725629946455205,0.3185239149926458,0.36607550293518604,0.40380470197256296,0.41706200949624905,0.5016154244986127
11,1,84.0,6,0.0,0.9,,0.19668623659049406,0.3116841135178758,0.3736216305165315,0.4077746925973898,0.42983865312446656,0.43864300002814105
11,1,85.0,6,0.0,0.9,,0.2050883074510761,0.31662185243428953,0.3731325292312954,0.39987980157569014,0.4480308212613088,0.41789501385533956
11,1,86.0,6,0.0,0.9,,0.21164937069426865,0.3147646760955672,0.3736885925107984,0.39285231750655336,0.4367425054807252,0.4090053421047992
11,1,87.0,6,0.0,0.9,,0.2099798259944496,0.3108291868852711,0.3735976283197838,0.3969806116751811,0.4571456441677547,0.4270263851873858
11,1,88.0,6,0.0,0.9,,0.2241849943531474,0.30657368340250246,0.37706126322839284,0.4051608725530951,0.43717344641415146,0.4552780362680068
11,1,89.0,6,0.0,0.9,,0.21364970252272855,0.3015076839583392,0.37396691300535184,0.41384130845389056,0.4364114601839081,0.44218865799194595
11,1,90.0,6,0.0,0.9,,0.21830077540559129,0.30022359317548886,0.3780174361772314,0.40374503526075606,0.3961027678031379,0.439856648050752
11,1,91.0,6,0.0,0.9,,0.20281724987943045,0.2951485924682483,0.37676246472348546,0.402449099074545,0.3537728040805411,0.4578484046215755
11,1,92.0,6,0.0,0.9,,0.21204783208155198,0.2965133820248411,0.3757584875604887,0.3989759007236962,0.36035370657734606,0.4756667617942819
11,1,93.0,6,0.0,0.9,,0.2045647961427472,0.29729881968557775,0.37075815436828646,0.40089148022190535,0.3746719855557525,0.4733394892605475
11,1,94.0,6,0.0,0.9,,0.19506382288017682,0.3026638692291329,0.37084174831269945,0.40550569215063703,0.40372969588458096,0.4931607684835891
11,1,95.0,6,0.0,0.9,,0.1786450397148734,0.30989652483040525,0.37185596777592156,0.4085296003997083,0.40619867186836495,0.5059678634743572
11,1,96.0,6,0.0,0.9,,0.18716659006638509,0.31519178148431304,0.37266734334649926,0.41354786683484085,0.41131751214653817,0.47032297392925815
11,1,97.0,6,0.0,0.9,,0.20445402873998958,0.3093373673443715,0.37740030430113614,0.4099552008010338,0.4086456942202078,0.4601431514042602
11,1,98.0,6,0.0,0.9,,0.1988822395041945,0.3122947073561678,0.3799300958697972,0.4006931339169366,0.4090447134769997,0.42012094167045044
11,1,99.0,6,0.0,0.9,,0.18749881515435568,0.31200449801569985,0.37775677766292126,0.4012060438852599,0.4099562007391606,0.4382206184844559
11,1,100.0,6,0.0,0.9,,0.18614624325625526,0.3186868101297107,0.3768521764414821,0.4027169059483507,0.4038830742303827,0.42155779736964893
12,1,21.0,6,0.25,0.0,,0.32390908013782665,0.5235578205307032,0.5676391972796468,0.6341639879616988,0.6170670854328913,0.6297469066010282
12,1,22.0,6,0.25,0.0,,0.3322392718474484,0.5467570042157387,0.5527010848784627,0.6258534120313151,0.5931334560930032,0.625559560894352
12,1,23.0,6,0.25,0.0,,0.3198790757751385,0.5536455473355809,0.562974258267592,0.6511850813864012,0.62854988906714,0.6190591199876272
12,1,24.0,6,0.25,0.0,,0.3396422995810531,0.5409642934213454,0.5525307863787399,0.6351831549102377,0.632156637667866,0.6517601888046336
12,1,25.0,6,0.25,0.0,,0.3293121854043387,0.5441473989992424,0.564655347181075,0.6247834001001005,0.6450517915866336,0.630467379815678
12,1,26.0,6,0.25,0.0,,0.332245235754205,0.5596516289806577,0.5529867730768014,0.6079115394342657,0.6333588813393464,0.605257050192343
12,1,27.0,6,0.25,0.0,,0.34244824032740173,0.5686117024990252,0.5558384461850754,0.5999221829484196,0.6161224018201013,0.578366747727508
12,1,28.0,6,0.25,0.0,,0.34574451415632534,0.5513534511781224,0.5430347367086004,0.6217651702081288,0.621442638670606,0.5671942944556905
12,1,29.0,6,0.25,0.0,,0.35217828234645915,0.5367167884462014,0.5272648516542116,0.6223470433285263,0.593964518551193,0.5928222501210187
12,1,30.0,6,0.25,0.0,,0.3517248010568958,0.5320585456669007,0.5285285445150664,0.6172042411784671,0.5914004993252682,0.5515314289033566
12,1,31.0,6,0.25,0.0,,0.3709672459016955,0.5415077637350748,0.514477152809026,0.641907080859043,0.6384648180261968,0.49219079801657684
12,1,32.0,6,0.25,0.0,,0.36778899105324586,0.5225220136022106,0.516918109922581,0.6466848116202976,0.6132686737360695,0.5583854352165838
12,1,33.0,6,0.25,0.0,,0.37518111926356673,0.5355305914234008,0.513866504410232,0.6091118695478706,0.6072730611292034,0.5006458368021375
12,1,34.0,6,0.25,0.0,,0.3938184236271519,0.5354477601576793,0.5001519565282806,0.6102184850910082,0.6395748961246621,0.530146192023975
12,1,35.0,6,0.25,0.0,,0.3722266633067645,0.5086636642999254,0.5056634454541749,0.6227001674425501,0.6049205054861041,0.5374745485463525
12,1,36.0,6,0.25,0.0,,0.3474259468454429,0.5096052006433262,0.5041717617900475,0.6277153800807449,0.6187208031992217,0.5674385661036834
12,1,37.0,6,0.25,0.0,,0.33623088926338757,0.5220905122037885,0.5165506071799836,0.6268025138499301,0.599968077089708,0.5673521434470847
12,1,38.0,6,0.25,0.0,,0.3241943513202653,0.5343410879598456,0.5120768606166639,0.6057058444332418,0.5920207675541558,0.541226197804296
12,1,39.0,6,0.25,0.0,,0.31104122657974276,0.5530362533736519,0.5336027674220861,0.6139185996041113,0.6081677765986545,0.5827023806843727
12,1,40.0,6,0.25,0.0,,0.2908937142426474,0.5548196897066626,0.5116969386100305,0.5970711510285314,0.5991522949495295,0.555040926946034
12,1,41.0,6,0.25,0.0,,0.3111575701921506,0.5442148524275797,0.5166594849538024,0.601305921395324,0.6067706745337346,0.5821268810251901
12,1,42.0,6,0.25,0.0,,0.3289879790175614,0.5359422455819927,0.5345998146897186,0.638847834177217,0.6093222432329861,0.535187065228125
12,1,43.0,6,0.25,0.0,,0.32482579654773247,0.5459579504207637,0.5300579336814616,0.63084515134602,0.6030175928390681,0.5833050200019909
12,1,44.0,6,0.25,0.0,,0.29326639595112913,0.5442823034316806,0.5056775136046603,0.6547925447467349,0.6196936401634261,0.6156406612859577
12,1,45.0,6,0.25,0.0,,0.3424334114485988,0.5120378805090804,0.5465543166299054,0.6670199593463515,0.6237193493434721,0.5788974360835495
12,1,46.0,6,0.25,0.0,,0.33219062782685865,0.5516674179017228,0.5537537403664554,0.6464316170214373,0.5666861399728158,0.5651572279056396
12,1,47.0,6,0.25,0.0,,0.31373901374694513,0.5330493388611092,0.5594602796681348,0.6436721228767973,0.582780117093685,0.5766658973479041
12,1,48.0,6,0.25,0.0,,0.34242562861011117,0.5580275652318765,0.5518056259303183,0.6512166401737092,0.5877182677183604,0.5381688189878027
12,1,49.0,6,0.25,0.0,,0.32852341882177205,0.5544452536110415,0.559798287794008,0.6226554586911461,0.5921969162568126,0.47053505519024236
12,1,50.0,6,0.25,0.0,,0.3203368441030945,0.5472320992982914,0.5613704764393852,0.629495775624026,0.6184387554043669,0.4696057500012505
12,1,51.0,6,0.25,0.0,,0.3172031332747003,0.5562932303520896,0.5712574287152363,0.5936710674100945,0.6139573023757408,0.5116690721197136
12,1,52.0,6,0.25,0.0,,0.3091993559942371,0.5402941574263777,0.5739365070074925,0.6194298938130094,0.5690738199878611,0.505641319674346
12,1,53.0,6,0.25,0.0,,0.31251916939060215,0.5279790884806795,0.5666968207357554,0.5838318509103522,0.5660705442566467,0.5323145835022949
12,1,54.0,6,0.25,0.0,,0.32137861871758855,0.5386317385394059,0.5558547440316017,0.5840225326800891,0.5722029425774973,0.5417393912066623
12,1,55.0,6,0.25,0.0,,0.3514891663440938,0.5133146003863077,0.56540279934865,0.5857500223554581,0.581499904863343,0.533393185470459
12,1,56.0,6,0.25,0.0,,0.3350302163855868,0.524563168777491,0.537308576371801,0.5994176677209283,0.5648607179868536,0.48059973745425466
12,1,57.0,6,0.25,0.0,,0.3674524766368809,0.529776697642971,0.5411448749646035,0.6028765050872738,0.5544660902512207,0.5325505671279505
12,1,58.0,6,0.25,0.0,,0.36364327259845586,0.5368253014327203,0.5569214918033364,0.551422804822527,0.6131395782294222,0.5245315867441397
12,1,59.0,6,0.25,0.0,,0.35906519358826866,0.53352196541309,0.5260265094732783,0.5471172990018429,0.581479347336901,0.5327366557371642
12,1,60.0,6,0.25,0.0,,0.3566426924643341,0.5274184358469217,0.5439373023027863,0.5413788328851059,0.6127908683145196,0.5456473649267142
12,1,61.0,6,0.25,0.0,,0.33699666075255247,0.5401549922568674,0.5354860759509364,0.563931196655112,0.6303130275822696,0.5655974523596923
12,1,62.0,6,0.25,0.0,,0.32342391101634377,0.5452263095725906,0.5245246870700504,0.5587066046236511,0.6369623242222223,0.5365102346062033
12,1,63.0,6,0.25,0.0,,0.34549885612464626,0.5188686529555923,0.5157338142122965,0.570779424362962,0.6439392638995872,0.5473052637544021
12,1,64.0,6,0.25,0.0,,0.3250616950939532,0.515753356448542,0.5213601168605542,0.5733362619777203,0.6455728442394368,0.49277594440547323
12,1,65.0,6,0.25,0.0,,0.31612889598078503,0.5272480914052797,0.5167775818495725,0.5640820381764724,0.6325607161004474,0.4946482168267773
12,1,66.0,6,0.25,0.0,,0.320031643049308,0.5299533959985228,0.5405443962155021,0.5938666806334296,0.6455255788336117,0.5505354870503816
12,1,67.0,6,0.25,0.0,,0.3421929872493962,0.5265606672570421,0.5424974147957861,0.5813871091692591,0.6439039140393988,0.5019006241163047
12,1,68.0,6,0.25,0.0,,0.3509519124544274,0.5499403644094082,0.544845760767988,0.5739860219385222,0.6639603654669723,0.48135842358148295
12,1,69.0,6,0.25,0.0,,0.36942240942656485,0.5205028590035724,0.5567301956816909,0.570200872438881,0.6588215647318566,0.501857315003626
12,1,70.0,6,0.25,0.0,,0.3776364489103986,0.5227913274389923,0.5566564391928738,0.5403348448990979,0.6319823920053319,0.5787277632585733
12,1,71.0,6,0.25,0.0,,0.38577329541475414,0.5200511326711283,0.5532135157011397,0.5582324438305791,0.6042984823186217,0.6355874419714784
12,1,72.0,6,0.25,0.0,,0.3965657411168948,0.523639265811693,0.5740924692706378,0.5788906463283993,0.5781495496734351,0.6300965210282431
12,1,73.0,6,0.25,0.0,,0.3981397270598908,0.5408563829798236,0.561235049795405,0.5815252760942096,0.5509020457483678,0.6200752277176125
12,1,74.0,6,0.25,0.0,,0.4179072565255383,0.5334779406540184,0.547658727899855,0.5827891667486754,0.5880148211240005,0.6440479058973871
12,1,75.0,6,0.25,0.0,,0.4120654192473638,0.5334871948828569,0.5708405488252126,0.5800166438112455,0.6117968198351453,0.6254361759048641
12,1,76.0,6,0.25,0.0,,0.3824083425872165,0.5129294194969523,0.5542162988374023,0.5588747083644041,0.6114911633632858,0.6104186438177333
12,1,77.0,6,0.25,0.0,,0.3741432698802274,0.5192974695945765,0.5423333101323505,0.5803668291511637,0.5905687365981382,0.5889295986050669
12,1,78.0,6,0.25,0.0,,0.3906963334017952,0.504644005646601,0.5474085799473355,0.5737456906601708,0.5779344629830098,0.5974134301734964
12,1,79.0,6,0.25,0.0,,0.37854138498596634,0.5178738911876215,0.5373802665772504,0.6017557760386751,0.5649619363721257,0.5961918174164185
12,1,80.0,6,0.25,0.0,,0.368655066379129,0.48944688062776615,0.5452380177168035,0.6174730335206399,0.5853463784984835,0.6300038696356252
12,1,81.0,6,0.25,0.0,,0.3905354525671697,0.48201906523652827,0.5514237751336335,0.6053451846918576,0.5890680123131536,0.6391191278158888
12,1,82.0,6,0.25,0.0,,0.3712536896732681,0.4844020194891014,0.5473591596491599,0.5877017645880408,0.6340049571067082,0.6156089962992406
12,1,83.0,6,0.25,0.0,,0.36770818458374094,0.4801807527891514,0.5484093539910937,0.5801990508783579,0.6202356464619487,0.6135148153407376
12,1,84.0,6,0.25,0.0,,0.370773089561563,0.49476711560473363,0.5292376272481816,0.6110130324687193,0.6262568423685195,0.6103098088542664
12,1,85.0,6,0.25,0.0,,0.3565353933222122,0.5051908825373591,0.5442871169792416,0.6236495746812891,0.6372856656572436,0.5735116828431538
12,1,86.0,6,0.25,0.0,,0.35396900151519495,0.5176638089686346,0.5194849443815708,0.6116655066735147,0.6699681937991953,0.5668835775075725
12,1,87.0,6,0.25,0.0,,0.34330395473789704,0.5343543483839068,0.5314591082479261,0.6198882865721856,0.6140760459674365,0.5632712770936286
12,1,88.0,6,0.25,0.0,,0.3621137486054514,0.559505942770017,0.523360894419538,0.6008163639669192,0.5761981814923748,0.5492503902665169
12,1,89.0,6,0.25,0.0,,0.3636684870341719,0.5585766482855009,0.5180080495310257,0.6017100347172171,0.601264970405686,0.5960728626370568
12,1,90.0,6,0.25,0.0,,0.36394610207715705,0.5448148237558318,0.5502821880048803,0.6026585944086438,0.6300689348801777,0.6348778681928416
12,1,91.0,6,0.25,0.0,,0.3489375731633738,0.5283441024709703,0.5927320691762168,0.5761601757088963,0.6111879396172624,0.5670652344557092
12,1,92.0,6,0.25,0.0,,0.3650239435323455,0.5368087833962785,0.5783915954532673,0.5641053244736682,0.6114121172934271,0.5792062167147681
12,1,93.0,6,0.25,0.0,,0.3897062184430707,0.5421324536420135,0.5868426474871542,0.591289227996256,0.5843860694717906,0.5584863973089634
12,1,94.0,6,0.25,0.0,,0.3689714935750046,0.5438145966419776,0.5705584263603263,0.5905649492861842,0.5795217083220373,0.5620958368493993
12,1,95.0,6,0.25,0.0,,0.3632752439357301,0.540870237016674,0.5472528397271781,0.5917659558063506,0.5775124958476334,0.5572947246393267
12,1,96.0,6,0.25,0.0,,0.351670162369998,0.5471698942982032,0.5436772743975855,0.6258085178880741,0.5754847180311515,0.5827754946942678
12,1,97.0,6,0.25,0.0,,0.3501388553097598,0.5513603750732994,0.5861905370759293,0.6267962594169576,0.5918951095028262,0.5701888800248452
12,1,98.0,6,0.25,0.0,,0.37190281567498573,0.5591532399996385,0.5897789136439165,0.63296331256619,0.610562520549313,0.5814007594447077
12,1,99.0,6,0.25,0.0,,0.35315182329657874,0.5762625137932241,0.5940266319246728,0.61077431713587,0.5844213478335979,0.6121738550850274
12,1,100.0,6,0.25,0.0,,0.33824255708494333,0.5766056368334075,0.5727851276056015,0.6005403996368333,0.5987640283377991,0.6096513144439408
13,1,21.0,6,0.25,0.5,,0.2361408981571818,0.3845102741656973,0.4546777013428729,0.5231949187093053,0.47293728341942887,0.5026096747307891
13,1,22.0,6,0.25,0.5,,0.22630820412441777,0.39374422602390274,0.4376509433297334,0.5380236674075345,0.4866047055136333,0.5005786717635918
13,1,23.0,6,0.25,0.5,,0.2459316161224014,0.3863086917447639,0.4120957944511973,0.5492973256654403,0.490958767565392,0.4996487354799486
13,1,24.0,6,0.25,0.5,,0.26002805935842366,0.3768495446661908,0.4300043162323952,0.5548289393060009,0.4948791501526569,0.5598362494935878
13,1,25.0,6,0.25,0.5,,0.2649864830854134,0.36157889413871647,0.43511384479854753,0.5353366051834815,0.4995056434095556,0.5478689995948703
13,1,26.0,6,0.25,0.5,,0.2701885239508092,0.3557709268377117,0.43076714658170917,0.5215286984463332,0.507128233342349,0.5746490028616149
13,1,27.0,6,0.25,0.5,,0.26602161177949296,0.366234018240692,0.41287305389216844,0.5436788505325132,0.4848877645870212,0.5073182962994166
13,1,28.0,6,0.25,0.5,,0.2832014034010765,0.3627585254828974,0.41176492348251587,0.5263299197330172,0.46481527575691495,0.5121747024602432
13,1,29.0,6,0.25,0.5,,0.26850229228560063,0.34998341819185474,0.44783966859491037,0.5275799618167385,0.4910086304011201,0.47352556836128434
13,1,30.0,6,0.25,0.5,,0.28339291883760864,0.34423785866744006,0.4406852371176101,0.5279123947738824,0.5120166356293577,0.4655889116439497
13,1,31.0,6,0.25,0.5,,0.26111157233296683,0.35031991077185276,0.4452740381357116,0.5288489923577568,0.5079195556668912,0.463809527575754
13,1,32.0,6,0.25,0.5,,0.26333172676894845,0.34533552142406987,0.4491748827937972,0.5416965842713793,0.4968786446165767,0.5377458130107114
13,1,33.0,6,0.25,0.5,,0.25556409227249305,0.34992437768960366,0.4417123893560614,0.5518050283550562,0.5088263281749869,0.5373952546716557
13,1,34.0,6,0.25,0.5,,0.2821372828517585,0.3620751075802737,0.4639746394484037,0.542262386438531,0.48802979291233883,0.5454940218622895
13,1,35.0,6,0.25,0.5,,0.28112659060519707,0.3473895651977476,0.5034618805957136,0.540664238468642,0.5074193284347543,0.5038762805658354
13,1,36.0,6,0.25,0.5,,0.2899541700001949,0.39628229495020106,0.4822944069374243,0.5498838800110863,0.5449890182659078,0.48066493255441334
13,1,37.0,6,0.25,0.5,,0.2979915546279096,0.3966129803572204,0.48323957629905695,0.534114790719975,0.523496078406416,0.5034739138284958
13,1,38.0,6,0.25,0.5,,0.30166256588155954,0.3741848774625547,0.4841103604334,0.5335263753878026,0.509950999286222,0.46467475268458874
13,1,39.0,6,0.25,0.5,,0.3013935687331855,0.35619753160493467,0.45034789032248135,0.49588498629458566,0.5356019055992675,0.45592728426432905
13,1,40.0,6,0.25,0.5,,0.3082127831828344,0.36141600895794285,0.4377578053325655,0.49806462458079936,0.5629198059095215,0.48709819630918527
13,1,41.0,6,0.25,0.5,,0.2891439273521111,0.3497910664468259,0.4358773954057883,0.46522774933490957,0.5550231315608332,0.5037062328009873
13,1,42.0,6,0.25,0.5,,0.302072989519719,0.3521546875342122,0.4212184137709859,0.4560420994798731,0.5834519787563732,0.5075954149944997
13,1,43.0,6,0.25,0.5,,0.29909737276997583,0.33889394562520314,0.4084526874595037,0.4784567430742529,0.5956681377955532,0.47946325007055685
13,1,44.0,6,0.25,0.5,,0.29415556399389325,0.334671023945705,0.4033521984367484,0.45080773579221595,0.5769353203021313,0.45228527745486585
13,1,45.0,6,0.25,0.5,,0.26728555070705273,0.3301538100303295,0.4370678765096067,0.45775758677802997,0.5786827718621123,0.46706679058618017
13,1,46.0,6,0.25,0.5,,0.26180617463266576,0.3474144140872616,0.42771626317722944,0.4700732681523133,0.5747916979102321,0.4482110533413226
13,1,47.0,6,0.25,0.5,,0.2463708262472574,0.34596296632647544,0.4421130872433844,0.46798169836001674,0.5878262068092872,0.4685969392562672
13,1,48.0,6,0.25,0.5,,0.2613164360352458,0.3531183967206121,0.42953719565562076,0.4499724673169845,0.5681246770723362,0.5083210997246932
13,1,49.0,6,0.25,0.5,,0.26179498727581885,0.3447994592829365,0.4500969822229711,0.4629713418620606,0.5484066591835746,0.48330712122590735
13,1,50.0,6,0.25,0.5,,0.28951723759258086,0.3372324093070206,0.46048884405142765,0.46124109038924815,0.5361770437446036,0.49698528576766154
13,1,51.0,6,0.25,0.5,,0.2924690275257903,0.3308630779745543,0.4770319584273996,0.4650390647311601,0.5589141073916273,0.4922647598605493
13,1,52.0,6,0.25,0.5,,0.2924878895720648,0.3386245811047338,0.46572599289019323,0.4959993559628565,0.5877076388049493,0.49402874402904307
13,1,53.0,6,0.25,0.5,,0.26074252052597374,0.3425335621694667,0.44946227419381335,0.4921725265113758,0.5826587343461321,0.4937138615015734
13,1,54.0,6,0.25,0.5,,0.28577618133597854,0.32861980898673576,0.46039573254479416,0.481980192707664,0.545495769366819,0.5196891334951648
13,1,55.0,6,0.25,0.5,,0.286242107253587,0.34958665764277663,0.4519910695463626,0.4975444633058016,0.5267173728632424,0.5027419620989251
13,1,56.0,6,0.25,0.5,,0.2900355675155011,0.34530515108247384,0.43112163981171214,0.49810617034438864,0.5287158805207166,0.5542895358631489
13,1,57.0,6,0.25,0.5,,0.31455984916471064,0.3603228265797197,0.4266081693656022,0.4862685569426263,0.5091197232903163,0.5146919578714148
13,1,58.0,6,0.25,0.5,,0.3218504729771988,0.3547082234325559,0.45285294624164135,0.49425513320140163,0.5155046208104754,0.542725719465771
13,1,59.0,6,0.25,0.5,,0.33226748818664087,0.35422249331893324,0.47362460818676466,0.49427540340310355,0.5268144185927499,0.4883628356753221
13,1,60.0,6,0.25,0.5,,0.2939501000680157,0.34511502606624184,0.46583673686163535,0.4617712120534453,0.5115149070876254,0.48157585100000444
13,1,61.0,6,0.25,0.5,,0.26904566246889566,0.3344695225331775,0.4639740810848497,0.4962161130522196,0.5102230933916436,0.5210787634252506
13,1,62.0,6,0.25,0.5,,0.2573933439418595,0.32697509210926834,0.4536982789878259,0.469481204096185,0.5306953621811994,0.5179384375298062
13,1,63.0,6,0.25,0.5,,0.24077308720619114,0.3435468884473222,0.4619265921285603,0.44397476441815326,0.5191780012715667,0.5331799321355833
13,1,64.0,6,0.25,0.5,,0.24561708367120877,0.3496753742501407,0.4451070628713403,0.4574111910285309,0.5180562910169179,0.5655352802596949
13,1,65.0,6,0.25,0.5,,0.2619256054868311,0.34070253065341183,0.43285324578668616,0.4488837901305214,0.5389974110925037,0.5096885185647886
13,1,66.0,6,0.25,0.5,,0.2514979576306341,0.3481066406218457,0.4308762915226455,0.47033165891027445,0.5276796479759616,0.5181532232517915
13,1,67.0,6,0.25,0.5,,0.2656262905800202,0.36110638706878856,0.47330689320441444,0.44666144917271733,0.5227829642550406,0.48321479847470206
13,1,68.0,6,0.25,0.5,,0.26002256970643267,0.341908877895051,0.4990797902490053,0.4641923497116441,0.4996780679344421,0.4949240945676676
13,1,69.0,6,0.25,0.5,,0.270786203888148,0.3250323475242071,0.4717388232756797,0.47831302051632196,0.5034962813404299,0.526423970392976
13,1,70.0,6,0.25,0.5,,0.27096644790226365,0.32871477969996293,0.4916550518812737,0.507229175145776,0.5199158282203615,0.5216956160346629
13,1,71.0,6,0.25,0.5,,0.25990826884093265,0.3629972373310192,0.4860918993737101,0.49836318605449914,0.5008189656462718,0.5270302972945553
13,1,72.0,6,0.25,0.5,,0.26909291183134865,0.34800558660430325,0.44557718505616367,0.5026958881549761,0.535050240961892,0.49279478542769706
13,1,73.0,6,0.25,0.5,,0.26874292026354435,0.3562564883256858,0.43033757150187846,0.4735079428009638,0.5340485811926298,0.49101446016402467
13,1,74.0,6,0.25,0.5,,0.266569367531985,0.37285400519602946,0.44215916273441425,0.47081622493195646,0.5284680884460978,0.5536354096267322
13,1,75.0,6,0.25,0.5,,0.2669812132681299,0.35906609076650514,0.4593708719248032,0.4663011711103383,0.534677458176804,0.5239784673262723
13,1,76.0,6,0.25,0.5,,0.2740747860565512,0.365173449150232,0.46659740412365946,0.4541042394922221,0.5495465777892307,0.5269885735400454
13,1,77.0,6,0.25,0.5,,0.2684138262504995,0.34840178476953443,0.4528000381620864,0.47205508274324764,0.561093555815635,0.5424096036189061
13,1,78.0,6,0.25,0.5,,0.27148309646667496,0.37542252246755775,0.46578496142961273,0.48279646228386514,0.5545864161813563,0.5141450281824866
13,1,79.0,6,0.25,0.5,,0.2608729105440811,0.40294483366416706,0.4623438683830365,0.503436210342612,0.515555400210603,0.5027760479635272
13,1,80.0,6,0.25,0.5,,0.268488463779377,0.3780961536536656,0.45703824379328417,0.4914130026932999,0.46528960132583724,0.5456527635925464
13,1,81.0,6,0.25,0.5,,0.27192383401302794,0.35588219737090787,0.4581411492638985,0.46734665322632035,0.4924999468948773,0.4736224847103864
13,1,82.0,6,0.25,0.5,,0.26894443213616637,0.3492606602192027,0.4714500153056558,0.4732914682165024,0.4500214956940797,0.4224117018921449
13,1,83.0,6,0.25,0.5,,0.2822708956376789,0.3414438059733183,0.49235736399153496,0.4614601273100508,0.5195494532409995,0.3886334800991067
13,1,84.0,6,0.25,0.5,,0.2764612835709154,0.361457414653443,0.48648757339901183,0.48537390064337,0.5197312992759378,0.422784262073914
13,1,85.0,6,0.25,0.5,,0.2570917283089799,0.39286832745209144,0.4546697263354382,0.4860947753077163,0.5450185790045993,0.43971946180726035
13,1,86.0,6,0.25,0.5,,0.2729633782874205,0.3831380538010799,0.4523360357423936,0.47363936071084156,0.5624661467804296,0.5069106309407702
13,1,87.0,6,0.25,0.5,,0.2766996736448174,0.3856239812801242,0.44852785670851214,0.4805359649276121,0.5461304808836889,0.5626488103408434
13,1,88.0,6,0.25,0.5,,0.28864356236722,0.388808088781685,0.46511669471287365,0.45888024482595896,0.5275062084544913,0.5182956106370826
13,1,89.0,6,0.25,0.5,,0.2719758370844467,0.40729461164636876,0.4695393471261754,0.4900030969163155,0.519422717812223,0.5147368257737804
13,1,90.0,6,0.25,0.5,,0.2814481865747482,0.40999739582474143,0.47975175900943395,0.49275360062945434,0.49918640615934873,0.45178946061902436
13,1,91.0,6,0.25,0.5,,0.257237590763788,0.40017209902104456,0.47621164527484705,0.4791894965144536,0.4764824606070498,0.4438746452674779
13,1,92.0,6,0.25,0.5,,0.26944852342761066,0.385386514988316,0.47113615693375077,0.5026065963881234,0.48742035057459343,0.41353614383343007
13,1,93.0,6,0.25,0.5,,0.29085426569148554,0.3711355124233616,0.4850131794107586,0.5258880599800617,0.4885788588523508,0.46468742960889314
13,1,94.0,6,0.25,0.5,,0.2912633318917592,0.3528460030076896,0.4779342119390497,0.4995381238743753,0.5048719364832002,0.4271472302725221
13,1,95.0,6,0.25,0.5,,0.2952997854949205,0.34042894962649534,0.4558670255112065,0.511431539925417,0.5306626025735894,0.4653554485037096
13,1,96.0,6,0.25,0.5,,0.286925884467002,0.33818941482183557,0.44648737429756447,0.5466762047195519,0.5192603666769255,0.4440793040054568
13,1,97.0,6,0.25,0.5,,0.2709651297231596,0.32797483600690963,0.4329146326232694,0.5335169557242964,0.49600168535930445,0.4522285900955339
13,1,98.0,6,0.25,0.5,,0.2650891072959615,0.3554448684991568,0.4379943946911382,0.5288697224703152,0.4689651677204211,0.47242643006013685
13,1,99.0,6,0.25,0.5,,0.2560050351854067,0.3694136295950031,0.415064486014905,0.5169485509107384,0.45953618721948564,0.45268795388798866
13,1,100.0,6,0.25,0.5,,0.2679867361118758,0.3814011939321075,0.43145722609578485,0.5041674717673155,0.4606282734851833,0.4751767822209933
14,1,21.0,6,0.25,0.9,,0.19118049045846464,0.3097343813437209,0.33558004723326007,0.4008926392561145,0.44754342680834,0.4129236779863416
14,1,22.0,6,0.25,0.9,,0.21036040567197484,0.2929710926977501,0.36518037186832963,0.3874585472923156,0.41390782234334295,0.4374174719577847
14,1,23.0,6,0.25,0.9,,0.2036556285909566,0.2926434352612072,0.36567435551856076,0.39478369491900894,0.40551528510150237,0.389198691016318
14,1,24.0,6,0.25,0.9,,0.19869604467036842,0.2910328729064173,0.39907590921562014,0.368230519046045,0.4022277248241026,0.4513589528130543
14,1,25.0,6,0.25,0.9,,0.1825216781817978,0.3064005535155609,0.4052457878176255,0.3481386594177255,0.4010899743303827,0.46651180129719744
14,1,26.0,6,0.25,0.9,,0.16357751532347006,0.30532426177112426,0.3911392921421269,0.3742215333315798,0.4037024943833908,0.5115979851952168
14,1,27.0,6,0.25,0.9,,0.1631069817425949,0.28355140993084604,0.3910968573285115,0.3945150361064734,0.3824067561159873,0.5064858099089061
14,1,28.0,6,0.25,0.9,,0.19327832347629578,0.28948752059672395,0.39085975070401996,0.4169077577093795,0.39832804622278417,0.5206665525339615
14,1,29.0,6,0.25,0.9,,0.18506739443854764,0.309937653493333,0.3583051838881453,0.43081962611748176,0.42907533833165995,0.5491166577082311
14,1,30.0,6,0.25,0.9,,0.20390848280384125,0.300375300849057,0.37076333550716334,0.4385432567275071,0.433985213584364,0.5375527689461788
14,1,31.0,6,0.25,0.9,,0.18965574542720837,0.3125005183310825,0.3750737947046725,0.4446846603062006,0.4169049700424834,0.5731937131987952
14,1,32.0,6,0.25,0.9,,0.18700834747644618,0.31997795492133096,0.37610086921205116,0.4066232230212612,0.4083486640018603,0.5657883671254746
14,1,33.0,6,0.25,0.9,,0.1839385196715416,0.3401178313133256,0.37362208903435823,0.4021160502841797,0.4144201395049764,0.5526310780696423
14,1,34.0,6,0.25,0.9,,0.2020549317042959,0.3354209203569731,0.3863835985613511,0.37809375124515,0.43181812040305845,0.5241280045667926
14,1,35.0,6,0.25,0.9,,0.23012884738866385,0.32582468929951997,0.3720069314976072,0.37713936185716584,0.4348142290783302,0.5390305755208378
14,1,36.0,6,0.25,0.9,,0.22074669725736457,0.3272726249335325,0.38753901561303533,0.38825207797718336,0.4102385768459217,0.5313983052750222
14,1,37.0,6,0.25,0.9,,0.21567125749511074,0.3266174203627482,0.36132768988831016,0.4070983491501634,0.40244377160984957,0.53934482763121
14,1,38.0,6,0.25,0.9,,0.199871175396173,0.33162343590364757,0.3413863804304264,0.392017868303623,0.4123297498897672,0.5189239227553817
14,1,39.0,6,0.25,0.9,,0.19795787685945126,0.32601568027574246,0.3663568745101363,0.39579434260683094,0.3917544530397741,0.5175410411781127
14,1,40.0,6,0.25,0.9,,0.1879016272398689,0.3306823229034239,0.34022400462501945,0.3930891002472386,0.37564611898879463,0.5185168587648825
14,1,41.0,6,0.25,0.9,,0.18375520283519725,0.32938961851843807,0.3706166922041266,0.38504910813199533,0.396632891011108,0.5198193686380099
14,1,42.0,6,0.25,0.9,,0.18819918799420757,0.3570399854606528,0.38657617233912644,0.37565735173948456,0.35687237586622744,0.5128095722433922
14,1,43.0,6,0.25,0.9,,0.20266613190083788,0.3371579844393451,0.40349565021767386,0.39000596300369855,0.3841063322848323,0.5262085553585747
14,1,44.0,6,0.25,0.9,,0.2010406560843782,0.35335712476100783,0.4238472186060093,0.3907448419110471,0.35371168723307667,0.4797638496133059
14,1,45.0,6,0.25,0.9,,0.18611725793772144,0.3278454946280144,0.4200759141908854,0.39461627430268514,0.3952518929181603,0.44633040246760525
14,1,46.0,6,0.25,0.9,,0.1783436682541759,0.3204519017832842,0.39651377888504624,0.3931807677463747,0.398011602767698,0.4183113197066497
14,1,47.0,6,0.25,0.9,,0.2036739386985408,0.31896232677300457,0.38195226518013736,0.39021974774983087,0.41413767604739393,0.4540933187625873
14,1,48.0,6,0.25,0.9,,0.17909750094876725,0.322278023340559,0.41257344501091664,0.3948981378237937,0.4022275242532385,0.4861327865590422
14,1,49.0,6,0.25,0.9,,0.19027459895784385,0.32052146491117217,0.3990914612905441,0.3979021228092171,0.4087993621153849,0.5014858840558294
14,1,50.0,6,0.25,0.9,,0.17624640446061,0.3373732064747695,0.3801220336149079,0.3905057460885241,0.41016329421063535,0.5141417826348504
14,1,51.0,6,0.25,0.9,,0.16012228526469077,0.3216956049748215,0.3676479093415452,0.3815172170486246,0.4117897361953816,0.5104594117817394
14,1,52.0,6,0.25,0.9,,0.16134644041784849,0.30848285583662943,0.38173229037873924,0.4146308912854463,0.4305772456300513,0.5488163283413579
14,1,53.0,6,0.25,0.9,,0.18109359864944702,0.3087230630442877,0.4093039843924937,0.3877248002420782,0.4546631187482252,0.5422966180889033
14,1,54.0,6,0.25,0.9,,0.16468220307181997,0.3181494390980732,0.4072177215705607,0.38677826132451,0.47197603725216214,0.5391267410347945
14,1,55.0,6,0.25,0.9,,0.17738309317007067,0.28989459364166204,0.39551021662986646,0.3989353654498723,0.5122234234127859,0.5258497603224823
14,1,56.0,6,0.25,0.9,,0.1609656925093194,0.3231365801330174,0.401828462600029,0.40900866059488133,0.45972499008144163,0.5042502391847913
14,1,57.0,6,0.25,0.9,,0.1934636834731791,0.33367685477296416,0.39414229230847375,0.39567311590760396,0.4576747758410037,0.4685338413911273
14,1,58.0,6,0.25,0.9,,0.2064201038485908,0.31615768247647036,0.3962182169991163,0.38971072954641645,0.4444413689814642,0.501969725178038
14,1,59.0,6,0.25,0.9,,0.22048418530963296,0.29242733410644967,0.40183132131245786,0.3819771933872014,0.42191386186713886,0.5041243269101505
14,1,60.0,6,0.25,0.9,,0.20074013170579558,0.3112826679390907,0.3911245926332077,0.40070509459175685,0.4175413942354792,0.5134243324784653
14,1,61.0,6,0.25,0.9,,0.1840012381996525,0.31224376072912,0.38335631909758505,0.3997075706442403,0.43977998172480987,0.5026037740130456
14,1,62.0,6,0.25,0.9,,0.18639592796937132,0.3288582530863974,0.3892716318462443,0.39628861118285585,0.4312869256294795,0.46648307234464487
14,1,63.0,6,0.25,0.9,,0.19852180892975804,0.32807795121905603,0.37929402167262444,0.3839178941930096,0.42880595387913123,0.43444082423024544
14,1,64.0,6,0.25,0.9,,0.2031613615421902,0.3147436653794702,0.3509399626273177,0.42527742986745354,0.45224999198816074,0.46903397679355263
14,1,65.0,6,0.25,0.9,,0.2014599880465297,0.32233438603336323,0.3613807829479471,0.44229503356318267,0.42771637119313244,0.49293541067609475
14,1,66.0,6,0.25,0.9,,0.21113048940967777,0.3063784759896919,0.3651209028860266,0.4365494419861221,0.45487201858623116,0.500795582410943
14,1,67.0,6,0.25,0.9,,0.19519895247667057,0.305074706132523,0.3770317213442464,0.42436439075195553,0.42225596517769526,0.49631673881925725
14,1,68.0,6,0.25,0.9,,0.20344698184783438,0.30375876223287024,0.3808696623458919,0.3881131813746916,0.4409970428056327,0.47232686397943857
14,1,69.0,6,0.25,0.9,,0.21073981473534792,0.3087294650790796,0.3805434260578482,0.38614861268890116,0.4579002787526413,0.51012959777284
14,1,70.0,6,0.25,0.9,,0.2140425397788504,0.31681866666110026,0.3781371295338053,0.3697464456951713,0.4423205322328817,0.49624415056977844
14,1,71.0,6,0.25,0.9,,0.20655586029956163,0.31285472755181265,0.391327506953648,0.36748685940119297,0.4426197298714287,0.47442928769871867
14,1,72.0,6,0.25,0.9,,0.18844279268562783,0.3276584883141916,0.3852395583517176,0.3705791973648257,0.42051445404266075,0.45311984598333577
14,1,73.0,6,0.25,0.9,,0.19552866270026997,0.35078746487433843,0.37621614944684334,0.3878459470120471,0.4325969294293941,0.4353582394482599
14,1,74.0,6,0.25,0.9,,0.22992656409396844,0.3309410509520862,0.3538194999679786,0.3936014249360611,0.41488158649917795,0.42213828061147785
14,1,75.0,6,0.25,0.9,,0.22421546397844705,0.34368417732133594,0.3639333925845782,0.39432982964989327,0.4266216325424953,0.41768413690239214
14,1,76.0,6,0.25,0.9,,0.21101579434895873,0.3366780223457676,0.37041897767985016,0.37928195239735146,0.42891661728306935,0.42913649285717864
14,1,77.0,6,0.25,0.9,,0.19679387369871,0.34452821936502503,0.38358784705375387,0.33454937393898765,0.454496296141022,0.4206474725982209
14,1,78.0,6,0.25,0.9,,0.18301419632399474,0.3220448362977467,0.3803678240159207,0.35333651894320695,0.4856811300087733,0.40776664056372247
14,1,79.0,6,0.25,0.9,,0.1715574301858499,0.33382856303046193,0.4039895864726432,0.3382824202968835,0.43857444716806226,0.3921887867084147
14,1,80.0,6,0.25,0.9,,0.17396419481366468,0.3259660003784493,0.3947747101503104,0.36399930693449495,0.4517502178734051,0.40257258723882783
14,1,81.0,6,0.25,0.9,,0.19022886344167958,0.30941642848065865,0.37796688497860564,0.34190618660388766,0.4475630782717568,0.433025536466263
14,1,82.0,6,0.25,0.9,,0.17418642569316378,0.3236388091158556,0.3812939349779422,0.35444554362108044,0.48204465222402976,0.44599215466334713
14,1,83.0,6,0.25,0.9,,0.17168742361172196,0.3114273697628081,0.3895986309400353,0.3722730349483919,0.4361722768680093,0.4718608014823714
14,1,84.0,6,0.25,0.9,,0.16338796544434586,0.29907198718700184,0.4006282181390285,0.352472739254873,0.43165493759279033,0.5282498870333574
14,1,85.0,6,0.25,0.9,,0.18072019360854058,0.29266510951596836,0.3865162932215278,0.3472882726595815,0.4151293705204012,0.5066292690593353
14,1,86.0,6,0.25,0.9,,0.17606456329608283,0.3045715046315292,0.364054301213865,0.3468146980039417,0.4129064782390027,0.5070469599238754
14,1,87.0,6,0.25,0.9,,0.1783705113073436,0.32486245664761493,0.36341659872357335,0.37971356559558483,0.39549638147177313,0.5251058253665715
14,1,88.0,6,0.25,0.9,,0.16753275948938826,0.3186084171535655,0.3544037270832536,0.3963436815842501,0.37706508546118295,0.5027908298625903
14,1,89.0,6,0.25,0.9,,0.16667814981411766,0.3068971842048722,0.3585360147623117,0.38807568530858827,0.3456425565705909,0.5149533431791277
14,1,90.0,6,0.25,0.9,,0.15938105321990909,0.2995550392247443,0.3631568865581943,0.40451557295286006,0.326892946482638,0.5165784680604973
14,1,91.0,6,0.25,0.9,,0.16460981497815194,0.3000497753429225,0.34975743452834024,0.4081526285249543,0.38292769074464555,0.5005294857274184
14,1,92.0,6,0.25,0.9,,0.180747047513174,0.30656498159091344,0.3428743863218294,0.4057088040123774,0.37723481418734944,0.5062839840152382
14,1,93.0,6,0.25,0.9,,0.18345316857433638,0.30955066779466844,0.3290652682776469,0.4202783322390132,0.3605745325501136,0.5172797351781657
14,1,94.0,6,0.25,0.9,,0.17078632620320214,0.3241172252676896,0.346318369018615,0.41292838912393465,0.3896709750081033,0.5085230738754107
14,1,95.0,6,0.25,0.9,,0.18293471858048338,0.31642460162017283,0.3635752751177295,0.42222614065431224,0.41920897412920677,0.488687858829363
14,1,96.0,6,0.25,0.9,,0.18262868946749453,0.306821705122317,0.3909370609463382,0.4272997235221716,0.4223988329835285,0.4872747127449135
14,1,97.0,6,0.25,0.9,,0.17821193311829986,0.30147576314647223,0.36579459461910135,0.4140052338543188,0.4327920955159527,0.46805790180551304
14,1,98.0,6,0.25,0.9,,0.181105544547769,0.30671782800010466,0.38192937938695404,0.38977580838821113,0.40001580427706707,0.5017452130256455
14,1,99.0,6,0.25,0.9,,0.18078198166567425,0.30558842458570823,0.389619693325718,0.42533616307782224,0.3834402158529862,0.4780375972938914
14,1,100.0,6,0.25,0.9,,0.2074813565887405,0.3265300238876521,0.37112154116803214,0.4336919385857209,0.4135480898287905,0.4487014095997547
15,1,21.0,6,0.5,0.0,,0.27368306996155634,0.4852086986442597,0.617909198169248,0.6002329202003223,0.5871567254098153,0.5026958439885508
15,1,22.0,6,0.5,0.0,,0.2709748257932907,0.47381352501006313,0.6617614093768933,0.6131049166944157,0.5572498715468247,0.5107267572861207
15,1,23.0,6,0.5,0.0,,0.2707899122704392,0.44971456014064015,0.6228902644479706,0.6248025467135891,0.5427894932127257,0.5129935397974077
15,1,24.0,6,0.5,0.0,,0.28071241393652746,0.466409087704292,0.6092892873328686,0.6104501187122519,0.5465061209255853,0.5134727692559677
15,1,25.0,6,0.5,0.0,,0.2490279747597924,0.45205758709600435,0.5931186357565259,0.6206436824238477,0.5394828010101732,0.4990678315430667
15,1,26.0,6,0.5,0.0,,0.25711467945141114,0.4087290423868109,0.5656185153717392,0.6133094872465291,0.5287228399480046,0.49061639159967746
15,1,27.0,6,0.5,0.0,,0.24541017167343257,0.4429846068091544,0.5476042547127706,0.5770964784030239,0.52262605743699,0.522300633239879
15,1,28.0,6,0.5,0.0,,0.2854543909698949,0.43801220852039646,0.5353826580862233,0.5707096722666872,0.5597636465554118,0.5966861355648473
15,1,29.0,6,0.5,0.0,,0.3008474448330837,0.46329539102456785,0.5198744668245979,0.5626198431250992,0.5429619213134176,0.5801809385574602
15,1,30.0,6,0.5,0.0,,0.2949360718315446,0.4281876667660359,0.5071675887713479,0.5596112620251115,0.5722502704350081,0.5453877024322669
15,1,31.0,6,0.5,0.0,,0.2981393534578732,0.42145059379964567,0.537242025798633,0.5491531076382882,0.606817855652406,0.5110319478269416
15,1,32.0,6,0.5,0.0,,0.31524597664387743,0.40741116563143487,0.5552214434559233,0.5591842063307727,0.6055384464330821,0.5540496017604405
15,1,33.0,6,0.5,0.0,,0.3192359593094587,0.405549501008287,0.5087733802768253,0.5316824575395886,0.6094995603291309,0.5689555251766014
15,1,34.0,6,0.5,0.0,,0.36470408603294496,0.4552486393970797,0.5480535902192926,0.5147562286908005,0.5867203774138552,0.5410872281897383
15,1,35.0,6,0.5,0.0,,0.37215473327518545,0.4435465302724163,0.5364096124354687,0.5087301433650814,0.5757857364686586,0.5052314730327999
15,1,36.0,6,0.5,0.0,,0.3632646065377864,0.4711325110876543,0.5003936827749057,0.5338181149860091,0.6133993771362627,0.5120753601337792
15,1,37.0,6,0.5,0.0,,0.3688929942379279,0.5150935874545748,0.49864606607193657,0.6024327476636238,0.5999579094591914,0.4626132592216615
15,1,38.0,6,0.5,0.0,,0.38654751770363127,0.5482534043694715,0.526322754206292,0.5877024989354765,0.5857729948805045,0.49570497160678284
15,1,39.0,6,0.5,0.0,,0.4000831768305642,0.5396932187066252,0.5027794114284977,0.5910077758844628,0.5295924910982439,0.481196273014335
15,1,40.0,6,0.5,0.0,,0.3883224053813898,0.5302308433959283,0.546078447849222,0.5997500076188427,0.5173177154953714,0.5047687863079315
15,1,41.0,6,0.5,0.0,,0.39275289318349815,0.502991601718082,0.5484132692713146,0.5784742220725984,0.5002691717801723,0.4934943262589968
15,1,42.0,6,0.5,0.0,,0.3704418318007273,0.5095413136657183,0.5496797627706271,0.5503622219922898,0.5396127048638527,0.5392812871960913
15,1,43.0,6,0.5,0.0,,0.32733633177563576,0.46110124024634114,0.5967490581763059,0.5703931491632144,0.5700757657984803,0.531873942845546
15,1,44.0,6,0.5,0.0,,0.30950763627702027,0.4828318152422815,0.6005901293554822,0.6193158357516599,0.56991005921863,0.4896679392572441
15,1,45.0,6,0.5,0.0,,0.32300640967554417,0.4449152799302408,0.6034947652669982,0.595659635635995,0.6017626282470726,0.4803057561481273
15,1,46.0,6,0.5,0.0,,0.32195052632621024,0.42538188642021624,0.5679857249760091,0.5828638081792994,0.5605269036388185,0.5126919014886576
15,1,47.0,6,0.5,0.0,,0.3263544537664509,0.4437913499305911,0.5211339886049469,0.5525335202472177,0.5662151967255562,0.4827089130131127
15,1,48.0,6,0.5,0.0,,0.31311512248484197,0.42514425166387804,0.5503773072257194,0.5629267337571202,0.5547742901995831,0.4794662627185077
15,1,49.0,6,0.5,0.0,,0.31656872508910844,0.44251457258520216,0.5621268797255776,0.5731736617079162,0.5534030414393356,0.493612318513691
15,1,50.0,6,0.5,0.0,,0.322234292580344,0.43306916515646005,0.5999059937421004,0.5322468291850739,0.540334248852448,0.4614439740716178
15,1,51.0,6,0.5,0.0,,0.33252593910926603,0.43921311133832336,0.5985365247612628,0.5510633042843529,0.5680760390042126,0.45448897793249576
15,1,52.0,6,0.5,0.0,,0.32632463101099374,0.473203185988153,0.6029330170788649,0.5935183696927586,0.5355225114664546,0.47984738112772474
15,1,53.0,6,0.5,0.0,,0.30645802039771736,0.4933638985727133,0.5753228436047408,0.5960387439993828,0.5424614108241903,0.44608970352986876
15,1,54.0,6,0.5,0.0,,0.3184346050841141,0.472310101675271,0.5800086655267827,0.6122020566215501,0.5630958147877212,0.4580198468342515
15,1,55.0,6,0.5,0.0,,0.3191867903968008,0.4583077024747938,0.6167537792125873,0.6018480940599472,0.5749065419931599,0.489853974074187
15,1,56.0,6,0.5,0.0,,0.3451824434691478,0.48627612516346225,0.5503190223306421,0.603722000094449,0.5570450706880952,0.5145938532750168
15,1,57.0,6,0.5,0.0,,0.32091222328609786,0.5320968697431281,0.5169238901988847,0.592785438617809,0.5547067740382058,0.5067756411268594
15,1,58.0,6,0.5,0.0,,0.30047169802448453,0.5329590279275198,0.5431710775198445,0.58080707707035,0.5608762387222097,0.5306348596982347
15,1,59.0,6,0.5,0.0,,0.30252294468669333,0.5377462751417396,0.5413127556628278,0.6010396001905302,0.615068484431359,0.4784224076173973
15,1,60.0,6,0.5,0.0,,0.2834437859503628,0.5279007485786902,0.5458857925121171,0.5836845065522921,0.6016302635182288,0.4307715279646698
15,1,61.0,6,0.5,0.0,,0.31326115782300834,0.508682209482703,0.5687398863337567,0.5677201649672697,0.6263370761128718,0.44380015168662235
15,1,62.0,6,0.5,0.0,,0.2898936300840298,0.511536439244049,0.5770027905492464,0.5257447500929952,0.6021964075872515,0.4734359496594286
15,1,63.0,6,0.5,0.0,,0.3005902373021992,0.5288697234126138,0.5706609813751254,0.5460873411352738,0.6069588283426394,0.500173804186214
15,1,64.0,6,0.5,0.0,,0.3071571184985749,0.5367045781284825,0.5937596065695745,0.5490601458000639,0.6226592227362819,0.5451695755677208
15,1,65.0,6,0.5,0.0,,0.335460751685554,0.5277231373203615,0.6103845459690124,0.5171728883551802,0.5995459263943497,0.5244115502569807
15,1,66.0,6,0.5,0.0,,0.34268790410112593,0.5012965547688802,0.6033870063622117,0.524728478224261,0.5956418810608889,0.5247629191623359
15,1,67.0,6,0.5,0.0,,0.3308891185325439,0.5275211463006108,0.547827564507653,0.5350466916306722,0.6085361191067078,0.5474635575083397
15,1,68.0,6,0.5,0.0,,0.28915274535587254,0.5197083704095142,0.5164909539157971,0.5668421622744246,0.6213596543643878,0.5365418209176152
15,1,69.0,6,0.5,0.0,,0.3062317953942113,0.539632377173539,0.5267694517238668,0.6005398420158397,0.6080458629449607,0.5321612121722072
15,1,70.0,6,0.5,0.0,,0.2838714892363391,0.5284830487604294,0.5443191285363975,0.6108544257558015,0.6130686171700116,0.5467447855156757
15,1,71.0,6,0.5,0.0,,0.2738799763928854,0.5107316128673157,0.5745986748635976,0.6196789981484356,0.6023284525324254,0.5404411122443024
15,1,72.0,6,0.5,0.0,,0.2622832990720141,0.5193722863447295,0.5803619042009667,0.626194941707909,0.6316227785836128,0.5614728494956419
15,1,73.0,6,0.5,0.0,,0.2980503780633624,0.5275950756412798,0.5883874360425184,0.6669909228779871,0.6129979587412031,0.5683834171924002
15,1,74.0,6,0.5,0.0,,0.2859895014305477,0.5443700339606783,0.5888905739229493,0.6476305422837685,0.5718611334884762,0.5255586838884383
15,1,75.0,6,0.5,0.0,,0.2707425799174875,0.5518237803060047,0.5802151451044631,0.6228528510475416,0.546110844499679,0.5821504404846036
15,1,76.0,6,0.5,0.0,,0.2933785279229402,0.5344622557230718,0.5618880216000295,0.6275753842473839,0.5381331703315054,0.5916201289599475
15,1,77.0,6,0.5,0.0,,0.2919340803955275,0.5289282068403323,0.5847054158305565,0.589149266057057,0.5498353550914505,0.5532469165582812
15,1,78.0,6,0.5,0.0,,0.27946784314655415,0.5277531305877524,0.5732941633009929,0.6307918091308731,0.5914354802599655,0.5425975332466251
15,1,79.0,6,0.5,0.0,,0.26337420678225326,0.5227921975607979,0.5590688402772831,0.6412732506417964,0.5433190606300767,0.5391646776718608
15,1,80.0,6,0.5,0.0,,0.2930657874089288,0.5261069159526993,0.5547268815769775,0.6249574858594535,0.5054588191551898,0.49513960808677987
15,1,81.0,6,0.5,0.0,,0.2824887434284197,0.5263887409239861,0.5402125704146453,0.6266581565308719,0.5182997357298251,0.4799263824764711
15,1,82.0,6,0.5,0.0,,0.2991921184844653,0.5221607345014844,0.5437982790417961,0.6500675936192333,0.5547745397005208,0.5039411059811768
15,1,83.0,6,0.5,0.0,,0.31660300681440073,0.49227832648629954,0.5604144616218292,0.6215731439710386,0.5616828194982832,0.4804841183772714
15,1,84.0,6,0.5,0.0,,0.30219293245030554,0.47056146117281583,0.5439109252244909,0.6125095714277731,0.5106446047430082,0.4716822500176729
15,1,85.0,6,0.5,0.0,,0.3308128868830581,0.5059537990059397,0.5418095908496097,0.6355363690038447,0.5031005942658323,0.49102938514507166
15,1,86.0,6,0.5,0.0,,0.325601229823718,0.4928234405840972,0.553359435829469,0.6305081551035386,0.5577425369623509,0.4491758016181725
15,1,87.0,6,0.5,0.0,,0.32052557540807447,0.46617895419229205,0.574065211102598,0.6479678444496627,0.5586041107881932,0.4577759673115935
15,1,88.0,6,0.5,0.0,,0.3064123882863137,0.5010542676475407,0.5407845933191691,0.6180162341717663,0.5654737931530869,0.4915040732725523
15,1,89.0,6,0.5,0.0,,0.32542775517582084,0.5054924362720697,0.5388393829303485,0.6115147967584774,0.5443679884166043,0.5408689415396656
15,1,90.0,6,0.5,0.0,,0.32398351953269017,0.5073142433812754,0.5486015047898396,0.6116552099961039,0.5102916935919969,0.5304875841821564
15,1,91.0,6,0.5,0.0,,0.3309344574851174,0.5155635352237747,0.5618393259321837,0.6215467561838768,0.5137882191978786,0.4782068414153543
15,1,92.0,6,0.5,0.0,,0.3177864762861097,0.5307828069936467,0.567248183291287,0.6568952495000984,0.5415424977588317,0.4841451727828881
15,1,93.0,6,0.5,0.0,,0.3445277678508507,0.523998767759355,0.5524430679910766,0.6578148594219203,0.5085937645166444,0.49676830055435806
15,1,94.0,6,0.5,0.0,,0.33270712401985236,0.5211408029381871,0.5548734807751383,0.6383983503018669,0.4959547519746653,0.5233444147761908
15,1,95.0,6,0.5,0.0,,0.3147920840518453,0.49542251434180906,0.5294322528862169,0.6012838898011037,0.5159939856203055,0.5217474231838867
15,1,96.0,6,0.5,0.0,,0.2975871743650088,0.4958036604871484,0.5157021303296541,0.5685833688563571,0.5306378388186754,0.5346439848697916
15,1,97.0,6,0.5,0.0,,0.3000826482707354,0.48793507826091964,0.563487329207092,0.5632720133706871,0.5499442898428942,0.5166418547846436
15,1,98.0,6,0.5,0.0,,0.2956918687797282,0.4576336058946602,0.5803130835533097,0.5988488080257274,0.5753336191139626,0.5533016472471513
15,1,99.0,6,0.5,0.0,,0.27681509803522547,0.48359400055023166,0.5991012380847741,0.5658953445263694,0.5337579435247187,0.5470145565861857
15,1,100.0,6,0.5,0.0,,0.2982996562972352,0.4861176453587726,0.6034680417312475,0.5594641751319036,0.5286105341510903,0.4972864343615876
16,1,21.0,6,0.5,0.5,,0.250974352688854,0.3780291441924957,0.47766725175962854,0.48015220252161883,0.46742069898974953,0.562508195894228
16,1,22.0,6,0.5,0.5,,0.2606812142144486,0.3539789176357654,0.476247892854128,0.5050723685574989,0.4622805534122844,0.5459680699853393
16,1,23.0,6,0.5,0.5,,0.23690309516446978,0.378743170361883,0.4567276829375676,0.5227184726805472,0.4942133036463051,0.5358684819883881
16,1,24.0,6,0.5,0.5,,0.2733460371198147,0.3426697381378585,0.4542476705995684,0.48501467804261617,0.5007288277621749,0.5196859876114828
16,1,25.0,6,0.5,0.5,,0.2957726364720504,0.357289734794008,0.4804997978288035,0.49705745350241004,0.5064826483847983,0.5157487900891863
16,1,26.0,6,0.5,0.5,,0.28285290537620017,0.3690611466724056,0.46230775655399386,0.49709719081888615,0.48737922292893093,0.4700911439389054
16,1,27.0,6,0.5,0.5,,0.2921553624236612,0.35172893381089315,0.4330185412283062,0.4698695116284924,0.4273294309152596,0.45478952791389127
16,1,28.0,6,0.5,0.5,,0.26561356421263066,0.3720999656163412,0.42891074671114626,0.49653262663241976,0.44328021539935936,0.48192454087987224
16,1,29.0,6,0.5,0.5,,0.2488199135899289,0.3451656866928636,0.45312609393322684,0.4868658732133942,0.4660994793062169,0.45068142905983477
16,1,30.0,6,0.5,0.5,,0.26986529714983987,0.3502259605998207,0.4698167763313467,0.45561049181139773,0.5095163081264797,0.4369371000540673
16,1,31.0,6,0.5,0.5,,0.3097528050469509,0.39796377706688063,0.444905395513658,0.43715518662875674,0.4697978076012276,0.4214113818920393
16,1,32.0,6,0.5,0.5,,0.33907007235115155,0.39781959670752903,0.44359395624225473,0.42029765401200664,0.4805581484735562,0.4976403697269637
16,1,33.0,6,0.5,0.5,,0.3335384583649816,0.39094115003193625,0.42924067769216245,0.4481829841976782,0.48907254579429515,0.5153930570094676
16,1,34.0,6,0.5,0.5,,0.2784709496397729,0.36954050695325236,0.4491448687892873,0.4740150595538948,0.49234921105072704,0.555699290546885
16,1,35.0,6,0.5,0.5,,0.2620191776782657,0.37720673327487614,0.4877260564696857,0.4823376233830454,0.5208972753694999,0.5727001687199391
16,1,36.0,6,0.5,0.5,,0.25379810473471504,0.3996221192236953,0.4697721394474234,0.46946329013441535,0.5156094822750206,0.5552220614278295
16,1,37.0,6,0.5,0.5,,0.23763589155933013,0.3707121948481596,0.4595787919083595,0.45575574139838226,0.5375598070743672,0.5575213608091489
16,1,38.0,6,0.5,0.5,,0.27121260700740424,0.3804496291744495,0.46406754296992936,0.4841818488435526,0.49099880905022725,0.557096253767723
16,1,39.0,6,0.5,0.5,,0.314990126379213,0.38465149828464706,0.5227016442968349,0.47305964979362364,0.48316952954021,0.5334195119042745
16,1,40.0,6,0.5,0.5,,0.34685964356697196,0.3803137995507585,0.4892964475494569,0.47780148237281417,0.5384815797911051,0.5130346426940223
16,1,41.0,6,0.5,0.5,,0.33449566626437566,0.37495764125548475,0.4761207698231898,0.4445427581452229,0.5271456325136209,0.5506207508463383
16,1,42.0,6,0.5,0.5,,0.30004514744717004,0.39490905588614256,0.45473979571236856,0.43866417638085037,0.5699335105450983,0.5542431119045513
16,1,43.0,6,0.5,0.5,,0.2574694537412821,0.4057401352247668,0.4843827460567682,0.4475980978925147,0.549129053679507,0.5448696295900176
16,1,44.0,6,0.5,0.5,,0.2645012454719836,0.4081665510296565,0.4689898762747767,0.4278609819177035,0.5303543755308205,0.5108897048616794
16,1,45.0,6,0.5,0.5,,0.2460168625959676,0.4503529536778107,0.48064310172287694,0.46275863258098865,0.5002708700386431,0.47827241297144624
16,1,46.0,6,0.5,0.5,,0.25332418334530493,0.4290881881466023,0.5121223209486953,0.49745036983871466,0.4832301379338776,0.513905822085299
16,1,47.0,6,0.5,0.5,,0.24906641751370015,0.4503699226600231,0.4848374342679005,0.4773644611593437,0.4874314061871659,0.4437392312589667
16,1,48.0,6,0.5,0.5,,0.24377572062845224,0.41929626513723905,0.4928883465387245,0.45198781709731833,0.5243962175523825,0.47820699442978676
16,1,49.0,6,0.5,0.5,,0.24725525211075006,0.399064493708158,0.5080631094130877,0.47511608044550346,0.4619916304537049,0.4695295009387118
16,1,50.0,6,0.5,0.5,,0.27175886851446673,0.40809807760624783,0.5010063837686619,0.46926423465330674,0.42058832819342157,0.4571981941041206
16,1,51.0,6,0.5,0.5,,0.2956457456317943,0.40406762053200157,0.46264205409808945,0.47941057249597996,0.4310699989230066,0.49472560420684736
16,1,52.0,6,0.5,0.5,,0.2943562665179993,0.447011120175662,0.49443448169694976,0.5113004813917675,0.49938309905494477,0.48577817849234195
16,1,53.0,6,0.5,0.5,,0.2871886805171105,0.42493269200628986,0.485784964669839,0.527194644383709,0.5145742208375826,0.47719279106524554
16,1,54.0,6,0.5,0.5,,0.30700363074717135,0.4079644560017218,0.4952552087237275,0.5373365649313321,0.5436067663859929,0.5127480066767147
16,1,55.0,6,0.5,0.5,,0.29276670462801485,0.39006921996091004,0.5206125768964814,0.4813639550821195,0.5500466497888333,0.5110561106002559
16,1,56.0,6,0.5,0.5,,0.28204405087707335,0.40793902870368753,0.49497310199314165,0.4863994152477501,0.5466017574597926,0.5343223265320334
16,1,57.0,6,0.5,0.5,,0.27784410302432266,0.3974767160720428,0.5297472411263513,0.4820382221406237,0.565476818154627,0.5129609726163296
16,1,58.0,6,0.5,0.5,,0.25710203649928093,0.38993404808076704,0.5545331193270447,0.46502148421610323,0.6173448071446843,0.5265785326252624
16,1,59.0,6,0.5,0.5,,0.2810637779224129,0.39064315572928576,0.5280296593482059,0.5013814142007103,0.5980848922018162,0.5218634656774241
16,1,60.0,6,0.5,0.5,,0.2731131946080998,0.4252760946385335,0.5454067339509703,0.4880827020588144,0.5653205288807509,0.5554595115710184
16,1,61.0,6,0.5,0.5,,0.2801934276364394,0.43509483996311465,0.535809126349544,0.5212952285825304,0.596701484343966,0.4986448334785646
16,1,62.0,6,0.5,0.5,,0.2457078088702135,0.45280745787370635,0.5086187768197947,0.5215109892119465,0.5484155805987874,0.5006873394948782
16,1,63.0,6,0.5,0.5,,0.24156012492439918,0.4315170833256472,0.49702693109951673,0.5425218130992052,0.5057375761532792,0.488938489674668
16,1,64.0,6,0.5,0.5,,0.24143379469994933,0.4136394859547667,0.4753755229569389,0.5161709675155683,0.544525016895997,0.524146919544647
16,1,65.0,6,0.5,0.5,,0.23446545634308497,0.40139882016053957,0.4537001816067364,0.5070986345028226,0.4948726976441559,0.47141855326173643
16,1,66.0,6,0.5,0.5,,0.26198915463487976,0.35201371203418796,0.4701209205377196,0.48841647679826117,0.4961330899301447,0.5085341856486141
16,1,67.0,6,0.5,0.5,,0.28997205271752724,0.3408806090188565,0.4931098223065023,0.4717096809818865,0.5192256436724256,0.4962242788450605
16,1,68.0,6,0.5,0.5,,0.28722764346343854,0.35522883645494574,0.496232711174968,0.4543740927423543,0.5117262909853215,0.47774405583658697
16,1,69.0,6,0.5,0.5,,0.26073695076072767,0.3862104731338961,0.4760310914275895,0.5040968324361559,0.4909532563580815,0.4881760142116695
16,1,70.0,6,0.5,0.5,,0.2508292842273706,0.42665489792409117,0.4463678494202661,0.516505591899701,0.48683785500865245,0.45814857280492227
16,1,71.0,6,0.5,0.5,,0.27356523120116094,0.45111666545740314,0.43311229779296695,0.4900789592542899,0.47873162328141605,0.43515242395869935
16,1,72.0,6,0.5,0.5,,0.28033226811269285,0.39840920883739234,0.4445454151699647,0.5010890837773518,0.46669378353409796,0.474345300277682
16,1,73.0,6,0.5,0.5,,0.26709520523710634,0.4132445899134686,0.42681307266873103,0.4864806085802817,0.4828946380669531,0.4618011671370995
16,1,74.0,6,0.5,0.5,,0.2557926526254494,0.3881027105942922,0.40855515801906195,0.4326163095980732,0.4466929051015958,0.45148261707344284
16,1,75.0,6,0.5,0.5,,0.2404875960814858,0.38465786370773286,0.4261683223681018,0.4334786921205998,0.45086678446928596,0.436465596316589
16,1,76.0,6,0.5,0.5,,0.23531158264751656,0.3769992673887589,0.44808323015522217,0.46446368985427666,0.457275668463358,0.46509822351199614
16,1,77.0,6,0.5,0.5,,0.23177139010097308,0.3902447138106658,0.4724872812498986,0.4745410382091034,0.46440755193238503,0.4643826658941933
16,1,78.0,6,0.5,0.5,,0.23117490933810309,0.3950059209930065,0.4743225664626288,0.48109748489134796,0.4627862969796606,0.4323023086035371
16,1,79.0,6,0.5,0.5,,0.23309651235701329,0.38108907855588114,0.4721044629632963,0.4554366406367613,0.455276429286267,0.4384865048513159
16,1,80.0,6,0.5,0.5,,0.26583731227083074,0.3604251597313796,0.46001305855567126,0.5064630133313281,0.45216031093933406,0.4574674473889101
16,1,81.0,6,0.5,0.5,,0.2850767733749206,0.363288171243951,0.44274489718273413,0.4852899870839571,0.46119355614260266,0.4827537756001818
16,1,82.0,6,0.5,0.5,,0.260383017770085,0.34273325140780525,0.4282632096032595,0.4562508618389585,0.4664582208799068,0.4661918955165999
16,1,83.0,6,0.5,0.5,,0.26694169913483135,0.3569491599392932,0.45932135164465393,0.43157046219097,0.4264645192172446,0.43268178182511124
16,1,84.0,6,0.5,0.5,,0.23651761331517962,0.34708406567278344,0.4428654005448219,0.43765467974333294,0.4560508620675841,0.43575097993446016
16,1,85.0,6,0.5,0.5,,0.24568474072110674,0.34839248958901653,0.4392515802510456,0.4685757695011761,0.5060799229666855,0.46347623690750783
16,1,86.0,6,0.5,0.5,,0.26386940181264007,0.32796941411627784,0.474587789607253,0.5155436210119848,0.46741692604352236,0.4621970842930878
16,1,87.0,6,0.5,0.5,,0.24374864018417813,0.35304594540265555,0.47270244272260314,0.46155727284490905,0.44436997429254976,0.5034343260112725
16,1,88.0,6,0.5,0.5,,0.2498439757661191,0.35096219103648596,0.4985346043860533,0.5043262001496974,0.4009443003889677,0.5536358658642773
16,1,89.0,6,0.5,0.5,,0.2680617300692414,0.3657270523779104,0.48257815319113967,0.48414753577421177,0.4513866914835929,0.49836231464383485
16,1,90.0,6,0.5,0.5,,0.3078102466018891,0.3601011608103881,0.4925181429459446,0.5020101583702996,0.45048156971055997,0.5499433089158374
16,1,91.0,6,0.5,0.5,,0.29033758010568905,0.3332080809197559,0.4523409142183644,0.565900913973873,0.4582138109655324,0.5637393945991294
16,1,92.0,6,0.5,0.5,,0.3206053998686844,0.3354330823752711,0.4919996013307938,0.53620268326344,0.5114264237491672,0.5145081519178092
16,1,93.0,6,0.5,0.5,,0.28800477829946447,0.36173803926560544,0.4814661367938303,0.5040914519947929,0.5262722646298371,0.4794098116777361
16,1,94.0,6,0.5,0.5,,0.2548839971013784,0.37666952863019765,0.46889494230597706,0.5423645433203109,0.4939417231392289,0.4845692420556281
16,1,95.0,6,0.5,0.5,,0.24469376191602477,0.3741974219189033,0.5080151736294773,0.5011444852987668,0.5070220218976106,0.47994625717016903
16,1,96.0,6,0.5,0.5,,0.25382165462171746,0.384157161459162,0.5035733639883173,0.524235350706339,0.5149829672972172,0.4688542348764745
16,1,97.0,6,0.5,0.5,,0.2653560184239428,0.363784312298116,0.49825491434332936,0.5274777906497344,0.5520141906837931,0.42875426933570715
16,1,98.0,6,0.5,0.5,,0.2580301044714714,0.3620837295007203,0.48036485373008836,0.546484810101352,0.5445032150475687,0.428272347817331
16,1,99.0,6,0.5,0.5,,0.264193944724257,0.35893013744917873,0.5071796783743612,0.4988543927196897,0.5188737358906915,0.4621343244139767
16,1,100.0,6,0.5,0.5,,0.2642670197604874,0.3074142849077962,0.5071370342984239,0.47022982792959905,0.5628644900010602,0.4551358545013646
17,1,21.0,6,0.5,0.9,,0.23359950747552846,0.3237665681031081,0.3760875437659875,0.4937645848903508,0.4988922724128638,0.40338054884230673
17,1,22.0,6,0.5,0.9,,0.25032901217409675,0.3239927455298785,0.4167953450073633,0.4832937311578799,0.46298147855107025,0.3929439293088369
17,1,23.0,6,0.5,0.9,,0.25598330506893485,0.3392210676977672,0.4600625104830982,0.46784826988120926,0.49649771913114205,0.44738813337884215
17,1,24.0,6,0.5,0.9,,0.2610233674634057,0.37696522246178216,0.44061464040696113,0.4776766839108536,0.4694498111475771,0.531799123263081
17,1,25.0,6,0.5,0.9,,0.26252879993916894,0.3809137889058736,0.4364698651842255,0.5013482709878083,0.4443565096759475,0.483905166248155
17,1,26.0,6,0.5,0.9,,0.2708425459602565,0.37193914217841534,0.4429996020992129,0.500837842594557,0.4026411757737919,0.4873942722239861
17,1,27.0,6,0.5,0.9,,0.262925060471705,0.34668972336767034,0.4380536641350788,0.4912654551262669,0.3915156470107489,0.4547832034269019
17,1,28.0,6,0.5,0.9,,0.26675042065723337,0.33066852226773313,0.4048432420337654,0.47293437990597537,0.4112457558365811,0.4766969604948482
17,1,29.0,6,0.5,0.9,,0.2428621868793192,0.30695210766092085,0.43937830117218024,0.4772214134011919,0.39779718951230114,0.5081398304814659
17,1,30.0,6,0.5,0.9,,0.2481146094082029,0.31615746664129063,0.39915834941765477,0.46785324836193726,0.4399127966066825,0.5070691246415924
17,1,31.0,6,0.5,0.9,,0.2559487428854073,0.2979577099482287,0.3964227917428244,0.5283909587745573,0.5071525290501693,0.48565529971327387
17,1,32.0,6,0.5,0.9,,0.2365277295342924,0.347316404192249,0.4039041407325083,0.4679544247975911,0.49157624626087226,0.48852423977061904
17,1,33.0,6,0.5,0.9,,0.21483696604735333,0.3438076157027754,0.4150957953555041,0.48278400675064315,0.4754508959498221,0.49384245668604426
17,1,34.0,6,0.5,0.9,,0.26257199026036426,0.32274112768971436,0.44104903964627223,0.48787915801303167,0.4886239300636257,0.47350805748031216
17,1,35.0,6,0.5,0.9,,0.24878591894224908,0.36548374908881953,0.43956641486358816,0.4934005952398127,0.4478949641803235,0.45626801589206556
17,1,36.0,6,0.5,0.9,,0.23711063670288574,0.3554645299742069,0.4231800272348333,0.48520971872067725,0.45913769608697574,0.422574850639173
17,1,37.0,6,0.5,0.9,,0.2236085173465912,0.34351522618452895,0.38699515364673914,0.469650254350453,0.44744511851878965,0.45805988051133834
17,1,38.0,6,0.5,0.9,,0.22778717648389007,0.3426885184440106,0.4107848176958667,0.5234756363752162,0.46028211129049057,0.4689577783152578
17,1,39.0,6,0.5,0.9,,0.21941262030945619,0.3359575006814043,0.3899215952196148,0.4715117725245118,0.4869049222105473,0.49733340394329273
17,1,40.0,6,0.5,0.9,,0.21831291361456442,0.3334965159449345,0.37338435369716766,0.4242309672364124,0.4668266109242955,0.5226696368208699
17,1,41.0,6,0.5,0.9,,0.20996378134698457,0.33412483284181904,0.3480128754590036,0.4351985300782525,0.4378759443834562,0.49085731922860576
17,1,42.0,6,0.5,0.9,,0.24518827123752276,0.3496635853408312,0.3568999861654849,0.4241170389409975,0.38301816384830545,0.5150484132536819
17,1,43.0,6,0.5,0.9,,0.2527778550790905,0.3245092385967696,0.36153384029754043,0.42039944079617275,0.41045242469447035,0.5172988498183497
17,1,44.0,6,0.5,0.9,,0.23970085653010384,0.31098431070957894,0.3592022423688842,0.39161671917979957,0.369856114299039,0.5023416423924435
17,1,45.0,6,0.5,0.9,,0.22828295261705134,0.2970643438054848,0.36582822765259415,0.41991482212042747,0.3535976011568077,0.45743327768782427
17,1,46.0,6,0.5,0.9,,0.20197014459100368,0.2941624321289872,0.35684550307053675,0.4365886828606785,0.41063414313411933,0.47679214561189714
17,1,47.0,6,0.5,0.9,,0.1767817882203622,0.3244924360129788,0.4111391281175809,0.4375035987569554,0.4238894770506437,0.48251880910414247
17,1,48.0,6,0.5,0.9,,0.18450361328236817,0.3360061985285317,0.3739406898334393,0.441614045316045,0.373968026728375,0.49493828308240095
17,1,49.0,6,0.5,0.9,,0.17708749133211008,0.3079213467651837,0.3888461203611228,0.4521433712825941,0.39033782987331167,0.5417577417322669
17,1,50.0,6,0.5,0.9,,0.20054552859851027,0.3085212737178208,0.40159572036927055,0.4462783986447613,0.40781233986358567,0.5347464264335723
17,1,51.0,6,0.5,0.9,,0.18431460263702962,0.28922850738495626,0.3880475908090106,0.4353015086283737,0.44644895017359226,0.538210651725166
17,1,52.0,6,0.5,0.9,,0.23407599302303392,0.2754391181019893,0.3591222914283464,0.4279026479572341,0.43280605695614255,0.5242459623825517
17,1,53.0,6,0.5,0.9,,0.24902383431094882,0.2751211413149144,0.3728817783197051,0.4570132969871336,0.4777972064585068,0.5573541712331443
17,1,54.0,6,0.5,0.9,,0.24098364535896075,0.32521709927877523,0.3565282621534568,0.4878233615882704,0.4968292780747223,0.512606627710387
17,1,55.0,6,0.5,0.9,,0.21686322943046954,0.30602681845798707,0.3660484192416008,0.4680027243518737,0.46087865003951006,0.526137903911119
17,1,56.0,6,0.5,0.9,,0.19585989099295759,0.32673413249684347,0.3575918944259207,0.435099350649555,0.4518781289215405,0.5026950987063221
17,1,57.0,6,0.5,0.9,,0.20462780078940762,0.3283727331939916,0.34793167089189025,0.41909646972548015,0.42338948006812627,0.48197447455921916
17,1,58.0,6,0.5,0.9,,0.21066674958638507,0.35450680738486834,0.3844265744638681,0.4583032768158115,0.41070254722506466,0.5045854325469309
17,1,59.0,6,0.5,0.9,,0.21504391357058608,0.3309857109891259,0.3911967080829042,0.45697234574165446,0.3975871768107112,0.4972440652845015
17,1,60.0,6,0.5,0.9,,0.21137160936404653,0.3262964004026886,0.36046247592878033,0.39685708225253313,0.4059385683711203,0.4601753275579439
17,1,61.0,6,0.5,0.9,,0.18231976758308993,0.33900378037630746,0.35550513760310726,0.38629699355594654,0.45642213607546794,0.4788104635444067
17,1,62.0,6,0.5,0.9,,0.1953152743742942,0.3126425245358323,0.3882396019593893,0.3853716475331622,0.4591315150766723,0.4318836469817725
17,1,63.0,6,0.5,0.9,,0.1908662768349109,0.2982268940597329,0.38175444401786307,0.3797762754044169,0.4515217952089029,0.41570330537749295
17,1,64.0,6,0.5,0.9,,0.194580001957184,0.30882392527097796,0.36034783839416806,0.44388388419438785,0.4436728964549923,0.3815811165244036
17,1,65.0,6,0.5,0.9,,0.220441325931762,0.35075654266377143,0.39677940511105814,0.44463862659072995,0.4521513103506325,0.42472055947885445
17,1,66.0,6,0.5,0.9,,0.23328516753202275,0.36958113206240345,0.43114769278504,0.45446710592831074,0.4486456957864336,0.44547804022195264
17,1,67.0,6,0.5,0.9,,0.22732519855834635,0.3678371927225553,0.4756389316454098,0.4953112751593314,0.4737916391970529,0.4279510689983521
17,1,68.0,6,0.5,0.9,,0.2663414011669386,0.3525317443653714,0.4829042071946306,0.5202788785850209,0.46669612130447646,0.4871225468906837
17,1,69.0,6,0.5,0.9,,0.27290889296957305,0.33433572323260907,0.45120756311953586,0.49863593904084996,0.4897254260036684,0.47268582209753296
17,1,70.0,6,0.5,0.9,,0.2329642897882024,0.31475747936593224,0.41638188476976695,0.4867344458500883,0.4416578070214129,0.4494222661722258
17,1,71.0,6,0.5,0.9,,0.24476767632397448,0.2981560572492044,0.4083339833192908,0.48304078588109645,0.4912048088958854,0.43341366554745137
17,1,72.0,6,0.5,0.9,,0.21454707444400545,0.30780334401508325,0.4078537707018831,0.51243359662547,0.5065354412745435,0.4315084481765729
17,1,73.0,6,0.5,0.9,,0.22642926691370396,0.320303765795997,0.4581000683340558,0.4570863315696855,0.46932557902980304,0.4500149706682313
17,1,74.0,6,0.5,0.9,,0.2329496650282296,0.3389683192940346,0.47393235785596205,0.48061263900211176,0.5189003341773771,0.4406470275593672
17,1,75.0,6,0.5,0.9,,0.23776918887986115,0.35002346012003943,0.4651628987186651,0.4640395588266288,0.5092961986510456,0.48395288132122083
17,1,76.0,6,0.5,0.9,,0.2384064774167464,0.35034197033399966,0.45784655657647944,0.417898864588354,0.47652105851322446,0.4703261685035759
17,1,77.0,6,0.5,0.9,,0.22223493692145616,0.3773698682498952,0.4457723005942865,0.43469938865784596,0.4319105530173316,0.5125785063433922
17,1,78.0,6,0.5,0.9,,0.20578556749688648,0.38057417646599107,0.4420909620062976,0.44290570039496374,0.454124056734198,0.5110319677483712
17,1,79.0,6,0.5,0.9,,0.23841820645123493,0.35732097881831704,0.4538482881041411,0.43314869076723567,0.4701422737490148,0.5229396090499702
17,1,80.0,6,0.5,0.9,,0.22100392516945516,0.36774956888614646,0.4231657761301498,0.4745265364307546,0.4817692573784284,0.497810836616547
17,1,81.0,6,0.5,0.9,,0.2066187544283408,0.35436455983588966,0.426673546851932,0.48231273773334704,0.46855327837674476,0.5014201743383218
17,1,82.0,6,0.5,0.9,,0.21306214789272432,0.3515362047540834,0.441331141003609,0.48594760154932964,0.4723190942912253,0.5103057489612122
17,1,83.0,6,0.5,0.9,,0.2317666318328912,0.34539772871850355,0.4654366564847221,0.4480632048185683,0.519473665297958,0.4919538628019815
17,1,84.0,6,0.5,0.9,,0.250002233764378,0.3351691779219234,0.4275236769520531,0.4122926029853973,0.49715763376629224,0.4359255360787371
17,1,85.0,6,0.5,0.9,,0.26063334711118324,0.34488987971131835,0.3866624719036609,0.42991974225499086,0.4351143860326886,0.45401793151465686
17,1,86.0,6,0.5,0.9,,0.26555789428583243,0.3285636918565865,0.4511211636199411,0.40424276891912825,0.4276076392701909,0.46861718461561364
17,1,87.0,6,0.5,0.9,,0.26543509007072974,0.3403937606326774,0.43525717500499395,0.42679993583140224,0.4694442201086068,0.46045231580785784
17,1,88.0,6,0.5,0.9,,0.2718999069771736,0.3807280722665591,0.43128696834624514,0.4102608501418922,0.4687043105631152,0.4494853317614605
17,1,89.0,6,0.5,0.9,,0.24813011158878773,0.4017316674405695,0.4149529698753128,0.42380550701130976,0.42461081887434843,0.44553377111607195
17,1,90.0,6,0.5,0.9,,0.2905503412563465,0.40209903286416926,0.37594704224011205,0.45695699117555144,0.45873130259091655,0.4745987032119897
17,1,91.0,6,0.5,0.9,,0.27495492148485723,0.3663836206176352,0.38793732124947,0.4269675291002133,0.5007099870882998,0.47654461798741343
17,1,92.0,6,0.5,0.9,,0.261410197401565,0.3600859734119786,0.40763979433116077,0.38790363114498205,0.48056798967063996,0.5044836725501558
17,1,93.0,6,0.5,0.9,,0.2462537452772791,0.3180826690909085,0.3777103159467093,0.41184061742650435,0.4476113150023723,0.4777525028242522
17,1,94.0,6,0.5,0.9,,0.25761683555319126,0.3412091063540784,0.3878643453142496,0.3929859946647876,0.4380017635038283,0.46051863329060094
17,1,95.0,6,0.5,0.9,,0.26497446059996477,0.32733356798357505,0.4213119115396296,0.4035390402877687,0.39186215528137164,0.49951403701717345
17,1,96.0,6,0.5,0.9,,0.2749903735817783,0.31999625393705605,0.42803187395967657,0.4265090262262352,0.40873780524857733,0.47961122961373864
17,1,97.0,6,0.5,0.9,,0.26320777246880905,0.4048053926863015,0.4374493018795061,0.3845917385703807,0.36791588316158924,0.46368898369099104
17,1,98.0,6,0.5,0.9,,0.25318508938746626,0.4177046123766215,0.4737941304016289,0.42120619648704294,0.4202798519982124,0.45204104758599184
17,1,99.0,6,0.5,0.9,,0.24415592420077142,0.3945676525748389,0.4384651780364412,0.3985441114757499,0.3897008081908953,0.507533534666958
17,1,100.0,6,0.5,0.9,,0.24117808922773984,0.4185081042705477,0.4243544786443695,0.43972700951821786,0.45224220019811767,0.47191861061932033
18,2,21.0,6,0.0,0.0,,0.36466509600879204,0.4922391267976239,0.5753851233118106,0.6413176864110188,0.6566010011289011,0.5201257154049295
18,2,22.0,6,0.0,0.0,,0.3648508043870772,0.4954521233933232,0.5798675079221638,0.6394782608945265,0.647535972296249,0.5471569902465587
18,2,23.0,6,0.0,0.0,,0.3675853313775891,0.5090602772759394,0.5773383596560654,0.641143120075039,0.6400261217976075,0.5219907295345874
18,2,24.0,6,0.0,0.0,,0.34731015832594625,0.5025404740378284,0.5816533570926992,0.6382872180953115,0.6419862536424532,0.5167501886456729
18,2,25.0,6,0.0,0.0,,0.3718252919466814,0.49924745113385677,0.5871747501492799,0.635779186645248,0.6286878303036132,0.5229635927938565
18,2,26.0,6,0.0,0.0,,0.3687477901935782,0.4925808438785272,0.5836303040538924,0.6353496975641654,0.6307772403145824,0.5037432391218523
18,2,27.0,6,0.0,0.0,,0.3543359596862289,0.5003750569117121,0.5829561339156877,0.6357606323753917,0.601242910125969,0.5014165452441895
18,2,28.0,6,0.0,0.0,,0.3641848977946647,0.49177008814967094,0.5855576203259857,0.635032617666025,0.6026657837512757,0.5342740878256735
18,2,29.0,6,0.0,0.0,,0.3664342805656599,0.5023014988514751,0.582593195760535,0.6271060035205513,0.6188947524907192,0.563537944291842
18,2,30.0,6,0.0,0.0,,0.3492313584797379,0.509115683747303,0.5850078183425674,0.62494688238663,0.6266830232237846,0.6130952805407596
18,2,31.0,6,0.0,0.0,,0.3173045810323748,0.5107341561528943,0.5790516796295756,0.6263816176750155,0.613872901732384,0.6134621654413747
18,2,32.0,6,0.0,0.0,,0.3218543714333011,0.5065432322645812,0.5752881419033763,0.6314308425454633,0.6251325984395507,0.5993708099997623
18,2,33.0,6,0.0,0.0,,0.3071101531005409,0.4963277265517155,0.5767351342335465,0.6309372416802386,0.6256134755980491,0.5912848529219632
18,2,34.0,6,0.0,0.0,,0.3185593570477525,0.5166235264048686,0.5857181575505017,0.6204704304943391,0.6530392351361921,0.5895025478825916
18,2,35.0,6,0.0,0.0,,0.3119631015936152,0.5155531829871597,0.5926784078408789,0.6210800414721228,0.6300634096440477,0.587587469747492
18,2,36.0,6,0.0,0.0,,0.3060461183283352,0.5066935391190354,0.5921037116637563,0.6232881449434098,0.6231011971285322,0.5975862612658605
18,2,37.0,6,0.0,0.0,,0.3121057942276777,0.5003999850802711,0.5881257602450828,0.6250546277204394,0.6471856232219386,0.5937870232692305
18,2,38.0,6,0.0,0.0,,0.2963123994862955,0.4955926132670502,0.5859890330346883,0.6212439198122868,0.6551188018552417,0.538068557263294
18,2,39.0,6,0.0,0.0,,0.32211333427477384,0.494429997955906,0.5810715027153079,0.6252609645760481,0.6203087113408613,0.5651730587693989
18,2,40.0,6,0.0,0.0,,0.35266115134390413,0.5035738499155262,0.5816247717359078,0.6259142506846237,0.6165044390575779,0.5578653651977448
18,2,41.0,6,0.0,0.0,,0.3505175450441033,0.505113441795686,0.5794199131057651,0.6285052969378309,0.6377062180480003,0.5591037935887748
18,2,42.0,6,0.0,0.0,,0.3258158337268591,0.5029644557494264,0.5768504190615837,0.6283097035800258,0.6310555187346266,0.5854980011814782
18,2,43.0,6,0.0,0.0,,0.3213392385014723,0.49741671838458384,0.5818389010418717,0.6335716882936121,0.6278997474399823,0.6106845790722889
18,2,44.0,6,0.0,0.0,,0.32290808132409177,0.5010623497845098,0.5841178760109346,0.6332814624006012,0.5791461487697174,0.5988697266395043
18,2,45.0,6,0.0,0.0,,0.31769806279012264,0.5087754340180651,0.5815747581185275,0.631790248849233,0.5878083182945506,0.6139798104853281
18,2,46.0,6,0.0,0.0,,0.3440775405922297,0.4981134879545025,0.5750082112907713,0.6323084626946229,0.5857236844208893,0.6081221925955371
18,2,47.0,6,0.0,0.0,,0.35587823860981865,0.49274178309290945,0.5809788258602959,0.6309569640781911,0.6059280620059813,0.5690017806827403
18,2,48.0,6,0.0,0.0,,0.3729398625137864,0.5021189806647848,0.573350346801245,0.6311896830282643,0.6139024017000199,0.5431382544826729
18,2,49.0,6,0.0,0.0,,0.35873478744859666,0.4980359194925268,0.5781100914857124,0.6222831686104495,0.5830690066060475,0.5363646014934857
18,2,50.0,6,0.0,0.0,,0.35632134650294595,0.5031239450213449,0.5823012788704063,0.6260141753227763,0.5825489521102198,0.5137992848714212
18,2,51.0,6,0.0,0.0,,0.3771761805797115,0.5036129153485989,0.5833401042914501,0.6255971092181281,0.5611315323839581,0.5226161397506963
18,2,52.0,6,0.0,0.0,,0.36842998946882577,0.5090579130160797,0.5854156031497314,0.6250284994198932,0.5755871831734896,0.5513652589999374
18,2,53.0,6,0.0,0.0,,0.3621954698411781,0.5147482864967772,0.5821953892131072,0.6285506152589356,0.6044275693268872,0.5201168076408308
18,2,54.0,6,0.0,0.0,,0.3430796262428356,0.5097545365396875,0.5782461798280927,0.6243646891842382,0.6225013658239815,0.4997964075126905
18,2,55.0,6,0.0,0.0,,0.33789596611644246,0.5119202619086157,0.5783646397909823,0.6244985424555847,0.6221984246741283,0.5159424964693855
18,2,56.0,6,0.0,0.0,,0.35491490455290364,0.5080856567771992,0.5807789026986632,0.6262463721892021,0.6474390878566736,0.5186937428829721
18,2,57.0,6,0.0,0.0,,0.3513834019084404,0.5136684836018107,0.5848781671614389,0.6275716838791737,0.6281793264343467,0.5514858657110858
18,2,58.0,6,0.0,0.0,,0.35284466347156107,0.5134362471767474,0.590562137752711,0.6285693267338366,0.5939318157494168,0.5685375663405795
18,2,59.0,6,0.0,0.0,,0.3570646124682998,0.5082303352338391,0.582095085610981,0.6217114726741635,0.6002993764127007,0.5751914741739512
18,2,60.0,6,0.0,0.0,,0.35539400537543664,0.5175636674661522,0.5921491962482988,0.6216441405960241,0.6228658601120418,0.5256503323820739
18,2,61.0,6,0.0,0.0,,0.3501969938871363,0.5155882914109884,0.5905928760275405,0.6243942118710668,0.6226679089263724,0.5183010156423464
18,2,62.0,6,0.0,0.0,,0.34533549867742874,0.5134144506588163,0.5900028726548376,0.6245895131264446,0.6201051599892432,0.5771360618312704
18,2,63.0,6,0.0,0.0,,0.347190493892369,0.5122689179651196,0.5914668773500024,0.6246755911568026,0.5788592966536189,0.5549154568642316
18,2,64.0,6,0.0,0.0,,0.3239686120467309,0.5200003725954415,0.5966784377728275,0.6261645846911537,0.5952189927258933,0.5305128240203791
18,2,65.0,6,0.0,0.0,,0.33446258723001526,0.5255606516626207,0.5943691082321374,0.6283439899096935,0.5767470756553525,0.49112685223932867
18,2,66.0,6,0.0,0.0,,0.34677217878199207,0.5300402196454013,0.5899038855243987,0.6284426543341233,0.5956406470258055,0.49540342255492875
18,2,67.0,6,0.0,0.0,,0.35855150260033886,0.5322048283388122,0.5899745055501556,0.6291782352330102,0.581479581866773,0.5025754617859598
18,2,68.0,6,0.0,0.0,,0.34272863180211954,0.5204384535069011,0.590796544090728,0.6370129303966385,0.5912282954857295,0.4951999785948539
18,2,69.0,6,0.0,0.0,,0.3213620653079753,0.5143066701477865,0.5911291214417925,0.6377606295194438,0.5997347770951271,0.51865516346764
18,2,70.0,6,0.0,0.0,,0.3055958309543585,0.5210370344335341,0.5823316797428779,0.6393587728019202,0.6172933870720005,0.5722320095350537
18,2,71.0,6,0.0,0.0,,0.3024294672392688,0.5178688603922786,0.5740266562311545,0.6417918044540484,0.6016914188403092,0.5965833700503524
18,2,72.0,6,0.0,0.0,,0.3014155586536002,0.5046712246286751,0.5777603374448923,0.6432068250051501,0.5916703610525517,0.6037127276721868
18,2,73.0,6,0.0,0.0,,0.31614615272184415,0.5027252644880564,0.5801299391622462,0.6409895717698317,0.6185144194655591,0.6075983703995901
18,2,74.0,6,0.0,0.0,,0.29556617290048226,0.4985209465511441,0.5924256241536139,0.638668056046469,0.6353215369577856,0.6013155045512754
18,2,75.0,6,0.0,0.0,,0.2956707835536526,0.494327598830864,0.5924421720661499,0.6361796390346401,0.6371470315932655,0.5870938619873594
18,2,76.0,6,0.0,0.0,,0.30158852339913245,0.5008742929172133,0.5946603876141277,0.6353678229934236,0.645573370217425,0.5729266024281519
18,2,77.0,6,0.0,0.0,,0.3312631238137036,0.4956211236016559,0.5901986426677643,0.6327556556841495,0.6518359932576959,0.5528922967666674
18,2,78.0,6,0.0,0.0,,0.30469153563312296,0.5026644796185253,0.5850066559545358,0.633576402052611,0.6484766994515032,0.552717195576143
18,2,79.0,6,0.0,0.0,,0.32399181487244155,0.5041435109827115,0.5890922969739634,0.6329562522372363,0.6203418313884469,0.5387128062652896
18,2,80.0,6,0.0,0.0,,0.32798999936412465,0.5026434539346281,0.5911267200193195,0.6366679716076236,0.598692597174073,0.5286848573802747
18,2,81.0,6,0.0,0.0,,0.3138006493344839,0.49798092825857676,0.5891218594903698,0.6375319587587509,0.6173204195950047,0.5566344582740779
18,2,82.0,6,0.0,0.0,,0.30819964850544157,0.4920421954281281,0.5832671033025076,0.6362246674621125,0.6311246316152685,0.5671250430673116
18,2,83.0,6,0.0,0.0,,0.3153382159121693,0.4915896636847682,0.5875289150430298,0.6400882629806423,0.6308657207813222,0.5425616101313635
18,2,84.0,6,0.0,0.0,,0.3026286413502874,0.4891378960586888,0.5874632754733953,0.6436726176346131,0.6180662262389678,0.5176637621004646
18,2,85.0,6,0.0,0.0,,0.33770300920157886,0.4862472455431023,0.5837776948184706,0.6407178346368102,0.614191278025969,0.48634987344298264
18,2,86.0,6,0.0,0.0,,0.3466309118655114,0.491780053764635,0.5886136859828918,0.6343793137580273,0.622758943506678,0.506621203481725
18,2,87.0,6,0.0,0.0,,0.34663824603647775,0.4961529747247975,0.5893317272171269,0.6339275627721334,0.6465808106137472,0.5113520615208824
18,2,88.0,6,0.0,0.0,,0.3440581586181649,0.48826261895192263,0.5876858652486158,0.6318325466499706,0.6402723776953426,0.5431891156409887
18,2,89.0,6,0.0,0.0,,0.3458562417882696,0.4822311313684766,0.5956142211277405,0.6318901490856881,0.6240918330681924,0.5355402438540143
18,2,90.0,6,0.0,0.0,,0.35333790387920183,0.47712514426686575,0.5973159609854215,0.6332292232524491,0.6019371593586067,0.538338517852776
18,2,91.0,6,0.0,0.0,,0.36738498144905896,0.4725269905646961,0.596391781248306,0.6330074903676708,0.5981443857876313,0.5292309549880592
18,2,92.0,6,0.0,0.0,,0.3623086700979075,0.47599203124002953,0.5909122802905358,0.6297718776684414,0.5988323998007014,0.5424168801455077
18,2,93.0,6,0.0,0.0,,0.3561743961984037,0.48419325324369106,0.5873409810257408,0.6274720815519823,0.6098862579189424,0.5642275403764915
18,2,94.0,6,0.0,0.0,,0.33074923814749074,0.4832207677058271,0.5875532503016465,0.6272889663566268,0.6265581184471302,0.5835679005756046
18,2,95.0,6,0.0,0.0,,0.34967476856615265,0.49497673820494353,0.588581612701286,0.6292037211012583,0.632751131248565,0.5607426020747442
18,2,96.0,6,0.0,0.0,,0.3626021700423082,0.5027663422226699,0.590245972812047,0.6325416434009165,0.6495906546671899,0.5608716000771262
18,2,97.0,6,0.0,0.0,,0.36898817361183545,0.5035185722124343,0.5841721328206162,0.6297322025501554,0.6449766550907169,0.5758080532480749
18,2,98.0,6,0.0,0.0,,0.35521690840210446,0.49608875001854963,0.5875609539400715,0.6291514253204229,0.6306400614739723,0.5808829157935398
18,2,99.0,6,0.0,0.0,,0.34814819657843515,0.4940058960312738,0.5930174774379895,0.6320271569692058,0.6432342978973988,0.5736295440161798
18,2,100.0,6,0.0,0.0,,0.3377558175958975,0.4967420742630856,0.5900490992226938,0.6279210217346914,0.6073116249701335,0.6066313088318405
19,2,21.0,6,0.0,0.5,,0.2563766634674681,0.38459193674506853,0.4580865888211109,0.47401457731864094,0.5043267173339545,0.4629911851931313
19,2,22.0,6,0.0,0.5,,0.245464917746563,0.38625632444747265,0.453522045009972,0.47990770232509455,0.48414141004015193,0.4466521682679798
19,2,23.0,6,0.0,0.5,,0.24899197592957534,0.37897798476458744,0.45503559301322055,0.48850742919573237,0.494417093650431,0.4878521938196726
19,2,24.0,6,0.0,0.5,,0.26221663523833355,0.38133707578252785,0.45228797439775653,0.4787096342486258,0.4977138394513876,0.47936561367709896
19,2,25.0,6,0.0,0.5,,0.26256891044336805,0.38077223311283104,0.4433528694125055,0.47724163386743423,0.4637708578702572,0.45635323402502925
19,2,26.0,6,0.0,0.5,,0.26120391629224515,0.3821455669365355,0.4387761257263877,0.48651828132296915,0.49245306721954324,0.49131710905810966
19,2,27.0,6,0.0,0.5,,0.2558367690884368,0.3754846821768899,0.4428216291971806,0.4837116468155531,0.47391150725051484,0.49807466268297046
19,2,28.0,6,0.0,0.5,,0.24864153021177282,0.3766881653494925,0.4448520700911752,0.4749931496967614,0.4847813879254585,0.4726955293527613
19,2,29.0,6,0.0,0.5,,0.2476496438399111,0.37253018352030015,0.4473597654617514,0.47819175994684693,0.4827847468760293,0.5137652517172852
19,2,30.0,6,0.0,0.5,,0.23565842941335893,0.3765565902779387,0.4495085991623352,0.48215348327041874,0.4930555269108262,0.5203161455142864
19,2,31.0,6,0.0,0.5,,0.23905164161070194,0.37409228691243257,0.4469185445794879,0.4774741314914953,0.47230244782167563,0.4614132552587229
19,2,32.0,6,0.0,0.5,,0.2437585512703026,0.3683263024632647,0.4467421703883307,0.49210080388943567,0.4910345272018194,0.46230375786588346
19,2,33.0,6,0.0,0.5,,0.242672238382994,0.3682494127440513,0.44780779706950186,0.4963666214447954,0.5027805139995687,0.40878615310585
19,2,34.0,6,0.0,0.5,,0.2431156719423601,0.3679930146852451,0.4464399677580994,0.4998203451446469,0.5278257600526753,0.45043760867168636
19,2,35.0,6,0.0,0.5,,0.25913339249230866,0.36708108143177887,0.45115857100336826,0.5064773373753109,0.5011256792863626,0.4542620249831851
19,2,36.0,6,0.0,0.5,,0.2612803745625561,0.3633738212954439,0.4458250699841207,0.509636365948702,0.47567405376783156,0.4738478996829705
19,2,37.0,6,0.0,0.5,,0.2642240924953517,0.36735054802447453,0.445509276278259,0.5118028718233075,0.45237946731395373,0.5153015512275148
19,2,38.0,6,0.0,0.5,,0.2534247196832147,0.3604513360295393,0.4446669210097872,0.5089154628824963,0.47495213053861873,0.4706522895123971
19,2,39.0,6,0.0,0.5,,0.246260119728487,0.36802277523736615,0.443145299537704,0.49914204165302456,0.4621637904004728,0.4880813896059526
19,2,40.0,6,0.0,0.5,,0.2426793560361543,0.3598070849763034,0.44677255150721795,0.4992326144368975,0.4849727757116778,0.5111665840408449
19,2,41.0,6,0.0,0.5,,0.2600539246651137,0.36437721101110776,0.4498776536488651,0.5059441037420307,0.4875581314625766,0.5471553525309892
19,2,42.0,6,0.0,0.5,,0.2690134745680561,0.3634245582082049,0.44816162290627204,0.5027962106483594,0.4263567886489875,0.5504355854472374
19,2,43.0,6,0.0,0.5,,0.2680063819071461,0.36250209095938374,0.4486703471474356,0.4983985566900005,0.43792505299926765,0.5605553423710274
19,2,44.0,6,0.0,0.5,,0.25960260266469126,0.3795586370270157,0.45296197608943967,0.49856785548094695,0.43831620753047423,0.5065480652555483
19,2,45.0,6,0.0,0.5,,0.2674035042622921,0.3824159953690731,0.452783641630389,0.5005876334246688,0.4495112375282577,0.550913637703504
19,2,46.0,6,0.0,0.5,,0.28140641309800124,0.37494283279524937,0.45047967397546895,0.5086025598621676,0.46414191525101156,0.50188623731858
19,2,47.0,6,0.0,0.5,,0.2696126262987913,0.3812470127471183,0.45097774176234867,0.5055501151287354,0.4673204310974885,0.5434502845901485
19,2,48.0,6,0.0,0.5,,0.2718763028961696,0.39197578548023043,0.4525829220259493,0.5006768884287751,0.4862908918429293,0.5141409334729308
19,2,49.0,6,0.0,0.5,,0.2816377952990572,0.37977377050330346,0.4481712768362824,0.503776715627191,0.4986187313954071,0.5512120040017268
19,2,50.0,6,0.0,0.5,,0.28018643905587176,0.3797598711242028,0.44913102405099947,0.49252683323398305,0.48429778289077446,0.5270127429606426
19,2,51.0,6,0.0,0.5,,0.2568761893518806,0.3776178002960624,0.453140369399257,0.48810166369611857,0.49993673255439,0.5395260882501487
19,2,52.0,6,0.0,0.5,,0.2523478813926096,0.3869028007786704,0.45310629810137926,0.477694972904002,0.5232063985805175,0.5352392272987443
19,2,53.0,6,0.0,0.5,,0.2561626256893117,0.38383995040370333,0.45289909923994054,0.4801469868716487,0.5359678708065386,0.5426994543706011
19,2,54.0,6,0.0,0.5,,0.2569763104007276,0.3865790091078093,0.44940832992545987,0.4868041296041848,0.4996708463804233,0.494012093707915
19,2,55.0,6,0.0,0.5,,0.2577867997549924,0.383034447267092,0.4456316031558908,0.4851524838747502,0.49103828577808717,0.5344575350634926
19,2,56.0,6,0.0,0.5,,0.2660846055365259,0.3943299583869724,0.44427141645764284,0.49842771605066627,0.4703619586915506,0.5287782944586754
19,2,57.0,6,0.0,0.5,,0.2716412718221994,0.3817770567867516,0.451526983325499,0.5075740276277227,0.4569354652347477,0.5251683048715597
19,2,58.0,6,0.0,0.5,,0.27292538743184946,0.37774711027757424,0.4537554718359421,0.5223422191133349,0.45953376455959283,0.5093516271723788
19,2,59.0,6,0.0,0.5,,0.26999319983932935,0.373529789312873,0.4529019529731143,0.5193033785190708,0.4533112594167468,0.5209069817415599
19,2,60.0,6,0.0,0.5,,0.26782301028568956,0.3779027447119193,0.4500090616382512,0.5267513931039075,0.4709502067823588,0.5113677943867616
19,2,61.0,6,0.0,0.5,,0.28125277218200356,0.3685659929700219,0.4530961887212201,0.5109982091870082,0.4687429324375717,0.49626549015969734
19,2,62.0,6,0.0,0.5,,0.26977605608724,0.3708378676061601,0.4568258706845973,0.5182889749370394,0.47408188116158306,0.49264662990144414
19,2,63.0,6,0.0,0.5,,0.28106764681127794,0.37079456298097596,0.45353486758431627,0.5219759529526277,0.4666666089280973,0.4615002470440726
19,2,64.0,6,0.0,0.5,,0.2824296846850903,0.37425892252477444,0.4552335063312232,0.5129090415114068,0.46467177876616417,0.48298708958833425
19,2,65.0,6,0.0,0.5,,0.25795381584687016,0.3696625639697627,0.45814209445270615,0.510201466612077,0.458035197162913,0.4585633155995352
19,2,66.0,6,0.0,0.5,,0.26593072904822834,0.36857706586589184,0.4536045780186309,0.5000591428970641,0.47892717225419545,0.5092487338245621
19,2,67.0,6,0.0,0.5,,0.263500051220705,0.3660855224420022,0.45329772317374195,0.49178334512474525,0.4643523669000116,0.4862517457197783
19,2,68.0,6,0.0,0.5,,0.25839064703958997,0.36885349118374433,0.45349107241750364,0.499797119154669,0.49159566699602825,0.45137632569701125
19,2,69.0,6,0.0,0.5,,0.27362229543679295,0.373615236408694,0.4500149726975066,0.4994658560731781,0.472635970205757,0.43174854709637983
19,2,70.0,6,0.0,0.5,,0.2928249787197102,0.3679022256269461,0.4461169173735282,0.4941278827485984,0.46915622589111433,0.4456390804104566
19,2,71.0,6,0.0,0.5,,0.280846129668609,0.37002435298836556,0.4471035636141372,0.49427342872331137,0.46411434595842777,0.4927066002833615
19,2,72.0,6,0.0,0.5,,0.2722302022662032,0.3760668394516591,0.45210248126180036,0.4900865012612984,0.4500959512188093,0.4763953264219049
19,2,73.0,6,0.0,0.5,,0.25634115555211856,0.37056242771134795,0.45445907207054653,0.4864525626286212,0.4692003202899757,0.45077689736072923
19,2,74.0,6,0.0,0.5,,0.27869076268960147,0.3627886706254236,0.4575225470441649,0.48368388117113775,0.4855665544789757,0.4907747611384618
19,2,75.0,6,0.0,0.5,,0.27574821240438235,0.36838562447119677,0.45702657047530504,0.477096030161137,0.49793724680325296,0.5195992407865945
19,2,76.0,6,0.0,0.5,,0.2708513528260998,0.36426128855284146,0.46148608490818244,0.4714897420346782,0.5028192630813525,0.49008943258005866
19,2,77.0,6,0.0,0.5,,0.2682231901538591,0.36739410407241574,0.4574483679137261,0.47067255448678413,0.48261699224027044,0.46623514240740194
19,2,78.0,6,0.0,0.5,,0.2702493731008569,0.3588630359270995,0.4587072576846117,0.4664553202415494,0.47853272857300083,0.47910456999247497
19,2,79.0,6,0.0,0.5,,0.2530585503454403,0.3577869668088664,0.4558466609716604,0.46154388485011333,0.47616566486321343,0.49043256777083083
19,2,80.0,6,0.0,0.5,,0.23930589214110703,0.36221464667723574,0.45372020328668006,0.47988424629880305,0.4752423386819767,0.48217384371967675
19,2,81.0,6,0.0,0.5,,0.2567173920680226,0.35564369530171847,0.45043676539589306,0.48092968092164357,0.4774461086951206,0.48860986588715904
19,2,82.0,6,0.0,0.5,,0.26351825139655427,0.35453125631851,0.4484575392079596,0.4790591653390449,0.5105261858559798,0.4703939344996523
19,2,83.0,6,0.0,0.5,,0.25123981310680976,0.3570691446261792,0.4470255313535477,0.4827034651824425,0.5105898995671386,0.4685965814310273
19,2,84.0,6,0.0,0.5,,0.2378509023502026,0.368455080654739,0.4513438911010267,0.4850146369404415,0.490909241595347,0.4162938634710841
19,2,85.0,6,0.0,0.5,,0.25574419945556454,0.3697806939545881,0.4514891736396587,0.47837282201860243,0.46590534933463124,0.44432630385594446
19,2,86.0,6,0.0,0.5,,0.26146324134574345,0.3643267852795944,0.45039867363646735,0.4840561102998895,0.4511957736597367,0.44549101408788544
19,2,87.0,6,0.0,0.5,,0.27461578887216687,0.3621538821421,0.44958197328870586,0.4887310435927346,0.47941288553558986,0.4958294574643701
19,2,88.0,6,0.0,0.5,,0.29451719537973686,0.36024016065654746,0.4481533363473821,0.48775813410133056,0.48787709403054036,0.5240035732782562
19,2,89.0,6,0.0,0.5,,0.26523768416833715,0.3679699614368888,0.45517533691346096,0.4832914729858107,0.49561268468343156,0.5214038711248706
19,2,90.0,6,0.0,0.5,,0.2793862676610376,0.36338600564950185,0.4552499448766724,0.4874502072732524,0.4489456563170873,0.4806120704135505
19,2,91.0,6,0.0,0.5,,0.27712919668334635,0.3556565571887683,0.45461401666017504,0.4704675882355306,0.48790256947817046,0.4451432539438329
19,2,92.0,6,0.0,0.5,,0.2609267688811953,0.36311696169035396,0.4542852159101137,0.4826048687021311,0.4718505561668369,0.41761550436831885
19,2,93.0,6,0.0,0.5,,0.2615370173576575,0.35690829978810623,0.4585901881499154,0.4770360464414174,0.45780000427768053,0.4631672341570977
19,2,94.0,6,0.0,0.5,,0.2455732848715138,0.36243593835139065,0.4563383765412092,0.4652295166871556,0.43810084969321483,0.4920228063386466
19,2,95.0,6,0.0,0.5,,0.26045193547897494,0.3572688995308214,0.45548476199180454,0.4689556754432311,0.4636062956098982,0.5422907038956393
19,2,96.0,6,0.0,0.5,,0.26803620218809376,0.36326299278909385,0.45264730958062377,0.4801113081859105,0.48281262127200186,0.5471132628496375
19,2,97.0,6,0.0,0.5,,0.26177999361787924,0.3682186124022106,0.4491706216175822,0.4716201697383703,0.4747338033951548,0.5738677684425084
19,2,98.0,6,0.0,0.5,,0.26172356588522644,0.3705157446433284,0.44589835611769313,0.4724168177420525,0.46675646987433694,0.5737648828114994
19,2,99.0,6,0.0,0.5,,0.24980406469774752,0.36043612309306666,0.44403035014377423,0.4756111666606927,0.4715477768442537,0.5041133878462121
19,2,100.0,6,0.0,0.5,,0.25463167428972105,0.3611959131645349,0.4408872197704389,0.4779067560223087,0.4564306822844132,0.47382354469395016
20,2,21.0,6,0.0,0.9,,0.2135071321112675,0.32133601620147345,0.39247984431710864,0.4262727236099949,0.44225194214926944,0.42938191805297593
20,2,22.0,6,0.0,0.9,,0.22378012903808986,0.3147351198115015,0.3981884089976661,0.42146333751707904,0.45053576239116894,0.4513119281452756
20,2,23.0,6,0.0,0.9,,0.22505637070848725,0.31662111547293453,0.3978088271460054,0.4186913069805788,0.45062306111221184,0.4722398125435559
20,2,24.0,6,0.0,0.9,,0.23501534715827227,0.31641532307842235,0.3945569698943047,0.44144540025473633,0.42321400623245264,0.4794959936223443
20,2,25.0,6,0.0,0.9,,0.25097956136056726,0.31940884472656383,0.39532353503245543,0.4337635788301023,0.43636023594922646,0.5133110428172658
20,2,26.0,6,0.0,0.9,,0.2436318485092229,0.31950197803654623,0.3914413971517264,0.43239828212825504,0.4180180042932455,0.5154196274834879
20,2,27.0,6,0.0,0.9,,0.24049238875012638,0.318977214018468,0.3900862111290735,0.4351542238611715,0.3784461878099729,0.5201846475660564
20,2,28.0,6,0.0,0.9,,0.23454495605722842,0.31368898171876325,0.3883348070803918,0.4247210496900352,0.4083282139010107,0.5190713345686845
20,2,29.0,6,0.0,0.9,,0.2390888677681411,0.3212516566566358,0.38693368384144655,0.42572169984188246,0.402569752779571,0.4917753493172362
20,2,30.0,6,0.0,0.9,,0.22677017987389808,0.3216163149311865,0.38884429358794326,0.4120473393455154,0.39850248239940583,0.4695383822478442
20,2,31.0,6,0.0,0.9,,0.2300495651121023,0.3287317105345005,0.38709017764405873,0.40039792637326777,0.4172530637576505,0.45826286683416206
20,2,32.0,6,0.0,0.9,,0.21620267733131798,0.3268345680514117,0.3889385717391838,0.42066131463773254,0.414400206431729,0.4841518428647376
20,2,33.0,6,0.0,0.9,,0.21063498673908695,0.32822823909026233,0.3909894472877702,0.4232751985650493,0.4048473749697986,0.49641531022676544
20,2,34.0,6,0.0,0.9,,0.23092564325338433,0.3282190901854531,0.38975000726050135,0.41438145116050534,0.39786604832036165,0.4753511877963807
20,2,35.0,6,0.0,0.9,,0.24010976783454652,0.3221368425945871,0.3899805507078644,0.4113311334199133,0.4183901316215112,0.5035457114856283
20,2,36.0,6,0.0,0.9,,0.23431396256548465,0.33154586255165813,0.3908283463392416,0.40509056026518364,0.42410308394754803,0.4759560495598875
20,2,37.0,6,0.0,0.9,,0.21157080520438148,0.32677881777866113,0.39065856618223427,0.40242889375796864,0.419308703558327,0.4980214070841564
20,2,38.0,6,0.0,0.9,,0.1995624815625195,0.3317235255045542,0.3902874896673663,0.40079998379313286,0.41857313701981624,0.466294700074901
20,2,39.0,6,0.0,0.9,,0.20312229041186675,0.3269209481409781,0.38997986561958065,0.40067430507397883,0.4159604045620068,0.46173468145107427
20,2,40.0,6,0.0,0.9,,0.19312227657325026,0.320310177477637,0.3863261127675791,0.3941301372582452,0.385204907881264,0.47084078927548384
20,2,41.0,6,0.0,0.9,,0.19185205928789023,0.31668315760491245,0.3882793664080523,0.39681792081116585,0.37663819040109914,0.47874629565212246
20,2,42.0,6,0.0,0.9,,0.19734069455136533,0.31648849073520724,0.3858060622522038,0.38948542316533735,0.4083620624809544,0.47025862288387826
20,2,43.0,6,0.0,0.9,,0.21521667736972477,0.3146426399661365,0.387488755574713,0.3882561652163981,0.4240099656378106,0.4451992602042397
20,2,44.0,6,0.0,0.9,,0.20192954952295947,0.32746670710428644,0.38469501464816785,0.38636753639996374,0.3909745163998566,0.42142680614024036
20,2,45.0,6,0.0,0.9,,0.2050840798946781,0.32068502490427825,0.38510511894703825,0.3861691798587486,0.42981825373610666,0.4497749777904841
20,2,46.0,6,0.0,0.9,,0.21769152571481087,0.3178159731502432,0.3843499333347637,0.3924379532391647,0.40950075289930704,0.436389480675182
20,2,47.0,6,0.0,0.9,,0.21276246488902278,0.3220587155398539,0.38451728176409655,0.40774917552229883,0.4187763140115175,0.47496495636061276
20,2,48.0,6,0.0,0.9,,0.20692903172374014,0.3260691537389642,0.3827963945370392,0.40976856477006,0.401496735850608,0.4560331237192544
20,2,49.0,6,0.0,0.9,,0.2066788835135632,0.32318560220987613,0.39010530983616387,0.40203954802575936,0.39327345472911307,0.42081134788297747
20,2,50.0,6,0.0,0.9,,0.2280793675177079,0.31732190073275546,0.38926110445571876,0.3957483199253522,0.40161988665735643,0.4172111486615641
20,2,51.0,6,0.0,0.9,,0.21177033919320895,0.31893020121314986,0.3874255060343986,0.3939098730801576,0.38773000007743746,0.41405937538932075
20,2,52.0,6,0.0,0.9,,0.20003467736500197,0.321638537158787,0.3866177724977269,0.4074592333970135,0.3988191891668324,0.42968343852196733
20,2,53.0,6,0.0,0.9,,0.18838633214759032,0.3259287612912197,0.38897217711519316,0.4002491005595328,0.4133577073061499,0.42144768415942674
20,2,54.0,6,0.0,0.9,,0.19014905420202013,0.325780237280155,0.38744357986928757,0.3946036640534646,0.37825194415672597,0.42743640475540434
20,2,55.0,6,0.0,0.9,,0.20161486295785505,0.3287396550977789,0.3886585716022948,0.39033772037603515,0.3688451488200982,0.425806429469772
20,2,56.0,6,0.0,0.9,,0.21475463320889823,0.3275828706209401,0.3876042249520437,0.41372556769974206,0.35266756698765056,0.4080837609187385
20,2,57.0,6,0.0,0.9,,0.214028862259392,0.3386475506820597,0.387166394788814,0.39862407824433305,0.3598160297134658,0.4022087747118416
20,2,58.0,6,0.0,0.9,,0.20115018580897445,0.33840501693214514,0.38617365122482605,0.39495495837903516,0.3759077315514299,0.39443974190401265
20,2,59.0,6,0.0,0.9,,0.20753290876007693,0.3302855839919408,0.3897001491482435,0.40098566272428504,0.37838005878916114,0.4225848668244273
20,2,60.0,6,0.0,0.9,,0.21485150210214918,0.32632507947430356,0.39035480938423545,0.3965844280613054,0.38012278031737456,0.45718906765821227
20,2,61.0,6,0.0,0.9,,0.20869184817249678,0.3267583222366917,0.3927537849755517,0.3833633685479966,0.3933293857514954,0.41241346235613896
20,2,62.0,6,0.0,0.9,,0.1931135451231066,0.32431526461463517,0.3907043368373887,0.3792451624596329,0.41381674973523824,0.4162170257553872
20,2,63.0,6,0.0,0.9,,0.18531856244042694,0.3352048068230854,0.3910068503094042,0.40429970475342036,0.43579162197211757,0.43028064318155146
20,2,64.0,6,0.0,0.9,,0.17927516726414974,0.32687550467931736,0.38915333309080363,0.4168663438246066,0.4260923998264494,0.4443648934909965
20,2,65.0,6,0.0,0.9,,0.18661686482482426,0.32863929312882434,0.38950582704520864,0.4263779828156176,0.40214000417133733,0.41897803291161945
20,2,66.0,6,0.0,0.9,,0.17991189787029416,0.32605339915433684,0.38828372602406125,0.4263274808389868,0.40085016963869424,0.4137230490135712
20,2,67.0,6,0.0,0.9,,0.1631119192557705,0.3185090261737921,0.3900141399805402,0.4216298481360531,0.38943099089657596,0.42679139004113686
20,2,68.0,6,0.0,0.9,,0.1802222161612696,0.3168229167109487,0.38911120350562683,0.42106653314389375,0.38036794718474976,0.4393610547642484
20,2,69.0,6,0.0,0.9,,0.17674767675214603,0.32394768546569014,0.3909669219215131,0.43707173628917334,0.39918030140663363,0.46619682973730436
20,2,70.0,6,0.0,0.9,,0.18926690040807218,0.319593163995355,0.38732470350432685,0.43386805871487005,0.4197770666737769,0.4889933285179593
20,2,71.0,6,0.0,0.9,,0.21083144248900032,0.33146982733746555,0.3839590628778525,0.42357733930844993,0.41071074832497745,0.4858143593438835
20,2,72.0,6,0.0,0.9,,0.22876433191856402,0.32524028710050906,0.38601115607523195,0.4274688824394633,0.3971612932437588,0.4582036039180979
20,2,73.0,6,0.0,0.9,,0.21927248225379392,0.3312808524434025,0.3854862925303935,0.43656579400291856,0.4270398840660293,0.4391417713957936
20,2,74.0,6,0.0,0.9,,0.22320908016084742,0.32793328878000383,0.388227623920738,0.41339548510048074,0.4438143369127137,0.4478887787280349
20,2,75.0,6,0.0,0.9,,0.2158589093811377,0.3246151504987022,0.38576466826235245,0.41451675165750174,0.4340812447275413,0.47431420852107253
20,2,76.0,6,0.0,0.9,,0.2135564964270059,0.31490867910996634,0.38589655667839745,0.4286583645032043,0.4627321621431316,0.48812701967344585
20,2,77.0,6,0.0,0.9,,0.2097355558537179,0.3169641715351522,0.38647788206429684,0.4216798690284381,0.496635110113686,0.49715967883341766
20,2,78.0,6,0.0,0.9,,0.22223263996918985,0.3140063528509246,0.3883677210069467,0.41719494648215144,0.4985853571283553,0.4852818600409009
20,2,79.0,6,0.0,0.9,,0.22164515909640503,0.32058732226313896,0.38695785914918984,0.41566771494006804,0.44035859471812894,0.5100472791654376
20,2,80.0,6,0.0,0.9,,0.21999436917017942,0.32672554296948864,0.38491644496960065,0.4123114261381346,0.4625078222633528,0.5118365631721936
20,2,81.0,6,0.0,0.9,,0.22652366283223394,0.3299745228766201,0.3876111150926922,0.40657777810142093,0.42553474051966883,0.5328089866522443
20,2,82.0,6,0.0,0.9,,0.21747994698472986,0.3378369498367715,0.3852714611999158,0.40668300169660165,0.41991254392272115,0.4894700924528263
20,2,83.0,6,0.0,0.9,,0.21832449936621226,0.3359230324040182,0.38626391278978256,0.4097985393510675,0.46091629462586825,0.5039552890575062
20,2,84.0,6,0.0,0.9,,0.23792421900809652,0.3366819840029213,0.3846174800652963,0.4046007446833963,0.4244697023455437,0.49272377841132836
20,2,85.0,6,0.0,0.9,,0.2510922747767651,0.33754634617120016,0.3837106065220607,0.4095720309781904,0.4360641284498426,0.511777317199286
20,2,86.0,6,0.0,0.9,,0.24706719260727317,0.327087139499861,0.38382542602026365,0.4152856094740933,0.4509016878059325,0.4796948739626858
20,2,87.0,6,0.0,0.9,,0.24088162575070862,0.3233957334883736,0.384409448044715,0.4134627107578949,0.4583114509474832,0.46452973222170507
20,2,88.0,6,0.0,0.9,,0.24612730668898042,0.31576664935359977,0.386371464208722,0.4280374653315097,0.4404745542552881,0.4827288143075236
20,2,89.0,6,0.0,0.9,,0.22697665982310644,0.3193739041320127,0.3876918614326182,0.41178200073793514,0.42735553615649635,0.4587345332082878
20,2,90.0,6,0.0,0.9,,0.22245069678058088,0.3178294025243149,0.3909147173144772,0.42256965935993646,0.42015465888779663,0.47221737045601486
20,2,91.0,6,0.0,0.9,,0.24014718835948737,0.3228801139116205,0.3898316653727764,0.42086108116525905,0.4250065641380621,0.4734588729463717
20,2,92.0,6,0.0,0.9,,0.243506693096294,0.32677423736019906,0.38953738409190236,0.4135971460185151,0.46659541528403786,0.4560723903170608
20,2,93.0,6,0.0,0.9,,0.2378394584716891,0.32774762440102045,0.38854665586367815,0.41062471404495426,0.4910396948972798,0.4647126182831286
20,2,94.0,6,0.0,0.9,,0.23976718637359026,0.3307921880218457,0.3891029028573153,0.4123953499600324,0.4566815618463894,0.4875904183191112
20,2,95.0,6,0.0,0.9,,0.23660919566306685,0.32445252175285744,0.3885209856607837,0.41601642590793475,0.48521418663131566,0.46587132065827613
20,2,96.0,6,0.0,0.9,,0.23612323452776351,0.32715553965543676,0.3894114785942676,0.4058413249112469,0.47379948831114566,0.4996849849641996
20,2,97.0,6,0.0,0.9,,0.2388757018758251,0.3246539816091182,0.38342618154340796,0.39489043819209596,0.45155232210744556,0.5305584373762107
20,2,98.0,6,0.0,0.9,,0.23409741023845795,0.3215246799980445,0.3821986500588696,0.4040265953151949,0.4409956418140166,0.5329131996235569
20,2,99.0,6,0.0,0.9,,0.23622995624849277,0.31765475962123835,0.38344248579852386,0.3965272854780276,0.4319462632791039,0.4744871432059772
20,2,100.0,6,0.0,0.9,,0.22889349811936954,0.3164540869156954,0.3821329059366106,0.3781268710021065,0.434594416791301,0.4777512027895015
21,2,21.0,6,0.25,0.0,,0.3857336080380369,0.49593343053733696,0.5884200702586428,0.5503835297513504,0.5898652088235277,0.5454720571409555
21,2,22.0,6,0.25,0.0,,0.372682946277386,0.5132717869274872,0.580605617230583,0.5571675785667666,0.5798951382503131,0.5298162409522149
21,2,23.0,6,0.25,0.0,,0.36953934694896634,0.5054683537894744,0.5925553850179497,0.5668454789085688,0.5723708963876395,0.5369995161727906
21,2,24.0,6,0.25,0.0,,0.36721795930073253,0.512469015281368,0.6104039285643397,0.5965178168143411,0.5679909488210092,0.5177879030875051
21,2,25.0,6,0.25,0.0,,0.36250853826048224,0.5429610231740443,0.6208678640858623,0.5999473671835284,0.556616165689878,0.5126322903005331
21,2,26.0,6,0.25,0.0,,0.36596638632815787,0.531919969215094,0.6162081860581452,0.596551900187615,0.5590353128136447,0.5082675127123053
21,2,27.0,6,0.25,0.0,,0.3711580224525372,0.537208687355987,0.6460220248467192,0.6048124864023297,0.5710689574642794,0.5533036647535761
21,2,28.0,6,0.25,0.0,,0.36052434863529276,0.5440639691255222,0.603395947892168,0.5919553399456831,0.5849307408467523,0.5275501130679001
21,2,29.0,6,0.25,0.0,,0.3363781839217318,0.5319132758953394,0.6064173932695152,0.5920859120061883,0.5503312008227687,0.5509623788766785
21,2,30.0,6,0.25,0.0,,0.3296214077969374,0.5299750171674861,0.5873235151164733,0.6003608591837397,0.548739966703585,0.5667914860756362
21,2,31.0,6,0.25,0.0,,0.3383726927751879,0.5369068380286208,0.5908299436847412,0.6057967365093091,0.5776654891657942,0.5537741437033066
21,2,32.0,6,0.25,0.0,,0.3124895486445058,0.5268553332333954,0.5931816320232955,0.641064331948892,0.5691947765199773,0.5348126598789584
21,2,33.0,6,0.25,0.0,,0.3104787526480021,0.5035992526502681,0.6106841318262024,0.6212453482625937,0.5702221451003087,0.5467500513809019
21,2,34.0,6,0.25,0.0,,0.3245343193931516,0.5121413613870719,0.5997681827980899,0.6251781525890463,0.538913885295776,0.5265889467519997
21,2,35.0,6,0.25,0.0,,0.31689320470594273,0.5158986487506121,0.6074173631405771,0.584105708056134,0.5802476509474455,0.49527755723698086
21,2,36.0,6,0.25,0.0,,0.3235091863467424,0.489706930658691,0.6037073038108111,0.6089033429249369,0.5925357157899095,0.5098294062180473
21,2,37.0,6,0.25,0.0,,0.3207207692893481,0.49745674399411355,0.5917792834268821,0.6108558450464753,0.6048566274290519,0.5173736574256999
21,2,38.0,6,0.25,0.0,,0.3533916326319125,0.4906653539260937,0.587565248168106,0.6101112227425038,0.570394774322929,0.544951383372684
21,2,39.0,6,0.25,0.0,,0.35670307671113993,0.47858699253693804,0.6099767885643976,0.5963550198818266,0.590324404953983,0.5209216256261178
21,2,40.0,6,0.25,0.0,,0.3653689391090672,0.46398259456139124,0.6132281787953268,0.5986900720189596,0.5967618946089861,0.5022056619311577
21,2,41.0,6,0.25,0.0,,0.3507908548957032,0.460581981183227,0.6081284680556773,0.6159585591387421,0.6286688307687655,0.5240006839676958
21,2,42.0,6,0.25,0.0,,0.3573802139945194,0.4702056702919455,0.6040007242162673,0.5985925826572385,0.6241206999314892,0.4918024793571806
21,2,43.0,6,0.25,0.0,,0.34123416771881976,0.464903666615918,0.6051769968742237,0.5769988147335797,0.6062329754589675,0.4994802752263482
21,2,44.0,6,0.25,0.0,,0.3771413784262556,0.4725220974198418,0.5855675218196541,0.590914194997102,0.6449692413952266,0.5060905329832908
21,2,45.0,6,0.25,0.0,,0.39435598416240125,0.4723509726494169,0.5466936700799224,0.6178525886268043,0.6477967273551222,0.5167673217426643
21,2,46.0,6,0.25,0.0,,0.3812191431726023,0.47566712807771844,0.5642439030810732,0.6318429049805327,0.6202474071112889,0.5187766797908
21,2,47.0,6,0.25,0.0,,0.3824560027340246,0.4765970844163487,0.5560672008940151,0.6334645668338197,0.6167205391499045,0.5361397290646568
21,2,48.0,6,0.25,0.0,,0.3798793726240413,0.46851014305746863,0.5606562578144896,0.634631576527352,0.6470248897647162,0.5372803842219533
21,2,49.0,6,0.25,0.0,,0.38696798511786823,0.46477251297397826,0.5744788499967015,0.6052558008427507,0.6243333359491767,0.5346816712968405
21,2,50.0,6,0.25,0.0,,0.37728964097735024,0.47435984634640443,0.572160436052723,0.5929259303929184,0.6008046662015047,0.572899332900766
21,2,51.0,6,0.25,0.0,,0.38941281656105586,0.4928286185793745,0.5433848512737055,0.5925190339405988,0.5606114702649827,0.5590427553495709
21,2,52.0,6,0.25,0.0,,0.36427721677812575,0.4929550004703618,0.5448504144972055,0.5913827918958585,0.5914523255648443,0.600556489282471
21,2,53.0,6,0.25,0.0,,0.3376378843190161,0.46933434724504597,0.5557928675941924,0.5705210411505435,0.5937438304849311,0.6121962850046229
21,2,54.0,6,0.25,0.0,,0.3526578445122082,0.4694423067448417,0.5674360853260626,0.5751743519129653,0.61982235913831,0.597340600206999
21,2,55.0,6,0.25,0.0,,0.3400338021251402,0.48308200613841834,0.567442495244733,0.5941646017856614,0.6269648635758831,0.5950551141983419
21,2,56.0,6,0.25,0.0,,0.35834011249474923,0.49276475085224575,0.5796907049046066,0.6151691260945696,0.5954021116294673,0.6161610873761159
21,2,57.0,6,0.25,0.0,,0.37256836543886657,0.49535195842916285,0.573958438420928,0.5986281270155823,0.5814034909274556,0.5940309103384318
21,2,58.0,6,0.25,0.0,,0.35968089131032743,0.4825619280297843,0.5931858777163981,0.6121446340415043,0.5780798299401647,0.5281841809899023
21,2,59.0,6,0.25,0.0,,0.3498579668898184,0.478204424002724,0.6008524061654423,0.5978055212879003,0.615729020071228,0.549231749189717
21,2,60.0,6,0.25,0.0,,0.3513324694094823,0.4692121472423664,0.6074165645121361,0.613506421468049,0.63646491777627,0.5945720478302814
21,2,61.0,6,0.25,0.0,,0.3757090801412643,0.47317556968555385,0.6116947419230512,0.6118233480817368,0.6406736705944317,0.5798388884128813
21,2,62.0,6,0.25,0.0,,0.3589001756734341,0.469397519135996,0.6162670985016448,0.5902048781245054,0.6414848797103321,0.6149208130406463
21,2,63.0,6,0.25,0.0,,0.3660134798594997,0.4739959250380422,0.6417658062679212,0.5940000746417136,0.6603023548893607,0.6114608311566649
21,2,64.0,6,0.25,0.0,,0.3682268729690723,0.47240325135956446,0.645509183750382,0.6001447524997136,0.6214292205210029,0.5742119696469115
21,2,65.0,6,0.25,0.0,,0.3685076558117367,0.5086432238237648,0.6617833681715121,0.5992932960042534,0.6134898135648077,0.571004373220936
21,2,66.0,6,0.25,0.0,,0.3665209160962724,0.5196718067444068,0.689407907298348,0.620021089676051,0.6338723757038414,0.5214564102805013
21,2,67.0,6,0.25,0.0,,0.3695743312863363,0.5074605382270934,0.6836596963027374,0.6233480223600874,0.6053542290761269,0.5471110169443333
21,2,68.0,6,0.25,0.0,,0.39378399627877264,0.5030453343213426,0.678769422586463,0.6468082739904667,0.5928541820069275,0.5983117304829356
21,2,69.0,6,0.25,0.0,,0.37557834811836466,0.5013856981633313,0.6632874802789335,0.6408132661680488,0.5743776117955249,0.5775487574681251
21,2,70.0,6,0.25,0.0,,0.4017772412912762,0.4740463423340329,0.6704478769678035,0.6354025248126464,0.6251828671504105,0.5800835352743707
21,2,71.0,6,0.25,0.0,,0.39190968914049323,0.4857181776835011,0.6591433797910263,0.6217280531221399,0.5907943078654743,0.5403622835460875
21,2,72.0,6,0.25,0.0,,0.4264699784679262,0.4731860850584827,0.6633738594703622,0.6209296478868225,0.562033610671407,0.5691683346665553
21,2,73.0,6,0.25,0.0,,0.4116749753100836,0.4815291287680119,0.6715788080509707,0.6243458827926439,0.54382075699575,0.5256650146690452
21,2,74.0,6,0.25,0.0,,0.39346699098917,0.48428884325206917,0.6495619013031695,0.6311074208060341,0.5511477586828744,0.5080164529389026
21,2,75.0,6,0.25,0.0,,0.3615274011539905,0.4995461713281733,0.6342640978925405,0.6349655234642264,0.5117142257140407,0.4837388605658006
21,2,76.0,6,0.25,0.0,,0.3492568217879497,0.509108773128973,0.6403350173420802,0.650070493751232,0.5234051507037989,0.5199230265099881
21,2,77.0,6,0.25,0.0,,0.33138503498777994,0.5357201878804315,0.6350705113929758,0.6486439153792609,0.5570546102236948,0.5978004413500285
21,2,78.0,6,0.25,0.0,,0.3337392708556316,0.5499738833386758,0.6165590772789098,0.6216424840791758,0.55101999747614,0.5989641856823255
21,2,79.0,6,0.25,0.0,,0.3438339882698773,0.5276984657560883,0.6213334890299131,0.6174631717685329,0.5679486757834071,0.5257024201978683
21,2,80.0,6,0.25,0.0,,0.3271037522457297,0.5528750665145414,0.5868776409560554,0.615103800980137,0.5845019776515255,0.49898913456980604
21,2,81.0,6,0.25,0.0,,0.3335507377897341,0.5408463839677828,0.6060346682963194,0.623150060333551,0.6049724036874656,0.4840889729918487
21,2,82.0,6,0.25,0.0,,0.33505179444038996,0.5565987819363888,0.6142856252317795,0.593680372527359,0.6134794041245295,0.4919730006889882
21,2,83.0,6,0.25,0.0,,0.3303078289684085,0.546831499470516,0.625092194215494,0.6049101033244135,0.6129926938954744,0.5064298672805847
21,2,84.0,6,0.25,0.0,,0.3577011076548874,0.521451159864325,0.6049192922090881,0.6160532757370307,0.6009000311690523,0.5302440834258735
21,2,85.0,6,0.25,0.0,,0.3454936778365626,0.5345512256361985,0.62717331701893,0.6115245379953268,0.6243263350316337,0.5233072996222505
21,2,86.0,6,0.25,0.0,,0.33305504455761276,0.5103585091300503,0.6425293491507078,0.6023215223302494,0.577969631284058,0.5334520367988758
21,2,87.0,6,0.25,0.0,,0.34942822086511016,0.5026666443196378,0.6424521942581647,0.6229252700069117,0.6363655821982444,0.5434845609054552
21,2,88.0,6,0.25,0.0,,0.3488186851030564,0.5044548483123072,0.6300597883994621,0.6127643632032788,0.5900504860144501,0.5552033931092717
21,2,89.0,6,0.25,0.0,,0.36654402074822495,0.5279098814908532,0.6176073447013126,0.6341253408016925,0.6177310000466287,0.5540955424857623
21,2,90.0,6,0.25,0.0,,0.3582123227883732,0.51286255412838,0.6474797664583174,0.621081357350468,0.571730286401809,0.5887426803202277
21,2,91.0,6,0.25,0.0,,0.34937701289606826,0.5304242980845622,0.6159220353713749,0.6113706417825571,0.5699153717542733,0.6184225389926659
21,2,92.0,6,0.25,0.0,,0.350855907909113,0.5398330482937257,0.6416055835990397,0.6279997424120987,0.5692181862999124,0.6106150048155602
21,2,93.0,6,0.25,0.0,,0.3623390493095028,0.5428570746249273,0.6322784069409272,0.6323557700270277,0.5912411744474744,0.6218293198317405
21,2,94.0,6,0.25,0.0,,0.356176085966723,0.5503606606331307,0.6214360517945323,0.6280329736753487,0.5745883814524764,0.5652778013407671
21,2,95.0,6,0.25,0.0,,0.34885549355026174,0.5263860544793835,0.6125494489016087,0.6512848838109397,0.5675344692650112,0.5836853715265409
21,2,96.0,6,0.25,0.0,,0.3484072363122292,0.5304826935468134,0.6303130675537382,0.6305883155161089,0.5491348621540573,0.5017994713268051
21,2,97.0,6,0.25,0.0,,0.3519531442633429,0.5225091737350229,0.6290245041568563,0.6098678994937388,0.5208912747288018,0.5115401225402548
21,2,98.0,6,0.25,0.0,,0.39189244368955095,0.5268117103693005,0.6080717804884375,0.5900533714545413,0.5347037993836101,0.48602650154679405
21,2,99.0,6,0.25,0.0,,0.3792771662508736,0.5376113479052481,0.6094280956903445,0.6315975719716524,0.5309055044061634,0.4830212134196551
21,2,100.0,6,0.25,0.0,,0.3870358095631011,0.5241662041239832,0.6115409703997855,0.6772077092032216,0.5315910023554041,0.4755583438304143
22,2,21.0,6,0.25,0.5,,0.2618528034112968,0.33435645219282156,0.47167896501799456,0.4768184673161178,0.48805537815887784,0.47407925563656894
22,2,22.0,6,0.25,0.5,,0.25028628385830537,0.36786935454660574,0.46222035631942726,0.5013097123149226,0.4848904016129921,0.5037629322810523
22,2,23.0,6,0.25,0.5,,0.27847083128942984,0.37509711744693397,0.4488757639729508,0.5066160798152561,0.488239890150708,0.5220669675126983
22,2,24.0,6,0.25,0.5,,0.27874560669766796,0.37884565419053884,0.44463029969133405,0.4949243317146804,0.4776093214794838,0.5425399097229321
22,2,25.0,6,0.25,0.5,,0.270002395381371,0.3686181115095687,0.43958841743451027,0.5040565694085719,0.516395491485625,0.5405539519519709
22,2,26.0,6,0.25,0.5,,0.3108004959533126,0.39885728559604766,0.4224485400613539,0.4815795110850445,0.5056463028774674,0.5588247288263984
22,2,27.0,6,0.25,0.5,,0.2808787671342261,0.3885715728963785,0.4266300202615653,0.47870582553912666,0.5230893983540194,0.567522462336749
22,2,28.0,6,0.25,0.5,,0.29164416570930296,0.3571519846206251,0.44408087736224333,0.5121507680514228,0.5508673287742776,0.5690545631213186
22,2,29.0,6,0.25,0.5,,0.2892881536274679,0.3230349636620829,0.4481620831401562,0.5102135229572635,0.5207551129477054,0.5380727086416712
22,2,30.0,6,0.25,0.5,,0.30195213098765256,0.3318956938145638,0.4414139646751421,0.5059162655026535,0.5433258221353438,0.5498071637105724
22,2,31.0,6,0.25,0.5,,0.27531585687748394,0.35565247413233225,0.44955389702990906,0.5417782302169316,0.5641088037443946,0.5330056812904276
22,2,32.0,6,0.25,0.5,,0.2625475509729024,0.35783692475617446,0.4813120961431302,0.5322053413441871,0.5955704590196422,0.5457859678393179
22,2,33.0,6,0.25,0.5,,0.26387609138183743,0.3511757900473783,0.47884703290188335,0.5376017959621469,0.5887512699875075,0.5392423543430381
22,2,34.0,6,0.25,0.5,,0.2681219646992224,0.3709451258701863,0.4410954387965792,0.570806065574254,0.5421150833294716,0.5356006887280118
22,2,35.0,6,0.25,0.5,,0.2656786298166615,0.36032189902103007,0.41421227563978613,0.5446314898488311,0.5330651229829655,0.5476486421358713
22,2,36.0,6,0.25,0.5,,0.26511188019092125,0.3700487506096923,0.41613405738437936,0.5314591887060406,0.541221416153838,0.5045908285283467
22,2,37.0,6,0.25,0.5,,0.2589520189237538,0.35958350028391417,0.4370395908433736,0.4974652740718307,0.5369550549938322,0.4408752514412063
22,2,38.0,6,0.25,0.5,,0.2440673829944719,0.3686558064684557,0.4208587166764145,0.48632217718554227,0.5019613310724731,0.42305533309959503
22,2,39.0,6,0.25,0.5,,0.25906414066922073,0.376679970426654,0.42505984008307535,0.4746994417097742,0.5055242435400046,0.45057043538202546
22,2,40.0,6,0.25,0.5,,0.2508571351868601,0.394375283577471,0.45243241375317444,0.4840098630177076,0.5196056667538015,0.4546012312207678
22,2,41.0,6,0.25,0.5,,0.254636481599898,0.3844971149547235,0.41802678646786795,0.4961281452373377,0.5427940241903851,0.47663970693650926
22,2,42.0,6,0.25,0.5,,0.2678962959700318,0.3951102269064136,0.4302029160776132,0.48501892955895015,0.5192857833498522,0.48898907047894785
22,2,43.0,6,0.25,0.5,,0.29524206002185394,0.3794836787836807,0.42353312246568847,0.46463617284359593,0.5287731146310974,0.547323914043543
22,2,44.0,6,0.25,0.5,,0.29179314579795396,0.3885984012863026,0.4010589606932687,0.49918291365355183,0.5015235366559815,0.5406663968318803
22,2,45.0,6,0.25,0.5,,0.29246588078521885,0.3808663203418936,0.42536085562744824,0.4693585193562145,0.4898970821233026,0.507336579194506
22,2,46.0,6,0.25,0.5,,0.3168928731573957,0.35134654009441263,0.43656811166737003,0.47001420612164113,0.5033070954276986,0.47336510786713315
22,2,47.0,6,0.25,0.5,,0.2993071508159756,0.36702760197005785,0.4323130869761827,0.46538162338394207,0.5161843849923977,0.4920734089053278
22,2,48.0,6,0.25,0.5,,0.2843566817109112,0.3678281018237651,0.44498328622870387,0.45269768945041955,0.5434030094638121,0.48445612032980334
22,2,49.0,6,0.25,0.5,,0.2767174887861007,0.36549112362070313,0.464892644871069,0.46106876177368783,0.5467265908421822,0.4871535888389036
22,2,50.0,6,0.25,0.5,,0.28938587922499165,0.34185994471694187,0.4736506457126984,0.47374903930378487,0.5691270057886222,0.5329195954333101
22,2,51.0,6,0.25,0.5,,0.28630024467798804,0.3386421017318678,0.4565694877216505,0.468102161656586,0.5650523315756624,0.5634884830368772
22,2,52.0,6,0.25,0.5,,0.29363698297356583,0.35332851281949396,0.44427419530233603,0.46049720989687765,0.5631707245423204,0.5363074254541352
22,2,53.0,6,0.25,0.5,,0.296745432149751,0.36196256355122025,0.4378720646405686,0.453388240496592,0.5362731663150131,0.5549941927832632
22,2,54.0,6,0.25,0.5,,0.30221736830693374,0.36409640044729635,0.44718528261207746,0.43185864783011085,0.5551915480774995,0.4793536863255796
22,2,55.0,6,0.25,0.5,,0.2972513709498549,0.34222513530306986,0.42710990380306885,0.4172571185944727,0.5293152838315566,0.471686682027761
22,2,56.0,6,0.25,0.5,,0.3182046289873422,0.3780719031770257,0.4213354551268756,0.42576263324629904,0.5413296126820659,0.4410142003556808
22,2,57.0,6,0.25,0.5,,0.30476064464425384,0.3891564575965701,0.4285028220490522,0.45511412712530747,0.5520032556528628,0.4604805594678796
22,2,58.0,6,0.25,0.5,,0.2860609082511951,0.3977862447753694,0.4226414652113334,0.4521874159628833,0.4870718736996798,0.4733936915695759
22,2,59.0,6,0.25,0.5,,0.29989197605376033,0.39922560349611286,0.42722538506014374,0.4728041414161274,0.4883905226406357,0.4844184826002322
22,2,60.0,6,0.25,0.5,,0.28993677445025273,0.4114594519637185,0.43263494672825453,0.47761368926465514,0.4921751229416351,0.5002315438198177
22,2,61.0,6,0.25,0.5,,0.2877045838415061,0.39307935304680713,0.41561739367905803,0.49411689662533453,0.5193936596206197,0.5497567413359457
22,2,62.0,6,0.25,0.5,,0.31844561343712585,0.3814018289087917,0.40623567296087837,0.4908831507612315,0.5201106609166252,0.5502697243554816
22,2,63.0,6,0.25,0.5,,0.31842857408165476,0.37969850993193943,0.421337445743715,0.4828739595754061,0.5318163918812387,0.5806794859106976
22,2,64.0,6,0.25,0.5,,0.2830747023038934,0.40037468770041296,0.4217714169749717,0.47851344793454603,0.49437826522756306,0.5559496075104108
22,2,65.0,6,0.25,0.5,,0.26480194733944423,0.388181188744167,0.46826223994419697,0.4843540881698498,0.4813735789590362,0.5105752328049225
22,2,66.0,6,0.25,0.5,,0.27133932476169953,0.3987480309177732,0.4330497375971657,0.45497425174206285,0.4838117894088251,0.5127343388083997
22,2,67.0,6,0.25,0.5,,0.2639684228164977,0.39245926410907017,0.426772390075928,0.4433751631944848,0.4660297687718362,0.48473371088722034
22,2,68.0,6,0.25,0.5,,0.280475659773167,0.39398844551817475,0.44176715697254626,0.4760346820332654,0.47475360337049083,0.4667483540982045
22,2,69.0,6,0.25,0.5,,0.25473802810921586,0.39279753710520254,0.46341158073032374,0.45388866989788834,0.4762115958538626,0.5172030745623257
22,2,70.0,6,0.25,0.5,,0.23255553118425945,0.39103841575305975,0.4757803733686862,0.4439207405563998,0.4936022061181828,0.48837069143473694
22,2,71.0,6,0.25,0.5,,0.21846981617203443,0.3848151740009341,0.44438734333620084,0.46445337009378446,0.5271450261574041,0.47167155642781455
22,2,72.0,6,0.25,0.5,,0.22253166194208318,0.37504628525633843,0.4319531355227973,0.45154523750044734,0.5338674056890318,0.4617708506495136
22,2,73.0,6,0.25,0.5,,0.2139241679681228,0.38643601560021607,0.42104616433870073,0.4791492232635206,0.5211377725419392,0.39907777914056497
22,2,74.0,6,0.25,0.5,,0.2124307551193553,0.3701869118150437,0.42847971293185527,0.47643366894060935,0.5472812978205079,0.4354913422111684
22,2,75.0,6,0.25,0.5,,0.22743968963491995,0.39265201638524216,0.4539838634931068,0.4748956959144506,0.540610775720545,0.4675765930668172
22,2,76.0,6,0.25,0.5,,0.22487033282802252,0.4027624218165444,0.44674285983712875,0.4637201279578422,0.5601109496491509,0.49467258405104947
22,2,77.0,6,0.25,0.5,,0.23307328167120453,0.3907059252834898,0.4625252439351537,0.4541000589888367,0.5630432070166984,0.5126065181652533
22,2,78.0,6,0.25,0.5,,0.21250217172370803,0.3899449780900469,0.44400286178036746,0.46294713761536366,0.5270047992172756,0.518816971328431
22,2,79.0,6,0.25,0.5,,0.23280814184015247,0.3974238337785564,0.44689159863370803,0.4240517241874217,0.5334429847739921,0.5124324989460429
22,2,80.0,6,0.25,0.5,,0.24700336749733368,0.3856714361662189,0.45761405854339204,0.429412074312648,0.5543397881958476,0.4843726587095503
22,2,81.0,6,0.25,0.5,,0.25769653572206275,0.3709230241209126,0.46745328379347983,0.4566410057893597,0.5516899314474706,0.5094961752787088
22,2,82.0,6,0.25,0.5,,0.2558264492188258,0.3707609867293128,0.4576885634286957,0.4534355883286569,0.5314845099983992,0.5545588703851736
22,2,83.0,6,0.25,0.5,,0.25416903819053216,0.3739460873780742,0.46663612831098245,0.48524778893532317,0.46772575556262524,0.5532053447572404
22,2,84.0,6,0.25,0.5,,0.2743990604747482,0.36087920578098653,0.44420412399049003,0.47355213670303753,0.47043094748646486,0.5148087182602217
22,2,85.0,6,0.25,0.5,,0.26761682076430504,0.3830008362440741,0.4490355220027579,0.4921850356286505,0.4563322887384535,0.4979698946058001
22,2,86.0,6,0.25,0.5,,0.26583995340403077,0.38076057048858836,0.4442798123086284,0.49117538818514267,0.44255361095095597,0.48479375399019664
22,2,87.0,6,0.25,0.5,,0.2785701919746694,0.38063273475572573,0.4372448921043306,0.5013253471020418,0.4451727782161458,0.4460676336400168
22,2,88.0,6,0.25,0.5,,0.3066301455549575,0.39059967535132517,0.4474428664878719,0.5021742607778245,0.4338671182623434,0.44315820864702643
22,2,89.0,6,0.25,0.5,,0.3259735985749627,0.389441333258788,0.44622056570700586,0.5028170439433783,0.48750549237654284,0.48818373782479785
22,2,90.0,6,0.25,0.5,,0.3046433747323577,0.40349027580512165,0.4618098960451795,0.5209484567203734,0.46447883010382335,0.4846054067044682
22,2,91.0,6,0.25,0.5,,0.29296555170908845,0.3847712779724799,0.44569758476140375,0.5186389764681173,0.4698000590783374,0.5450402530524002
22,2,92.0,6,0.25,0.5,,0.27476026617744165,0.4165074960739183,0.4264018887816957,0.5089725508029084,0.487471971865521,0.5522071075272812
22,2,93.0,6,0.25,0.5,,0.2779454047622155,0.4050066771856614,0.40492615087325534,0.49513188674564557,0.497161314126599,0.508320024450535
22,2,94.0,6,0.25,0.5,,0.2949289034292522,0.42144309568234933,0.4247535433555084,0.4921798082168893,0.47515658226757207,0.4560911303955429
22,2,95.0,6,0.25,0.5,,0.2737705930569716,0.41557219872313295,0.40480077663725267,0.5139418796672726,0.5018842710201233,0.45203129630844446
22,2,96.0,6,0.25,0.5,,0.24867609449339736,0.4058114746649547,0.41887492578603946,0.5054335884948307,0.4831521005712248,0.4601904436091136
22,2,97.0,6,0.25,0.5,,0.25870902014198205,0.3994693996866837,0.42518903993905505,0.5173387354303276,0.5250418544968577,0.4194935802219595
22,2,98.0,6,0.25,0.5,,0.2612508495578826,0.39464078292536525,0.43709046607044916,0.513552258950511,0.5403671422987314,0.4371411692823748
22,2,99.0,6,0.25,0.5,,0.2818164224242964,0.38619424838795435,0.4518908280533321,0.49664984706519827,0.5064292036905897,0.436537719610515
22,2,100.0,6,0.25,0.5,,0.2950227013516019,0.38896962746792896,0.46438158410900704,0.4932557753840719,0.4603156677535261,0.42967110666922226
23,2,21.0,6,0.25,0.9,,0.19793292901449228,0.3171781538722588,0.37863616467651867,0.4269154451237657,0.4615914633540571,0.48109221673268154
23,2,22.0,6,0.25,0.9,,0.18830343233433738,0.3078786652613067,0.36669784432955754,0.4301200709632641,0.437519897348292,0.47777590458058994
23,2,23.0,6,0.25,0.9,,0.181813985053865,0.31494864429371183,0.3714506704338975,0.39831084907071784,0.39845921739968937,0.5133918666428086
23,2,24.0,6,0.25,0.9,,0.1862976989927674,0.334138739791235,0.36311558070676064,0.38505744367183575,0.4207355710233346,0.49037505518190094
23,2,25.0,6,0.25,0.9,,0.20122045009012363,0.34300318730534196,0.36203102674950627,0.3654455531355165,0.4258982928575776,0.4541161421206718
23,2,26.0,6,0.25,0.9,,0.22575059888349527,0.35470886547076974,0.368342688041584,0.36369064459626294,0.41300172984484285,0.4696460773446125
23,2,27.0,6,0.25,0.9,,0.2322804485565147,0.3382142053658969,0.3970631126604996,0.40757345543316825,0.43131926094120077,0.46700892044583603
23,2,28.0,6,0.25,0.9,,0.2498130586391572,0.3332786874355532,0.40155159947403896,0.41435868416260824,0.43823987691644184,0.48446751665670956
23,2,29.0,6,0.25,0.9,,0.26442541348827964,0.35428289919282546,0.4261853553167172,0.4221881385229203,0.42034040591668276,0.5080762932769194
23,2,30.0,6,0.25,0.9,,0.24531983944591648,0.3341322446478695,0.4308622442313498,0.40448933957129596,0.38647513326951477,0.4982336813879281
23,2,31.0,6,0.25,0.9,,0.25389065525694043,0.3257070385921762,0.3999691923402289,0.4153185873103619,0.41126604768226527,0.462883240342234
23,2,32.0,6,0.25,0.9,,0.24229468768403745,0.3304359032914309,0.40691606718489515,0.41237842159574634,0.41702493491610576,0.5142323513703255
23,2,33.0,6,0.25,0.9,,0.24804638003300128,0.30867204837644946,0.40484103486580425,0.4083424422064626,0.4078655978551488,0.5021578761505676
23,2,34.0,6,0.25,0.9,,0.22967010487945155,0.318290197354765,0.40157279334298474,0.4309408066363097,0.4417196949935976,0.4905484175668186
23,2,35.0,6,0.25,0.9,,0.22551903001588486,0.31398702814168944,0.37974762523351796,0.461198855153479,0.4117999068343388,0.5355222972448266
23,2,36.0,6,0.25,0.9,,0.2399463946576581,0.31367384747076754,0.3867841245314844,0.4731785767286878,0.44516709465982574,0.5225545701780004
23,2,37.0,6,0.25,0.9,,0.24212214586915995,0.3020069363421164,0.37851289446528563,0.4505125711676262,0.43120458665907313,0.5212038159036296
23,2,38.0,6,0.25,0.9,,0.22832312676790983,0.30204867984736505,0.3730681121782115,0.45946547658121784,0.4340696212931056,0.519889814010402
23,2,39.0,6,0.25,0.9,,0.21916166245417834,0.3133858062302698,0.3843695959199876,0.4630786055957799,0.4263955911204887,0.5127982568609976
23,2,40.0,6,0.25,0.9,,0.20974186535695308,0.3122065463688358,0.36408918184723055,0.4521408084928429,0.47868665202866423,0.5002972402748813
23,2,41.0,6,0.25,0.9,,0.22310006478959443,0.29587957226341516,0.37223196599953956,0.461101851621511,0.4345176197095316,0.5213780593394371
23,2,42.0,6,0.25,0.9,,0.23515860087988685,0.29425994204161443,0.385441383784969,0.43991957124858816,0.4322010810291725,0.5185028740231511
23,2,43.0,6,0.25,0.9,,0.260325558877894,0.31269643012249626,0.3523362912992488,0.43405374507029915,0.41630996941812626,0.49782993858220126
23,2,44.0,6,0.25,0.9,,0.2536995486912171,0.2889146829427688,0.3819776622876111,0.4404479782687044,0.39783569301670263,0.5357772407360294
23,2,45.0,6,0.25,0.9,,0.25353977776631187,0.2929182916610162,0.3698142324462005,0.44422804624476253,0.39940825358791754,0.569689646387306
23,2,46.0,6,0.25,0.9,,0.24185510480073255,0.3018557938770903,0.38117326020585207,0.4414847137918499,0.37935902155490286,0.5316723060888457
23,2,47.0,6,0.25,0.9,,0.2274467468970105,0.2979018273212575,0.3566396806637441,0.4140043575578149,0.44219424685686165,0.4716544117066512
23,2,48.0,6,0.25,0.9,,0.20571715567046295,0.29617862941624534,0.3809408262517978,0.39560065136765604,0.4383187946557666,0.4844786393791317
23,2,49.0,6,0.25,0.9,,0.1955063117156736,0.29701793233441565,0.3705130151261007,0.3739187802857142,0.44766466158980833,0.4715884319567934
23,2,50.0,6,0.25,0.9,,0.22370879795749238,0.3155125945411589,0.37641545352287425,0.38274002714329464,0.4694000779453559,0.48677753012950625
23,2,51.0,6,0.25,0.9,,0.21856087600520896,0.3250028710365517,0.40029759410698357,0.37915616130827107,0.4386678407207098,0.4651250003119688
23,2,52.0,6,0.25,0.9,,0.2589677855719202,0.31863655824635007,0.41491032411287526,0.42133574838153703,0.43340720819830675,0.4653089115296848
23,2,53.0,6,0.25,0.9,,0.23754006475568037,0.30175069824999134,0.3956547172483973,0.44904226723847496,0.41076151477071915,0.45272318461101174
23,2,54.0,6,0.25,0.9,,0.21089637559619162,0.3131210961179771,0.40747939285709817,0.43183138174363983,0.4163621871110169,0.4239104673080331
23,2,55.0,6,0.25,0.9,,0.2030217816101984,0.3286957707384111,0.3997673334361917,0.4083216225479401,0.40184688508805094,0.4267540948882161
23,2,56.0,6,0.25,0.9,,0.19317533761028105,0.32541341274553226,0.40041094835780583,0.39754740832674074,0.39052446142107616,0.4528555105952151
23,2,57.0,6,0.25,0.9,,0.20076930598961878,0.32775988189033767,0.3959010631367648,0.3975634029989915,0.3699643510503608,0.4363125187564079
23,2,58.0,6,0.25,0.9,,0.18935623371140464,0.32791059549669954,0.39043475635207286,0.4023303204424888,0.4348851041594008,0.4445878998394326
23,2,59.0,6,0.25,0.9,,0.20711487688854197,0.3193026007100578,0.420147244848183,0.4187121765812626,0.469132353430728,0.40633317564141935
23,2,60.0,6,0.25,0.9,,0.23502628450360258,0.2956504504893522,0.43780978284842087,0.4250660587613219,0.4999596458507919,0.4189279954336248
23,2,61.0,6,0.25,0.9,,0.22791465195080685,0.2943022185231434,0.40422451138925786,0.4011738090735208,0.5274562635627684,0.4649009202200337
23,2,62.0,6,0.25,0.9,,0.2310402441773698,0.287403355293958,0.41144729306660555,0.39360874873623763,0.5175654188677414,0.49921980708808056
23,2,63.0,6,0.25,0.9,,0.2354981415533662,0.3189951938329252,0.40029477891155085,0.4220126945869044,0.473613371939305,0.46905376642846913
23,2,64.0,6,0.25,0.9,,0.22560876621935466,0.3188646227426771,0.37349521654143836,0.4188118096320963,0.4736198829094113,0.47416139323264084
23,2,65.0,6,0.25,0.9,,0.2305772684220635,0.32640011715335493,0.38064606966047115,0.42159794815810325,0.4789847412133831,0.44106044838523106
23,2,66.0,6,0.25,0.9,,0.23449656403905053,0.3060401549731383,0.4037997063074458,0.4137228136415595,0.42712358540937834,0.5073636920190305
23,2,67.0,6,0.25,0.9,,0.2273274722111714,0.29416916532233484,0.3771538504662361,0.40362339328878444,0.44527643485832885,0.4889984799227284
23,2,68.0,6,0.25,0.9,,0.2129135020287622,0.2993880661100874,0.3914589272278035,0.4200080465138229,0.4673080583748117,0.5314299568527693
23,2,69.0,6,0.25,0.9,,0.1955218516914117,0.2917964821133224,0.39190549164474425,0.45836843872844824,0.4634599278131318,0.5085495842195555
23,2,70.0,6,0.25,0.9,,0.20444991112256963,0.32707962523418493,0.40543321063944654,0.47632395190969834,0.4598601455381946,0.4823477269665094
23,2,71.0,6,0.25,0.9,,0.18981862331748361,0.32645241204100717,0.4037787138065972,0.45850196996666037,0.43201046945045984,0.5048321425515481
23,2,72.0,6,0.25,0.9,,0.1857746533409351,0.32682137039975145,0.4059532987936375,0.4276526085355429,0.44241827748850576,0.502106433093697
23,2,73.0,6,0.25,0.9,,0.1959036432564457,0.34651410241278924,0.4118534411918063,0.4079330442041103,0.4557006814816285,0.49020206861068993
23,2,74.0,6,0.25,0.9,,0.1838373646911784,0.3502677042937558,0.4162857330072616,0.4433387581411221,0.4382361364999482,0.47510811422016286
23,2,75.0,6,0.25,0.9,,0.18411680864683866,0.3346979804573317,0.4130042560809982,0.44610360541635535,0.4858600574135522,0.43874669694742563
23,2,76.0,6,0.25,0.9,,0.18628223903282143,0.3206770081567757,0.3968216945865914,0.464448703801123,0.4506540805543972,0.4576886709302559
23,2,77.0,6,0.25,0.9,,0.18603017895387886,0.3141749294747854,0.38825546129714816,0.4864028232650628,0.422062867077788,0.47155134295496104
23,2,78.0,6,0.25,0.9,,0.1855253157724348,0.2974344741794929,0.3937227784132814,0.4769920814172746,0.3991502436375963,0.4602335941131722
23,2,79.0,6,0.25,0.9,,0.20753398935905149,0.2981114913727467,0.37573194835847346,0.4238990941981709,0.39304771228617286,0.38933577238814066
23,2,80.0,6,0.25,0.9,,0.20495093659982921,0.2695514688264667,0.36472957353554636,0.41330818813092246,0.3934295260176569,0.39747690876153247
23,2,81.0,6,0.25,0.9,,0.2589410877389086,0.2817492576992554,0.3680271346709215,0.4433091607064136,0.4079233852418356,0.3901849787942085
23,2,82.0,6,0.25,0.9,,0.23241284748845503,0.30314434501534004,0.3814279492477759,0.4318796475665314,0.4003807756238018,0.4139081325510661
23,2,83.0,6,0.25,0.9,,0.21662073621119818,0.3080047734467677,0.36961174774086003,0.39981176611309144,0.3666305854754842,0.38419070815919887
23,2,84.0,6,0.25,0.9,,0.21493248689798086,0.29845169218573864,0.35895054462833575,0.39783183868280514,0.332699629057166,0.4247468109517677
23,2,85.0,6,0.25,0.9,,0.19793873598247627,0.3032249100240311,0.35827147537935916,0.4026447718237399,0.3738018252657988,0.43465205767258464
23,2,86.0,6,0.25,0.9,,0.19775337975984913,0.3260827624212969,0.3493779710670582,0.4319166442119634,0.3978058655186182,0.4477216461380678
23,2,87.0,6,0.25,0.9,,0.18912130846737094,0.3370483670486662,0.3572418467488975,0.43205794158417943,0.38646619114572855,0.4675935818604969
23,2,88.0,6,0.25,0.9,,0.17615433998325256,0.32970316724420734,0.37483355886142755,0.4544124606340162,0.4345847993352211,0.49221103342189043
23,2,89.0,6,0.25,0.9,,0.18242363352100036,0.34275149083456535,0.35389547260876836,0.4459929580590134,0.42539548828299684,0.4799852543104121
23,2,90.0,6,0.25,0.9,,0.18667260156485405,0.3416635144321452,0.36799926106214104,0.4370167718712488,0.38646444297997623,0.4871257310011239
23,2,91.0,6,0.25,0.9,,0.18653552248713484,0.34298696848225885,0.3459136362193926,0.4456700567576407,0.39048518478696664,0.465110800066091
23,2,92.0,6,0.25,0.9,,0.20827431860276896,0.32794833953920766,0.33590187262996263,0.44491449624017976,0.3891212966453569,0.4783495894669366
23,2,93.0,6,0.25,0.9,,0.21807728758851597,0.32136430483280365,0.33199703988970847,0.4919420208719648,0.383869824556268,0.4865216011106005
23,2,94.0,6,0.25,0.9,,0.24341873305115086,0.33964137330098443,0.3257447764047168,0.49070222871746283,0.4038482819972005,0.4665984871455409
23,2,95.0,6,0.25,0.9,,0.23834932030696407,0.34930823176240855,0.3437244540579898,0.472254875933446,0.4229242527360092,0.513493613896669
23,2,96.0,6,0.25,0.9,,0.23058674580824778,0.3415684524044142,0.351923576044074,0.46685119744267245,0.44524685950567094,0.5500039571627166
23,2,97.0,6,0.25,0.9,,0.2358515349553359,0.3233405492733902,0.3583225761820885,0.45783774972215985,0.4114913921280027,0.5039899476972519
23,2,98.0,6,0.25,0.9,,0.22534136531487783,0.3167361846942232,0.35909759488724946,0.46891923038754213,0.4319301621408876,0.46968936259509564
23,2,99.0,6,0.25,0.9,,0.19621515443056037,0.3158458386726038,0.3659597193563709,0.471030770031437,0.4343357653437409,0.4866780931651836
23,2,100.0,6,0.25,0.9,,0.19986923182701272,0.32066741200546234,0.35312218546545254,0.4437961907809195,0.43312258595943903,0.5089312087979266
24,2,21.0,6,0.5,0.0,,0.35235989526321354,0.45250607856823766,0.5161725163061643,0.6012305317594837,0.5474439334906095,0.49019096205517876
24,2,22.0,6,0.5,0.0,,0.3281954665735697,0.452678640820813,0.5500605489980546,0.6030579229920245,0.49916064804084764,0.5550518250118073
24,2,23.0,6,0.5,0.0,,0.3446993229567467,0.46295367158261963,0.5809663254773952,0.5785908643455407,0.5387184579708666,0.5413869715016351
24,2,24.0,6,0.5,0.0,,0.3269497785950795,0.4720438431800744,0.5432903921229488,0.5509634536776835,0.5861329166781577,0.547515392336082
24,2,25.0,6,0.5,0.0,,0.3099500191759771,0.5106825251318072,0.5420545001904411,0.563112274017617,0.5441147109933624,0.5312751912189664
24,2,26.0,6,0.5,0.0,,0.33742703786800105,0.5088046463824962,0.5177534056162456,0.5891806866040822,0.5111470815109578,0.5472739744922811
24,2,27.0,6,0.5,0.0,,0.3249269068889883,0.4804083659485213,0.5152201004232492,0.5825547349233425,0.45520219044104226,0.5593468403280732
24,2,28.0,6,0.5,0.0,,0.33448877207707006,0.48434897800366244,0.5271187092033544,0.5510786041652327,0.4740427456753354,0.5685432089235692
24,2,29.0,6,0.5,0.0,,0.3513132286165823,0.45848896078838786,0.5103575213811137,0.5437905365220475,0.45212233445621247,0.5535621582064345
24,2,30.0,6,0.5,0.0,,0.36988405261107066,0.462419137791764,0.5262282784617722,0.5117583262885045,0.446435555831244,0.5152476156381635
24,2,31.0,6,0.5,0.0,,0.36018651154050857,0.4808976144804249,0.5358626695480548,0.5578004766257968,0.48638073678313115,0.49223293125254103
24,2,32.0,6,0.5,0.0,,0.36880732772452673,0.4877097156943478,0.5348983071249981,0.5989649023920209,0.49507038512013757,0.5446534684059396
24,2,33.0,6,0.5,0.0,,0.35980036887603106,0.4996149863678781,0.5462053451064186,0.6156399791227168,0.49875490035021536,0.5634063569526161
24,2,34.0,6,0.5,0.0,,0.36661370639373225,0.5018002974783646,0.6003339564667141,0.620863683367716,0.5277951867808499,0.5944173806645814
24,2,35.0,6,0.5,0.0,,0.3837847984343676,0.5109518243517192,0.6136132230969582,0.6063967471243739,0.5338697394098861,0.6091805446501193
24,2,36.0,6,0.5,0.0,,0.3844414877533425,0.5435092746556626,0.6322526586548841,0.6130424941413816,0.5233458743750956,0.5773311183180173
24,2,37.0,6,0.5,0.0,,0.3952720635783837,0.5383056781306153,0.624488570866266,0.6108611167007553,0.5393558016759179,0.5743428662901642
24,2,38.0,6,0.5,0.0,,0.3626827319985658,0.5452748807946242,0.6156518822945992,0.5605276297773543,0.5239640001785333,0.6001454306866607
24,2,39.0,6,0.5,0.0,,0.3594473323906059,0.5327250236404787,0.6035942816051353,0.5596781334361371,0.5422294229983203,0.5915424889459135
24,2,40.0,6,0.5,0.0,,0.3486520064080452,0.5084398296898734,0.5817257765152396,0.6059323220751788,0.5692790934688171,0.5410970137996127
24,2,41.0,6,0.5,0.0,,0.3462970164860471,0.49310477541705955,0.6007351710468367,0.5861548468085975,0.5411064776320302,0.5344697555385209
24,2,42.0,6,0.5,0.0,,0.353777935445294,0.5098146631278779,0.5952572157397773,0.5919743196934559,0.5734176292635281,0.5397436028096692
24,2,43.0,6,0.5,0.0,,0.3542724757870448,0.5328345273325398,0.6194507741603829,0.6008616567446767,0.5538568887078462,0.5379297124441983
24,2,44.0,6,0.5,0.0,,0.35852486346951334,0.5494921176512804,0.6020864380846666,0.6291016041655764,0.5309388866521236,0.5723011329444552
24,2,45.0,6,0.5,0.0,,0.37042497177875366,0.5474023321065544,0.5658545427570055,0.6243767121722524,0.5362974416039531,0.5436526466490488
24,2,46.0,6,0.5,0.0,,0.3866129636867382,0.5453459947540068,0.5669055280460775,0.6048739688613975,0.5084661350106056,0.5237227447285985
24,2,47.0,6,0.5,0.0,,0.4095536274748097,0.5521835053992776,0.5641972977347104,0.6186534515326687,0.49624700703133195,0.531906726417932
24,2,48.0,6,0.5,0.0,,0.3755743890578588,0.5574243198002438,0.5350925028184405,0.5906106140830368,0.48908196664112086,0.5436090752734583
24,2,49.0,6,0.5,0.0,,0.38748363455793633,0.5593888925904706,0.541072007502406,0.5510512266722454,0.5434745814672833,0.5688925536669569
24,2,50.0,6,0.5,0.0,,0.3811846915173963,0.5749241270997519,0.5366644519989345,0.5432380245657529,0.5453649034059835,0.5979257248289349
24,2,51.0,6,0.5,0.0,,0.3545535621643418,0.5681165601579534,0.5466992547329371,0.5824010566176214,0.5450132771576357,0.5195115683292704
24,2,52.0,6,0.5,0.0,,0.3319672187854862,0.5602634598430222,0.5774434351980181,0.6237178393187452,0.4795447363890818,0.5283585674945733
24,2,53.0,6,0.5,0.0,,0.37798725662451954,0.5701794245150603,0.5607203817222699,0.619799749141414,0.5478577750154088,0.5542745686733668
24,2,54.0,6,0.5,0.0,,0.35538669678451773,0.5732527415493551,0.571797280922333,0.6488944341078394,0.535151205254205,0.6007521001033569
24,2,55.0,6,0.5,0.0,,0.3650734402874706,0.5362533346606917,0.5412873123442632,0.6562287502836351,0.493636754587859,0.6081542816110954
24,2,56.0,6,0.5,0.0,,0.35945835097662804,0.5259265400549487,0.5402947604260561,0.6423874689950455,0.5232138448382626,0.5623675675667157
24,2,57.0,6,0.5,0.0,,0.37885534378853836,0.5276648918281612,0.5422065910262449,0.6012749953627179,0.49359928456994506,0.6038747579234368
24,2,58.0,6,0.5,0.0,,0.35525214830688456,0.4917678029364011,0.5383852425092892,0.6303521261875054,0.47373546098878344,0.5982834278919797
24,2,59.0,6,0.5,0.0,,0.3369222849644776,0.483855043906184,0.5319974244196278,0.6371385082656287,0.4845157171306763,0.5586267423135839
24,2,60.0,6,0.5,0.0,,0.34986099897000184,0.5195116037589372,0.5656574610675553,0.6095034023826703,0.5127586878812864,0.5159166090277579
24,2,61.0,6,0.5,0.0,,0.34231839496661676,0.5167062283990955,0.5573510240161588,0.5758312465867099,0.5025842927699756,0.4763620495854285
24,2,62.0,6,0.5,0.0,,0.3426804812525158,0.5145354778275142,0.5406339345194265,0.5824686753313294,0.48356894289951563,0.504143482092864
24,2,63.0,6,0.5,0.0,,0.3514218694043126,0.5000007456258551,0.506947004686023,0.5884728424316206,0.526191801748946,0.5110622002964653
24,2,64.0,6,0.5,0.0,,0.3339366048282203,0.49447130831255837,0.5276471288528792,0.6314653095875072,0.530944032289596,0.48862115296083947
24,2,65.0,6,0.5,0.0,,0.38770657131858255,0.45602632197737447,0.5342037448745318,0.5952966000099431,0.5329734193275872,0.5183879434739577
24,2,66.0,6,0.5,0.0,,0.42047115583062017,0.432827790376732,0.5449318410860824,0.5907890733518624,0.6026612224203971,0.5272699381026803
24,2,67.0,6,0.5,0.0,,0.42400695974483094,0.4355693460166289,0.5329565375049021,0.5867289506562713,0.5668249667112999,0.48279890403192127
24,2,68.0,6,0.5,0.0,,0.4402478180321305,0.43589323038428757,0.5920199905213821,0.5895693821641061,0.5330690763477122,0.5134651033723464
24,2,69.0,6,0.5,0.0,,0.38519912306950127,0.4698318843290986,0.5915801321213137,0.5767063663926317,0.581825936647038,0.49349397068080636
24,2,70.0,6,0.5,0.0,,0.347562621835747,0.49121096700453365,0.6201586133590741,0.5754362571918229,0.5443565411932733,0.5098912699398914
24,2,71.0,6,0.5,0.0,,0.39651911094674525,0.4762010741827716,0.621662577372557,0.5800215977250259,0.5305565791710769,0.49401983195830734
24,2,72.0,6,0.5,0.0,,0.3744792814695835,0.4825022975572694,0.5953941050058369,0.5870807313092146,0.5425117830540246,0.49176290933700917
24,2,73.0,6,0.5,0.0,,0.36360333818833157,0.4778374271292729,0.641991843385525,0.6114459938433099,0.5442672386325336,0.5336398132577408
24,2,74.0,6,0.5,0.0,,0.37570904764688806,0.4597594876767516,0.622285491290109,0.6163002636656469,0.5728417153344388,0.531314595070083
24,2,75.0,6,0.5,0.0,,0.4292261352370107,0.4490444407683851,0.6247431981020822,0.6093778463842395,0.5484137580813861,0.5510942969472026
24,2,76.0,6,0.5,0.0,,0.39953491626952226,0.4715032119198036,0.6000474962126349,0.6115139951779388,0.5924278044011999,0.5174171227112998
24,2,77.0,6,0.5,0.0,,0.4013254207269723,0.4785451970208722,0.5677699300303656,0.6043277335410033,0.5826383185764407,0.5421778086250209
24,2,78.0,6,0.5,0.0,,0.3719973214019575,0.44012501409929594,0.5741346850384959,0.6307906731346651,0.5690247880774052,0.5905866150577228
24,2,79.0,6,0.5,0.0,,0.35175992840353615,0.42753095652328127,0.5588305227676279,0.6439638858634389,0.537513186962938,0.5634916986122511
24,2,80.0,6,0.5,0.0,,0.35162409646391346,0.43642736435511387,0.5751627427137188,0.629132465580822,0.518964646587386,0.5124123939010797
24,2,81.0,6,0.5,0.0,,0.3379597843386574,0.4593950165974112,0.5877742053692527,0.5608768105176198,0.5436033686279267,0.4714337779157206
24,2,82.0,6,0.5,0.0,,0.3225119119965597,0.47060059077677696,0.5762600146043789,0.602085262419197,0.5911830637460799,0.5425571235334555
24,2,83.0,6,0.5,0.0,,0.3329153266018798,0.4207169806575134,0.5702363764068964,0.5623120740862658,0.6053507863181525,0.5340456988267644
24,2,84.0,6,0.5,0.0,,0.32149184777391515,0.440722290398395,0.5537124844724359,0.5518905009245113,0.5437927847289272,0.5665553997645583
24,2,85.0,6,0.5,0.0,,0.3334045101801519,0.44848472140832296,0.540607805784309,0.5792445351702334,0.520656376333579,0.6237371931451229
24,2,86.0,6,0.5,0.0,,0.3299839869247668,0.44400939572401177,0.5576555647639678,0.5753192412247741,0.5548106688807442,0.6189897545160983
24,2,87.0,6,0.5,0.0,,0.3057460376711266,0.4675109631575721,0.5579877157989417,0.5825099746484989,0.5714158677077391,0.608164014690425
24,2,88.0,6,0.5,0.0,,0.2973722510003009,0.4767174439127174,0.5207237527318711,0.5558959185225699,0.546775013247442,0.5414868970175699
24,2,89.0,6,0.5,0.0,,0.2871187265891336,0.4356630956693376,0.5067460088786485,0.5652149664652353,0.5168086684627721,0.5096160922344876
24,2,90.0,6,0.5,0.0,,0.31070053699234157,0.458857969389962,0.5041581924773962,0.587019090587779,0.5555771141195244,0.47803429325545366
24,2,91.0,6,0.5,0.0,,0.3236143195443357,0.46407152085953945,0.5388431774997052,0.596846814178869,0.5845181261574978,0.5130554174744111
24,2,92.0,6,0.5,0.0,,0.3414010232434433,0.4315211288300197,0.5260119815961277,0.5804228319847531,0.6025385386633283,0.5687119659190337
24,2,93.0,6,0.5,0.0,,0.3189503321874328,0.43112825577325414,0.5515965429722878,0.5972830002020196,0.6005641969222092,0.5817462169026171
24,2,94.0,6,0.5,0.0,,0.29222716828366596,0.4640034857226631,0.5548332823988348,0.6221862308959298,0.6026123934509457,0.6070960785231474
24,2,95.0,6,0.5,0.0,,0.2762529975049297,0.5119913609822289,0.5120457868423848,0.5977734015849018,0.5832751958455599,0.564190712574997
24,2,96.0,6,0.5,0.0,,0.2989837303370336,0.5266984629729918,0.49564672140470317,0.5825535297584754,0.581581500986828,0.5405276309495782
24,2,97.0,6,0.5,0.0,,0.3418408606080292,0.5266043775979494,0.5116007883784562,0.5584610879278964,0.6053664456349486,0.5349883697999898
24,2,98.0,6,0.5,0.0,,0.3605162503921498,0.5209874366039915,0.495860674994048,0.5651914795762998,0.600271572457739,0.5603044144331921
24,2,99.0,6,0.5,0.0,,0.3542949405546437,0.5226124048040333,0.5125821197543918,0.5758994676504832,0.5571077756441393,0.5172926748853961
24,2,100.0,6,0.5,0.0,,0.3362120426426318,0.4984017750917582,0.5436338941520806,0.5703826782283874,0.5638513706074744,0.4744028632509846
25,2,21.0,6,0.5,0.5,,0.30968058991171366,0.42337173785168297,0.4747381322298261,0.48642172487691154,0.5686823136480323,0.4681228853926678
25,2,22.0,6,0.5,0.5,,0.3053920268144798,0.42734435590870523,0.4845554033276393,0.45909741352748235,0.5401135764185757,0.42878522084950355
25,2,23.0,6,0.5,0.5,,0.29978786836605037,0.40995718577683926,0.47145879083442266,0.45722479640869684,0.5798678514503239,0.4234706828604101
25,2,24.0,6,0.5,0.5,,0.29751514324255407,0.39114052771285,0.47132389501571803,0.48465427963229313,0.5959411796565686,0.4403141819239205
25,2,25.0,6,0.5,0.5,,0.26104784287754235,0.36332987556349416,0.4870344644091613,0.5026097386258004,0.6059959611433319,0.4592952466026804
25,2,26.0,6,0.5,0.5,,0.258657460278916,0.40363432184139525,0.49441747288939936,0.5189515282542613,0.5598447873580177,0.45620710579993123
25,2,27.0,6,0.5,0.5,,0.28420495018705433,0.40443926329315366,0.4573044994011905,0.5288646847253038,0.5296715083933405,0.49424502231857365
25,2,28.0,6,0.5,0.5,,0.2524267846605252,0.395614415091757,0.4705031107108092,0.516453107268418,0.569343474676475,0.5332061922957145
25,2,29.0,6,0.5,0.5,,0.2653632716426036,0.3877484582965268,0.47310693876013665,0.48711540056776326,0.5440060544811515,0.5067771993243432
25,2,30.0,6,0.5,0.5,,0.23481062992046925,0.3733076123108931,0.450239500435619,0.46636270222947285,0.5443313910473951,0.5065733690951569
25,2,31.0,6,0.5,0.5,,0.2526231692531813,0.37884528708348497,0.43856467300885227,0.4770746627774911,0.538983224197141,0.5452586952761256
25,2,32.0,6,0.5,0.5,,0.261795388215295,0.3569292426677221,0.474705491340746,0.4868002182918422,0.5233580872593204,0.5677360625265362
25,2,33.0,6,0.5,0.5,,0.25965888178996854,0.38326979563777336,0.499446469439434,0.5040313976092672,0.5727937290616534,0.549595215352926
25,2,34.0,6,0.5,0.5,,0.24034601298815605,0.3949576326931924,0.4631815790605446,0.5038936557754635,0.5845603867787755,0.559497938958347
25,2,35.0,6,0.5,0.5,,0.2440486825094514,0.40340172733116625,0.47782422123144047,0.5054386792131218,0.585048065909872,0.5232379934479403
25,2,36.0,6,0.5,0.5,,0.27015699921347835,0.4370370413885632,0.4618293158446491,0.4654334879579511,0.6068521230963478,0.5409099905211823
25,2,37.0,6,0.5,0.5,,0.2552780159889846,0.4132802346257927,0.4728937959092979,0.5109963651841756,0.5792882551493976,0.558151045221562
25,2,38.0,6,0.5,0.5,,0.27397362811384723,0.3915316232393669,0.49462083838277787,0.495426222491809,0.5716397410960632,0.49416676154739375
25,2,39.0,6,0.5,0.5,,0.312562952792836,0.41557700267404796,0.5095913864755086,0.49496295400561297,0.5441127966298968,0.5148116716593905
25,2,40.0,6,0.5,0.5,,0.28805326230890166,0.3885319395738812,0.5278129086332488,0.4696039480189719,0.5689665978413876,0.5009468046523768
25,2,41.0,6,0.5,0.5,,0.24665236081755623,0.3787942545432422,0.5357465753004776,0.4617943728514592,0.5177613637765508,0.4830352125376699
25,2,42.0,6,0.5,0.5,,0.23304049101764068,0.37875400243077095,0.5712927474566739,0.4870307054915676,0.5483187967065806,0.4770450456785036
25,2,43.0,6,0.5,0.5,,0.2486307371941338,0.39308484481121897,0.5834764956947913,0.5012417540607526,0.5554179065760162,0.49496347292919396
25,2,44.0,6,0.5,0.5,,0.2358192884893912,0.38185001784029876,0.5882771892874418,0.5175272913315361,0.5398090573646703,0.531872105831993
25,2,45.0,6,0.5,0.5,,0.27401837212972235,0.400381619324884,0.5721647260305943,0.49883525110257654,0.5123563085548872,0.5292309751612458
25,2,46.0,6,0.5,0.5,,0.26803752975432554,0.3870674848510688,0.5137690696996705,0.5153189378082141,0.5344079410300595,0.5213070043173411
25,2,47.0,6,0.5,0.5,,0.25533889102013674,0.38870372391415675,0.5350890459281368,0.5432776362917611,0.551912852542085,0.5344492212628353
25,2,48.0,6,0.5,0.5,,0.2769260345155752,0.38237147441396113,0.5147468151801022,0.5692071381210912,0.5350345394957772,0.5664443944943534
25,2,49.0,6,0.5,0.5,,0.28105481902908613,0.3820204873424881,0.48979308123638504,0.564082371129639,0.528941598868357,0.5892879277567898
25,2,50.0,6,0.5,0.5,,0.30942457091799913,0.4158949530412138,0.46784639224937186,0.5865467905580323,0.4979580400599294,0.5177032238421643
25,2,51.0,6,0.5,0.5,,0.27664467151108413,0.38880515377894054,0.5024948503171702,0.5822702386172327,0.5360322301532954,0.4828676319384996
25,2,52.0,6,0.5,0.5,,0.2689691688449526,0.3875048250756047,0.499301010380271,0.6023706354528497,0.5034689922074913,0.49169460422244643
25,2,53.0,6,0.5,0.5,,0.251346055943413,0.36974956478551496,0.510224760021192,0.5867717538006849,0.4764850419273001,0.48626739829964605
25,2,54.0,6,0.5,0.5,,0.23860231154962364,0.39498324150810127,0.47631487570610814,0.5903530698321056,0.4605428538863003,0.5019697358049249
25,2,55.0,6,0.5,0.5,,0.23798502748593736,0.37359944066520595,0.45467119288685875,0.5461754425380193,0.44459868402886704,0.5071290075198881
25,2,56.0,6,0.5,0.5,,0.21083132940795674,0.38737698780349206,0.4845272367752968,0.5177670293368697,0.4866694408737054,0.4457032060159105
25,2,57.0,6,0.5,0.5,,0.2168465667918253,0.3635288581680564,0.4461688463865879,0.5444519460939969,0.4842152391051755,0.45614510055485863
25,2,58.0,6,0.5,0.5,,0.20122462484353135,0.40098379113282084,0.5035727250561708,0.5292737341047855,0.48419164712971174,0.46613160691396616
25,2,59.0,6,0.5,0.5,,0.19505301988750157,0.4147538085616282,0.4809298918865751,0.5054146728181634,0.4877801452994254,0.47163523688266207
25,2,60.0,6,0.5,0.5,,0.21908620802092754,0.39440378302490997,0.49286070412644933,0.5048462357229588,0.49869555290133427,0.48969647952496737
25,2,61.0,6,0.5,0.5,,0.2189831496053954,0.4067198257667761,0.4697602935154624,0.49985625744858914,0.5165491354896632,0.5135628592406749
25,2,62.0,6,0.5,0.5,,0.21919096926433496,0.388287532961581,0.4561917788939855,0.48430330379211506,0.5456185984766908,0.5306593682387262
25,2,63.0,6,0.5,0.5,,0.23012714126170392,0.4129343229943391,0.4458102222555416,0.45639764122895493,0.49232758441660984,0.5040363833282542
25,2,64.0,6,0.5,0.5,,0.23081273964664853,0.37967358129535583,0.4445792126057146,0.4301419656512289,0.43438547137633154,0.5350314085853111
25,2,65.0,6,0.5,0.5,,0.24440586858237587,0.39550646435658743,0.44166836869466436,0.43972142498001093,0.4361806490094212,0.5347181143651957
25,2,66.0,6,0.5,0.5,,0.2503633755070425,0.3879757686511717,0.44451464314180933,0.4475131520273389,0.4538323777969076,0.5477744914921566
25,2,67.0,6,0.5,0.5,,0.25203439859499654,0.39141532272537327,0.4376834545269423,0.4290360914931002,0.4725677779710632,0.5392195785120426
25,2,68.0,6,0.5,0.5,,0.2532803695747373,0.3924746353485496,0.4502963356638632,0.4516423700764901,0.45122292781967754,0.5430558541302706
25,2,69.0,6,0.5,0.5,,0.23046864566939487,0.3973842181648739,0.4394269468579381,0.4594874469674156,0.45125080963653763,0.5732767849881655
25,2,70.0,6,0.5,0.5,,0.2181199703794186,0.3973338396081758,0.48097311116233377,0.4491172730764987,0.45735147183666874,0.5469538747273732
25,2,71.0,6,0.5,0.5,,0.22619152968164177,0.388985710158959,0.47174894822453234,0.4455452874166169,0.4809461121637385,0.5379433963511066
25,2,72.0,6,0.5,0.5,,0.2627709342119503,0.36902473635032124,0.4807644021980009,0.4123987342984791,0.45640223266462365,0.5232001769193503
25,2,73.0,6,0.5,0.5,,0.2472606319481098,0.3730130735003103,0.46093953452952574,0.4020040862995633,0.46889558712976537,0.4906094438910535
25,2,74.0,6,0.5,0.5,,0.2505631738118395,0.42295846594643105,0.4348016538115326,0.395142537747457,0.4653912557515668,0.4834469142489116
25,2,75.0,6,0.5,0.5,,0.25276613790011754,0.4381453413202795,0.4298269054798144,0.3987386900154939,0.49158857568853004,0.5026275916070387
25,2,76.0,6,0.5,0.5,,0.2194898588086836,0.43552153963119367,0.4498865214965851,0.4267921363387934,0.5030603747384882,0.5073223856973893
25,2,77.0,6,0.5,0.5,,0.2415358213777373,0.41930409484476866,0.42363432446261823,0.44038681731383483,0.5113864707142988,0.47592324468496533
25,2,78.0,6,0.5,0.5,,0.27392469133850367,0.4089267310768606,0.43381975235545367,0.46637755030701555,0.47720717141974206,0.46674721986661644
25,2,79.0,6,0.5,0.5,,0.2781198371072023,0.4028203289881495,0.46029459646822685,0.47148514974208533,0.4378231015310957,0.4661233729149072
25,2,80.0,6,0.5,0.5,,0.2662670661966757,0.3873101134687048,0.4658591922066684,0.43802087257736133,0.45928246753813456,0.4496008358981962
25,2,81.0,6,0.5,0.5,,0.26509901620775234,0.3497985228969505,0.4768719015460524,0.4543908866465579,0.49087898154307014,0.37067058415454057
25,2,82.0,6,0.5,0.5,,0.2593107038243315,0.3574480747680772,0.5096278230297141,0.44259694169678293,0.47916815745686403,0.3669330273231656
25,2,83.0,6,0.5,0.5,,0.29049164032882424,0.3684019924310954,0.4789223768278002,0.4376539351339683,0.46595419540206945,0.3777286085962175
25,2,84.0,6,0.5,0.5,,0.29003442111795197,0.3657050855861286,0.4823487080552219,0.44285590500233785,0.48509066032509895,0.38946925505011415
25,2,85.0,6,0.5,0.5,,0.2612253803086406,0.37709998150474333,0.5135881249212956,0.45078813453971056,0.4488742363659849,0.46096305289847184
25,2,86.0,6,0.5,0.5,,0.25072927376898047,0.4010875794081369,0.47487420270577807,0.5113663189987313,0.4658737696954246,0.42406044083300676
25,2,87.0,6,0.5,0.5,,0.2539168834445259,0.3999684558736035,0.4668474439974399,0.4974363628041079,0.5154422093263352,0.45678236599751054
25,2,88.0,6,0.5,0.5,,0.25494223985166037,0.37682052136387884,0.47005082336979154,0.5162658683894502,0.49304552415482983,0.4475986216145036
25,2,89.0,6,0.5,0.5,,0.2598391103872786,0.41247474428681496,0.4597180347347772,0.559203640402711,0.46124889462581986,0.42468168269965345
25,2,90.0,6,0.5,0.5,,0.25317811081018277,0.4571244398342392,0.4420109303485161,0.5479001044284544,0.45251689208874907,0.47134816243066524
25,2,91.0,6,0.5,0.5,,0.24147930794721306,0.46441452249148235,0.4550796351187255,0.5770571746912456,0.5102245184669123,0.4356827369712378
25,2,92.0,6,0.5,0.5,,0.2307352901095026,0.4279272899108336,0.4936257587598528,0.5683695496361675,0.5115065957396479,0.43945883350216147
25,2,93.0,6,0.5,0.5,,0.20897337269662636,0.41096116946124245,0.49590772818559314,0.5586596452410224,0.48038829038806974,0.4552849441335144
25,2,94.0,6,0.5,0.5,,0.19634600325624674,0.3839559175676791,0.5049689977273254,0.5248101915369433,0.472600542110749,0.4696385657282435
25,2,95.0,6,0.5,0.5,,0.2160744792759787,0.3766620341627047,0.4578964017203703,0.5161032922856517,0.5204059514316589,0.4314289466876594
25,2,96.0,6,0.5,0.5,,0.2328272618381102,0.39011243534745615,0.4558471561060061,0.4371005608008316,0.5643856924438578,0.38110815114648566
25,2,97.0,6,0.5,0.5,,0.2712268557506615,0.382110917349342,0.45309209896355895,0.4656903408422071,0.579247479189576,0.3887508407433078
25,2,98.0,6,0.5,0.5,,0.2982892406374206,0.4201695269158316,0.4914530224036756,0.4376634891542436,0.5341881728960118,0.45750192060052824
25,2,99.0,6,0.5,0.5,,0.29553017724927283,0.3804068886646161,0.524208147720931,0.4664631068730484,0.5066761390553817,0.4886952036965978
25,2,100.0,6,0.5,0.5,,0.26649409749839986,0.4085653500476544,0.48596604909009916,0.4631707683302273,0.4678294488374032,0.4651462083104813
26,2,21.0,6,0.5,0.9,,0.2094120975035164,0.3974923270239642,0.34969466362276036,0.44909103787777704,0.45367524793813097,0.46449479208884387
26,2,22.0,6,0.5,0.9,,0.20892500722062074,0.3781201390244836,0.3504901633362931,0.46347933601345287,0.4726362876243197,0.49275272284521676
26,2,23.0,6,0.5,0.9,,0.21426827875138882,0.3410977236358715,0.37851887430823733,0.49135677519654575,0.48011105234395696,0.5024879990502032
26,2,24.0,6,0.5,0.9,,0.2334178492173248,0.3519958821234525,0.3688058332904219,0.4727641341284056,0.5018655729873507,0.5002098063360294
26,2,25.0,6,0.5,0.9,,0.24328652362651498,0.3519133213481951,0.41714180413851587,0.4997581621104306,0.5536692765172723,0.4855915937541198
26,2,26.0,6,0.5,0.9,,0.2517793862667921,0.35035798103742255,0.39582983522854537,0.483785161172238,0.5335900746339364,0.4557219631577699
26,2,27.0,6,0.5,0.9,,0.2807472743690469,0.37059809428700363,0.37946560277288166,0.5323527027312812,0.5106906144437058,0.424577570526216
26,2,28.0,6,0.5,0.9,,0.2740477743169811,0.3534554901545069,0.37538863704087627,0.5051733846851374,0.467667699734875,0.44634896506739574
26,2,29.0,6,0.5,0.9,,0.24992791522456986,0.39003171517321567,0.40698663741268043,0.4955059716869563,0.4462364119304613,0.46919617374368966
26,2,30.0,6,0.5,0.9,,0.23155395200199083,0.372304216797373,0.4204442545997645,0.46716440921467034,0.46258304574356346,0.5190789369626706
26,2,31.0,6,0.5,0.9,,0.24833986251592233,0.3752573459782717,0.41382654178435263,0.4879659616130329,0.4359063279177316,0.5121117507060223
26,2,32.0,6,0.5,0.9,,0.21644803379173766,0.3576615405798805,0.4188761065846006,0.4667321235399283,0.4574524311779423,0.5099869613072328
26,2,33.0,6,0.5,0.9,,0.22092922244502516,0.33461753900941293,0.4390020245166319,0.4573538297541149,0.4981764680732181,0.5081978741385728
26,2,34.0,6,0.5,0.9,,0.20559007077895627,0.30922105505220665,0.441780099773876,0.4386580144196124,0.46966595487191914,0.5191501272334716
26,2,35.0,6,0.5,0.9,,0.22854167201516082,0.3147041026217297,0.4231451841600345,0.4092023651221032,0.46655863706768697,0.5350712969935572
26,2,36.0,6,0.5,0.9,,0.22872479653281275,0.3103184864390604,0.43278367465873624,0.43075195964981666,0.4266222083192132,0.5358404186828318
26,2,37.0,6,0.5,0.9,,0.22270092141951964,0.30837457718823724,0.44108448375216136,0.43104157029337375,0.4216881359128327,0.5508978592229428
26,2,38.0,6,0.5,0.9,,0.23872083201775932,0.30295434840560037,0.4549802755094352,0.4005606721729119,0.42461473632840907,0.4904390957758428
26,2,39.0,6,0.5,0.9,,0.2314807281137771,0.32698716858307775,0.425358053577927,0.42993952421909987,0.38078441730564205,0.42435934656144625
26,2,40.0,6,0.5,0.9,,0.2559162164656431,0.3105147045272662,0.4105797477071114,0.4305556917121785,0.3942680851830329,0.4487637442895821
26,2,41.0,6,0.5,0.9,,0.27229631347794425,0.3392353555059494,0.4199987443769353,0.4215890296301,0.4102070660454822,0.4150286122300524
26,2,42.0,6,0.5,0.9,,0.27774227076551944,0.33478879528338307,0.4132178564801931,0.432477837973461,0.3827325730843697,0.4375625163014716
26,2,43.0,6,0.5,0.9,,0.2755964610485363,0.3413155143181939,0.38762382271502543,0.41622476133531505,0.39701161940429147,0.4521820152114489
26,2,44.0,6,0.5,0.9,,0.2535326345171013,0.3554362589898317,0.37839013327836174,0.4239112833716686,0.422433800491225,0.4070738192414889
26,2,45.0,6,0.5,0.9,,0.26204311416393017,0.3567224355394221,0.39231349489593603,0.3940234553077755,0.399464292227634,0.45672124812125575
26,2,46.0,6,0.5,0.9,,0.25733695568268217,0.3455778203702104,0.3979423285944408,0.42356459392390294,0.3970478843394763,0.4154234768273608
26,2,47.0,6,0.5,0.9,,0.23173709243698712,0.3734159051272019,0.4013482268470855,0.42946877827800883,0.38318226950893075,0.41510754593080346
26,2,48.0,6,0.5,0.9,,0.2368905647816689,0.3492621788520726,0.39375078688339993,0.44188249025490317,0.43243275667580594,0.4135292138600766
26,2,49.0,6,0.5,0.9,,0.2567278442622583,0.33876955487740784,0.41671761341320596,0.45737660730039487,0.4397437222475208,0.4234314140284082
26,2,50.0,6,0.5,0.9,,0.24369913497115028,0.3400533857212156,0.40574362688445886,0.4662153960711325,0.4152680854083116,0.45571570807197836
26,2,51.0,6,0.5,0.9,,0.26088191703522534,0.3569297284637546,0.4250532689853916,0.44062966157390415,0.443383158085733,0.47334849125603407
26,2,52.0,6,0.5,0.9,,0.2788606914959809,0.3331637283659644,0.4246325608211651,0.44461036971005247,0.4687855800402202,0.4422766867822837
26,2,53.0,6,0.5,0.9,,0.26381645171959434,0.328703759778319,0.44083285721985926,0.445184849541004,0.46109574504165807,0.41382134942582693
26,2,54.0,6,0.5,0.9,,0.23961513952624922,0.3214484168685826,0.43599494001612377,0.45138591654434795,0.4459193025101066,0.4318240851526016
26,2,55.0,6,0.5,0.9,,0.22123320256543227,0.32818313938551635,0.43696602707476345,0.4492729608337127,0.45040962461805095,0.4532772614763004
26,2,56.0,6,0.5,0.9,,0.2596827924165425,0.32499648958166166,0.40772574573551934,0.438826778993875,0.44445631250982354,0.4439757028458987
26,2,57.0,6,0.5,0.9,,0.2800683363071941,0.2999670667049106,0.3853604292381895,0.45710747503433835,0.4249098498231475,0.46800127047151624
26,2,58.0,6,0.5,0.9,,0.2971066207761992,0.3308810751276659,0.40211597821959355,0.4005092841518354,0.415329667436688,0.42644589786772275
26,2,59.0,6,0.5,0.9,,0.30756615268074217,0.3352372986830857,0.4095834584526174,0.40789377042747227,0.39792988186707456,0.42613391754332486
26,2,60.0,6,0.5,0.9,,0.29760509748285796,0.30689102102847254,0.38080587548084105,0.44110336095528063,0.34338056088121444,0.4644659858395803
26,2,61.0,6,0.5,0.9,,0.28134676250415225,0.3220295670775061,0.38716452995938166,0.45410446244933117,0.4126989020540909,0.494723483133045
26,2,62.0,6,0.5,0.9,,0.29085385732733565,0.2898873948532521,0.3773491127123513,0.4734902843706318,0.40641826140556175,0.5208433897965066
26,2,63.0,6,0.5,0.9,,0.3092409442520138,0.284409465525228,0.3731609356964511,0.45266337152097397,0.4576409641977146,0.5328326143170814
26,2,64.0,6,0.5,0.9,,0.31250016791383567,0.28023331080778424,0.39913755514346466,0.44303765630628333,0.5019960071735199,0.5071904132691224
26,2,65.0,6,0.5,0.9,,0.3182464242423949,0.2999317247859598,0.3542012785796502,0.39251296094528454,0.46880675770428254,0.5014052562166288
26,2,66.0,6,0.5,0.9,,0.2916424564982198,0.31520377717093895,0.3293743200211033,0.39632611650166144,0.4544038127370994,0.5062282429205188
26,2,67.0,6,0.5,0.9,,0.26180533593095506,0.33236422243664393,0.348524163887779,0.3625318662707798,0.46709991032979997,0.4969761886040708
26,2,68.0,6,0.5,0.9,,0.2759004295086554,0.32428295149628344,0.3599006830105249,0.33943118509207937,0.4594057026824365,0.4922851173781522
26,2,69.0,6,0.5,0.9,,0.25488815997588576,0.3449850414460356,0.37148378267145477,0.41545906832584967,0.46234517072069165,0.4799342558212877
26,2,70.0,6,0.5,0.9,,0.2554183460485814,0.3372444444138348,0.36508994955247986,0.4242270892083071,0.461955776562142,0.49088431610272504
26,2,71.0,6,0.5,0.9,,0.2558169651789735,0.3698262225813936,0.38482778084469416,0.42080296690016905,0.4538690828628071,0.487821683502281
26,2,72.0,6,0.5,0.9,,0.23100841851957227,0.3705357492929853,0.38186526783800234,0.3861532975086909,0.429510627488651,0.48445211757664614
26,2,73.0,6,0.5,0.9,,0.23775940486469502,0.3667231672213475,0.3726649440142625,0.43862034775924313,0.4469643887469584,0.49297968569903744
26,2,74.0,6,0.5,0.9,,0.2137507499309256,0.38455926514762845,0.4004163235645021,0.4130157340099149,0.4809903945168517,0.49360866184014496
26,2,75.0,6,0.5,0.9,,0.22001454973741724,0.3991831889911787,0.408030286396828,0.4529582027361866,0.4765257443214449,0.5413907402366486
26,2,76.0,6,0.5,0.9,,0.23368261198765414,0.3927154286074218,0.4136484094488388,0.41122357773406765,0.5054561424249184,0.5318851662699722
26,2,77.0,6,0.5,0.9,,0.2546895597294588,0.38777348729303657,0.4062637206266678,0.43869740722123324,0.5216912294980542,0.5382620153831851
26,2,78.0,6,0.5,0.9,,0.2745404938619168,0.37738984204103476,0.4241057671725198,0.4481009328377574,0.5211793498440216,0.5109240008194019
26,2,79.0,6,0.5,0.9,,0.2639565776988727,0.3403645985287812,0.42271599877593646,0.4504288466313085,0.4970547004344198,0.5147874285231521
26,2,80.0,6,0.5,0.9,,0.29728560163972795,0.31195408551194526,0.40644319279840635,0.49237360530511287,0.5081025130786045,0.5002589897784238
26,2,81.0,6,0.5,0.9,,0.2944392305599199,0.3159774606468915,0.40714014897876727,0.4721883946478208,0.5038796390959144,0.4868418710041527
26,2,82.0,6,0.5,0.9,,0.2744025276380595,0.32215577456254546,0.3833151108357962,0.4893999065407352,0.5328196344115109,0.5294734968033221
26,2,83.0,6,0.5,0.9,,0.28595412934949055,0.30110546870263655,0.36877329405626813,0.4327623170938389,0.4861736609581742,0.4721191080102082
26,2,84.0,6,0.5,0.9,,0.30459220759705813,0.33132167096801524,0.3494711144796244,0.45207937913484714,0.4961233634156442,0.4502214864715707
26,2,85.0,6,0.5,0.9,,0.3040558937728859,0.31077997425841236,0.338931358920783,0.4538034813089828,0.47519449919763723,0.4555025784904875
26,2,86.0,6,0.5,0.9,,0.2906445310314684,0.30773406940725795,0.3712594207378145,0.43283341406364195,0.4904972333651207,0.48837806993143146
26,2,87.0,6,0.5,0.9,,0.2833682565451983,0.33290975101998554,0.3258808579410887,0.4396177415567628,0.45362984857040384,0.5067705028636154
26,2,88.0,6,0.5,0.9,,0.29829849764314453,0.3018587393648235,0.35728840382857935,0.45292857325740943,0.4371878293188064,0.45174838858606864
26,2,89.0,6,0.5,0.9,,0.2829504419645285,0.3081809183355019,0.34027776699987655,0.478530202379951,0.42858496829265713,0.4625202639043996
26,2,90.0,6,0.5,0.9,,0.2583392983471232,0.33700719319792355,0.3662038316032142,0.5109480728524637,0.45202037073384627,0.47689751196759217
26,2,91.0,6,0.5,0.9,,0.24879107317021004,0.3619120564459868,0.3571156145418578,0.5182185671987546,0.4622057803150338,0.47090043694865635
26,2,92.0,6,0.5,0.9,,0.25854959961813795,0.3487387394551017,0.36329540051231574,0.45869772494350336,0.46409666962006096,0.46935443210249456
26,2,93.0,6,0.5,0.9,,0.2568773926764455,0.3424326243969646,0.4371609687254855,0.4477035896964069,0.5103840357419935,0.4746375360095144
26,2,94.0,6,0.5,0.9,,0.2512468047457048,0.3523591712824566,0.4571877053934862,0.44760856671193183,0.5240343072039958,0.4459883301026091
26,2,95.0,6,0.5,0.9,,0.2669558068098798,0.3636163953468315,0.44668088948591367,0.4698899658244667,0.539498685952287,0.42622452705704383
26,2,96.0,6,0.5,0.9,,0.2653163687395102,0.33655860223371425,0.4157980759115155,0.46783695291789495,0.5414269362745192,0.4272935280244017
26,2,97.0,6,0.5,0.9,,0.22424380940253857,0.34081625529663195,0.4101018054677213,0.45238838259221625,0.5336461848275317,0.452585781145111
26,2,98.0,6,0.5,0.9,,0.26670429110728483,0.3385986214230389,0.42005412217621174,0.4783655345797479,0.5351161979647443,0.46693002672638234
26,2,99.0,6,0.5,0.9,,0.26306045967248365,0.33978066195370105,0.417072445256093,0.4579594759597324,0.4991898529485126,0.44821157553695856
26,2,100.0,6,0.5,0.9,,0.26360071305253985,0.3280940304323138,0.4346902102290441,0.47335134310552734,0.5390461529761342,0.456151895788855
27,3,21.0,6,0.0,0.0,,0.38247312500630243,0.5360416861445436,0.5794415100255518,0.6401132930743805,0.6157158856134849,0.49252053454786393
27,3,22.0,6,0.0,0.0,,0.3623896271463575,0.5402592383258594,0.5800088359895967,0.6390852371148965,0.5842050235296488,0.4827457123972655
27,3,23.0,6,0.0,0.0,,0.3796282180700331,0.5331890633728957,0.5755962080254126,0.642627480447685,0.5994171008058398,0.4857470608091673
27,3,24.0,6,0.0,0.0,,0.3873291238450468,0.5313570843523825,0.5771681007152006,0.6356000585845903,0.6117011982240633,0.49199594588477125
27,3,25.0,6,0.0,0.0,,0.3822644898435307,0.5362925381787775,0.5819267291866262,0.636709707385578,0.6093314923023407,0.4813140954367984
27,3,26.0,6,0.0,0.0,,0.361259776082696,0.5391255446065337,0.5784338988606361,0.650388849071962,0.6267151474658528,0.4853000055920095
27,3,27.0,6,0.0,0.0,,0.3523919853955193,0.5364243990575674,0.5781038780366669,0.6342210958046295,0.6295580368329253,0.4736293205810821
27,3,28.0,6,0.0,0.0,,0.3723533248307935,0.534971372959623,0.5753756179406684,0.6395377601874953,0.6238253483169011,0.47443389016917703
27,3,29.0,6,0.0,0.0,,0.37674073513655165,0.5298569390362753,0.5778549913426878,0.6359980484913281,0.6045248885983979,0.4690159809522837
27,3,30.0,6,0.0,0.0,,0.36682074148868765,0.533633563156213,0.5789751273690209,0.6301470833837632,0.6224209528468884,0.5084837772248575
27,3,31.0,6,0.0,0.0,,0.34248675944702733,0.5287866911935473,0.5807345988853696,0.6265385788435102,0.6268828265689098,0.5459092600919673
27,3,32.0,6,0.0,0.0,,0.3641810708374978,0.5308737922692615,0.5750779493210333,0.6231315422086412,0.6095522152748645,0.5372300165810878
27,3,33.0,6,0.0,0.0,,0.3625395245401685,0.5350077365559123,0.576517987425982,0.6373362546894505,0.6163188251849536,0.5602601431822292
27,3,34.0,6,0.0,0.0,,0.3783909936480739,0.5242148375861145,0.5739023981955181,0.6355834375385443,0.6379570167213776,0.5688164117766875
27,3,35.0,6,0.0,0.0,,0.3553183908761153,0.5224371102682099,0.5718099268111472,0.627162753450484,0.6584322202690841,0.6150205964982837
27,3,36.0,6,0.0,0.0,,0.3492749425831471,0.5246025532539684,0.5690370806826527,0.6388017986106377,0.6761786512948958,0.6574950866796245
27,3,37.0,6,0.0,0.0,,0.3524916856301058,0.5298107504693375,0.5729886687928776,0.6296520613896313,0.67651714506482,0.6461370632288428
27,3,38.0,6,0.0,0.0,,0.3729720134027849,0.5268828215164189,0.5774843146277704,0.6355121215665431,0.6563132699376335,0.6337529217641474
27,3,39.0,6,0.0,0.0,,0.37122559153954193,0.5254758401131033,0.5760098353036616,0.6175306525464712,0.6488720456726644,0.5983165437085801
27,3,40.0,6,0.0,0.0,,0.3678070089507589,0.5222605127590595,0.5799012478363974,0.625725860163128,0.6388216333251343,0.554633123008921
27,3,41.0,6,0.0,0.0,,0.37106477985771497,0.5140170585486322,0.575510137502853,0.6127660257090418,0.6201039367748972,0.6052673872912495
27,3,42.0,6,0.0,0.0,,0.36709199977072393,0.5187646798346748,0.5744304936037276,0.6149139527393142,0.6078326626956605,0.5436755724463559
27,3,43.0,6,0.0,0.0,,0.3616489877068324,0.5255794281494819,0.5735667784844274,0.6090154569704622,0.5968487920644844,0.5277452502626014
27,3,44.0,6,0.0,0.0,,0.3553023629811649,0.53640624378463,0.5717769373679895,0.6149520997616567,0.5910471358900138,0.5530629048751943
27,3,45.0,6,0.0,0.0,,0.3659399722837105,0.5406280410684653,0.5789791729246828,0.6223526127214878,0.6142045521023997,0.5842831039373106
27,3,46.0,6,0.0,0.0,,0.36322470110421995,0.5391552978941729,0.578540097287904,0.6279598232400031,0.6122819854937924,0.5682369559339234
27,3,47.0,6,0.0,0.0,,0.3498466489581925,0.5415957472531907,0.575755592410771,0.6251792479457936,0.6206694023727509,0.572401011626744
27,3,48.0,6,0.0,0.0,,0.3509050618800582,0.5446395922235724,0.5759612328767748,0.6374076459797232,0.6210742596834967,0.579771314022053
27,3,49.0,6,0.0,0.0,,0.3281181504072313,0.5455085727301668,0.5761257452495778,0.6380276954497519,0.6398242724434433,0.5751098781592983
27,3,50.0,6,0.0,0.0,,0.34270621443408616,0.5383238926553611,0.5797894685365279,0.6310245554682585,0.6365171165004206,0.5819174750049451
27,3,51.0,6,0.0,0.0,,0.3557475320862054,0.5357830774966292,0.5827204471660878,0.6307254648747953,0.6291253220423589,0.5907146623320912
27,3,52.0,6,0.0,0.0,,0.37703595849676824,0.5296081347095118,0.5826319857020258,0.6329695132855988,0.6083592148882777,0.6097587175447956
27,3,53.0,6,0.0,0.0,,0.3731273882647674,0.5344816634671421,0.5860933299194838,0.6331273487465562,0.5904628466152314,0.6173909778459257
27,3,54.0,6,0.0,0.0,,0.35891345965655747,0.5294651714422904,0.5828970475370323,0.6330078607669316,0.5810133011793566,0.5902490461331256
27,3,55.0,6,0.0,0.0,,0.34522575500016134,0.5358961945204253,0.5827732659987812,0.6226589699069729,0.5727905272986367,0.6117390486113501
27,3,56.0,6,0.0,0.0,,0.35117225341762853,0.5446596568813847,0.5840086161148932,0.6255538459551147,0.551975345105481,0.559881762291395
27,3,57.0,6,0.0,0.0,,0.3548665924002879,0.5528620010451754,0.5823281455143573,0.6136791115450868,0.5791312763037167,0.5409962743154183
27,3,58.0,6,0.0,0.0,,0.3911534651195701,0.5348796052790732,0.5871846331160617,0.6067858395797584,0.5821255793541286,0.5108471603920177
27,3,59.0,6,0.0,0.0,,0.3783509254751024,0.5423174838212429,0.5848689591152921,0.6173180870558523,0.5824075935663819,0.5438467598707757
27,3,60.0,6,0.0,0.0,,0.37428333174744355,0.5461780444235872,0.5818865518245663,0.6151553441057378,0.5926333842796155,0.5169105752028427
27,3,61.0,6,0.0,0.0,,0.3820902718535312,0.5363952065840178,0.5832682457064086,0.6165606771751251,0.6183646821906887,0.5625019508583997
27,3,62.0,6,0.0,0.0,,0.377557255366695,0.5362297820790908,0.5855034689019925,0.6284603966326034,0.6233674889385782,0.5405457957999537
27,3,63.0,6,0.0,0.0,,0.35278573910747923,0.5372027861723844,0.5786575390086162,0.6220965806093708,0.6487108903747665,0.5201176231488936
27,3,64.0,6,0.0,0.0,,0.37242025456585925,0.5255901813403224,0.5771839211340535,0.6274172296694893,0.6469629975749079,0.4882366147382496
27,3,65.0,6,0.0,0.0,,0.37911084069443246,0.5244662403544882,0.5771038958554008,0.6238868453946053,0.6571194988614124,0.5428615708157032
27,3,66.0,6,0.0,0.0,,0.37749027220924425,0.535515693548635,0.5719378805713429,0.6239909537584227,0.6550244916911574,0.5361475819261744
27,3,67.0,6,0.0,0.0,,0.35995044268342297,0.5448677331250864,0.5715726880585196,0.6259643932841757,0.6458429436584934,0.5225535273608621
27,3,68.0,6,0.0,0.0,,0.3525899081260532,0.5368758592122774,0.567512914333838,0.6155842168912429,0.6387506298383772,0.554385738025444
27,3,69.0,6,0.0,0.0,,0.337520110708714,0.5395922014333336,0.5642650953540926,0.6218249884732598,0.6278258468067336,0.5847343820280135
27,3,70.0,6,0.0,0.0,,0.32926545631425874,0.540416368417459,0.5667688352314321,0.6277074375587952,0.6097648317584226,0.5859120129993777
27,3,71.0,6,0.0,0.0,,0.3366510217716612,0.5249230991769,0.5687718271333037,0.6175227675506143,0.6240888168142988,0.6319092014702886
27,3,72.0,6,0.0,0.0,,0.3241185718675956,0.5252569690342079,0.5725719586967959,0.6183767027564707,0.6079784014862406,0.5928636328064338
27,3,73.0,6,0.0,0.0,,0.33404292694769705,0.5127955796702992,0.5685478371701743,0.6234647800058699,0.6208039578466529,0.6124233976109892
27,3,74.0,6,0.0,0.0,,0.3318638955374724,0.5169203478340093,0.573727142073005,0.6186002982210618,0.5947743758614141,0.588675539056613
27,3,75.0,6,0.0,0.0,,0.337047954416032,0.513887217268724,0.5778705859952697,0.6245645902621906,0.5828104779644038,0.5824926252260132
27,3,76.0,6,0.0,0.0,,0.34259457373657154,0.5198523810857714,0.5825197164797941,0.6313230034805075,0.5798021246244555,0.5872166674232864
27,3,77.0,6,0.0,0.0,,0.35469527659474964,0.5157091971084532,0.5778094196741729,0.6337502510464453,0.5809929577724657,0.5856192418891489
27,3,78.0,6,0.0,0.0,,0.34838577525511444,0.5144471983553395,0.5776042946874962,0.6322867563242346,0.5697331538804052,0.6027004098633328
27,3,79.0,6,0.0,0.0,,0.35178342055984235,0.5116812262679974,0.5785390637191524,0.6383468024204431,0.5496847515895105,0.5856158806785077
27,3,80.0,6,0.0,0.0,,0.3679997558292981,0.5124163959579978,0.5744203902090571,0.6406235985800719,0.5784056045486043,0.5753036837451967
27,3,81.0,6,0.0,0.0,,0.3534577348717979,0.5093858878115463,0.5735586957686909,0.6421387377481824,0.5832628282031868,0.5776532797984664
27,3,82.0,6,0.0,0.0,,0.34227665593613377,0.5093885509178139,0.5766369599308209,0.6557289589955951,0.5982224692185836,0.5716622196688291
27,3,83.0,6,0.0,0.0,,0.35043611910719935,0.510582255677851,0.5766663268928145,0.6521790841753194,0.6023640641893981,0.6395372826363358
27,3,84.0,6,0.0,0.0,,0.3555134378729016,0.5208270557115245,0.5742565760946994,0.6457541018721542,0.5899920030880683,0.5750160635632457
27,3,85.0,6,0.0,0.0,,0.34779491482768377,0.5219801342619076,0.569895531088497,0.6488668786927182,0.573912654740785,0.5608721609684952
27,3,86.0,6,0.0,0.0,,0.34245756234427044,0.5174113996493622,0.5675055641045327,0.6494370959468729,0.5530921139040801,0.5557784465083003
27,3,87.0,6,0.0,0.0,,0.3265716458330724,0.5293736963919191,0.5715589482737791,0.6514149577347563,0.5792212414033739,0.5810546125352074
27,3,88.0,6,0.0,0.0,,0.33858066914323615,0.5200409746014605,0.5737027865881787,0.6505580113738094,0.5937830606336146,0.5580002146709028
27,3,89.0,6,0.0,0.0,,0.3518991513112496,0.5143311702539444,0.5729846128719882,0.6521455822131328,0.5965582937879826,0.5337880806416746
27,3,90.0,6,0.0,0.0,,0.3618013536899035,0.5167834258958435,0.571075698552323,0.6535868133947217,0.594153692145451,0.5275852232904734
27,3,91.0,6,0.0,0.0,,0.3789108016388799,0.5164609618576236,0.5744150558320114,0.6684718766865565,0.6026663653952975,0.528851669444545
27,3,92.0,6,0.0,0.0,,0.3592126230543585,0.5198216345254996,0.5762231789604798,0.6577326205716075,0.6029755887409232,0.5534313240795361
27,3,93.0,6,0.0,0.0,,0.3669157450263163,0.5259488216839113,0.5812017908519622,0.6513137225905592,0.5986215511827452,0.5513015012363246
27,3,94.0,6,0.0,0.0,,0.3693487909792139,0.5272319275121891,0.5849491740394329,0.6431988145243673,0.5879987371997364,0.5629905059453534
27,3,95.0,6,0.0,0.0,,0.3669503817176659,0.5232846867393585,0.5795484784652813,0.6470030653062381,0.5746462208967785,0.5962597230485404
27,3,96.0,6,0.0,0.0,,0.3767789312659616,0.5296546252140178,0.5800944107413806,0.6436661380688455,0.5604735738280577,0.6175395351916725
27,3,97.0,6,0.0,0.0,,0.3696895389981877,0.5345188558707469,0.5831689081865726,0.6416245567060402,0.5936748513600193,0.6212976249236017
27,3,98.0,6,0.0,0.0,,0.3673542225659118,0.5306864996401974,0.5829907545184136,0.6428980142808295,0.5908855987095014,0.6502996114971624
27,3,99.0,6,0.0,0.0,,0.36888357710655917,0.5227475014930786,0.5815138562371736,0.6441819820889154,0.5946442245995464,0.644316757215379
27,3,100.0,6,0.0,0.0,,0.3776035429841575,0.5245073640975447,0.5843354636523198,0.6489067637984208,0.5904148435403956,0.5914018575698237
28,3,21.0,6,0.0,0.5,,0.24597428420208578,0.3752610484364961,0.4603114501041281,0.4877454021311106,0.5319363860055996,0.4512039814324084
28,3,22.0,6,0.0,0.5,,0.23209864234545458,0.3665178446776081,0.45909068483414933,0.49577358481166944,0.5037766990377166,0.5137599110413626
28,3,23.0,6,0.0,0.5,,0.24395710519022934,0.37622970393690247,0.4550564448981319,0.47739465171894563,0.5061386996357071,0.5519919105704901
28,3,24.0,6,0.0,0.5,,0.24243705824543346,0.37695501614758975,0.45508397508287607,0.4801090955733189,0.5217218801119354,0.5035622029706353
28,3,25.0,6,0.0,0.5,,0.2203229095895297,0.3665421638637465,0.4590951963367238,0.4782577209600333,0.541576798041854,0.5273728862786624
28,3,26.0,6,0.0,0.5,,0.19620987274326798,0.367581839148272,0.45831497623374967,0.471571125447643,0.518167194101515,0.4684531987231503
28,3,27.0,6,0.0,0.5,,0.200377460175659,0.3706592773812043,0.4548562795612348,0.4733873476798779,0.5010695095255674,0.4945138390463552
28,3,28.0,6,0.0,0.5,,0.20292244693371725,0.3681290471450928,0.45099323443492007,0.4706480555479846,0.48338034704730237,0.5349254532520311
28,3,29.0,6,0.0,0.5,,0.2059652789630706,0.370693860104591,0.4573249830292509,0.48275305222577314,0.500565642614099,0.5177996744534061
28,3,30.0,6,0.0,0.5,,0.22929657188548463,0.3624773976333219,0.4580642690301972,0.4654066009099376,0.5115156432874935,0.48494453022198314
28,3,31.0,6,0.0,0.5,,0.2335092584471457,0.3640029257544589,0.455442038289067,0.48385924091182214,0.5178930851773608,0.47691355764135757
28,3,32.0,6,0.0,0.5,,0.2278046004717032,0.36502391217413105,0.45736108528142083,0.4945629421934668,0.49059302192562243,0.4529053716470566
28,3,33.0,6,0.0,0.5,,0.216380287024223,0.3610291662392956,0.45590166733000387,0.49831826167847665,0.4801701389613625,0.4559056891848229
28,3,34.0,6,0.0,0.5,,0.19881600039624783,0.36961506194799887,0.45867662325173075,0.4905840384922867,0.45210460289709714,0.44939121424563366
28,3,35.0,6,0.0,0.5,,0.1945475758211604,0.3719024284292749,0.45574737167215496,0.5026361760792067,0.4273397728334755,0.43946608027066614
28,3,36.0,6,0.0,0.5,,0.2067868485944791,0.3593620351490336,0.45519189991969755,0.49549583960878546,0.4287452671784154,0.42970689881522395
28,3,37.0,6,0.0,0.5,,0.20776605842452414,0.36753698518019345,0.45719437324744516,0.4895746840041687,0.4382321064874203,0.45706290488577483
28,3,38.0,6,0.0,0.5,,0.21775495463259853,0.3647539068185931,0.4558464830247663,0.48879606035542855,0.4587236907949176,0.43185081828953364
28,3,39.0,6,0.0,0.5,,0.221098340943341,0.36139003003129544,0.45235471877842964,0.48277444122407687,0.45979520061386536,0.3993731055118683
28,3,40.0,6,0.0,0.5,,0.2071476633518176,0.35409017497071105,0.45489122967291096,0.47911160077996906,0.4428344221569135,0.43992234767116745
28,3,41.0,6,0.0,0.5,,0.21434783000415783,0.3508806198524706,0.4527972421310421,0.4656790259075409,0.45449157472884955,0.4574123361368675
28,3,42.0,6,0.0,0.5,,0.2216010318813737,0.34785226156836646,0.45524524835500085,0.4855213277263795,0.4506472268289025,0.5134617170853252
28,3,43.0,6,0.0,0.5,,0.2330730040887336,0.3514665661483971,0.4538978407312252,0.49270246749351915,0.47993629210871075,0.5359789292026098
28,3,44.0,6,0.0,0.5,,0.24321849139382717,0.3473147550279632,0.45313107168984734,0.4865851987895904,0.4866673466978299,0.5399302071204289
28,3,45.0,6,0.0,0.5,,0.25243298238292633,0.34813762824882144,0.45618050773228047,0.4906361909589899,0.4659180872605659,0.5293358505003402
28,3,46.0,6,0.0,0.5,,0.2298127174548677,0.3513875155656467,0.454882863988294,0.5030704807280152,0.4760184585497279,0.5095971571850254
28,3,47.0,6,0.0,0.5,,0.22658007346826342,0.359738239749501,0.45355245903504837,0.5123802973358934,0.5038347052498211,0.4595843544667367
28,3,48.0,6,0.0,0.5,,0.24049384309224608,0.3615922300569533,0.45425711571407074,0.505805877931451,0.5155741342951989,0.468909935470639
28,3,49.0,6,0.0,0.5,,0.2479694936223793,0.3563639734717949,0.4522899509639699,0.5046882744168448,0.47071070305452717,0.4804488109120502
28,3,50.0,6,0.0,0.5,,0.25341527982949963,0.3560089383365935,0.45051319792912087,0.4917098683687877,0.4724701745456752,0.5036857865977412
28,3,51.0,6,0.0,0.5,,0.25137338595180403,0.36028226545713943,0.4499785408657669,0.503896372404332,0.46553516885313045,0.457771667975284
28,3,52.0,6,0.0,0.5,,0.24015964439041704,0.36037390740576325,0.4502340357183603,0.5027411875224753,0.4785777789953328,0.41669039789444906
28,3,53.0,6,0.0,0.5,,0.2593321389866127,0.35990075116473996,0.4512260477390588,0.49729460766757827,0.4584022586163976,0.4007934994090502
28,3,54.0,6,0.0,0.5,,0.2659566005612296,0.3721441448659778,0.4486583705498637,0.48850032296319024,0.453255834788947,0.42024404275010774
28,3,55.0,6,0.0,0.5,,0.26849052965878534,0.38040379808821567,0.4524058730557797,0.49117282763744097,0.47437575419809297,0.4346101977199954
28,3,56.0,6,0.0,0.5,,0.26898401265973704,0.38091684453315927,0.4563248044147484,0.48745874218800217,0.4802380850833461,0.45213063375278983
28,3,57.0,6,0.0,0.5,,0.2616817720186681,0.38915046044543244,0.4570079533138623,0.48551338877065653,0.4709645856588935,0.45284096849087874
28,3,58.0,6,0.0,0.5,,0.2448401931190966,0.3812988486556823,0.45620036523306345,0.4820281541537007,0.476851284915986,0.3928518074625897
28,3,59.0,6,0.0,0.5,,0.2443222316445232,0.38670958092630536,0.45316731455999254,0.4691629707018209,0.47907499101922973,0.42397385914620933
28,3,60.0,6,0.0,0.5,,0.24593197215347246,0.3844146924483491,0.45223549369521854,0.4686186332731859,0.49652353309111186,0.4227223997006968
28,3,61.0,6,0.0,0.5,,0.2497814653152584,0.36597598029144585,0.44946592731479135,0.4729372389761539,0.4835721694627034,0.4675380235484804
28,3,62.0,6,0.0,0.5,,0.24345249366830352,0.36054543128319516,0.450163996116295,0.46870497209390233,0.4783873327963762,0.49800251117644584
28,3,63.0,6,0.0,0.5,,0.2451203383946477,0.36445792961434315,0.4552932123148604,0.48290765369399624,0.4515617125839134,0.4891668910791819
28,3,64.0,6,0.0,0.5,,0.2541938401322291,0.37221082563373065,0.45724202450205553,0.5033622367058429,0.4401211869895551,0.4947296863499062
28,3,65.0,6,0.0,0.5,,0.2539311750008403,0.373785598493141,0.4620636805199389,0.48951214610120586,0.44393394262505453,0.49268282312919043
28,3,66.0,6,0.0,0.5,,0.25632976604723223,0.37666709524195624,0.4592971122603643,0.4955318589456965,0.4551708560366052,0.5087501060634765
28,3,67.0,6,0.0,0.5,,0.26712086233453686,0.3735121695101245,0.4604451444584588,0.5130955105687856,0.44276754376073735,0.48635965216113763
28,3,68.0,6,0.0,0.5,,0.26043593902647955,0.3731578436653745,0.45913082412333395,0.5066883503411418,0.47556351535920866,0.4578081618467179
28,3,69.0,6,0.0,0.5,,0.2507923082043061,0.36754695322643927,0.4627567716929959,0.4973146202383675,0.45855395430107676,0.4593230554397417
28,3,70.0,6,0.0,0.5,,0.28511010385999064,0.36323881651034046,0.45788294971301324,0.4973000401029111,0.41816943979270843,0.43707283714086576
28,3,71.0,6,0.0,0.5,,0.29396142891098115,0.3640149359747842,0.4589223357347695,0.5005090606377726,0.40364312081205816,0.4367004158892004
28,3,72.0,6,0.0,0.5,,0.268519674146723,0.3649831887606721,0.4610931579755432,0.5001213774282957,0.4177745608588346,0.41221456356380265
28,3,73.0,6,0.0,0.5,,0.2546538747051996,0.37517196660956514,0.46067525499650497,0.48714508969608694,0.4356779954505613,0.45349416200334014
28,3,74.0,6,0.0,0.5,,0.25342667127312757,0.36383993650686663,0.4595790231615745,0.4974438907638197,0.42364548876970937,0.47469602348745343
28,3,75.0,6,0.0,0.5,,0.23659596999273927,0.36798124772639895,0.45654747692197295,0.4930949125115127,0.4426921569586256,0.45144585348674243
28,3,76.0,6,0.0,0.5,,0.22656313115649113,0.3728092103012927,0.4570387101536488,0.49514368503124534,0.4332123823875208,0.46524968621155444
28,3,77.0,6,0.0,0.5,,0.2577161774053803,0.3616023742459159,0.45564376722778627,0.4951038372060115,0.4557900872872461,0.49049241393873044
28,3,78.0,6,0.0,0.5,,0.25372176828017096,0.36200686251321473,0.45676055898069634,0.49246777970908423,0.4467221974360207,0.5464399971985886
28,3,79.0,6,0.0,0.5,,0.2753744349786102,0.35168470828899334,0.4533320143985559,0.483635905648638,0.4588999875169364,0.5267739000163838
28,3,80.0,6,0.0,0.5,,0.2780456143623539,0.34981133333126313,0.45370443068321525,0.4844689521190859,0.4466769404218671,0.533206677678181
28,3,81.0,6,0.0,0.5,,0.27478765522870985,0.3512503062224205,0.45064107690518884,0.48007194703995815,0.48072307271451437,0.511307776571555
28,3,82.0,6,0.0,0.5,,0.28573675945246907,0.3507395994044649,0.44939711991686443,0.4785063085841187,0.4693722461584933,0.5386265491647849
28,3,83.0,6,0.0,0.5,,0.2899051695650731,0.3448709108192166,0.44878032159528647,0.47965431328679464,0.4824877692174523,0.49809325112820746
28,3,84.0,6,0.0,0.5,,0.28250023854711553,0.34878919559102095,0.4504457431355533,0.4818172597216873,0.4942572380253586,0.5451847642364483
28,3,85.0,6,0.0,0.5,,0.27176918690945184,0.35469526554376996,0.4535438509197161,0.48605934047532007,0.48708054466372025,0.5548189239096144
28,3,86.0,6,0.0,0.5,,0.2601452490319308,0.36071096320148754,0.4538565671420113,0.4917652620565357,0.4974500542905954,0.534695341978286
28,3,87.0,6,0.0,0.5,,0.25469860137597233,0.3645538437913327,0.4519695121063224,0.4988124102403814,0.48407139428387963,0.5322005281291522
28,3,88.0,6,0.0,0.5,,0.26956891030598357,0.36599118309034095,0.4527391943121062,0.4999395860290197,0.46215601799456413,0.49579418814953274
28,3,89.0,6,0.0,0.5,,0.2780483413569744,0.3713749263282996,0.45472888521429056,0.5058968213286275,0.47271248297833635,0.4887259818536549
28,3,90.0,6,0.0,0.5,,0.2789105141458894,0.3747385575100831,0.45191792852533086,0.5043390715561925,0.47534666339831444,0.5005675098394782
28,3,91.0,6,0.0,0.5,,0.27618156042368625,0.38828393488987023,0.44826404044132095,0.49595786066207204,0.4858948471592409,0.5033675690647943
28,3,92.0,6,0.0,0.5,,0.27226959679687607,0.393862099907252,0.4473462612370459,0.48931436203191037,0.47877757181858926,0.4955833585713395
28,3,93.0,6,0.0,0.5,,0.2843790976597937,0.3916666752014325,0.4484710115716103,0.47818175262492935,0.46338958838608757,0.5399047821183631
28,3,94.0,6,0.0,0.5,,0.27704821550917147,0.39121719556253387,0.4498156284216589,0.4757279588607141,0.4488817161462831,0.49503283377567586
28,3,95.0,6,0.0,0.5,,0.2806335637355757,0.3908202321734074,0.4542789315932307,0.476108280997642,0.43599572690933686,0.5135387242294268
28,3,96.0,6,0.0,0.5,,0.2798882168087998,0.37635854895794046,0.45230740366729794,0.4732397004860518,0.45017162239701786,0.48750601942360394
28,3,97.0,6,0.0,0.5,,0.2579651383125182,0.3761338668736572,0.45674904705912633,0.464385572940704,0.47394846489520576,0.4882353067167129
28,3,98.0,6,0.0,0.5,,0.2528713668982324,0.378085916169147,0.45212893526835723,0.4662140328712123,0.46847482620000724,0.4560311618043958
28,3,99.0,6,0.0,0.5,,0.2389942448240241,0.3751632977752918,0.4538705080912102,0.4803232944926979,0.5020093670251385,0.4481618236044264
28,3,100.0,6,0.0,0.5,,0.23805103598799127,0.37041646244668425,0.45610386112313533,0.4964227516054144,0.4906932865624693,0.4502221058215342
29,3,21.0,6,0.0,0.9,,0.1918619767064364,0.3164021294988951,0.37504792825629507,0.4264482475379537,0.38751389286095916,0.42482004180209154
29,3,22.0,6,0.0,0.9,,0.19357651558841008,0.321675284527585,0.37330358933536545,0.41902893707641564,0.4064819918191741,0.4742855413349328
29,3,23.0,6,0.0,0.9,,0.21227045377384793,0.3257219013565888,0.3742369700871292,0.4205079300515552,0.3909131599829232,0.44264516298248047
29,3,24.0,6,0.0,0.9,,0.19898515547079096,0.3254023345659417,0.37690099708397307,0.4224562021118324,0.42862609166924165,0.4354073537236152
29,3,25.0,6,0.0,0.9,,0.19556030020317355,0.3223454308380319,0.37469745946961,0.4162855458633323,0.4002747525711202,0.435621060324217
29,3,26.0,6,0.0,0.9,,0.20036863870494637,0.3234893096324662,0.3757745900455116,0.41342162000302435,0.39985348398854753,0.45182161788490516
29,3,27.0,6,0.0,0.9,,0.19604890375665338,0.32250914907211176,0.3762137706552463,0.4094433373893726,0.39894396584376957,0.4419282475306763
29,3,28.0,6,0.0,0.9,,0.19910512673043748,0.32335407575886427,0.37723685470132995,0.41797989347704545,0.39416493569646704,0.47064147884978347
29,3,29.0,6,0.0,0.9,,0.1956825097071868,0.31630905988485386,0.37654952903583927,0.4175741068054196,0.39802587555578606,0.43520333452874393
29,3,30.0,6,0.0,0.9,,0.1823443769246458,0.31638237192455376,0.3753389233030624,0.4159037826640894,0.38935265566920907,0.4434066833489679
29,3,31.0,6,0.0,0.9,,0.18274146121852639,0.31699550609972993,0.3801983134667709,0.4147969217232782,0.3689534382075739,0.47269766064432084
29,3,32.0,6,0.0,0.9,,0.17144190836188278,0.31565250958797464,0.3797527493922537,0.41340913357736425,0.39983661921652164,0.4558479977808977
29,3,33.0,6,0.0,0.9,,0.16774640343106986,0.324748817741301,0.3759841771927612,0.40941146739960493,0.4045652689848673,0.4718721704821142
29,3,34.0,6,0.0,0.9,,0.1965486886834073,0.32368866275312774,0.37746470942441696,0.41140974968273303,0.4128965842335785,0.5209730559697128
29,3,35.0,6,0.0,0.9,,0.20429353954727034,0.319899922796161,0.37798839000935724,0.4118911344187942,0.39533149965276276,0.48206024982025947
29,3,36.0,6,0.0,0.9,,0.21189921542205026,0.3243016119714495,0.3745726896864441,0.411400960044518,0.396082143738515,0.4690384097935671
29,3,37.0,6,0.0,0.9,,0.21901499193387922,0.31872868551287015,0.3774187884707342,0.4108219889199002,0.4050195531810671,0.4974341657862421
29,3,38.0,6,0.0,0.9,,0.21618534745431495,0.3323971401996215,0.37386779274823634,0.4105020883556737,0.4036230679787544,0.4775185356991175
29,3,39.0,6,0.0,0.9,,0.2257339818950305,0.329436730327518,0.37277101042199334,0.4144413108783893,0.42204960173785916,0.46179441534128135
29,3,40.0,6,0.0,0.9,,0.23033853330753568,0.3319310579965352,0.3692269320372842,0.4103754226917581,0.42916554834261644,0.44208932955457636
29,3,41.0,6,0.0,0.9,,0.22041197954547717,0.32562039381430874,0.37205891330003527,0.412889983595022,0.45050351711126757,0.46152571948492793
29,3,42.0,6,0.0,0.9,,0.21993137533404675,0.3232788114970021,0.37349044496617445,0.4129690183813726,0.4193074914452112,0.4313032410723358
29,3,43.0,6,0.0,0.9,,0.21905310811263345,0.3213917381029596,0.37297407364113766,0.41102643372246606,0.42489465993421127,0.4644916108501982
29,3,44.0,6,0.0,0.9,,0.21788844848131853,0.3389578877021213,0.3705612365918684,0.4098995948864177,0.4351876706071918,0.41338286582046796
29,3,45.0,6,0.0,0.9,,0.21666271175839658,0.33671751537973227,0.37420962599507374,0.4066964424411201,0.4536703451084925,0.488295314846526
29,3,46.0,6,0.0,0.9,,0.22276243222646386,0.33565597372554434,0.37304447701946314,0.40713410071494616,0.44469209271635013,0.5073633305419459
29,3,47.0,6,0.0,0.9,,0.20784628958885665,0.3351830963130026,0.3736181507413326,0.3993673280697353,0.4496705069511626,0.5123363951119748
29,3,48.0,6,0.0,0.9,,0.20737328180708414,0.3331431977250209,0.36999322922065336,0.4000127729332366,0.4118030748955207,0.5218904620527505
29,3,49.0,6,0.0,0.9,,0.2044808950388357,0.33229943033600556,0.37201120584634634,0.3985364070536277,0.3955708436601272,0.5210999653404875
29,3,50.0,6,0.0,0.9,,0.19408929645533138,0.32789564897699514,0.37387480285421015,0.40016523571451296,0.40874500613695053,0.5437114544927879
29,3,51.0,6,0.0,0.9,,0.19236841977016697,0.33161522583014447,0.3711932350344287,0.3991544529707836,0.4030711832018977,0.5322625017383651
29,3,52.0,6,0.0,0.9,,0.18425588640318022,0.33256674228410443,0.37171463330231813,0.39202289076843455,0.39288579941083024,0.49904144130175904
29,3,53.0,6,0.0,0.9,,0.1942030248682723,0.32994300238737045,0.3714710067162455,0.39398059269284447,0.4180298268165748,0.5076597571245058
29,3,54.0,6,0.0,0.9,,0.21012997671135972,0.3284602547574052,0.36919198493845246,0.39840756642450387,0.4371341503985556,0.5276775277363555
29,3,55.0,6,0.0,0.9,,0.22569883697453488,0.325346251534619,0.36903036417416624,0.39848917912250087,0.4519103094222712,0.5468457656287002
29,3,56.0,6,0.0,0.9,,0.22019210336149428,0.32122599382135386,0.36932359141372395,0.4031090515689578,0.42596514463357693,0.5592804510953064
29,3,57.0,6,0.0,0.9,,0.22834198898061384,0.3162681909927937,0.3721362408011871,0.4038259331989201,0.4306092087538126,0.5688169860635444
29,3,58.0,6,0.0,0.9,,0.24416860677464639,0.31783936627490567,0.368807701268537,0.4064282784742866,0.4188017538346659,0.568501656387147
29,3,59.0,6,0.0,0.9,,0.24616629298850629,0.31711574920948515,0.3680621920378496,0.40730179654613385,0.4257821885576785,0.5481647629398816
29,3,60.0,6,0.0,0.9,,0.24257525752158543,0.32390777695400524,0.366631731309238,0.4074045093336859,0.39147451212785034,0.5331197756084562
29,3,61.0,6,0.0,0.9,,0.25400152545534965,0.3307985470907092,0.36740468512178137,0.41419125780396887,0.39590913799781213,0.548863610922922
29,3,62.0,6,0.0,0.9,,0.24141464123685275,0.3253833815493658,0.36693977912044506,0.41565204900523406,0.4195750444182281,0.534128912978968
29,3,63.0,6,0.0,0.9,,0.21039565230312668,0.3251315187201633,0.36765112337074707,0.4175403063520629,0.40073628001902567,0.5133951393571863
29,3,64.0,6,0.0,0.9,,0.1973346826163424,0.3216379103342991,0.36738614542692705,0.42585446437544433,0.3927714426610368,0.4833455165265379
29,3,65.0,6,0.0,0.9,,0.20063343338339995,0.31936643297562994,0.3720920769141073,0.4215757509184101,0.39953902804236796,0.48989520088121274
29,3,66.0,6,0.0,0.9,,0.21055199607479363,0.31478054231621455,0.37243370680606114,0.4198108603063145,0.41197635597408394,0.5019952207352129
29,3,67.0,6,0.0,0.9,,0.21288281443622345,0.32425383566845245,0.3735410640636858,0.41458345384838713,0.3970775849570874,0.535204739670297
29,3,68.0,6,0.0,0.9,,0.2071722112277885,0.32145917324295264,0.3759327427721434,0.4157530937356775,0.39389050710609635,0.4564755394661514
29,3,69.0,6,0.0,0.9,,0.21019008567990266,0.326070955349387,0.3748454942921057,0.4144469722082957,0.38972491585249386,0.46469920275417953
29,3,70.0,6,0.0,0.9,,0.2176251238007044,0.3281313258994985,0.37763703215526345,0.40893370627602177,0.39468215366384957,0.46133072812801473
29,3,71.0,6,0.0,0.9,,0.19809987037306323,0.32456116542778946,0.3742916034031691,0.40424363961295773,0.3671757030792988,0.4460960418749262
29,3,72.0,6,0.0,0.9,,0.18856278909557206,0.3178292161634102,0.3694487222987516,0.40438387182364277,0.3896800501680831,0.3963405955376669
29,3,73.0,6,0.0,0.9,,0.19208951413626105,0.32264504666524896,0.3685750088620212,0.4111977495689449,0.3837564461621727,0.40827490096153196
29,3,74.0,6,0.0,0.9,,0.20509599326021527,0.32999281157656446,0.37070332141576323,0.4140549621335105,0.3976945910629267,0.42845233058956345
29,3,75.0,6,0.0,0.9,,0.1937952168317195,0.3334212753662987,0.37082258798641315,0.41201917656501763,0.41466492269046984,0.4076810914702823
29,3,76.0,6,0.0,0.9,,0.18963627915601727,0.3367477491625958,0.3696741014121505,0.4115654220394676,0.4358364137960411,0.426050880734988
29,3,77.0,6,0.0,0.9,,0.18261980368369518,0.3377181133205919,0.36792125880867876,0.41238169715656214,0.4705821921617071,0.43144603699894557
29,3,78.0,6,0.0,0.9,,0.18319282555285804,0.3338921920226123,0.36543571567453026,0.4096593120066684,0.48451610455843747,0.4581615457531316
29,3,79.0,6,0.0,0.9,,0.17572305289399903,0.3337720709506568,0.36794267115846113,0.41410599389259906,0.4640775504054179,0.4316991195574211
29,3,80.0,6,0.0,0.9,,0.18482394039283467,0.33147187984892995,0.3680309131501731,0.4102949229213576,0.473503722694901,0.4042678824358058
29,3,81.0,6,0.0,0.9,,0.19091131424009802,0.3381613902380412,0.36852403059452954,0.3989571168542069,0.44446971539280267,0.41510796637919495
29,3,82.0,6,0.0,0.9,,0.1802439536173838,0.3394891135315309,0.37149659214583153,0.39729857049409223,0.43625212191371665,0.4291524876421494
29,3,83.0,6,0.0,0.9,,0.18470963897434942,0.3319857988754672,0.3692906664677258,0.39957524044337406,0.4155997407420126,0.4171068111922236
29,3,84.0,6,0.0,0.9,,0.17121785274014456,0.33041345258104443,0.3676145108531389,0.4023228902979811,0.41840847591207664,0.41870419833935807
29,3,85.0,6,0.0,0.9,,0.17415884871566795,0.33489597547780864,0.36819090875690214,0.4028721683812028,0.398759450082032,0.41394728673245285
29,3,86.0,6,0.0,0.9,,0.18038293528362068,0.32997288509043754,0.3682295032289259,0.4029983449255704,0.39831883608337243,0.4551179598443901
29,3,87.0,6,0.0,0.9,,0.18333409854290383,0.32620631997448885,0.36784884931347006,0.39916358007496255,0.43348249552457163,0.48823754854889756
29,3,88.0,6,0.0,0.9,,0.18616258050630324,0.3322873456805401,0.366211841422425,0.39721448639128587,0.42195404127799696,0.4481751366805752
29,3,89.0,6,0.0,0.9,,0.18652083086321344,0.33470241810606294,0.36706877321233106,0.39939290177472253,0.405379723022073,0.4935866984760143
29,3,90.0,6,0.0,0.9,,0.1913074914081592,0.32617588524398267,0.3677543186442559,0.3923364110106954,0.4038537777477959,0.4644463389183044
29,3,91.0,6,0.0,0.9,,0.18682264390745995,0.32078258867431303,0.3700467692415509,0.39719394070547015,0.4089916923306907,0.44499480860788915
29,3,92.0,6,0.0,0.9,,0.18680651573960688,0.3282983964669554,0.3712199845190028,0.3980494134799054,0.44251342536310806,0.49441991029997184
29,3,93.0,6,0.0,0.9,,0.19887695252820684,0.3310203909080851,0.37148681718266807,0.40093143564243255,0.4311346725160581,0.5153958352086933
29,3,94.0,6,0.0,0.9,,0.20066536351453723,0.32521082077671054,0.37495009046771344,0.4025438681953486,0.44438472254804556,0.48255836206286523
29,3,95.0,6,0.0,0.9,,0.20317825280284155,0.33315254298026564,0.37214205005312906,0.40566050966941314,0.4567618028353723,0.4642677894410979
29,3,96.0,6,0.0,0.9,,0.19955199175829916,0.3414864780342198,0.3707296710655233,0.4155398122748596,0.42322018292708796,0.4380705972551383
29,3,97.0,6,0.0,0.9,,0.2098357872859434,0.33707879098746274,0.3685989164178746,0.41799591769786826,0.4203853830107587,0.43122295876577044
29,3,98.0,6,0.0,0.9,,0.2076290274205021,0.3314001768649989,0.37031091796737103,0.4131518650325492,0.43305953514401796,0.45711194021221757
29,3,99.0,6,0.0,0.9,,0.2089188554333512,0.32796439768155977,0.37509264014684685,0.41191562148930166,0.4298593318717783,0.4383429751669426
29,3,100.0,6,0.0,0.9,,0.22306954445799715,0.33387193647880464,0.37650226408037607,0.4145727421153131,0.43230858546530493,0.43797437630797226
30,3,21.0,6,0.25,0.0,,0.33006128327611084,0.4961237475850223,0.6029847668835853,0.660815431393307,0.6000086457614963,0.4712829039443248
30,3,22.0,6,0.25,0.0,,0.34583422182750845,0.5164864118562655,0.5963692810122053,0.6575635266766838,0.5716364338273056,0.4665797398980184
30,3,23.0,6,0.25,0.0,,0.3545564662869852,0.5122349835236737,0.6146631460568116,0.6520650399982014,0.6003503646224009,0.48928332991942486
30,3,24.0,6,0.25,0.0,,0.3330813208205316,0.518738876083494,0.6177134416895714,0.6350729709884926,0.5571409563578984,0.4836682586049201
30,3,25.0,6,0.25,0.0,,0.33979937504212554,0.5081661596597649,0.5946383309617325,0.6717339979596348,0.5244821599840968,0.5063906518943592
30,3,26.0,6,0.25,0.0,,0.34794460155673473,0.48617156467553296,0.6074497454606013,0.6664795965404726,0.5278340303466247,0.4885936910377147
30,3,27.0,6,0.25,0.0,,0.39872372973414566,0.4972445649636512,0.61076630400233,0.6474472007272375,0.5824821386665091,0.4836356303184136
30,3,28.0,6,0.25,0.0,,0.3876415256427539,0.49828837607041165,0.6226905602362941,0.6652321962584467,0.6270446511449346,0.52754377016547
30,3,29.0,6,0.25,0.0,,0.39449254978411497,0.53120050923947,0.6160068967262,0.6700475856581817,0.6327211022693225,0.5521457227509783
30,3,30.0,6,0.25,0.0,,0.38957453058395203,0.5252332809972529,0.585761478923642,0.6783261804623557,0.6107464009096035,0.5443473841441993
30,3,31.0,6,0.25,0.0,,0.41869479232955253,0.520354090062294,0.5818195928433749,0.6490343686852545,0.6285426973325906,0.5108844710927554
30,3,32.0,6,0.25,0.0,,0.4315286236220868,0.5458127982409944,0.5899390879521514,0.6285233950171891,0.6205214866604233,0.5125890736775705
30,3,33.0,6,0.25,0.0,,0.418721992928705,0.5172693640738204,0.5986745387373256,0.6117900318469864,0.6143789075990803,0.5652603873288864
30,3,34.0,6,0.25,0.0,,0.37046034528659877,0.5181872429025921,0.6144381850496379,0.6306441539521803,0.6088624404667563,0.5570140619628976
30,3,35.0,6,0.25,0.0,,0.35818232729074184,0.516220388460704,0.6149886677982939,0.6249897056413938,0.5905812899171866,0.6088150444742185
30,3,36.0,6,0.25,0.0,,0.32793453427549873,0.5031211329103289,0.62206830628448,0.6191955849334644,0.5764142060913291,0.6371379026856241
30,3,37.0,6,0.25,0.0,,0.337768299134407,0.4954962723681466,0.615503970376273,0.6210511670225494,0.5356447728041185,0.6018609897689463
30,3,38.0,6,0.25,0.0,,0.36384034441310087,0.49403457583986066,0.6147388992347727,0.6259374632275293,0.5227590463810612,0.5672123586257379
30,3,39.0,6,0.25,0.0,,0.3706604917548021,0.49001724715967276,0.5916328045437427,0.6277890697052593,0.5716464978828096,0.5517410525348434
30,3,40.0,6,0.25,0.0,,0.3804956459231318,0.4839446193674585,0.6023052383625727,0.5907148123546392,0.5834679020607053,0.5990198439036523
30,3,41.0,6,0.25,0.0,,0.365519931857358,0.5050616381598181,0.5899540145513529,0.5886380266219633,0.5914672319082632,0.5611947027554522
30,3,42.0,6,0.25,0.0,,0.3718082926378092,0.4906892171497551,0.5806687846912006,0.5914288410681566,0.6051036302166056,0.5770512033910398
30,3,43.0,6,0.25,0.0,,0.36161676733045517,0.4962591531001899,0.5693204517174877,0.5570372118121817,0.6168356236015601,0.5444186572653362
30,3,44.0,6,0.25,0.0,,0.35331886605132945,0.5037487110440957,0.5573699799324002,0.5945533799030382,0.6386348479872201,0.48981291065650934
30,3,45.0,6,0.25,0.0,,0.3499333280456061,0.4907879507002625,0.568249948646242,0.617736834999205,0.6347094747291516,0.47901622059597865
30,3,46.0,6,0.25,0.0,,0.3716165375707719,0.5059220078685049,0.5905815446149256,0.5945493941901973,0.6733884788949471,0.5380611864673355
30,3,47.0,6,0.25,0.0,,0.36781409701835255,0.5019623421950131,0.5840931911297264,0.5783244809501291,0.6896029949885752,0.5000654965218917
30,3,48.0,6,0.25,0.0,,0.36423519569882234,0.511186277603603,0.5695846324736181,0.615699318196534,0.6577399167982663,0.5032226735274359
30,3,49.0,6,0.25,0.0,,0.37423458652438735,0.5057792067509638,0.5809850144020243,0.5875432084281018,0.6138544068054749,0.5222698219456088
30,3,50.0,6,0.25,0.0,,0.35330777373206607,0.5021547271040386,0.6209566748295596,0.58864526583178,0.6109252475870859,0.5192229177951548
30,3,51.0,6,0.25,0.0,,0.37144717018133455,0.5354541588469902,0.6242505835110139,0.6221674433020002,0.6226467438569993,0.49819971876398983
30,3,52.0,6,0.25,0.0,,0.36462655176174685,0.5313398481516205,0.621097349639087,0.6141096090121374,0.6076414495775414,0.5039801277920442
30,3,53.0,6,0.25,0.0,,0.3543322982725683,0.5173338091672133,0.6162807386224372,0.6252601216552086,0.6346415148713861,0.5095336620317769
30,3,54.0,6,0.25,0.0,,0.3474252397540314,0.5073344856572326,0.583518027576867,0.6452755220495687,0.6095471992673798,0.5708766043939952
30,3,55.0,6,0.25,0.0,,0.3480683714578059,0.5123030561012127,0.5997193303486489,0.6478832918930717,0.6436327342601271,0.56212412738293
30,3,56.0,6,0.25,0.0,,0.37286397445647873,0.5256273604498027,0.5978009155279569,0.6423743810142247,0.6286388290525923,0.5725401926157601
30,3,57.0,6,0.25,0.0,,0.37321930208739856,0.5272609053453235,0.5922049746135667,0.6484380626840972,0.6176313822192108,0.5449471070488267
30,3,58.0,6,0.25,0.0,,0.3583105376415604,0.49684816286126904,0.5861824908807806,0.6610362280929998,0.6092292207113611,0.5626622068725224
30,3,59.0,6,0.25,0.0,,0.35091476646356956,0.5046336845595493,0.5897376482831781,0.6489727111413427,0.6125388364058532,0.5823739749541674
30,3,60.0,6,0.25,0.0,,0.3448209531949117,0.5218588371566776,0.5869750253455266,0.63188763558621,0.5761848904143471,0.5417255164406027
30,3,61.0,6,0.25,0.0,,0.34381512205560527,0.49642341459041467,0.6160755037902352,0.6454586783797402,0.5857184039293962,0.5328102636948598
30,3,62.0,6,0.25,0.0,,0.3314582995427304,0.48931538828094573,0.6271912240779541,0.6439713490456349,0.5786250212103808,0.5630945459498562
30,3,63.0,6,0.25,0.0,,0.35067913572021175,0.49303229107938035,0.6138615585639073,0.6439770192626556,0.6036636124720287,0.543028536447626
30,3,64.0,6,0.25,0.0,,0.3614479372500263,0.4934033944697321,0.6316723790081812,0.6354654695857336,0.6410342863178696,0.5280330478310066
30,3,65.0,6,0.25,0.0,,0.37426191004546244,0.48448088368230013,0.5997846369361516,0.646836945649775,0.6240191070785536,0.5439226182975663
30,3,66.0,6,0.25,0.0,,0.4190132218733992,0.4923462030942957,0.5761441533252791,0.662772568330674,0.6252492703513187,0.5425845305979389
30,3,67.0,6,0.25,0.0,,0.3966882631528167,0.5080980386781192,0.5600531952211613,0.6593466754906375,0.6123223645491505,0.5685884475568905
30,3,68.0,6,0.25,0.0,,0.379466781734132,0.5249370261154679,0.5748698365408593,0.6484771060130516,0.6118607263322458,0.5978378323582488
30,3,69.0,6,0.25,0.0,,0.3671919737036875,0.5223572451557814,0.5899210192236248,0.6533287714906115,0.570095318355514,0.634764681104061
30,3,70.0,6,0.25,0.0,,0.3632433429855624,0.5116761358757744,0.5987824026164064,0.6579556942358995,0.5526242033690701,0.6578040135176002
30,3,71.0,6,0.25,0.0,,0.3968527288122659,0.49189416160296,0.5807434968138291,0.644261024688705,0.5540454352861943,0.6518628139709501
30,3,72.0,6,0.25,0.0,,0.3614688884598878,0.4821953534981759,0.5976430705388383,0.6276396749059433,0.588852240600662,0.6217252660939413
30,3,73.0,6,0.25,0.0,,0.363220636641954,0.48497234863345023,0.5910559296808774,0.6184216467924015,0.6020919350368952,0.6552229497743213
30,3,74.0,6,0.25,0.0,,0.3635537169201255,0.49254504951729317,0.5920355912423579,0.605873009169027,0.5894509741448998,0.6588319504028998
30,3,75.0,6,0.25,0.0,,0.3615920015274054,0.5106459518487441,0.5994363666886291,0.6229882837987477,0.5785937709435081,0.6294453156642965
30,3,76.0,6,0.25,0.0,,0.3639612088477766,0.497363945189403,0.6019531718829848,0.6017699595525805,0.5860245345090218,0.6023547059142661
30,3,77.0,6,0.25,0.0,,0.352696345136052,0.48551920262627474,0.6019261384745102,0.5835622895889744,0.5849444513509883,0.590210690710522
30,3,78.0,6,0.25,0.0,,0.3654023332892615,0.5103799071193664,0.5702915333817371,0.6136349204738896,0.5785212606253987,0.5720756112034067
30,3,79.0,6,0.25,0.0,,0.37223956114363943,0.5100684437499278,0.5809484804872798,0.6139651267932026,0.5612355437284663,0.5922038388278451
30,3,80.0,6,0.25,0.0,,0.3696950782391738,0.5366750149371562,0.566161261208185,0.6311213968017633,0.5525793400148021,0.6026250800470049
30,3,81.0,6,0.25,0.0,,0.33739170656179723,0.5164686451593717,0.5784584342364197,0.6641282891725567,0.5080502365349057,0.6014897434436829
30,3,82.0,6,0.25,0.0,,0.3217442239017228,0.5137301534492152,0.5737864286646841,0.6520040875579273,0.5412304184565666,0.6212738544965541
30,3,83.0,6,0.25,0.0,,0.30147919388911637,0.5045739591257266,0.59066179822882,0.6518947899177798,0.5457346043842913,0.6295619001398244
30,3,84.0,6,0.25,0.0,,0.3218415154084885,0.49759552722314176,0.5796549550434159,0.6480343833540511,0.5290511279338997,0.607301703062357
30,3,85.0,6,0.25,0.0,,0.32472104903096277,0.4898682933006972,0.5980851932075547,0.6379409800400941,0.5448698991155149,0.5947777260114436
30,3,86.0,6,0.25,0.0,,0.305893085433007,0.4890577138841986,0.5781756372514354,0.6546826472092754,0.5575807517282897,0.5738714093178803
30,3,87.0,6,0.25,0.0,,0.30565731406920804,0.49580114349555177,0.5670998179460335,0.680549926940841,0.5606658157701249,0.5845492550203919
30,3,88.0,6,0.25,0.0,,0.31553475489615057,0.4950986809001364,0.5730081602052373,0.6907171620702897,0.5119663957253847,0.5807196231871239
30,3,89.0,6,0.25,0.0,,0.3428539753988387,0.47996412073959327,0.5804365687321256,0.6705137613143345,0.5521951307511337,0.5934403535954924
30,3,90.0,6,0.25,0.0,,0.3432381616603488,0.4744769131992034,0.5900687454681515,0.6551101704535168,0.5866506671979704,0.5419867067319661
30,3,91.0,6,0.25,0.0,,0.3437849187992706,0.46916657595410144,0.5890938656135026,0.6753286536496206,0.5966441755718158,0.5286798796132051
30,3,92.0,6,0.25,0.0,,0.33502654152639877,0.47586113981956935,0.5931546196643913,0.6606602789938314,0.620991727035198,0.5605881327113811
30,3,93.0,6,0.25,0.0,,0.3085559122422792,0.5058883138821024,0.5831043565473552,0.6618873829023271,0.6389425818681151,0.5490276778707652
30,3,94.0,6,0.25,0.0,,0.31134972313531295,0.5154113679228798,0.5716061359899326,0.6607802570919075,0.6178098946395757,0.5358184566188939
30,3,95.0,6,0.25,0.0,,0.3043006814482194,0.5290073461459232,0.5792812020642051,0.6840081378210888,0.6180379446324178,0.5880871090138029
30,3,96.0,6,0.25,0.0,,0.31368890362891405,0.5121196569082702,0.5854279435833648,0.6592659108510427,0.6180750523091083,0.6004340911525816
30,3,97.0,6,0.25,0.0,,0.3301052344484732,0.523360942698212,0.598333930819354,0.6769286890795274,0.6195468070923827,0.6239266178751368
30,3,98.0,6,0.25,0.0,,0.3320559304997671,0.533434274050241,0.596135249438433,0.656402541499501,0.5732872564695788,0.6396670429444409
30,3,99.0,6,0.25,0.0,,0.333422463990835,0.5335347265068948,0.6139797443631068,0.6515363269773904,0.547974119632141,0.6414902967147785
30,3,100.0,6,0.25,0.0,,0.31373785537833376,0.529266906520862,0.6173403345693214,0.6130898549755258,0.5674751349316282,0.6309446439798438
31,3,21.0,6,0.25,0.5,,0.315568656058938,0.39100347021877074,0.43298916951783795,0.5204460542388487,0.4775179878317009,0.5134938115393621
31,3,22.0,6,0.25,0.5,,0.294780691766322,0.37608761111834765,0.45601275177736555,0.49741922832211716,0.4649677884866179,0.5374971033518371
31,3,23.0,6,0.25,0.5,,0.26057889301040105,0.38409359526887127,0.45781231395707656,0.5105280200374847,0.4733098017667975,0.5987789131780996
31,3,24.0,6,0.25,0.5,,0.23513326840731552,0.3865312261558702,0.44609998190481787,0.48836498659121796,0.46912654315058405,0.5663652221153933
31,3,25.0,6,0.25,0.5,,0.22859202875984846,0.3935760688377539,0.4672797737082338,0.45984732707934634,0.514293035580973,0.5195639207317283
31,3,26.0,6,0.25,0.5,,0.2419937753211933,0.39425016944246216,0.47497821490374437,0.46554102618648835,0.5163811784302373,0.5290899088422434
31,3,27.0,6,0.25,0.5,,0.2608228465091075,0.4203798368482701,0.4537340697993855,0.44875445945483355,0.5388819833259629,0.5306672224914066
31,3,28.0,6,0.25,0.5,,0.2503506721876955,0.40884586084272934,0.4569778590950623,0.4496094102660604,0.49874870962146733,0.5182529752507211
31,3,29.0,6,0.25,0.5,,0.23246634802405236,0.3945892302969357,0.4471152668756916,0.4201260985007577,0.4499903596335315,0.48281401084453446
31,3,30.0,6,0.25,0.5,,0.21977291714379063,0.3667011422843373,0.4432882812868364,0.42028692862965533,0.4384299920397803,0.5118970299468061
31,3,31.0,6,0.25,0.5,,0.21547978202314594,0.3868995640494544,0.4413681787725435,0.44222756503800786,0.4751316067938248,0.4968237546735036
31,3,32.0,6,0.25,0.5,,0.20802920234184258,0.3729313201045046,0.4259920981101007,0.44827467757358636,0.5103619438562624,0.49896777870108566
31,3,33.0,6,0.25,0.5,,0.19727302088061846,0.3792195354072795,0.427883305314232,0.4410602233293832,0.5094196572498898,0.5179698121982339
31,3,34.0,6,0.25,0.5,,0.20139565180049993,0.3806655381412344,0.4162141200740234,0.4486989753124089,0.5108840314282943,0.5013162844324807
31,3,35.0,6,0.25,0.5,,0.20869277891726737,0.370008004394489,0.4314121766300995,0.4450027706427272,0.5029345695185418,0.5221545588911496
31,3,36.0,6,0.25,0.5,,0.22724150002333715,0.3627478715250035,0.43757664592851997,0.47602297939922134,0.48608901370948504,0.518788887756067
31,3,37.0,6,0.25,0.5,,0.25390812302737015,0.3426611973079864,0.4371033727532131,0.5203141229827194,0.4740205653026261,0.4907649563211569
31,3,38.0,6,0.25,0.5,,0.23836518319764996,0.34245640566397767,0.43116723152066755,0.523030984432032,0.46464475422028995,0.5135227657119344
31,3,39.0,6,0.25,0.5,,0.2495960007999864,0.358289349960462,0.44272236168989687,0.5182270312807182,0.47344113852266617,0.4720599929251839
31,3,40.0,6,0.25,0.5,,0.24322579017662987,0.359547812284262,0.47176449655448244,0.48440011086973406,0.48299281553037393,0.4534745238168778
31,3,41.0,6,0.25,0.5,,0.24069508545216017,0.3679530880399891,0.4741559706631085,0.4655015510973642,0.4757358455312907,0.5231012632575173
31,3,42.0,6,0.25,0.5,,0.22666986733991062,0.3584783432539482,0.4548608965993356,0.4744990870335083,0.47301287279528514,0.5012426420209309
31,3,43.0,6,0.25,0.5,,0.23560426258127948,0.3766366281407754,0.44686562877819114,0.5097579916774255,0.5067790104491434,0.4880176414112517
31,3,44.0,6,0.25,0.5,,0.25693906665184496,0.3832289756679482,0.46629768027455915,0.5017027013730633,0.4984510010164696,0.504975036196696
31,3,45.0,6,0.25,0.5,,0.24530994432558403,0.38945942845133985,0.4485209359034908,0.4752336379781326,0.47624159646415587,0.49568409322208196
31,3,46.0,6,0.25,0.5,,0.23426344240672775,0.41433804411900194,0.4486678254533647,0.4801647598092943,0.45978972753261677,0.5211298492032386
31,3,47.0,6,0.25,0.5,,0.2454710369348545,0.4180771170277369,0.44141739192012575,0.47410719567763254,0.4453604423060388,0.5243790968771912
31,3,48.0,6,0.25,0.5,,0.2492358004552234,0.40504676768334236,0.4402958461254348,0.4909197378756434,0.42541459970026585,0.556761748120377
31,3,49.0,6,0.25,0.5,,0.24233578680422893,0.40189024250083244,0.4525116914848355,0.45207845108269007,0.40821559736574164,0.5036247439126443
31,3,50.0,6,0.25,0.5,,0.25789661704926725,0.4275430193410294,0.45128788228652594,0.4420368568901683,0.4373527720164144,0.43184387988961215
31,3,51.0,6,0.25,0.5,,0.26886391144814753,0.4061754783226622,0.43975489690174935,0.43895143390331876,0.4262309252630131,0.3945373816765258
31,3,52.0,6,0.25,0.5,,0.2565735387626132,0.3871956783113485,0.4365243852122143,0.4388714112151221,0.4126611454032319,0.4162762551188637
31,3,53.0,6,0.25,0.5,,0.26891569051210695,0.397914085942374,0.4585621632344859,0.4484532579361614,0.4336120803327666,0.4324634056414525
31,3,54.0,6,0.25,0.5,,0.273653669777266,0.39036720187404866,0.46045581145968234,0.45931393413749566,0.4441156045798028,0.42082507443946493
31,3,55.0,6,0.25,0.5,,0.2655877578166025,0.4206945699594993,0.4243482580606982,0.4295871262265183,0.4257800839816115,0.4629018456589405
31,3,56.0,6,0.25,0.5,,0.26119016915137555,0.4025026342189018,0.438468699134298,0.43247286262961,0.40982444503967413,0.45086962978496564
31,3,57.0,6,0.25,0.5,,0.24760333443722163,0.4084769048742147,0.43587433608979503,0.4534960044064751,0.3914877722129114,0.4566355146446952
31,3,58.0,6,0.25,0.5,,0.26151281761722656,0.4112231495711602,0.43390423997261884,0.43995996415570887,0.43611737828128155,0.4405756795595739
31,3,59.0,6,0.25,0.5,,0.2502584738802877,0.43758674487397037,0.43758285566041943,0.45011501579532887,0.4277980453515779,0.47582101097150054
31,3,60.0,6,0.25,0.5,,0.26691685834869394,0.43995594451891373,0.44875636038334193,0.45861188513862833,0.4783463740191835,0.4611936388234657
31,3,61.0,6,0.25,0.5,,0.2976763290352472,0.4176706004339705,0.44243332839365,0.4604425873733337,0.43325967924941305,0.43627814709050466
31,3,62.0,6,0.25,0.5,,0.2807921533878326,0.41324289342701076,0.4665827534932612,0.4719750805832833,0.4722087186040273,0.48355427078157553
31,3,63.0,6,0.25,0.5,,0.27313553137391705,0.4067618215001637,0.46627477230429354,0.45567969074398107,0.5019723506917131,0.5163155486125605
31,3,64.0,6,0.25,0.5,,0.26565629553817327,0.4011154502706975,0.4662785318992297,0.4457029717472955,0.48369670220686733,0.5410932324322134
31,3,65.0,6,0.25,0.5,,0.28308394653328256,0.39276958037712706,0.4737009430972462,0.454955726821649,0.4728069880089995,0.5088191636050773
31,3,66.0,6,0.25,0.5,,0.2706739994337622,0.37956674776242116,0.455757527705637,0.46354644381578425,0.46354380163134373,0.5003528955910079
31,3,67.0,6,0.25,0.5,,0.24383441606342,0.40664108165167984,0.4780233034405536,0.4803794498912718,0.470591859201465,0.4512780403852819
31,3,68.0,6,0.25,0.5,,0.24274906980473995,0.399489771363743,0.4622460087417927,0.46951014372284205,0.4647146260068637,0.44176717809121585
31,3,69.0,6,0.25,0.5,,0.26574591897735794,0.39652899663604646,0.47845713347244334,0.4623130315770557,0.4653525878685622,0.41372562257398116
31,3,70.0,6,0.25,0.5,,0.26314906883780126,0.403829139028406,0.4836081628632017,0.47979186479113417,0.46463844470962146,0.43701704191667634
31,3,71.0,6,0.25,0.5,,0.28228487268372493,0.39182845988956105,0.4836742926155081,0.46935265228506085,0.4628171729719397,0.4249055414606275
31,3,72.0,6,0.25,0.5,,0.2849950850364111,0.37413388817548043,0.49046173972682594,0.45343061716725286,0.4579116236987981,0.4691908779864417
31,3,73.0,6,0.25,0.5,,0.2811960514561982,0.37371293421821605,0.501961697289015,0.4388647734581693,0.5165243757983722,0.45863539273889486
31,3,74.0,6,0.25,0.5,,0.28308947294147346,0.39746231493690887,0.49397212821902503,0.43912309140247074,0.5519975939990625,0.4305585155467684
31,3,75.0,6,0.25,0.5,,0.2533870216491012,0.3808135647401295,0.4964849467757529,0.42700521141784853,0.5464318735991635,0.479417791497727
31,3,76.0,6,0.25,0.5,,0.2618379842544084,0.3915985566789365,0.4686912578452526,0.4383370336903055,0.5379698183419024,0.4872254185119182
31,3,77.0,6,0.25,0.5,,0.25305983878432736,0.3845522451943408,0.47097110637282125,0.44007833046102995,0.5348673834391459,0.4733823117961326
31,3,78.0,6,0.25,0.5,,0.2530509948556787,0.3897152730607868,0.49100091283413916,0.4691336192188128,0.5144410373511232,0.4548693352120095
31,3,79.0,6,0.25,0.5,,0.2927015912450281,0.3796702108734893,0.49070683740182075,0.430627133674743,0.4800757801287968,0.4733619276113079
31,3,80.0,6,0.25,0.5,,0.27402366391477073,0.3938928732202503,0.502465824402855,0.4218687232372343,0.48836479513161296,0.4708607935889752
31,3,81.0,6,0.25,0.5,,0.3070138687229224,0.3932544538032363,0.47853697368921083,0.4519992356734388,0.47806765703974125,0.4430367921296286
31,3,82.0,6,0.25,0.5,,0.29642722433239654,0.38103818714670656,0.46274608384377497,0.4857284613137883,0.4972653903123896,0.44225556411946343
31,3,83.0,6,0.25,0.5,,0.2777197483051728,0.38539066571609526,0.4739301379242911,0.4766693010298789,0.5250183516814949,0.4623265569278029
31,3,84.0,6,0.25,0.5,,0.2457859559915127,0.3985408901033412,0.4582686112338366,0.48370585962512525,0.4959472310553933,0.4785514844570272
31,3,85.0,6,0.25,0.5,,0.2501165060037928,0.390050170280875,0.43728950047798304,0.5013646210053513,0.5330195171308125,0.5350662462016543
31,3,86.0,6,0.25,0.5,,0.23630307213110466,0.4175416930612064,0.4284700579923362,0.48587167009396126,0.5283357637619073,0.5138969988480355
31,3,87.0,6,0.25,0.5,,0.25738112039294825,0.3989042983344132,0.4293685067349805,0.47572982513020523,0.4900388421976987,0.5240479678255316
31,3,88.0,6,0.25,0.5,,0.24615835028171706,0.40535191352971756,0.4347868470983559,0.49479481468599396,0.47473393993834884,0.5205454569996854
31,3,89.0,6,0.25,0.5,,0.22801834952127184,0.4336489868418957,0.41208446060419296,0.5250985098570604,0.4931054990136524,0.5297668521533162
31,3,90.0,6,0.25,0.5,,0.22598275764262352,0.4007644627922575,0.4275770084110241,0.5123064114819849,0.5001605124957786,0.5368951212181127
31,3,91.0,6,0.25,0.5,,0.22900362016794706,0.39220491225058884,0.4295358880068892,0.492865087750161,0.48787373613715007,0.5125212188361948
31,3,92.0,6,0.25,0.5,,0.26069222056968133,0.38160913971372884,0.41230058975128114,0.5179787771955944,0.4796732684807493,0.5189253026685708
31,3,93.0,6,0.25,0.5,,0.2663840588125625,0.3729173976074192,0.4429663440985502,0.5123493910179949,0.465494389399215,0.5161417852363624
31,3,94.0,6,0.25,0.5,,0.24548122328640792,0.36104210219869043,0.4367472748378024,0.47415692407779647,0.43997251573962337,0.5312212728109157
31,3,95.0,6,0.25,0.5,,0.2259071961960338,0.3809572317960443,0.42714577523656994,0.48737700593578365,0.43799291190178097,0.5154974542318975
31,3,96.0,6,0.25,0.5,,0.23583894970528352,0.3723256817503347,0.44530918914266493,0.5060620445818145,0.4586376024944256,0.5181744183227458
31,3,97.0,6,0.25,0.5,,0.2367177536583855,0.38520611831062,0.45946914273381767,0.48997477968224157,0.4391361774821182,0.5030246279023933
31,3,98.0,6,0.25,0.5,,0.23579947786515,0.38979783286546016,0.4650437410233554,0.47324095187400506,0.4123234098424192,0.4933249327879957
31,3,99.0,6,0.25,0.5,,0.25278940338638173,0.38143885511873415,0.47667320090616283,0.4897522253012693,0.43982989662656174,0.5031975596812195
31,3,100.0,6,0.25,0.5,,0.26540521985146903,0.3671911701527623,0.4642849907776216,0.4620531860621459,0.4369385410432535,0.4660410370254727
32,3,21.0,6,0.25,0.9,,0.22445131030064944,0.3027339693763472,0.4211806815713978,0.35927408223607193,0.4301397918367192,0.4338884993886965
32,3,22.0,6,0.25,0.9,,0.23695719689823766,0.3164779810735377,0.40171978786458185,0.3887874725645329,0.4288639701955021,0.46760375162453993
32,3,23.0,6,0.25,0.9,,0.23654188173045015,0.3189559735266884,0.3951909831662168,0.4037445785451519,0.4298818147869423,0.46720379049605043
32,3,24.0,6,0.25,0.9,,0.22003968072724484,0.3163271698867659,0.41161633029832434,0.41428503694466856,0.43253589881171645,0.45047869566268106
32,3,25.0,6,0.25,0.9,,0.23166079234327402,0.31227889842482714,0.40211740267065926,0.37955450950891684,0.4407826520784292,0.46843444143704527
32,3,26.0,6,0.25,0.9,,0.22504361731289615,0.29987993269296587,0.4025477664519411,0.3858874434459212,0.4154287185380934,0.48923130142364285
32,3,27.0,6,0.25,0.9,,0.25229509024039765,0.2989778135490113,0.41349181748543107,0.3784726907413715,0.38702181887038145,0.4965627682990056
32,3,28.0,6,0.25,0.9,,0.2340392450013021,0.2995231604081395,0.41486499898059676,0.3488541865218977,0.402325233137521,0.4572502146392045
32,3,29.0,6,0.25,0.9,,0.2376421299357842,0.2915567345456165,0.40672218095956414,0.3304325469480524,0.40912399742297734,0.4416753006385181
32,3,30.0,6,0.25,0.9,,0.21239748994842547,0.29987680472029477,0.37616990891806973,0.32216311304095746,0.38598155772517684,0.437757100289077
32,3,31.0,6,0.25,0.9,,0.2039798837687136,0.3076871524334165,0.39311871788273606,0.34344514181041347,0.3800939395351447,0.4560607449960726
32,3,32.0,6,0.25,0.9,,0.21987737322551215,0.30276035614612196,0.40862587009822293,0.33570179145346046,0.3714006446210301,0.44110391134160487
32,3,33.0,6,0.25,0.9,,0.24312691538861939,0.29802905317868567,0.41652153541678905,0.37429291053492086,0.4025162202748464,0.4465153855396169
32,3,34.0,6,0.25,0.9,,0.23770245747171231,0.32085083599668407,0.3863295569768437,0.3996087032190131,0.40157186251219673,0.44419265670896113
32,3,35.0,6,0.25,0.9,,0.2296809449915259,0.32864921249572143,0.3697715704967264,0.41536380171896026,0.3969084035039811,0.43042108730237116
32,3,36.0,6,0.25,0.9,,0.21100559770539826,0.3175155835170876,0.40299306594375206,0.4331678097324717,0.39922538522986656,0.46362976229489894
32,3,37.0,6,0.25,0.9,,0.25117037168364037,0.319557051036847,0.39683550224700725,0.43975015270040635,0.426283139647201,0.48726402525500906
32,3,38.0,6,0.25,0.9,,0.26867599785802515,0.30721718480504917,0.3954420589237412,0.4326720654329101,0.435100836992123,0.47782153605102273
32,3,39.0,6,0.25,0.9,,0.25530533602753597,0.3130545193108126,0.3907958740858554,0.4140336762324267,0.44610615905541123,0.46927551490921227
32,3,40.0,6,0.25,0.9,,0.25687119080345366,0.29701417693601817,0.3991847428043088,0.4080946654091063,0.44587539879019317,0.514567296065263
32,3,41.0,6,0.25,0.9,,0.27027833830139564,0.30796405824808054,0.3832915905587627,0.40683467798682554,0.4501900265101991,0.5086412232489389
32,3,42.0,6,0.25,0.9,,0.25876906307490544,0.3179312855821199,0.3864285080098405,0.41023823126563996,0.4307921898437165,0.5295646680518706
32,3,43.0,6,0.25,0.9,,0.2564506566801824,0.3191421648155285,0.3949399737949425,0.409540466754495,0.45500656775235554,0.5118639400470262
32,3,44.0,6,0.25,0.9,,0.23242185565141465,0.32401528174150557,0.38803235769046884,0.38798325097148817,0.4655316265039483,0.5403807295139373
32,3,45.0,6,0.25,0.9,,0.22712996443279393,0.3016655105967923,0.37818668947831424,0.38766271444098344,0.5009595149502832,0.5586717484211664
32,3,46.0,6,0.25,0.9,,0.20875509571987277,0.3138449496287467,0.3862020115535084,0.4111498564066956,0.48351996333488395,0.5584446651303995
32,3,47.0,6,0.25,0.9,,0.19703259106117615,0.2806368615820549,0.3696930992611867,0.3968327034834651,0.4912222084571457,0.516839649206245
32,3,48.0,6,0.25,0.9,,0.2057482822711758,0.2910421320834685,0.3963366830376228,0.41248039089996763,0.5131403345207296,0.4668382376453929
32,3,49.0,6,0.25,0.9,,0.18863538900213844,0.2900098033775722,0.4176101492537878,0.4078656814970456,0.5086471597953184,0.49587276935068453
32,3,50.0,6,0.25,0.9,,0.19945872903452208,0.30833247128545677,0.4209010026510763,0.4088441711397802,0.46609739272212164,0.4645863418588122
32,3,51.0,6,0.25,0.9,,0.19484445824733249,0.2840995408311793,0.40801381462750086,0.41618076180329294,0.46763297486084826,0.43334103710708893
32,3,52.0,6,0.25,0.9,,0.17531524561370168,0.2817296606218962,0.4152808322682814,0.40900423312677014,0.48414631946063585,0.43871250024187525
32,3,53.0,6,0.25,0.9,,0.16703273043801786,0.2830223762460819,0.4209842997607291,0.43374200072140373,0.45740872404117194,0.4383786215586283
32,3,54.0,6,0.25,0.9,,0.18234502373654443,0.3037910635868586,0.41696400737404915,0.45079096518006284,0.47091512215478304,0.43999733515516964
32,3,55.0,6,0.25,0.9,,0.21523256583693784,0.29846836473128063,0.40807951659018427,0.44286973133064034,0.4611955168969888,0.4252664848599711
32,3,56.0,6,0.25,0.9,,0.21096764492003928,0.33184595655031257,0.37836937179006397,0.422442615030992,0.46683597627104645,0.45848579946468304
32,3,57.0,6,0.25,0.9,,0.21938458335537975,0.3093922353315028,0.3872339572930038,0.4276422802886043,0.4431669271909887,0.5033984874767372
32,3,58.0,6,0.25,0.9,,0.2140633559176916,0.31955469194918057,0.39948947058519846,0.405089655001972,0.47689503237545344,0.49133058104705124
32,3,59.0,6,0.25,0.9,,0.2208906853596221,0.32009536408201933,0.3795135482402616,0.4313022567155003,0.44157065212861923,0.4820921746470942
32,3,60.0,6,0.25,0.9,,0.22159648988421235,0.32730061418886625,0.3561095836270154,0.4159889871670136,0.48993987028962344,0.5036445341193327
32,3,61.0,6,0.25,0.9,,0.22362169784777483,0.3178292679736323,0.3852362477503175,0.41135485937612754,0.4629965306349485,0.48192446852116017
32,3,62.0,6,0.25,0.9,,0.21586622666307567,0.31279340350430174,0.3800079982812622,0.4139380252024826,0.4600635220522887,0.5268748774852179
32,3,63.0,6,0.25,0.9,,0.24826471587078344,0.30220071202464716,0.37588479376018386,0.42703678414533985,0.4462394015408545,0.5027792166130493
32,3,64.0,6,0.25,0.9,,0.2252996453752239,0.291199454727518,0.36951003423856416,0.4299575705545339,0.44201549288919945,0.5138722453926279
32,3,65.0,6,0.25,0.9,,0.2237517293385507,0.30445099976841994,0.37923825182765347,0.4378664014248659,0.4591127230555226,0.49609378512419405
32,3,66.0,6,0.25,0.9,,0.2124666843569681,0.3004606832282013,0.3931405480183957,0.43824553544593015,0.4358765024834619,0.5017621989683546
32,3,67.0,6,0.25,0.9,,0.20382158461909494,0.2847038698636743,0.4002712763499677,0.4100854938460904,0.4244989606220237,0.48921514872005967
32,3,68.0,6,0.25,0.9,,0.21073354964728952,0.28413943248856627,0.3975592031064292,0.4253691347578292,0.44409963334962355,0.4755098632295943
32,3,69.0,6,0.25,0.9,,0.2008152617378846,0.29714333066006393,0.4285956319588853,0.4115207434558408,0.44398627545356656,0.4567230392050158
32,3,70.0,6,0.25,0.9,,0.19447713421498627,0.31233484478001383,0.39818753082997427,0.424842708777168,0.48821974345474306,0.4828936177602971
32,3,71.0,6,0.25,0.9,,0.1957230374430352,0.34034132865057376,0.3897580928638934,0.4501387962147331,0.5258887556301571,0.527559802592023
32,3,72.0,6,0.25,0.9,,0.17569985552235828,0.33424487438970696,0.4073698588939857,0.45322725994911195,0.5394501882743575,0.5300018830564351
32,3,73.0,6,0.25,0.9,,0.1689417293237924,0.3164449541251495,0.3822674185148373,0.43134465722463056,0.5093049648848035,0.5404517160631952
32,3,74.0,6,0.25,0.9,,0.172967693439499,0.31298738068857695,0.3937678138065198,0.42497822124704954,0.5114641621642304,0.5489237009881827
32,3,75.0,6,0.25,0.9,,0.1904378899703332,0.32365640276433527,0.3753879898069221,0.41120483780033296,0.5145486452569642,0.49596980671193436
32,3,76.0,6,0.25,0.9,,0.1854872981192032,0.3282713450279776,0.3856069728722234,0.3893795146176621,0.47435923431980564,0.4798476673036808
32,3,77.0,6,0.25,0.9,,0.1988093045704706,0.32644907978485777,0.3811942981402908,0.42086876790292926,0.5046475641849564,0.4629712095557741
32,3,78.0,6,0.25,0.9,,0.1986353805529031,0.3216201518000637,0.4050745705406384,0.43145873572287374,0.511277583718105,0.4578403508256783
32,3,79.0,6,0.25,0.9,,0.20760511692354058,0.3122865142542134,0.4090987747711651,0.4191643434313108,0.5045196248376037,0.4601312893634564
32,3,80.0,6,0.25,0.9,,0.22013668307460335,0.3197926343243901,0.42868634367866665,0.39142379738972605,0.4587143138041892,0.4471200005262097
32,3,81.0,6,0.25,0.9,,0.22329095198672905,0.32444676678838086,0.4497584706998271,0.4047184433003429,0.45889376577226193,0.40497901096491307
32,3,82.0,6,0.25,0.9,,0.2278666423276777,0.33012974987679566,0.43216697296635376,0.3767284664480715,0.47161053144173976,0.3868175767327263
32,3,83.0,6,0.25,0.9,,0.24417022192980958,0.34903111825789274,0.4054595947522114,0.3754193201596265,0.4288684001721922,0.36340951217460915
32,3,84.0,6,0.25,0.9,,0.24322669741784977,0.3304008841345744,0.3917185463069721,0.39051527563684935,0.45336685118885933,0.3900575180153975
32,3,85.0,6,0.25,0.9,,0.23067041714356235,0.3177823100174853,0.3799069668926556,0.3811512182121882,0.4390959996164101,0.4401042754222469
32,3,86.0,6,0.25,0.9,,0.22073221919445954,0.31075571448809985,0.3852605374784229,0.34395025574860943,0.4363109209443207,0.41651614678767535
32,3,87.0,6,0.25,0.9,,0.2258446322797484,0.31092767477727534,0.392142714831075,0.35594002391579777,0.44911245155554874,0.4183288334379934
32,3,88.0,6,0.25,0.9,,0.23320480280023653,0.3344700312960528,0.39429178113911656,0.3501898858936949,0.3919981053216067,0.42329388078980534
32,3,89.0,6,0.25,0.9,,0.2628772920438288,0.32570041240036296,0.3789584355215963,0.3882727601951564,0.43530464029446464,0.44894440548879294
32,3,90.0,6,0.25,0.9,,0.2497840642868825,0.3063865931213311,0.3786751029882468,0.3730541857125552,0.4240880596533958,0.46464686060660776
32,3,91.0,6,0.25,0.9,,0.2573020968024916,0.3159837728979868,0.34735181491668693,0.4018669228693196,0.45322430796738616,0.5020872780635213
32,3,92.0,6,0.25,0.9,,0.25497235939530516,0.31804407598995743,0.35567504096174535,0.40430334696875636,0.45439188454145396,0.5391899755662696
32,3,93.0,6,0.25,0.9,,0.2239317794787484,0.3315359502071068,0.3698213404048647,0.41786663563575893,0.45410460989571516,0.4740693680649806
32,3,94.0,6,0.25,0.9,,0.23662714758358455,0.33699399061399105,0.3799261896136027,0.3991084475215005,0.4664864432777014,0.45196874569293766
32,3,95.0,6,0.25,0.9,,0.22212256990405183,0.31928847831033336,0.366857993881727,0.3947963367208781,0.4690937020268204,0.45932981456659033
32,3,96.0,6,0.25,0.9,,0.22743789666575104,0.3046402351424099,0.3781410804143789,0.38989823700411874,0.4254008426271138,0.4454459872269959
32,3,97.0,6,0.25,0.9,,0.215720737521978,0.3107437057778006,0.4049259857819337,0.40164901768628897,0.41191520905711354,0.39650962862721606
32,3,98.0,6,0.25,0.9,,0.2133273939043952,0.30502526870383717,0.39178365626024103,0.42027929457138946,0.4280425339457602,0.4132723443518909
32,3,99.0,6,0.25,0.9,,0.2205525535204306,0.3185528803982775,0.38550985982058467,0.41510580801629793,0.4472359738389609,0.3963898384965632
32,3,100.0,6,0.25,0.9,,0.21331349420829251,0.3134191954698418,0.39695631161295564,0.40880526939229933,0.43849108484886967,0.4477538500550403
33,3,21.0,6,0.5,0.0,,0.2924810320208123,0.5045914800459619,0.5788103611654943,0.5315045070473688,0.514259380207218,0.6187785739545103
33,3,22.0,6,0.5,0.0,,0.3167460633879784,0.5128944059649857,0.5568733693596826,0.5199970643132171,0.5347551823664487,0.57494986123762
33,3,23.0,6,0.5,0.0,,0.3111567866502746,0.5180739954994074,0.5598185501097015,0.5028177533423207,0.47426707876441154,0.590991343216173
33,3,24.0,6,0.5,0.0,,0.3062624358017211,0.5097678954888083,0.6251489364932975,0.4852098249023002,0.45777935702251354,0.5496801163164127
33,3,25.0,6,0.5,0.0,,0.3279553393371696,0.49731789034769386,0.5610089917009243,0.5071118813172402,0.4698161452473678,0.5433164777882499
33,3,26.0,6,0.5,0.0,,0.33104361725330317,0.48586659259959364,0.5520101008356575,0.5569134507153422,0.5026594628624022,0.5337189590011159
33,3,27.0,6,0.5,0.0,,0.32454540501707907,0.4542066238914364,0.5316655514060771,0.5579794257764703,0.5066141385267159,0.5470579175606423
33,3,28.0,6,0.5,0.0,,0.32091400015115473,0.46143739925575733,0.5413277941313888,0.5929543680631643,0.5157434822008257,0.5490193403829453
33,3,29.0,6,0.5,0.0,,0.2901612989075616,0.4797558500079246,0.5686835039522011,0.6032582181327039,0.5459636797382946,0.5011712909482698
33,3,30.0,6,0.5,0.0,,0.2774557225855931,0.4878711226340262,0.5466082854558703,0.5984853185986443,0.5933475347930386,0.4971399131240243
33,3,31.0,6,0.5,0.0,,0.26104547577036963,0.4984700248779873,0.5529103935926167,0.6084124951744274,0.570699976063111,0.46253014968372375
33,3,32.0,6,0.5,0.0,,0.2716067972053401,0.5139566654436578,0.5134966277249025,0.6037620010300986,0.5629995256697733,0.5090996781139714
33,3,33.0,6,0.5,0.0,,0.30999314694452706,0.5490231417060151,0.5196926201143734,0.6098072342835666,0.5654135675892576,0.5472797424911773
33,3,34.0,6,0.5,0.0,,0.29605298688867726,0.5532459823492164,0.524307883105366,0.5947923287161534,0.5823277267995088,0.5273309551306571
33,3,35.0,6,0.5,0.0,,0.30601285937352085,0.557834550158651,0.5264082847377002,0.6079215487025956,0.5587132659469292,0.5166222266558774
33,3,36.0,6,0.5,0.0,,0.31983696346266677,0.5810190712730547,0.5359626263380319,0.5934180032223422,0.5373829136208217,0.5356994968779365
33,3,37.0,6,0.5,0.0,,0.3479631521448873,0.5692310215119483,0.5357689790162625,0.5791467985665081,0.5430699377525754,0.5748874492845545
33,3,38.0,6,0.5,0.0,,0.35918311529773617,0.5984135755354754,0.5756951639705583,0.5941444082111994,0.5109448824512881,0.5388672271793145
33,3,39.0,6,0.5,0.0,,0.3569390635334771,0.5593072388223439,0.5932782112931656,0.5915077171614629,0.5076144350883331,0.5261826347540157
33,3,40.0,6,0.5,0.0,,0.33088571045332116,0.5374808439313574,0.5861817690918825,0.6046151248808712,0.5568221758907848,0.5257065699718997
33,3,41.0,6,0.5,0.0,,0.3556332986938933,0.49545975075397175,0.5935796202315764,0.6220187157757572,0.5711260384139193,0.5273302152147836
33,3,42.0,6,0.5,0.0,,0.35385029685950553,0.5227595072421125,0.5989597144940193,0.6684636254248202,0.5286173596953931,0.5221843729878108
33,3,43.0,6,0.5,0.0,,0.3476876070003845,0.5380435171199541,0.5612242310375961,0.6185792764392893,0.5384661392455224,0.5273404883802518
33,3,44.0,6,0.5,0.0,,0.33948388665849694,0.5704269056099485,0.5376834454053674,0.6300347226453035,0.5450647882220248,0.5470108053006317
33,3,45.0,6,0.5,0.0,,0.37074195863210424,0.5902683892582721,0.5424616461588055,0.6530010775299382,0.5191387159069462,0.5451192787657383
33,3,46.0,6,0.5,0.0,,0.3629869607347269,0.5578814850760638,0.554797611345782,0.6686675245785607,0.5369672270615782,0.5363465140936705
33,3,47.0,6,0.5,0.0,,0.3571156203158462,0.5435693661273221,0.5603603045391354,0.6523968164328593,0.5525334552693605,0.5221165893539699
33,3,48.0,6,0.5,0.0,,0.3545142453754334,0.5398497760242711,0.529052163338883,0.6928963367365277,0.5522086824941115,0.5331312579687297
33,3,49.0,6,0.5,0.0,,0.3366911656105998,0.5462963413276328,0.4939280076038742,0.6615575861338213,0.5611104902483668,0.5865050063749838
33,3,50.0,6,0.5,0.0,,0.3406295204662536,0.5062950258427297,0.5278373418107849,0.6383735087902065,0.5435519037093697,0.5638773561109539
33,3,51.0,6,0.5,0.0,,0.3128576396897508,0.49853904071443544,0.5301747721468608,0.636700384206104,0.5348345065130549,0.5634511746758257
33,3,52.0,6,0.5,0.0,,0.32566039347319403,0.49539665928264476,0.5456798320591186,0.6245765970867638,0.5622510775965137,0.5887448078973063
33,3,53.0,6,0.5,0.0,,0.3397515976643175,0.49159201270031333,0.5600211985722856,0.6276284553170349,0.5633241535185123,0.5877453547541317
33,3,54.0,6,0.5,0.0,,0.33075818243432964,0.4817608338199289,0.542774081174127,0.6503091709862907,0.5311128302014592,0.5721759236857538
33,3,55.0,6,0.5,0.0,,0.35732281229274265,0.5174842336472716,0.5600488948665572,0.6585903108048948,0.5211334490321102,0.5306419277704596
33,3,56.0,6,0.5,0.0,,0.34114069533270885,0.49741398541509857,0.5721463165978442,0.6296280332847795,0.5587162182781564,0.5108856500939688
33,3,57.0,6,0.5,0.0,,0.3412550890586504,0.5072414275890248,0.5543337494272118,0.6246715252321393,0.5679747380986653,0.5364119694632563
33,3,58.0,6,0.5,0.0,,0.3181220427589449,0.5095201839366474,0.5765141027160886,0.6317724675824852,0.5558865590443419,0.5091295755706049
33,3,59.0,6,0.5,0.0,,0.29113706972503095,0.5034791772513196,0.5899573510913226,0.6189327959746862,0.5303345340020358,0.4907711878941695
33,3,60.0,6,0.5,0.0,,0.28629578749245155,0.49786846661735007,0.5706241785095318,0.6119996556789464,0.5553104524841068,0.49935782935410733
33,3,61.0,6,0.5,0.0,,0.2902971503748037,0.4923577259093526,0.5682289967624036,0.5714663146166642,0.5151281190467757,0.5179956768982568
33,3,62.0,6,0.5,0.0,,0.2961962029663948,0.4650473972199241,0.5756207453803688,0.5086815081239571,0.534600234107393,0.4878343915608053
33,3,63.0,6,0.5,0.0,,0.29297598252201695,0.4739980914360446,0.5450700520849802,0.5237892728469352,0.5666281576456195,0.5234833546632565
33,3,64.0,6,0.5,0.0,,0.2942753238936127,0.49232420757634143,0.5494871228192117,0.5813860621243587,0.6096671378599069,0.5299843196887802
33,3,65.0,6,0.5,0.0,,0.2613997268324243,0.4916004942076917,0.5523052421222425,0.5353203772524104,0.5938755029266046,0.5000407701699826
33,3,66.0,6,0.5,0.0,,0.2850504461642628,0.4768021035587765,0.5245628336092014,0.5370241078570915,0.5445640916093225,0.5095553873781908
33,3,67.0,6,0.5,0.0,,0.3430874147972779,0.49480409644617646,0.5384891192177659,0.5249467327184504,0.5497521593819603,0.4787321207155455
33,3,68.0,6,0.5,0.0,,0.32999018351904785,0.501297045278281,0.5408303478615224,0.5550818886268745,0.6193768217161582,0.4584453098253255
33,3,69.0,6,0.5,0.0,,0.32587577814314556,0.47999912641433795,0.5459603026270381,0.5407121904020944,0.6425564203793674,0.47757960294320834
33,3,70.0,6,0.5,0.0,,0.3069056582290365,0.5114163442336743,0.5366061262564541,0.5730199613776394,0.5970987599571932,0.45690558685515237
33,3,71.0,6,0.5,0.0,,0.3266281048618645,0.5446941686490239,0.563206858151006,0.54372872857979,0.5831561508659067,0.5041485804618759
33,3,72.0,6,0.5,0.0,,0.3328897915486359,0.5524957673368145,0.5805156112809305,0.5252898755047333,0.5526588872187446,0.4947338494727241
33,3,73.0,6,0.5,0.0,,0.3190551712235163,0.5271102054932227,0.6063894051327474,0.5563197572939409,0.5609681139862632,0.5197341292540408
33,3,74.0,6,0.5,0.0,,0.3095025490063378,0.5103004602102494,0.5654798958028973,0.5866665840563171,0.5426213258326082,0.49876641141376876
33,3,75.0,6,0.5,0.0,,0.3315115445782583,0.5249174731613285,0.537083884448076,0.5565766938095813,0.5496302194633933,0.4834391437708264
33,3,76.0,6,0.5,0.0,,0.30533931865326314,0.5028234731805064,0.5371892702532247,0.5579809907541472,0.574256105071676,0.48532819193005283
33,3,77.0,6,0.5,0.0,,0.3629233870793412,0.48166798421963775,0.536925167761837,0.5426137618499399,0.5523624474109667,0.5282625535440422
33,3,78.0,6,0.5,0.0,,0.35590401045487374,0.4490395671822216,0.5471649910739113,0.5849231064887501,0.5733885741515068,0.5078929721607051
33,3,79.0,6,0.5,0.0,,0.3688272656443349,0.4926954699800558,0.5799105188494288,0.6160749829294809,0.5601047342097977,0.5168087293913318
33,3,80.0,6,0.5,0.0,,0.33943518207355244,0.5579427021093627,0.6055663684401136,0.6251804571211104,0.553980485593853,0.5365804555192557
33,3,81.0,6,0.5,0.0,,0.3454334491070842,0.5451994738056235,0.570219724743841,0.6408220015208552,0.5556158008289112,0.5199621543297683
33,3,82.0,6,0.5,0.0,,0.32981568393984134,0.5229974980839451,0.546210591675179,0.6610172471312689,0.5239767068092352,0.5499588642540627
33,3,83.0,6,0.5,0.0,,0.3315824332296892,0.5091909271005197,0.5636081596100816,0.6513482815762547,0.5190430596702337,0.5670455698932971
33,3,84.0,6,0.5,0.0,,0.3250886628626922,0.4808791630418193,0.5547284448669447,0.6511574248310991,0.5147952245411782,0.5143267593459429
33,3,85.0,6,0.5,0.0,,0.32304079990927537,0.49858562583355737,0.5429711381435752,0.6222798054934453,0.5657352912534962,0.5714614074767543
33,3,86.0,6,0.5,0.0,,0.34100468584298194,0.5089386029167805,0.5542205565649383,0.6225928415093198,0.546050531575349,0.543663891104309
33,3,87.0,6,0.5,0.0,,0.34008111233688715,0.5167294723410374,0.5690184613667459,0.6177154820986797,0.5478544548202129,0.5588574004795477
33,3,88.0,6,0.5,0.0,,0.3435095561242079,0.47615520035512926,0.5382300270025935,0.5905720882454544,0.5404232497601156,0.5464463080926543
33,3,89.0,6,0.5,0.0,,0.3622948786069821,0.5162271230340029,0.5343489630591498,0.5690720654483944,0.5236051646326068,0.5545591684683675
33,3,90.0,6,0.5,0.0,,0.33264938277814965,0.5261200888482003,0.5688896610829355,0.5850851875176178,0.5673543496765926,0.5834638637051821
33,3,91.0,6,0.5,0.0,,0.34631082349970393,0.5281970045448918,0.5773897691556689,0.60344383376627,0.5929909188990038,0.5579950709365316
33,3,92.0,6,0.5,0.0,,0.35913359508049764,0.5075937908972297,0.5565411506079638,0.6172087393517913,0.5690541823114214,0.5552549117824687
33,3,93.0,6,0.5,0.0,,0.3247559827477443,0.5205768616251263,0.5691238245734733,0.6550387600807868,0.5790007708019604,0.533562739785689
33,3,94.0,6,0.5,0.0,,0.3334047845907347,0.5321047299655627,0.5920559527842184,0.6045098750570157,0.5324730908886535,0.5149763603959568
33,3,95.0,6,0.5,0.0,,0.34874896902979724,0.5365218575061345,0.6177386103252441,0.5752057456654451,0.5207217645797593,0.5111238549691278
33,3,96.0,6,0.5,0.0,,0.3523627919686624,0.538843833102123,0.6017357419311326,0.5525515608435445,0.5377852270822732,0.4877932351629607
33,3,97.0,6,0.5,0.0,,0.3261858776442693,0.5321933371268048,0.5792964028141026,0.5517643400104891,0.5668634814678983,0.525104802993592
33,3,98.0,6,0.5,0.0,,0.31550499610923727,0.5457453282334903,0.5504199246810287,0.5789112669292755,0.5901178598767409,0.5463844503222025
33,3,99.0,6,0.5,0.0,,0.2865110085013007,0.558227501993571,0.5570163133754252,0.559777267459396,0.5639371747121407,0.5721705992376502
33,3,100.0,6,0.5,0.0,,0.3256282715198555,0.560395350232403,0.5712827801218916,0.5455539958384038,0.5985522959007333,0.5314864144338787
34,3,21.0,6,0.5,0.5,,0.27348176766152765,0.37577024419191846,0.45941572485519516,0.5057219194056682,0.48348959707318767,0.5401734309134832
34,3,22.0,6,0.5,0.5,,0.2723227564740728,0.3534659650301569,0.41945491725446066,0.48384049326270945,0.4956113150743402,0.5101819498954232
34,3,23.0,6,0.5,0.5,,0.25378194790739866,0.3545665125308458,0.4112652593686953,0.412374739082649,0.5030617879913105,0.5292563828107282
34,3,24.0,6,0.5,0.5,,0.260378896859379,0.33953521078329196,0.39122662557237053,0.45311423008609697,0.46577965836151447,0.47802174181605855
34,3,25.0,6,0.5,0.5,,0.25533296276820494,0.35110269056054466,0.43277321598117846,0.4720654601984511,0.49636596077909295,0.4953272072062072
34,3,26.0,6,0.5,0.5,,0.26719186598508277,0.3497445439177056,0.4600203637167882,0.48401163821590754,0.5517520538286451,0.5056282464141141
34,3,27.0,6,0.5,0.5,,0.2670240484281213,0.3585814008527521,0.4729934889278738,0.5004329449001841,0.5379416993510674,0.494049335809384
34,3,28.0,6,0.5,0.5,,0.2444710127035356,0.37443538727977893,0.4804272044574545,0.47197253593209093,0.5320544822550828,0.524452817254837
34,3,29.0,6,0.5,0.5,,0.2289025133008508,0.35005333794492527,0.49109068756144847,0.481108268400712,0.5280465467358536,0.5004271297551341
34,3,30.0,6,0.5,0.5,,0.21737898848409362,0.35469850986097934,0.4632110746044803,0.4914981159863651,0.5348986899755424,0.4716171524940516
34,3,31.0,6,0.5,0.5,,0.237740856120569,0.32468443328838775,0.4613456778466478,0.4826932487387208,0.5266957762333305,0.4984471924907979
34,3,32.0,6,0.5,0.5,,0.2483426151583603,0.317586451753337,0.45491258892719283,0.5251077350738841,0.5279725475562518,0.4911284218501798
34,3,33.0,6,0.5,0.5,,0.22959084082492792,0.36998833052650804,0.4249330574580541,0.5246650781826314,0.4858357547872144,0.4810823062745291
34,3,34.0,6,0.5,0.5,,0.20990022588757667,0.37722262161905185,0.402880394070836,0.535362259188962,0.5600359322359696,0.5088862044124866
34,3,35.0,6,0.5,0.5,,0.2020949125015267,0.37228982204348665,0.4834992129749467,0.5210807154903351,0.5267264542815251,0.4750749774921633
34,3,36.0,6,0.5,0.5,,0.21551856818692466,0.3456497955260995,0.47611088458233625,0.5310088144119656,0.4984511229764402,0.4580589219120901
34,3,37.0,6,0.5,0.5,,0.21840834014751148,0.37771893646853927,0.4625446080177973,0.5463629315858631,0.5242345588219852,0.4587637459963413
34,3,38.0,6,0.5,0.5,,0.2054474756581845,0.3516748796616086,0.45687183689263816,0.5295027932428602,0.5280461362032185,0.4382743400939547
34,3,39.0,6,0.5,0.5,,0.20089276133722472,0.3434497738587329,0.4645577751109469,0.5209753757757842,0.5484922535408823,0.43220145140516675
34,3,40.0,6,0.5,0.5,,0.2186194194168991,0.36252977577039464,0.49659605018283487,0.5155728331630327,0.5201913429672632,0.445007480359349
34,3,41.0,6,0.5,0.5,,0.2017665327429235,0.35075950096302977,0.46731085215185786,0.5223498860920592,0.5476133084037432,0.4401307418295802
34,3,42.0,6,0.5,0.5,,0.21806361997024154,0.34895409740333366,0.48940568545688173,0.5524393746883529,0.5452771652811654,0.45426699090771017
34,3,43.0,6,0.5,0.5,,0.2358263813705639,0.35194267470187873,0.4455604281669482,0.5138628157961166,0.5140815114007127,0.48427939825879635
34,3,44.0,6,0.5,0.5,,0.2532235503302125,0.36301434702867674,0.4815747746142923,0.5029988925241189,0.5060138171112818,0.44485460905666363
34,3,45.0,6,0.5,0.5,,0.23680598986892445,0.3434615704151735,0.4712815968933818,0.4775226577566918,0.45878978936698467,0.4888447244181148
34,3,46.0,6,0.5,0.5,,0.24682199066905416,0.35304174700019425,0.43017757571102966,0.5207974881402341,0.43743242499892904,0.4522525740016025
34,3,47.0,6,0.5,0.5,,0.24065671631405922,0.3643141400091185,0.4312742728922833,0.5069688312036424,0.4694562733341199,0.46761279518739246
34,3,48.0,6,0.5,0.5,,0.22674432379243253,0.35927190602741277,0.476196649678275,0.5281053918340767,0.45185661518633446,0.5015419693442997
34,3,49.0,6,0.5,0.5,,0.24720936049244932,0.32975593715964335,0.4532569305999633,0.5624048742002247,0.47012813724728525,0.4770760781931812
34,3,50.0,6,0.5,0.5,,0.257158587459556,0.36030977024879574,0.4424866220506923,0.5337684362572466,0.4494591332671167,0.4936906019605246
34,3,51.0,6,0.5,0.5,,0.25726743513292927,0.3600636168512778,0.46666650304080604,0.5250402262270975,0.48907368364223647,0.5319482119349775
34,3,52.0,6,0.5,0.5,,0.34251356772911656,0.3493410455452433,0.43283775294124205,0.5106965760496079,0.508430888707447,0.5267646389755429
34,3,53.0,6,0.5,0.5,,0.3713173575367413,0.35621251177111934,0.44823898384313815,0.5159844830244764,0.5064072487085183,0.5173564453727125
34,3,54.0,6,0.5,0.5,,0.3400688904870482,0.33873832981534185,0.49896111033122975,0.5295163818354418,0.5256278715827849,0.4811354072049233
34,3,55.0,6,0.5,0.5,,0.3493360970513625,0.3353289802019922,0.5122928905091657,0.5202455301834219,0.5281093593946825,0.4686469132968808
34,3,56.0,6,0.5,0.5,,0.32744804314825404,0.32934723088973195,0.5130166199869884,0.5074958246589105,0.5145719393629112,0.4759038005969015
34,3,57.0,6,0.5,0.5,,0.2798807641664087,0.3299381046995809,0.5338349922582731,0.539488935838489,0.523834044230681,0.47508472081516057
34,3,58.0,6,0.5,0.5,,0.2584561812368378,0.3164712955625729,0.5323996919272382,0.5533230135670855,0.5723211283792345,0.4600677766521285
34,3,59.0,6,0.5,0.5,,0.296353412864317,0.31540565525968123,0.5262278739441618,0.5601217413370863,0.5939869271533985,0.45676010472118656
34,3,60.0,6,0.5,0.5,,0.2836772837706523,0.28931270901008554,0.5307418865969312,0.5696284802633504,0.5458669275721189,0.4628482909062484
34,3,61.0,6,0.5,0.5,,0.24310980421991535,0.29464450868919073,0.5266977765108318,0.542886464947893,0.5201651147436931,0.5097461171351003
34,3,62.0,6,0.5,0.5,,0.24391713846324375,0.32102506946660253,0.5217175797247994,0.5400532612379703,0.5523815931210156,0.5276815870446597
34,3,63.0,6,0.5,0.5,,0.23375772463739905,0.30339386642958366,0.5236136396747788,0.5430581760080282,0.5340615776348084,0.5044311003201696
34,3,64.0,6,0.5,0.5,,0.23697959215650366,0.32747862814210627,0.4982662611768166,0.5149761138457294,0.5177268223161395,0.5329297932565477
34,3,65.0,6,0.5,0.5,,0.21853290695511235,0.3518999137092477,0.4950665278326509,0.5387746716404392,0.4915563503288024,0.5069176063627898
34,3,66.0,6,0.5,0.5,,0.2221727166649085,0.3671806504440894,0.4742785990255263,0.5179639853161123,0.47869423695067,0.4947569584135659
34,3,67.0,6,0.5,0.5,,0.24089950014219347,0.34974884194060574,0.46610794551133194,0.4990985922886222,0.49366489755654774,0.4778213047279783
34,3,68.0,6,0.5,0.5,,0.27133673465408353,0.3510286747119551,0.44431653821447686,0.45839602627597237,0.5395485773735653,0.4847396998647375
34,3,69.0,6,0.5,0.5,,0.24265337819973687,0.32977125602300555,0.4524074177843536,0.44227605949680954,0.5425991571960593,0.49788520008798054
34,3,70.0,6,0.5,0.5,,0.27925568342003604,0.36146028544445696,0.4231826444019749,0.463276186067971,0.5117219333826892,0.5653657114337279
34,3,71.0,6,0.5,0.5,,0.2851258892220483,0.3571482804209983,0.42724554141761634,0.4991091268121835,0.5335590747866779,0.5851315546754405
34,3,72.0,6,0.5,0.5,,0.285069344931018,0.35424041597385597,0.4473954613335368,0.4611108356884854,0.5381211369699938,0.5481052437403523
34,3,73.0,6,0.5,0.5,,0.29036554373143497,0.36605862316696847,0.4961321012163194,0.4608455465232405,0.5913418270608997,0.6088248442548653
34,3,74.0,6,0.5,0.5,,0.2895062574865491,0.3996908974510003,0.49305456111458534,0.42578840733868634,0.5604369579498888,0.6162087299366017
34,3,75.0,6,0.5,0.5,,0.2751763338977539,0.3731610893892805,0.45417519862387207,0.4074416782314012,0.5489089522478252,0.6165651861058499
34,3,76.0,6,0.5,0.5,,0.26992697109419306,0.33957755626430697,0.46898289502360163,0.44206636852154924,0.5661597198857725,0.5959069428103877
34,3,77.0,6,0.5,0.5,,0.2822179754945578,0.36517401897710744,0.4925177410208329,0.4440225291182741,0.5443520847314568,0.5742790222101029
34,3,78.0,6,0.5,0.5,,0.26558281937001,0.3767342629719044,0.47431547616076825,0.45603427688923837,0.5623657268217696,0.4845718682855522
34,3,79.0,6,0.5,0.5,,0.26489315241591915,0.3865661132861595,0.47618053401415816,0.4719947216074322,0.5535322862469914,0.4252616551982317
34,3,80.0,6,0.5,0.5,,0.25344277176130353,0.38844923570351325,0.48091567413794545,0.44537666642581525,0.517899037361966,0.4205874836561124
34,3,81.0,6,0.5,0.5,,0.24397548536993757,0.3997724379576926,0.45835411103291984,0.47178938466533105,0.4952247421766982,0.4265351126208438
34,3,82.0,6,0.5,0.5,,0.2497883956366212,0.4045595098685066,0.45987317006697204,0.521850734040736,0.4802064662373849,0.47071124596995484
34,3,83.0,6,0.5,0.5,,0.26461003133180755,0.4044171101399293,0.47827613990239237,0.5071604309996324,0.4667899186583311,0.46747543353199106
34,3,84.0,6,0.5,0.5,,0.24644213013626257,0.411699865174924,0.48515700879530427,0.496730317421428,0.4713159962574909,0.4624441682488497
34,3,85.0,6,0.5,0.5,,0.23417590740165548,0.3961469470845647,0.4797344690718609,0.505571939216432,0.4399530884927743,0.4724047390815015
34,3,86.0,6,0.5,0.5,,0.24912349133128822,0.4057323638072964,0.46153737048067855,0.49249446272492986,0.4826423099976874,0.5292709997073322
34,3,87.0,6,0.5,0.5,,0.2460456979363598,0.38025302544107903,0.43470938519888297,0.4996192610585576,0.48858959611598485,0.5435148373697499
34,3,88.0,6,0.5,0.5,,0.25922190292391634,0.3809691769127323,0.39755916672193936,0.5231401573568103,0.4749491179880681,0.5946266286803195
34,3,89.0,6,0.5,0.5,,0.25668607172038055,0.3724166360357185,0.3905618868808608,0.513162667433099,0.5154136504602097,0.6001402838631811
34,3,90.0,6,0.5,0.5,,0.2790698821953258,0.3772543458878509,0.3886558152131932,0.5477558054271292,0.46692031900379866,0.5750297932875632
34,3,91.0,6,0.5,0.5,,0.2861123118962736,0.3777859254230947,0.39840327545790355,0.5410351733825822,0.4791806103236169,0.5929450191720665
34,3,92.0,6,0.5,0.5,,0.2424923049497419,0.3890485457059269,0.41747278550653466,0.5633071165729234,0.5033444882588936,0.5423953105375418
34,3,93.0,6,0.5,0.5,,0.2711533043706116,0.36914118271854773,0.4066554395186529,0.5636730531761436,0.502725875353431,0.5040758404765836
34,3,94.0,6,0.5,0.5,,0.27399405862656145,0.3394308838502338,0.4509214194173093,0.5424894560314595,0.4778900221302491,0.502693194174557
34,3,95.0,6,0.5,0.5,,0.2631037948234901,0.3715927090662931,0.5000938712768506,0.5175884924860185,0.49989359122903776,0.4535013458899707
34,3,96.0,6,0.5,0.5,,0.24842155104984348,0.3686090004939974,0.47046084270548977,0.4873348342624289,0.48787255712900385,0.45321157150828706
34,3,97.0,6,0.5,0.5,,0.22982603266747845,0.4029887629889254,0.4770651606066919,0.5213229820900982,0.5244929833376575,0.4570203602824961
34,3,98.0,6,0.5,0.5,,0.2741867372400708,0.40117413752622194,0.44884036200620053,0.5627223280593338,0.44828676208928364,0.41833695670143134
34,3,99.0,6,0.5,0.5,,0.2699422208145529,0.4115989892204753,0.44188617200052704,0.5456927145576659,0.45081765745077834,0.4584653489179565
34,3,100.0,6,0.5,0.5,,0.2505119175058706,0.3953811715294262,0.4374906312023616,0.49595624957227474,0.4762520039466091,0.4509189432347818
35,3,21.0,6,0.5,0.9,,0.2222950848724204,0.3150951168823765,0.37404617740395063,0.4353768089426099,0.41272233077587545,0.5287568942269731
35,3,22.0,6,0.5,0.9,,0.2082743715167923,0.3225720092514295,0.3943594108084196,0.4285172272175286,0.3990790162040525,0.5050334809604712
35,3,23.0,6,0.5,0.9,,0.19402306196459376,0.31918756048521557,0.37533377867476125,0.42613051201556595,0.4322944018786924,0.5232667544973814
35,3,24.0,6,0.5,0.9,,0.19706472069951772,0.3443396182516335,0.3844826905147375,0.40313896225425944,0.39561115825551774,0.561390511904537
35,3,25.0,6,0.5,0.9,,0.21931040314061262,0.3433382317661211,0.37354350639027833,0.45577727352349945,0.4097467346914988,0.522071935611078
35,3,26.0,6,0.5,0.9,,0.2418907092756256,0.33746831205843386,0.3973506728973743,0.49733912412497405,0.4053741858661063,0.48376467364519227
35,3,27.0,6,0.5,0.9,,0.2500435840240776,0.31098389841373125,0.4297884342623761,0.4909911174251171,0.40335027976939675,0.5370523093247078
35,3,28.0,6,0.5,0.9,,0.23367616199636948,0.3418950473731023,0.4687693666537859,0.4496602897268498,0.3995649176466596,0.5127856377657294
35,3,29.0,6,0.5,0.9,,0.23172858050613812,0.3493242524015698,0.4651569778961284,0.4123158968767108,0.4060014149581546,0.5102285102125836
35,3,30.0,6,0.5,0.9,,0.22412368986788356,0.3874522974086174,0.492451628839468,0.38378655519241184,0.4273321822213873,0.5547719130934687
35,3,31.0,6,0.5,0.9,,0.24997963655677252,0.35986214017661544,0.47224266216852023,0.36549575675419294,0.41556237310593636,0.5818701883186366
35,3,32.0,6,0.5,0.9,,0.26155176241532796,0.388807273364704,0.4804937254462076,0.37687981260237,0.4839032315708177,0.571276023075377
35,3,33.0,6,0.5,0.9,,0.24650559842175937,0.372065229022515,0.49519505776686634,0.36665078545488466,0.48007980119939864,0.5536654465709148
35,3,34.0,6,0.5,0.9,,0.2322310939539291,0.3922032749664684,0.4474472529019029,0.38780773797594936,0.4660927960044955,0.5326942865378864
35,3,35.0,6,0.5,0.9,,0.23561288168914682,0.3780203148604183,0.43760768933878424,0.41069158164611724,0.5010022635437797,0.5039814613497446
35,3,36.0,6,0.5,0.9,,0.24008633999729545,0.365788507740476,0.46380631881028256,0.4335269826935001,0.48532353646900744,0.5559818825429383
35,3,37.0,6,0.5,0.9,,0.22557960139368588,0.3589925409120453,0.45450767104476836,0.3811139028305755,0.4198765902211633,0.5550891317995619
35,3,38.0,6,0.5,0.9,,0.2249539282843347,0.3592901043122546,0.44124619108362656,0.4215838104481951,0.4150455046946987,0.5040713054396495
35,3,39.0,6,0.5,0.9,,0.21341708556637062,0.3807058940304441,0.40767445339312414,0.3964877926650804,0.4194273546334659,0.45066671752995
35,3,40.0,6,0.5,0.9,,0.2002782194921186,0.3532859301770895,0.3824258637808131,0.3960801786714863,0.42683698594286074,0.4615347331313998
35,3,41.0,6,0.5,0.9,,0.2132824366196318,0.38215794953562304,0.398167377397406,0.39005183529736426,0.41534541830881766,0.5060329494171919
35,3,42.0,6,0.5,0.9,,0.20253115575303166,0.3749727374834853,0.41605537069550874,0.40777322005786115,0.4128356934736111,0.4892888765679218
35,3,43.0,6,0.5,0.9,,0.1888680552478485,0.36802297116426297,0.39433554999809445,0.40590016065156503,0.4007328210417892,0.441135807871704
35,3,44.0,6,0.5,0.9,,0.18028024178143215,0.359042516854928,0.34198443095733144,0.3938217647501852,0.365657799676586,0.44425438725099137
35,3,45.0,6,0.5,0.9,,0.1948950016346532,0.3430122059314247,0.37560438182482525,0.3947762116554681,0.4001879378411587,0.4726262902486564
35,3,46.0,6,0.5,0.9,,0.1778707532840551,0.34509857391414805,0.3840031550274493,0.4505188563907949,0.4252554908644117,0.52034627318641
35,3,47.0,6,0.5,0.9,,0.15968111702966015,0.29208691702576167,0.3673204539402632,0.42788690166029164,0.43684355017776033,0.488659111284666
35,3,48.0,6,0.5,0.9,,0.14750352811591372,0.30356489454778235,0.38872422446514915,0.46767536320368813,0.44735696153758153,0.5263074807977283
35,3,49.0,6,0.5,0.9,,0.16566135620108674,0.30384769646503273,0.3811472792182199,0.4147580914319399,0.46073177172435836,0.48630001021319186
35,3,50.0,6,0.5,0.9,,0.1688360620245968,0.3180094423405749,0.418089988260716,0.4055849531104257,0.48488679934684314,0.475855290824596
35,3,51.0,6,0.5,0.9,,0.21945750680641612,0.31372315953919583,0.4180204867059919,0.4172309013124912,0.52455689460842,0.5348846964354401
35,3,52.0,6,0.5,0.9,,0.23633706274152239,0.32731023809530185,0.42141112650584933,0.41523436520016954,0.5434450519878371,0.4898851242110256
35,3,53.0,6,0.5,0.9,,0.21792734764250374,0.3277059388342926,0.4046384926419363,0.443414065829488,0.5511410262984717,0.4794654505412983
35,3,54.0,6,0.5,0.9,,0.19287839339936783,0.33787088825958256,0.3891598521322909,0.461646338737585,0.5849770276390973,0.47916832131239256
35,3,55.0,6,0.5,0.9,,0.19623102407554266,0.36042896279349973,0.35841974837191115,0.4693064413933171,0.5807041238491106,0.5181612631532391
35,3,56.0,6,0.5,0.9,,0.2063122023578176,0.3628027601120343,0.38237599565863317,0.4331729805500906,0.5428295406072067,0.5037945065003339
35,3,57.0,6,0.5,0.9,,0.19188397111246647,0.32934947247677565,0.3772436598487438,0.4615304774034058,0.544002264028022,0.4993810841135676
35,3,58.0,6,0.5,0.9,,0.21266550170184906,0.31374419336380577,0.35703329876984247,0.505298211527599,0.48835228131887504,0.4861116571251606
35,3,59.0,6,0.5,0.9,,0.2053621818562387,0.29319457593251963,0.38901935816312755,0.5002918126975437,0.45016624700052316,0.4616909645261165
35,3,60.0,6,0.5,0.9,,0.2041010068441343,0.31500518913214226,0.40362227848504684,0.47377064030781,0.4801329976004186,0.5255665279872697
35,3,61.0,6,0.5,0.9,,0.20183849470694634,0.31293286570999823,0.4309925871016345,0.436931700083172,0.4984141190122692,0.5149047904105664
35,3,62.0,6,0.5,0.9,,0.19931380707143911,0.37247865607643327,0.4544964641371593,0.4371996257841892,0.5101997018120491,0.5220480634133622
35,3,63.0,6,0.5,0.9,,0.22723953170510353,0.34375530353716954,0.42566239867797745,0.44039319137685506,0.517626243780779,0.545896527052452
35,3,64.0,6,0.5,0.9,,0.22137992590080918,0.33390779534989884,0.4131223036609849,0.4227292229747146,0.5137752235884036,0.5638159931599008
35,3,65.0,6,0.5,0.9,,0.2137920305312771,0.34967931983028805,0.3985719037104529,0.452282873124804,0.5254328541432093,0.5511334631853424
35,3,66.0,6,0.5,0.9,,0.214383655977542,0.3399930423058638,0.4046549151909935,0.4421973730456351,0.46024833717712027,0.572835041369895
35,3,67.0,6,0.5,0.9,,0.19998140960378982,0.3456617890213593,0.38924625565252713,0.4630559801915015,0.4506579037615045,0.589302038655082
35,3,68.0,6,0.5,0.9,,0.22340493635907138,0.32979157398746173,0.4325546939629413,0.4619320006944683,0.44333547131524575,0.5384554525745019
35,3,69.0,6,0.5,0.9,,0.2289375171058093,0.3340073794773794,0.4301881074924836,0.410463618964211,0.4403036320432169,0.5269633923987767
35,3,70.0,6,0.5,0.9,,0.24273561711146022,0.3234937326842746,0.399323878674311,0.4350347515669422,0.4762476066306377,0.53233303248203
35,3,71.0,6,0.5,0.9,,0.23099872085411163,0.353072555999123,0.432861441031934,0.42575488798585426,0.44933601010664803,0.5101009544142968
35,3,72.0,6,0.5,0.9,,0.2264785383040298,0.35709586616408784,0.4388088876525851,0.4717567161768371,0.43093766606147266,0.4680807635314375
35,3,73.0,6,0.5,0.9,,0.2398484152216692,0.3812750590510661,0.39797175163519205,0.46909249695575517,0.46516432162125965,0.48664545703084033
35,3,74.0,6,0.5,0.9,,0.23256033078641575,0.3582225956108034,0.44616890572161677,0.46532028574466294,0.4578731587041215,0.4860232156303267
35,3,75.0,6,0.5,0.9,,0.22492267521123513,0.3477586365388762,0.5026582725042988,0.4622426881182601,0.44616924976491645,0.535962753562335
35,3,76.0,6,0.5,0.9,,0.20782853976748178,0.35616992367537825,0.5308431374156122,0.45489554007496286,0.4725805860821303,0.5385977885295544
35,3,77.0,6,0.5,0.9,,0.18499707925756997,0.37829129142302464,0.48272602005492055,0.43555014271336195,0.4364499193033781,0.48298992971400245
35,3,78.0,6,0.5,0.9,,0.20158587211810036,0.3572814115483042,0.4197669125178831,0.3903963972269845,0.43994607639797023,0.435662781583257
35,3,79.0,6,0.5,0.9,,0.200019529123457,0.3651071108320082,0.4507613810983718,0.43348814624936277,0.45185339233647037,0.454739183088343
35,3,80.0,6,0.5,0.9,,0.24131113207685492,0.3962086542930302,0.4180466525763512,0.43166401507107155,0.4341449235550514,0.4807548150327438
35,3,81.0,6,0.5,0.9,,0.22862320226203398,0.4009599997992034,0.434163004181028,0.425065914225576,0.4409313138837498,0.5369084692092322
35,3,82.0,6,0.5,0.9,,0.22276557922874812,0.3839765345791975,0.39337413180709585,0.4512859671441351,0.456485857054045,0.5128571683470656
35,3,83.0,6,0.5,0.9,,0.22509386169152376,0.36947546706474593,0.3789213410636988,0.47349850251979814,0.45245810301735306,0.5752878120027113
35,3,84.0,6,0.5,0.9,,0.21863626262542496,0.3486739155821691,0.38727800910130566,0.4371793809412076,0.43302328307139426,0.5297139316538135
35,3,85.0,6,0.5,0.9,,0.19238359269466757,0.35894880509763394,0.3840797534079227,0.4040624549728161,0.513180443770306,0.48377114532305077
35,3,86.0,6,0.5,0.9,,0.19881744168448212,0.35817054092749806,0.37257632212271996,0.4186945809551853,0.4921489350079923,0.5030069992206457
35,3,87.0,6,0.5,0.9,,0.21600894386957387,0.3919835992974559,0.3454972958346446,0.48293485598287694,0.4699954616853998,0.5199463707602103
35,3,88.0,6,0.5,0.9,,0.2053321704006863,0.3854195729986877,0.3576598794444247,0.43046602322763217,0.5017182490544143,0.5372514061644299
35,3,89.0,6,0.5,0.9,,0.23886768579441386,0.3671116363695345,0.33583982402548385,0.4369903350342157,0.49880562329160155,0.49919482384259306
35,3,90.0,6,0.5,0.9,,0.20538718729435668,0.358982088308535,0.361724763931616,0.47480043672501565,0.4976372676449339,0.44628907603258516
35,3,91.0,6,0.5,0.9,,0.2179481134759579,0.34716092809120525,0.3589128903636486,0.5019110687615495,0.48542639090871076,0.4237020685022973
35,3,92.0,6,0.5,0.9,,0.22985522955910032,0.35034913873006424,0.37749686384519177,0.485003450968573,0.4626613310836422,0.4189616548018379
35,3,93.0,6,0.5,0.9,,0.2253381722415201,0.35463752598227505,0.3869872556336801,0.4545383810277611,0.5038817484953119,0.42359297435891896
35,3,94.0,6,0.5,0.9,,0.21149557983158102,0.3402951229539112,0.4454037435811567,0.48069199950174746,0.49686306224882293,0.4409135646654456
35,3,95.0,6,0.5,0.9,,0.23384810363151726,0.3345245364800998,0.4226055632562156,0.4526451417655655,0.4615940416486922,0.4574114236402993
35,3,96.0,6,0.5,0.9,,0.23994056534050082,0.31569938850474044,0.42228264458577713,0.42392382972772386,0.44775923211996105,0.5230730037024445
35,3,97.0,6,0.5,0.9,,0.23511573687619255,0.3294692674048302,0.44724828745939715,0.3876835315921571,0.43243257520968886,0.5331235802981027
35,3,98.0,6,0.5,0.9,,0.22777121864716893,0.32806894167500106,0.44608947248119935,0.4037441719735149,0.4516259071776746,0.5047688580740339
35,3,99.0,6,0.5,0.9,,0.21729392957298627,0.31697446567049087,0.4541004304183631,0.3998030903644828,0.4407558318632603,0.5147545743809899
35,3,100.0,6,0.5,0.9,,0.21580223442280508,0.3346191307016081,0.44745481790090713,0.3979839965528932,0.4122528090469496,0.5096294889749347
36,4,21.0,6,0.0,0.0,,0.37114155035931484,0.512576153583305,0.5963877666898499,0.6279366741416931,0.5769506319816953,0.48069802584778165
36,4,22.0,6,0.0,0.0,,0.3913865567886007,0.5026018503977211,0.5967480948328461,0.6290709552084631,0.6037097182391102,0.4714420501025919
36,4,23.0,6,0.0,0.0,,0.3565334716170934,0.4898493834784302,0.5967073281706146,0.6325811921328721,0.6259540561790958,0.4600442968602674
36,4,24.0,6,0.0,0.0,,0.37957463258492413,0.48352226635745293,0.5972392503431732,0.6346469652366913,0.6065702796188869,0.5132322822580468
36,4,25.0,6,0.0,0.0,,0.3604097353366655,0.4893655812678818,0.5981991215998738,0.6352561171151394,0.6011160707872916,0.5752166442521915
36,4,26.0,6,0.0,0.0,,0.3492787084309846,0.49131975725414173,0.5978681495842365,0.6325483279321171,0.6264143337202428,0.536114414585378
36,4,27.0,6,0.0,0.0,,0.34770688105773506,0.48469856537802203,0.5981679074740709,0.638901839702122,0.6255339916081952,0.5606278254164719
36,4,28.0,6,0.0,0.0,,0.3642949332994381,0.49560329161684136,0.5957389630925125,0.6388386558421917,0.6368304167479468,0.5718309161182453
36,4,29.0,6,0.0,0.0,,0.3774539465847221,0.49801897182573107,0.5944202948113408,0.6280299481162224,0.6429461738847722,0.5915905606865046
36,4,30.0,6,0.0,0.0,,0.37260280570169535,0.49546007655606694,0.5917612213921875,0.6192061375163078,0.6313033444680137,0.5757671606631218
36,4,31.0,6,0.0,0.0,,0.369684835928718,0.5075377381390743,0.5960654691650384,0.6285329258763122,0.6456395016280244,0.586289890085973
36,4,32.0,6,0.0,0.0,,0.3821526688187559,0.5006470421963792,0.5954423119955018,0.6211483895854348,0.5982613020192487,0.5639462056574791
36,4,33.0,6,0.0,0.0,,0.39036926856954096,0.48828553691735677,0.5881143123887285,0.6087240848905584,0.6205571825468278,0.5187800605959039
36,4,34.0,6,0.0,0.0,,0.3739180370514196,0.4838875301469905,0.5856828226240006,0.6084649484755349,0.6038079953900582,0.5037357904092659
36,4,35.0,6,0.0,0.0,,0.3981761940024763,0.47129647718204487,0.5850981436605002,0.5947720196794168,0.6149374199050188,0.5279134816288956
36,4,36.0,6,0.0,0.0,,0.39999803876023443,0.465061297421893,0.5873873672327378,0.5993673233227195,0.6110899919060764,0.5397043931881356
36,4,37.0,6,0.0,0.0,,0.4044541269837957,0.47688604951997576,0.5952041374617917,0.596499772279776,0.6524331573073386,0.5415608620195705
36,4,38.0,6,0.0,0.0,,0.4153664840024972,0.47582137966017457,0.5937829659621937,0.6144740862884616,0.6508714704898666,0.5271986497330022
36,4,39.0,6,0.0,0.0,,0.39899606201918913,0.4830115142465411,0.5884248356671163,0.609196593320978,0.6347902180480066,0.5050131113550904
36,4,40.0,6,0.0,0.0,,0.38200616549085625,0.4987704625664768,0.5859341750240914,0.6151406600568455,0.619730416641033,0.5051186333415767
36,4,41.0,6,0.0,0.0,,0.3668196310912805,0.5024868185737312,0.5933687384350235,0.6162760855048857,0.5921667301741689,0.5149839081968475
36,4,42.0,6,0.0,0.0,,0.34860853534148756,0.51440623746886,0.5908511810315227,0.62198553463065,0.5943744471505708,0.5467462395887965
36,4,43.0,6,0.0,0.0,,0.36676192978323774,0.5104541142585558,0.5898855819384742,0.6209791272518892,0.589290480610058,0.5031855713800957
36,4,44.0,6,0.0,0.0,,0.4017996031160401,0.49219442095037175,0.5903117164993807,0.6218944123294532,0.5875374026089234,0.5219022449047086
36,4,45.0,6,0.0,0.0,,0.44291077501337917,0.4919676566185668,0.5861063705658097,0.6266540347453738,0.5948396590359717,0.4952242712159472
36,4,46.0,6,0.0,0.0,,0.43604972685237087,0.4950858992975178,0.5868595734102727,0.6295811585494724,0.6023112487634841,0.5704278130634588
36,4,47.0,6,0.0,0.0,,0.4290458590477623,0.4978994831947353,0.588026671188187,0.6369797382428083,0.6075754762931675,0.5725014083949291
36,4,48.0,6,0.0,0.0,,0.42071934582577103,0.4902297803761736,0.5856127096635675,0.6376457024730493,0.6059442010595522,0.57683156055418
36,4,49.0,6,0.0,0.0,,0.3821693175875451,0.4997903887373393,0.5805367137517138,0.6313514529119149,0.605879927890214,0.557486234805174
36,4,50.0,6,0.0,0.0,,0.38528366228788374,0.4980444308481409,0.5861728356059628,0.6350260329151688,0.5714331192392852,0.5589561169138432
36,4,51.0,6,0.0,0.0,,0.38788360450235554,0.5003525791497404,0.5885761499657365,0.6387571538402396,0.575663554139292,0.5572609148541302
36,4,52.0,6,0.0,0.0,,0.39115025195365094,0.5032672075488855,0.5894799678012166,0.643097484165428,0.6028879289090222,0.5982813856080472
36,4,53.0,6,0.0,0.0,,0.39383120897767093,0.4989651953047206,0.5946942278899592,0.6478897590643806,0.6099551156837311,0.617944485898907
36,4,54.0,6,0.0,0.0,,0.3890391951806613,0.49568900253931264,0.5950642346163051,0.6423137625773069,0.5954125993171342,0.6021281252163492
36,4,55.0,6,0.0,0.0,,0.3902219832911059,0.49957354006319427,0.5899083850593492,0.6319144794936546,0.6150005126562321,0.5934663968616535
36,4,56.0,6,0.0,0.0,,0.39335222367462985,0.49451421653019223,0.5882169497814946,0.6241846930103332,0.6120171454720085,0.5407537999198826
36,4,57.0,6,0.0,0.0,,0.41309186905757905,0.4976476540242807,0.5908729940977656,0.6112186100172818,0.5875150757752909,0.558566930713882
36,4,58.0,6,0.0,0.0,,0.4032564640185329,0.4914814834272504,0.5903230123589406,0.6179756478466164,0.6051846519078139,0.5752403554671595
36,4,59.0,6,0.0,0.0,,0.3993735042553518,0.48662428222924586,0.5914604092673035,0.6226403319219102,0.5938148537683771,0.618201986615686
36,4,60.0,6,0.0,0.0,,0.40471820394932145,0.4994281336495593,0.5847311344569522,0.6190836476751832,0.6021588509846368,0.592328592505929
36,4,61.0,6,0.0,0.0,,0.3963143002296815,0.4962257251108567,0.5842796565561796,0.6162744235313794,0.6035278219138105,0.5715533190008779
36,4,62.0,6,0.0,0.0,,0.37963700531297606,0.5057231873594774,0.5834049397718437,0.6249497780106426,0.5828138613531803,0.5536036927887533
36,4,63.0,6,0.0,0.0,,0.3747399285872387,0.5025652164035593,0.5819153245304928,0.6105772217523319,0.613261979368452,0.571491025057566
36,4,64.0,6,0.0,0.0,,0.3686700489701331,0.5048054583481726,0.5910917144033909,0.612194870581509,0.6101438225314667,0.5749005757346788
36,4,65.0,6,0.0,0.0,,0.3698844644544067,0.5000902088225734,0.5936319366114422,0.5946755570289458,0.6206242044443744,0.563557556677137
36,4,66.0,6,0.0,0.0,,0.3761192656718265,0.49384757103173305,0.5962276659937296,0.6169108895894515,0.6013828338140218,0.526217223809705
36,4,67.0,6,0.0,0.0,,0.3715350609713789,0.497719698918161,0.5996386248462724,0.6255285703976264,0.5982127569163407,0.5336039803771463
36,4,68.0,6,0.0,0.0,,0.3856581697234035,0.49143369109080426,0.5954442027274809,0.621897558947187,0.5957932118715151,0.5758803676698738
36,4,69.0,6,0.0,0.0,,0.3784944821785058,0.4956958897113924,0.598446249123761,0.6240672633607233,0.5817878033031619,0.5555057451440379
36,4,70.0,6,0.0,0.0,,0.371079500055752,0.5058299639587424,0.5988733747968944,0.6252380559329113,0.6098986192977256,0.5554077358748648
36,4,71.0,6,0.0,0.0,,0.3719361062614007,0.5013471893582031,0.5984075521418533,0.6228239238756279,0.6215447940181957,0.5756464719084792
36,4,72.0,6,0.0,0.0,,0.3738238055006954,0.5068634676279641,0.5958396302480098,0.6244307229350252,0.6320651346362225,0.5825109567606763
36,4,73.0,6,0.0,0.0,,0.37105231167085817,0.5054119402530625,0.59883921895423,0.6215966162219156,0.6590311630265498,0.5596722017619549
36,4,74.0,6,0.0,0.0,,0.3567459162703283,0.49443723536581696,0.5942627478764019,0.6280630363244109,0.6245651562194012,0.5972775908325252
36,4,75.0,6,0.0,0.0,,0.35701856787329583,0.5105943216013296,0.5917004400351368,0.6374394170375816,0.6294171071098876,0.6117166483157099
36,4,76.0,6,0.0,0.0,,0.35411249926415345,0.5215074049888854,0.5909849691088374,0.6429742910631366,0.6275071667499161,0.6516165948485136
36,4,77.0,6,0.0,0.0,,0.3546172191561531,0.5166096181244006,0.5896229992780011,0.6452641757068882,0.6597723455267122,0.63560424575583
36,4,78.0,6,0.0,0.0,,0.35295997570485105,0.5077383693876486,0.5882241474821314,0.6392812769918517,0.6646870947876498,0.6578276896537448
36,4,79.0,6,0.0,0.0,,0.34382625922635535,0.4972027213741358,0.5876891379566151,0.6391741149186374,0.6582172023613361,0.620915624042286
36,4,80.0,6,0.0,0.0,,0.3462556752512546,0.4972712994841514,0.5900246981719736,0.6385701193677171,0.6521197067833792,0.6085589573398699
36,4,81.0,6,0.0,0.0,,0.36229648693070926,0.4936020898221619,0.5972473220372443,0.6336203691912213,0.656702605964921,0.602654008317033
36,4,82.0,6,0.0,0.0,,0.3790659098909993,0.49653244074011005,0.5981015682081655,0.6258697890360784,0.6518493915127951,0.6260629107919213
36,4,83.0,6,0.0,0.0,,0.3956603570135037,0.49138205250473205,0.6027063339988163,0.6289277681354974,0.6595979358256258,0.550624502535567
36,4,84.0,6,0.0,0.0,,0.3977029226525481,0.48688104597745996,0.5997896842797811,0.6344236707159574,0.6321961586185767,0.5465899157232332
36,4,85.0,6,0.0,0.0,,0.3947284995129226,0.48467835097987955,0.598891823408018,0.6343729157716982,0.6300384430390258,0.5558763605305559
36,4,86.0,6,0.0,0.0,,0.38169317954536536,0.47533058906981634,0.5964948019826606,0.63392244438307,0.6094933249008914,0.5640868856254952
36,4,87.0,6,0.0,0.0,,0.3677757652322108,0.48724293032910726,0.5948204586668564,0.6252679450749394,0.5999806423156546,0.5962398028988345
36,4,88.0,6,0.0,0.0,,0.3848272738568128,0.490813210778145,0.5954942484144514,0.6081685535287906,0.6166478569623519,0.5998530501363338
36,4,89.0,6,0.0,0.0,,0.38861467032371094,0.4909489591952919,0.59493441119153,0.6115276440776379,0.6078537317352983,0.537008983364265
36,4,90.0,6,0.0,0.0,,0.39633488755028273,0.5006346257290266,0.5911389016662418,0.6144310556011885,0.6025312099886432,0.5820689358781885
36,4,91.0,6,0.0,0.0,,0.38264398555947016,0.5032609858085463,0.5952177535073851,0.6127656506133371,0.6332003671090608,0.5403349227148486
36,4,92.0,6,0.0,0.0,,0.3591114603081725,0.5054485034566951,0.5960475906125897,0.611587489594603,0.6170374125373951,0.5550248098166809
36,4,93.0,6,0.0,0.0,,0.3382545026941799,0.506744232342127,0.5895483890559132,0.6063988704734706,0.6146345048458237,0.583146802249544
36,4,94.0,6,0.0,0.0,,0.34962138615844496,0.507568632860933,0.5940795518777463,0.6123164607249583,0.6293536494895738,0.5712236689639267
36,4,95.0,6,0.0,0.0,,0.3621278376480482,0.5175179895016215,0.59733850381514,0.6165576680861985,0.6131113434061553,0.5310682893536047
36,4,96.0,6,0.0,0.0,,0.3628891530631633,0.5000631154793507,0.5977441908587935,0.6180196652902539,0.6325193101868537,0.5173540813365614
36,4,97.0,6,0.0,0.0,,0.3795400427969625,0.4973644442853816,0.5972131759403915,0.6332545202641581,0.6223139951142547,0.5077447237089369
36,4,98.0,6,0.0,0.0,,0.38221473788695554,0.5009629703719051,0.5959061511093005,0.6254557961446459,0.6323299661726409,0.4880073579891354
36,4,99.0,6,0.0,0.0,,0.3882669403917292,0.5022204441152756,0.5932506689471709,0.6216891592624234,0.636003106404948,0.47659210754625897
36,4,100.0,6,0.0,0.0,,0.40255820829050454,0.5041307658106219,0.5939093874620743,0.6236271390073309,0.6477119863225236,0.4860356215382932
37,4,21.0,6,0.0,0.5,,0.214471988524003,0.37410534617004615,0.4312460216418117,0.4850103475277864,0.5081735960740253,0.5116094355282488
37,4,22.0,6,0.0,0.5,,0.21063195351470307,0.36523913682040493,0.4303218100305021,0.4691271512083694,0.4728884952742223,0.5011282806690931
37,4,23.0,6,0.0,0.5,,0.20924226695186418,0.36397821587536744,0.4295824407414545,0.4657990150458522,0.4545082565374944,0.5004601764498413
37,4,24.0,6,0.0,0.5,,0.22604359414745473,0.36038945438982745,0.4294966743192433,0.4616509689885784,0.440276622950441,0.5112560183462014
37,4,25.0,6,0.0,0.5,,0.23335348290150987,0.35953543326115067,0.43178780877213957,0.4694706434299499,0.4627332476633267,0.5087262742638266
37,4,26.0,6,0.0,0.5,,0.23025123951627643,0.3600976058081616,0.43083271437527715,0.4647274759959378,0.47301924373356635,0.4444330428548243
37,4,27.0,6,0.0,0.5,,0.22280002420037182,0.3565154582914542,0.4234471439411253,0.46826281601621333,0.46396213879924214,0.46328151062478257
37,4,28.0,6,0.0,0.5,,0.2142400436613116,0.3584109437589421,0.42711897164127377,0.4696475375533855,0.4663079327232271,0.4790938910144457
37,4,29.0,6,0.0,0.5,,0.23524039839572336,0.352349234271207,0.4288322614639779,0.47014750239469044,0.46366154650876445,0.449550836271574
37,4,30.0,6,0.0,0.5,,0.2321071294944753,0.3578644606471082,0.42432851805741123,0.4781840496352035,0.44853667761990473,0.4478591319400841
37,4,31.0,6,0.0,0.5,,0.2316785314846081,0.3487739892416789,0.42979792573136616,0.48664087087247354,0.43054797979929926,0.4284688594031496
37,4,32.0,6,0.0,0.5,,0.22099649190587262,0.3656500094615461,0.4317610351234209,0.4825403617454288,0.43168298144495615,0.4525039690106446
37,4,33.0,6,0.0,0.5,,0.2237560264116481,0.36188753158060827,0.4287241120460689,0.48265689380968546,0.4539735774734224,0.46085719695552047
37,4,34.0,6,0.0,0.5,,0.22912873584791887,0.35756174826217957,0.42640026531899194,0.47961158348320926,0.4653192813077781,0.46941176181136396
37,4,35.0,6,0.0,0.5,,0.2300850399310134,0.3557321617046209,0.42721827469911666,0.48690108894392925,0.4662185420980861,0.5370503756199629
37,4,36.0,6,0.0,0.5,,0.2188782684416803,0.3599539212301908,0.4326154600537574,0.48766320678085046,0.48138167403992205,0.48218009589847677
37,4,37.0,6,0.0,0.5,,0.2234815828766224,0.3523382267982536,0.43262408679415554,0.4883748766981699,0.5108975278365723,0.498026671058254
37,4,38.0,6,0.0,0.5,,0.22167405701969117,0.3491142056434491,0.4324175116141136,0.4792267659102952,0.5207150534674867,0.4397382116915319
37,4,39.0,6,0.0,0.5,,0.22548663427643797,0.34459067961962325,0.4393725514070301,0.47247378959776076,0.5083224547329276,0.4311804634897845
37,4,40.0,6,0.0,0.5,,0.23982798869732563,0.3485886200781435,0.4421966393579466,0.4721638305057521,0.48667753583344114,0.47830636717848074
37,4,41.0,6,0.0,0.5,,0.22854207773555008,0.3477879967978732,0.4298677560421445,0.47979041164532976,0.4912366604679451,0.4625636587386463
37,4,42.0,6,0.0,0.5,,0.2492077741611709,0.35068211908143565,0.4301670322883287,0.4791798157761876,0.4870059984699145,0.4697525176495859
37,4,43.0,6,0.0,0.5,,0.2436743500622618,0.3615922643849249,0.4296325510899111,0.4756130673968154,0.5065917046001844,0.43793198732320227
37,4,44.0,6,0.0,0.5,,0.24570282104036717,0.35766324932025306,0.4311855943606388,0.4831716408567515,0.5211098862058957,0.4511544256260559
37,4,45.0,6,0.0,0.5,,0.23961689320589677,0.3580533888555212,0.4321963672701723,0.488914668608461,0.4932976751273408,0.43468845297074876
37,4,46.0,6,0.0,0.5,,0.22757634355589626,0.3574412751929726,0.4334639028977203,0.4958116219983766,0.5145797153819798,0.4738770605185712
37,4,47.0,6,0.0,0.5,,0.21845441910115965,0.36789322313630574,0.43615839886605307,0.4944800652310871,0.5234315697382201,0.463286306681431
37,4,48.0,6,0.0,0.5,,0.23756924954806555,0.36089560641605223,0.4348236910133041,0.5075298228991431,0.5163747360489694,0.4948602676265009
37,4,49.0,6,0.0,0.5,,0.21882029993925953,0.3571538587777667,0.44205418659470264,0.49837011386847807,0.5155519273554375,0.4535489939856273
37,4,50.0,6,0.0,0.5,,0.21742519047716513,0.37641618892124024,0.43310526311014935,0.4916825769907229,0.4816209740926065,0.44187757770783753
37,4,51.0,6,0.0,0.5,,0.21061983915942162,0.38179583969024444,0.4357933017140533,0.4900840374914311,0.48865055225010573,0.5138329795346543
37,4,52.0,6,0.0,0.5,,0.21212433958418705,0.38130561848442196,0.43295569722890803,0.48994681772102594,0.49937488960883236,0.46022289167991903
37,4,53.0,6,0.0,0.5,,0.2372900587896988,0.37128185541523934,0.44086642971339324,0.48172322000436374,0.4801074866099465,0.4889778981078253
37,4,54.0,6,0.0,0.5,,0.24616099097117972,0.37263280207149346,0.4413794232935214,0.489764773276297,0.475795993375929,0.5092452853283431
37,4,55.0,6,0.0,0.5,,0.25237437125072393,0.3740913148873374,0.4377275343268,0.4972126441491936,0.4780927489806045,0.5692439278657864
37,4,56.0,6,0.0,0.5,,0.23664602694187137,0.3791446397244317,0.43901145756143667,0.4994647968416084,0.4942897400515099,0.5396892424865698
37,4,57.0,6,0.0,0.5,,0.24739277025641382,0.3858842460169244,0.4315240401978178,0.48478720030652694,0.50144045612235,0.5170241647198014
37,4,58.0,6,0.0,0.5,,0.24921518786184466,0.38283019923008127,0.4243273802728259,0.4756735804005032,0.5092356798010151,0.45480535098284003
37,4,59.0,6,0.0,0.5,,0.26549148361705077,0.38290813897701925,0.4247868969353136,0.47786470162899014,0.5007522984773323,0.4855783883082744
37,4,60.0,6,0.0,0.5,,0.2498644649894289,0.3797563190238108,0.42780790672982894,0.4781280528164302,0.4993068693993023,0.495114852951958
37,4,61.0,6,0.0,0.5,,0.2372724581565317,0.3722424288639735,0.43479755583228874,0.4752518504986939,0.48417800325691385,0.5189780606556269
37,4,62.0,6,0.0,0.5,,0.25201951567674896,0.3702995256426112,0.43347145918037766,0.47426262196969204,0.4883124603074108,0.5006509917407161
37,4,63.0,6,0.0,0.5,,0.23135267047058045,0.3622378552689829,0.43319185122582066,0.4700144539219385,0.4703025725964542,0.5201149353033971
37,4,64.0,6,0.0,0.5,,0.22147548063290698,0.3666936464858078,0.4304138916881605,0.4716722366086438,0.4750350446815809,0.514413047550775
37,4,65.0,6,0.0,0.5,,0.24290639787847215,0.3689622349279483,0.4267691369342785,0.47564794731341414,0.45643171772741553,0.4996702671749403
37,4,66.0,6,0.0,0.5,,0.24328234879015925,0.3670925773416773,0.4267403022644756,0.47025012924770293,0.4648754781898843,0.529418838347907
37,4,67.0,6,0.0,0.5,,0.2381846173620295,0.36083564779180666,0.4325957680352614,0.4724046497347688,0.4678233478394988,0.5459019362458144
37,4,68.0,6,0.0,0.5,,0.241803459261356,0.3472086030846681,0.43355616791691914,0.4726062864707227,0.4653411342950404,0.5156267425035107
37,4,69.0,6,0.0,0.5,,0.24832483028525135,0.3518896848842763,0.42836217739467236,0.47520747053610235,0.4270384851920112,0.5024886268523725
37,4,70.0,6,0.0,0.5,,0.25172634091900686,0.3518113923659468,0.42964026149197565,0.4776016330303947,0.45552912974249543,0.5602847568670969
37,4,71.0,6,0.0,0.5,,0.246373871735105,0.360552489180602,0.4335983214343254,0.4861631491295698,0.46550710637208537,0.5639627784669953
37,4,72.0,6,0.0,0.5,,0.24767155578293334,0.3596317728822356,0.43150265283944317,0.48463696277403023,0.5008071524426176,0.5691667306486382
37,4,73.0,6,0.0,0.5,,0.24341753298804586,0.363465185895198,0.42577407002289575,0.4801358723340803,0.4915055776724554,0.5668417782052046
37,4,74.0,6,0.0,0.5,,0.2543498119743223,0.3657312018867977,0.4253027905926029,0.4789347116066868,0.4817700792815979,0.5812088617195357
37,4,75.0,6,0.0,0.5,,0.25654548566701507,0.3719274626700907,0.4258950603590301,0.480668053727733,0.5059331950158816,0.5635124740942061
37,4,76.0,6,0.0,0.5,,0.25500423080421797,0.3676024887217904,0.42445462080012897,0.48910726723014075,0.5272517934186836,0.5836852631961686
37,4,77.0,6,0.0,0.5,,0.24728549531719607,0.3691882911623779,0.4267964124163228,0.4841407073603814,0.5150331011177761,0.5575775172028492
37,4,78.0,6,0.0,0.5,,0.2471576765743173,0.36042464239403316,0.42796884868420787,0.49212336853879163,0.5426276988558039,0.4875313826829526
37,4,79.0,6,0.0,0.5,,0.2452392323100569,0.3674628456854302,0.4247663285457491,0.4907522834567796,0.5364907050255455,0.5152518224555422
37,4,80.0,6,0.0,0.5,,0.2480260444798029,0.3680051044282204,0.42467614394786474,0.4893539492183342,0.5311734105609621,0.5163028323576284
37,4,81.0,6,0.0,0.5,,0.2617181347216169,0.36516352177832406,0.42746528368058456,0.4783444571166953,0.5357459776523242,0.4914901303570125
37,4,82.0,6,0.0,0.5,,0.2515452725873925,0.35836817805036103,0.42514265888986336,0.47743437394528804,0.5404190041326224,0.4820532993223214
37,4,83.0,6,0.0,0.5,,0.25062971262804556,0.35455504800878357,0.4169189506103003,0.48116304821633893,0.5354514026984522,0.49048672070561106
37,4,84.0,6,0.0,0.5,,0.2307739075401342,0.3592513561463289,0.4175477496730292,0.4858697120689028,0.5195485880012425,0.4867386851247679
37,4,85.0,6,0.0,0.5,,0.25887100527161694,0.36437944513033205,0.4215177532271334,0.48853842128379765,0.5251162279886743,0.478101069502108
37,4,86.0,6,0.0,0.5,,0.26190548499513905,0.3568415346249851,0.4288133846708214,0.4887239401958882,0.5219203126099179,0.44357886767463606
37,4,87.0,6,0.0,0.5,,0.26725530178523493,0.3629653193730074,0.42932353519127026,0.49109012861234164,0.49085048430757067,0.4706961998099687
37,4,88.0,6,0.0,0.5,,0.25861882982891393,0.3685832702515014,0.43189826996333264,0.488494003312178,0.4878639932581552,0.5165543716670423
37,4,89.0,6,0.0,0.5,,0.24357475064082065,0.362724898314175,0.43179144342527936,0.49366859608210145,0.4675473058492933,0.5587605299739214
37,4,90.0,6,0.0,0.5,,0.2661952095288091,0.350492724634617,0.4307581474572763,0.5013182593207832,0.474845147098199,0.5288793331890116
37,4,91.0,6,0.0,0.5,,0.2746536148182718,0.3568955398285799,0.4282826789202436,0.5035801578091781,0.4923965673130115,0.5758910288747562
37,4,92.0,6,0.0,0.5,,0.2596680046766203,0.36538393552866333,0.43175556370861967,0.5004582514988816,0.5168851186095639,0.5880686387040693
37,4,93.0,6,0.0,0.5,,0.2627650415460537,0.3524007618466112,0.4392656515055404,0.49582600489192996,0.513438380968913,0.569355926403879
37,4,94.0,6,0.0,0.5,,0.23897693353765007,0.35278922685585357,0.43052066931900407,0.4835104914796135,0.5070145932911195,0.5486320200574568
37,4,95.0,6,0.0,0.5,,0.2475245472156277,0.35799114907409235,0.43043150693436444,0.48798457556542124,0.5025002897715398,0.586315282738977
37,4,96.0,6,0.0,0.5,,0.23255508006396752,0.35853507804904156,0.4308769242986412,0.48549234795651214,0.5264540494011982,0.5522270393153877
37,4,97.0,6,0.0,0.5,,0.24408276524665676,0.35185869703283823,0.42717097435923873,0.47503070683312537,0.5070876396098396,0.5339250964715373
37,4,98.0,6,0.0,0.5,,0.26160330495995265,0.35763064223032315,0.42533102288118363,0.47849125983182805,0.5073395227343748,0.49754705364918694
37,4,99.0,6,0.0,0.5,,0.2598587468630192,0.3599002157913269,0.42232770709084644,0.47169581887298034,0.5264060173645191,0.45652192962923577
37,4,100.0,6,0.0,0.5,,0.25903693226851904,0.36577815847095385,0.4251544836683053,0.4762450284708322,0.5024303033707134,0.5121773491234844
38,4,21.0,6,0.0,0.9,,0.21192901363242717,0.3068228832171544,0.388846874944208,0.3998984399635067,0.4723107433039887,0.44332361755769495
38,4,22.0,6,0.0,0.9,,0.21404636991200093,0.3082159492645441,0.39292199717512005,0.3942716132581558,0.45038209799118933,0.4211873349656045
38,4,23.0,6,0.0,0.9,,0.2240827024352093,0.30804541222017146,0.390603435917229,0.4058932216670382,0.44214369530875713,0.4083697506983276
38,4,24.0,6,0.0,0.9,,0.23605482778636264,0.2942592593171507,0.39240992355810417,0.40927743955488677,0.4604055660795733,0.39240729396924307
38,4,25.0,6,0.0,0.9,,0.22361186380235898,0.2925396598507836,0.3921110994190491,0.41631445559720215,0.4653308232124444,0.4302566848330766
38,4,26.0,6,0.0,0.9,,0.22421310732792507,0.2996505056848915,0.39295530915917604,0.4158119532706113,0.4719471759548246,0.44528729560791414
38,4,27.0,6,0.0,0.9,,0.22314030016248748,0.29556749331641885,0.3906300855044738,0.4128919441565624,0.496333674896314,0.4833092049876207
38,4,28.0,6,0.0,0.9,,0.21651059004428608,0.3024367879269071,0.39177049802751573,0.41350397070103984,0.4930161936786142,0.47159525378410627
38,4,29.0,6,0.0,0.9,,0.2187631112485589,0.30516351484281756,0.3896822365991457,0.4169032968823096,0.46554269801686426,0.48131979243573
38,4,30.0,6,0.0,0.9,,0.221734932861046,0.2991858234973195,0.3916729641036375,0.4128793382286336,0.4856988610789846,0.4347752164233244
38,4,31.0,6,0.0,0.9,,0.21200461295680917,0.29279506165957225,0.39068747851141405,0.41487385529012927,0.4494461227213831,0.4840972129924642
38,4,32.0,6,0.0,0.9,,0.21682377528232738,0.29472783803031033,0.390733143381697,0.4147120241241556,0.4216345658161287,0.45530313755851043
38,4,33.0,6,0.0,0.9,,0.22412076546113893,0.29867875242987346,0.39034715142693654,0.41724079264794584,0.4096910174106568,0.4676150935139119
38,4,34.0,6,0.0,0.9,,0.2142932373029805,0.29694215375514654,0.3941222183613029,0.4200782303419247,0.4076449387841842,0.47409207481112947
38,4,35.0,6,0.0,0.9,,0.22306245971312286,0.2926087346271826,0.3934809352616081,0.41758665735665995,0.4187486968741708,0.47503207502862776
38,4,36.0,6,0.0,0.9,,0.23124183801667314,0.3024921953874694,0.3955459763776691,0.41786622008392704,0.42508248825766815,0.4614292046932341
38,4,37.0,6,0.0,0.9,,0.22831047221382325,0.2977336188574736,0.3927026192792683,0.42558502648782126,0.4358113961677703,0.5110021732027128
38,4,38.0,6,0.0,0.9,,0.21294409661759944,0.28719240956378955,0.39408927024773555,0.4256969852158371,0.42218354948392395,0.46361115723308866
38,4,39.0,6,0.0,0.9,,0.216717490438293,0.2880017840584396,0.3904539853239505,0.4200361850389155,0.4295387758454517,0.4523780819738167
38,4,40.0,6,0.0,0.9,,0.20683203628682448,0.2837640115649321,0.3905463488317261,0.4163990637105222,0.41952081483686776,0.4610208346755216
38,4,41.0,6,0.0,0.9,,0.21099941447799905,0.28757133262136253,0.39019771578695983,0.41709143267928017,0.45597819782284743,0.47668896804500455
38,4,42.0,6,0.0,0.9,,0.20876238461035243,0.28892613886316176,0.3929194007979505,0.41659898809851514,0.44128279580024676,0.462710175004114
38,4,43.0,6,0.0,0.9,,0.20791447707944663,0.29598925852240277,0.38951808976412244,0.4168654051744268,0.4560857304836222,0.48731660512155167
38,4,44.0,6,0.0,0.9,,0.2250710160677399,0.2879255427176301,0.38979763238386367,0.4059414967612092,0.4606193157704765,0.44575926520445763
38,4,45.0,6,0.0,0.9,,0.23149930106956185,0.2823091345290227,0.3925993340754736,0.40659769462872114,0.4174571429371282,0.42089382542610104
38,4,46.0,6,0.0,0.9,,0.2363825859609981,0.2857294269612076,0.3903453054375119,0.41116600512261153,0.4224283636786703,0.4276954649824133
38,4,47.0,6,0.0,0.9,,0.2413806780968632,0.28702203915303726,0.38854208252714256,0.4185365735957878,0.3919177430645293,0.4162384825051545
38,4,48.0,6,0.0,0.9,,0.2520749998087653,0.29412080511634936,0.39051162513872567,0.41696847950359095,0.38983569493477993,0.4282229092043132
38,4,49.0,6,0.0,0.9,,0.24356763380746313,0.2949538683405213,0.3925922006727861,0.4113224584962822,0.39835246585494216,0.4166732282627172
38,4,50.0,6,0.0,0.9,,0.23403080187320818,0.3025347985062441,0.3911736520594236,0.4053012980062589,0.40546164866810386,0.41756274935428517
38,4,51.0,6,0.0,0.9,,0.23726581054748888,0.296262393148082,0.3906995583691178,0.40574859248677786,0.42935222620353625,0.4492305103904316
38,4,52.0,6,0.0,0.9,,0.2522689086748877,0.29551497181502995,0.3903202834168732,0.39902381630214945,0.4125134567462251,0.45990820566216506
38,4,53.0,6,0.0,0.9,,0.2427614256921192,0.29880560467333717,0.38852206491063157,0.4053203000705012,0.38220894858902416,0.4598221054793479
38,4,54.0,6,0.0,0.9,,0.23626454470109087,0.2940994953617352,0.3896615577014552,0.39336922707238614,0.3836258609945233,0.48773521008255144
38,4,55.0,6,0.0,0.9,,0.2232457608737774,0.30208147014159875,0.3916564209854852,0.3967409732766754,0.3875657692034505,0.45303952263052755
38,4,56.0,6,0.0,0.9,,0.2280659957989649,0.29022124441717,0.39067424401689216,0.3936761220306896,0.3735941795394685,0.40642669218849453
38,4,57.0,6,0.0,0.9,,0.22620353284806732,0.2937824712736792,0.38772196433927575,0.40161433963574716,0.3777157124644567,0.48179154210046826
38,4,58.0,6,0.0,0.9,,0.22437847620928655,0.29767680512941286,0.3920220686911743,0.401633987587901,0.37791523371754293,0.5451373300550518
38,4,59.0,6,0.0,0.9,,0.22273653002776633,0.29560114902956836,0.3916580814363794,0.40186794488548133,0.3805792039660217,0.5034925714109577
38,4,60.0,6,0.0,0.9,,0.2274558996408375,0.29815529286310427,0.39042635667029824,0.40087244021829455,0.3626582181864357,0.49392977437310936
38,4,61.0,6,0.0,0.9,,0.2284444286136556,0.2864655254058487,0.39310231350462127,0.40299017866161463,0.381810971212925,0.4501513570481482
38,4,62.0,6,0.0,0.9,,0.2226510254319492,0.28261882318639564,0.39360554633850797,0.40593920940843076,0.3749142714934607,0.4329862056077317
38,4,63.0,6,0.0,0.9,,0.2237122741359819,0.28461451213784383,0.39481161189512737,0.4095746348617208,0.38061180833921826,0.47249112064271914
38,4,64.0,6,0.0,0.9,,0.23333193617913936,0.2871754596648726,0.39294918103729665,0.40279349950757454,0.356169273184198,0.4355496683523749
38,4,65.0,6,0.0,0.9,,0.22087601567666532,0.28479537935496346,0.39062518300697036,0.4031349413547014,0.3729449211053101,0.3972018182271933
38,4,66.0,6,0.0,0.9,,0.21916598134169823,0.2946072482391128,0.3902607831271552,0.4064859390519084,0.40464333385771767,0.39725027746107083
38,4,67.0,6,0.0,0.9,,0.2107356099420464,0.3050697989350467,0.3891657839337932,0.412812965908544,0.4090525710659711,0.4334337081502705
38,4,68.0,6,0.0,0.9,,0.2101019687607389,0.3057702009161822,0.39017653291998444,0.40249477984839216,0.4204496214946528,0.439203938999744
38,4,69.0,6,0.0,0.9,,0.21399410185468398,0.29967117235601115,0.3903243869085533,0.4000350969577684,0.41430269700103206,0.4259832837410783
38,4,70.0,6,0.0,0.9,,0.23158360978657472,0.2919164261550432,0.3910148303718948,0.4043712625358615,0.46244024250009064,0.4153557000865565
38,4,71.0,6,0.0,0.9,,0.2361731013063016,0.29282634970196897,0.3935730924658985,0.40750820752604894,0.45013031383391616,0.3821734163317402
38,4,72.0,6,0.0,0.9,,0.2315243176556677,0.2978907005300778,0.3911243121498519,0.41067797441449594,0.43445112440862294,0.4156694271917963
38,4,73.0,6,0.0,0.9,,0.22981768899216398,0.2979697846715041,0.39174335549283146,0.40626114798030566,0.4263521461636011,0.3822545018183612
38,4,74.0,6,0.0,0.9,,0.2229234748035962,0.3070950239848466,0.3922385901672151,0.4040574580487203,0.44675060094960617,0.4119292309248602
38,4,75.0,6,0.0,0.9,,0.21456752583220165,0.31475923090502805,0.392634777906722,0.4060671218782935,0.44835831805263593,0.4078125707866631
38,4,76.0,6,0.0,0.9,,0.21404529680035647,0.30765447349252817,0.3914569295538816,0.4046144693241757,0.402522785247061,0.3446342951831115
38,4,77.0,6,0.0,0.9,,0.2346986884480103,0.3035832837200606,0.39134870421567103,0.40074324761058433,0.4100537862054029,0.39079579994585945
38,4,78.0,6,0.0,0.9,,0.21128453850683063,0.3120725527917661,0.3893448015496698,0.4031103002410231,0.4111370147322487,0.3791753914040291
38,4,79.0,6,0.0,0.9,,0.22909107747807145,0.31007771923748223,0.3922370694081185,0.4081285304818021,0.42160621570396106,0.4011110865544307
38,4,80.0,6,0.0,0.9,,0.22083747748834254,0.3112762598912777,0.39197281609906054,0.41305156805962495,0.41046271245147475,0.4182760482067202
38,4,81.0,6,0.0,0.9,,0.23085692185350143,0.3144256241519418,0.39153009443479064,0.40956189322678077,0.43183239824801334,0.39220232732444804
38,4,82.0,6,0.0,0.9,,0.23426649656811932,0.31119772356899533,0.3903239670690272,0.40551389958100825,0.4306893408108385,0.38352397830341567
38,4,83.0,6,0.0,0.9,,0.23130744484461757,0.30662562099554524,0.389519695955828,0.4076598367869556,0.40608159377996333,0.3996099618750787
38,4,84.0,6,0.0,0.9,,0.23765511549643242,0.3019567224329643,0.38979891733722816,0.4050349660454565,0.4297671145639736,0.4252652344647541
38,4,85.0,6,0.0,0.9,,0.2468507113860158,0.2915308140902962,0.39002229444234826,0.4002409157503859,0.4290506379577935,0.42338970255095026
38,4,86.0,6,0.0,0.9,,0.24316207302781337,0.2857491093230529,0.3929396945016729,0.41029185032418625,0.44352899065736606,0.4886475628068413
38,4,87.0,6,0.0,0.9,,0.23468979897374434,0.28846424892019507,0.39239218208477833,0.41260793299887827,0.4324521870748116,0.4672485965088679
38,4,88.0,6,0.0,0.9,,0.2345919658297785,0.2877746622517228,0.3931801752917594,0.41193637107714737,0.43985685726875595,0.45556918393009305
38,4,89.0,6,0.0,0.9,,0.23515897958705825,0.2967914336352053,0.39530536840179026,0.40685294844873693,0.42417947216336066,0.4327588411749309
38,4,90.0,6,0.0,0.9,,0.2326303426757057,0.2913359915803523,0.39400493144301113,0.39964478268513864,0.4358362823165166,0.4365724381369752
38,4,91.0,6,0.0,0.9,,0.24350185139469688,0.2877597894178398,0.3940478509273588,0.401014064013808,0.44681509263854063,0.4563221444499509
38,4,92.0,6,0.0,0.9,,0.239913923185029,0.2928520847219826,0.3934214413144528,0.39943903084152044,0.45007803453468426,0.48268091922519085
38,4,93.0,6,0.0,0.9,,0.22196153538820873,0.30081090357311946,0.3935810588245122,0.3961393328184611,0.4175983558934891,0.49897133874247424
38,4,94.0,6,0.0,0.9,,0.23897280330545248,0.30072148337314814,0.3937087528325597,0.40304598110351364,0.41650935642120546,0.47702495471201833
38,4,95.0,6,0.0,0.9,,0.24105382967892353,0.30101557484355435,0.3942334318899845,0.40071376619304716,0.3999710242109967,0.4773551744234907
38,4,96.0,6,0.0,0.9,,0.2514932577736842,0.29968153264091524,0.39314738223356654,0.39468023362295457,0.4287006982901964,0.5058676708551831
38,4,97.0,6,0.0,0.9,,0.25185635145422436,0.2926027184143939,0.39336181155980326,0.4084263749564201,0.4148165265063799,0.5165630734525436
38,4,98.0,6,0.0,0.9,,0.23605223049475593,0.30384672334968477,0.3943674083648542,0.40176974169410345,0.40379151904044114,0.5076892497221084
38,4,99.0,6,0.0,0.9,,0.23209687955001912,0.29727401634198986,0.39259381821307804,0.40284643673108844,0.407200234711434,0.5126057716998021
38,4,100.0,6,0.0,0.9,,0.2503323127830744,0.2877087556814585,0.39225821514302817,0.4040741452628053,0.4133248116678937,0.5282753856443809
39,4,21.0,6,0.25,0.0,,0.32832604641940116,0.4627902448787659,0.5895044023480608,0.6563036882923855,0.594087168100862,0.5320706241302087
39,4,22.0,6,0.25,0.0,,0.3122920437218342,0.49236973853721794,0.5925800034494331,0.649154253926315,0.5817161652466375,0.525812381024708
39,4,23.0,6,0.25,0.0,,0.30524551361023866,0.4900619694817213,0.5889910012840184,0.6664098778765581,0.6245864131210805,0.5151236943135686
39,4,24.0,6,0.25,0.0,,0.3198031141852689,0.47333701778211446,0.5709196132456499,0.6333788409983121,0.6041403158376433,0.5207389207760702
39,4,25.0,6,0.25,0.0,,0.33223634908207134,0.4552315511956448,0.5704463463210003,0.6423326022234743,0.5874268375117947,0.5191329395409833
39,4,26.0,6,0.25,0.0,,0.3152609297171015,0.4583811669482369,0.605132481766965,0.6378295345946857,0.5882068649714518,0.528654524436774
39,4,27.0,6,0.25,0.0,,0.2983322038447877,0.4575472844895822,0.603682353479687,0.6486005050412681,0.6113764498451701,0.514065647525598
39,4,28.0,6,0.25,0.0,,0.2846434905092431,0.4664711878885095,0.6157554586037417,0.653200518198542,0.5899870552819884,0.5031169460242598
39,4,29.0,6,0.25,0.0,,0.2988434583911871,0.4727062635150789,0.6012393771444493,0.6595721030952789,0.6131757944994907,0.4891219699805006
39,4,30.0,6,0.25,0.0,,0.28489395095571085,0.4631684515938038,0.5867561177066943,0.6491345754260297,0.615392998882526,0.5388044007602456
39,4,31.0,6,0.25,0.0,,0.3198734960796638,0.4975385300623708,0.5952793739793989,0.6068636471717463,0.5843258005853422,0.5327479670646531
39,4,32.0,6,0.25,0.0,,0.34006948723145775,0.5036093720830296,0.5969404030422002,0.5750079537471331,0.5636016923221192,0.567183470339148
39,4,33.0,6,0.25,0.0,,0.35786094924505885,0.509943355576185,0.5915662702394459,0.5780546846337686,0.5332817159041141,0.561491999574492
39,4,34.0,6,0.25,0.0,,0.3221872153260059,0.49331396172300235,0.5986798341286066,0.6131869908801861,0.506267625780997,0.5632694992969529
39,4,35.0,6,0.25,0.0,,0.3248106625260571,0.49205287223087646,0.6226580562244224,0.6284124839162835,0.5204950626477288,0.5294081997461317
39,4,36.0,6,0.25,0.0,,0.3012602275162449,0.4897844476247341,0.6047599652547393,0.6266534092210917,0.5483346080463205,0.5241887323372201
39,4,37.0,6,0.25,0.0,,0.29805511771148085,0.4959840075049106,0.5993727922903945,0.6079467188122342,0.5559354868126378,0.5851244749957469
39,4,38.0,6,0.25,0.0,,0.3028635538241983,0.49389435336832366,0.5911191873282764,0.6313688690031324,0.5798325026175621,0.5811199819317946
39,4,39.0,6,0.25,0.0,,0.3337064524391075,0.4889884108955177,0.5835370342240234,0.6415258036292345,0.5724564014298867,0.6236779284278052
39,4,40.0,6,0.25,0.0,,0.32215699534649656,0.5034841116263256,0.6000870148068005,0.646085786435308,0.5704811890181366,0.6365391271846631
39,4,41.0,6,0.25,0.0,,0.3234975592301768,0.5108722180631223,0.5978136909897412,0.6307612775098785,0.5877723257528777,0.6162073479404908
39,4,42.0,6,0.25,0.0,,0.314477371256323,0.5080508418388486,0.6387359718184334,0.623430649264257,0.5860007199774301,0.5940586539026042
39,4,43.0,6,0.25,0.0,,0.3274179902571078,0.46565734875187204,0.6349743659853583,0.5960308839749149,0.5988661767498472,0.5893579466829195
39,4,44.0,6,0.25,0.0,,0.32829006554960655,0.4753227057119478,0.6055484893789751,0.5951358477934445,0.5974372913406606,0.5624338754343323
39,4,45.0,6,0.25,0.0,,0.35199497009291025,0.5166319866946097,0.583241537819858,0.6124047778115462,0.6302488711550865,0.5326966376434408
39,4,46.0,6,0.25,0.0,,0.3285513739569983,0.5409788950060139,0.5720414004321654,0.5899655364538583,0.6066997329883523,0.5494219881156754
39,4,47.0,6,0.25,0.0,,0.3098764336887365,0.5229226618453827,0.5711924687048933,0.5995732381791623,0.6327613863688321,0.529829747663136
39,4,48.0,6,0.25,0.0,,0.33939642881769616,0.5052224197355982,0.6087964530163583,0.5943609073569742,0.6151890114634774,0.49473153469135916
39,4,49.0,6,0.25,0.0,,0.3466219401538213,0.49012896531269884,0.6054457743497872,0.6148547112330809,0.5972788469200487,0.443661320311702
39,4,50.0,6,0.25,0.0,,0.3330589425904552,0.47844690021026776,0.5869881018979707,0.6483377199688422,0.6026148719588489,0.45664224043004803
39,4,51.0,6,0.25,0.0,,0.3404255143616144,0.47250945602779015,0.5821680660092174,0.6764077941732236,0.5736133294704755,0.4951150910407005
39,4,52.0,6,0.25,0.0,,0.3441043082557665,0.4739830363602745,0.6002952172547332,0.6709082493227525,0.5697348029754765,0.551594443666527
39,4,53.0,6,0.25,0.0,,0.3637937733541009,0.49454949256425734,0.5899689098002916,0.6433356438746454,0.5602997407096512,0.5499530890813334
39,4,54.0,6,0.25,0.0,,0.34810156614668025,0.4972747182078132,0.5902431215512622,0.6281269821712073,0.5546204616443065,0.5578701640545625
39,4,55.0,6,0.25,0.0,,0.3510695236156095,0.4771428260927658,0.58969887044738,0.6252827654942299,0.556021423858572,0.5751683118704568
39,4,56.0,6,0.25,0.0,,0.3347396914292478,0.4803403702397834,0.5742029720638244,0.6209026193559536,0.5793908002460166,0.6260228222681241
39,4,57.0,6,0.25,0.0,,0.3346428783226213,0.48176621866855995,0.5737489761398682,0.6019813034312428,0.5447124419610265,0.611012363570879
39,4,58.0,6,0.25,0.0,,0.3233338177467639,0.4878524994684395,0.5711202210913192,0.585496283093618,0.5788509841250908,0.6474007835540114
39,4,59.0,6,0.25,0.0,,0.3194818011717216,0.4980413352006967,0.6092990724362224,0.5991947108651854,0.58826847711358,0.5855448063577653
39,4,60.0,6,0.25,0.0,,0.3606743605328734,0.5025937843117723,0.623825818914381,0.6109534323281604,0.5609081921133218,0.5996683943095971
39,4,61.0,6,0.25,0.0,,0.32783214059417876,0.4972951642854313,0.600875412850456,0.5908755052132002,0.5693745911735892,0.6133136970055524
39,4,62.0,6,0.25,0.0,,0.3545122799385682,0.5046220303262586,0.5776995208376109,0.6013992938913564,0.5953410683476947,0.6160332019981783
39,4,63.0,6,0.25,0.0,,0.33495805126468575,0.49937627023074294,0.6037024360670189,0.5855009830181972,0.5943788314319985,0.6019712246350083
39,4,64.0,6,0.25,0.0,,0.31074585342904826,0.5003525602372664,0.6070359780934645,0.5906327845798602,0.5620071833068335,0.6295107177303785
39,4,65.0,6,0.25,0.0,,0.3190777943394359,0.4795550576095935,0.6007607252505258,0.6036360458998005,0.5433401668619503,0.6234161839984569
39,4,66.0,6,0.25,0.0,,0.35452027441771944,0.47368478286620963,0.6064518469478074,0.6279644454667612,0.5729173420718248,0.6190479790956804
39,4,67.0,6,0.25,0.0,,0.32885078126809064,0.4747821173827809,0.5953201463474609,0.5961838866617352,0.568934497872203,0.6098370936570205
39,4,68.0,6,0.25,0.0,,0.3205416383901556,0.46578327324101004,0.5926302343995715,0.581040559094475,0.5823953400634585,0.5915765793737109
39,4,69.0,6,0.25,0.0,,0.3258817714366484,0.45431770618715184,0.5814758931470461,0.5858683618438366,0.6005494434367862,0.568587389409393
39,4,70.0,6,0.25,0.0,,0.31383454933743404,0.4651873263572356,0.5805054164579584,0.5908927826371513,0.5780111825304941,0.551519255339044
39,4,71.0,6,0.25,0.0,,0.3194186604305068,0.45354362803922943,0.5506677250414724,0.5880824916024215,0.586749930307098,0.5530004480828964
39,4,72.0,6,0.25,0.0,,0.34343496493840475,0.4287772665206166,0.5752805789164885,0.6323839425798703,0.5913047606275157,0.535589033688723
39,4,73.0,6,0.25,0.0,,0.3760005062335173,0.43576381201338704,0.5883792778223623,0.6269564201494178,0.5778837975608933,0.5439665576486277
39,4,74.0,6,0.25,0.0,,0.3880721728610795,0.42916660367810977,0.5716344645880281,0.6550426317199587,0.5503589005640468,0.5551732461189022
39,4,75.0,6,0.25,0.0,,0.3612589213713831,0.43348786095422,0.5812472287461152,0.657419507685791,0.5374494533213257,0.5404910024432893
39,4,76.0,6,0.25,0.0,,0.3530451869987017,0.4425853701435346,0.5686975134261254,0.6571319532435498,0.5536043632109116,0.5587119150911058
39,4,77.0,6,0.25,0.0,,0.343814126714593,0.48242888011082236,0.593758733982936,0.6558386584466358,0.5483711136761549,0.5351925321332056
39,4,78.0,6,0.25,0.0,,0.3705670466288395,0.4815353730830916,0.598813751303727,0.661978186125803,0.5461556835139818,0.5285206785144718
39,4,79.0,6,0.25,0.0,,0.3703307721553018,0.48860436477419766,0.5912321208174214,0.6331238231548513,0.5982069769790387,0.5464307569152542
39,4,80.0,6,0.25,0.0,,0.3436461085996672,0.4931536350311635,0.5959544176188746,0.605542858813533,0.5485244959680031,0.5703235335897007
39,4,81.0,6,0.25,0.0,,0.3479487366057464,0.47939911012428693,0.6022441358085434,0.5955774603119056,0.5725908378461045,0.5721005674172703
39,4,82.0,6,0.25,0.0,,0.32552547424454026,0.4977787902299064,0.6246859230921179,0.5921190288875372,0.56528669697043,0.6183196437781353
39,4,83.0,6,0.25,0.0,,0.31605846254751463,0.5025464116735017,0.6165212135943615,0.5822293363498605,0.5764932872130831,0.571804856455757
39,4,84.0,6,0.25,0.0,,0.2964393966651973,0.4881707766797591,0.625457662862493,0.5882461843528576,0.6109313382170958,0.5200185399286762
39,4,85.0,6,0.25,0.0,,0.3104144383381316,0.4966123429575693,0.6042630010719019,0.5919921344568106,0.6365649530251543,0.5945857377408305
39,4,86.0,6,0.25,0.0,,0.30810529650805046,0.5110105581715157,0.5818459463500408,0.6076228264825109,0.6165304751263134,0.5739456018563279
39,4,87.0,6,0.25,0.0,,0.3225739649157143,0.4899521056926271,0.569984678241581,0.5960176088448563,0.616595655781381,0.5415238074275563
39,4,88.0,6,0.25,0.0,,0.31497196749682427,0.4993601350943627,0.5875850625726817,0.6092698684983069,0.614337725758854,0.5411753514469552
39,4,89.0,6,0.25,0.0,,0.32022039686335835,0.48763862644826944,0.5822788037537816,0.6159131456357491,0.6283427780384258,0.5153300570093892
39,4,90.0,6,0.25,0.0,,0.32602545181176557,0.4873503875276737,0.5797008061569902,0.5895720924780137,0.5979636342039809,0.5415175070977145
39,4,91.0,6,0.25,0.0,,0.3321245281869734,0.48262705577971704,0.5841208580760475,0.6020810896467349,0.5872780240671701,0.5483594616478917
39,4,92.0,6,0.25,0.0,,0.335302322125537,0.4726757738130784,0.6000888296709534,0.5933745447291284,0.5517682315685718,0.606439811053926
39,4,93.0,6,0.25,0.0,,0.35969814508317594,0.47836222282654023,0.5806245113413531,0.6160402430017539,0.5728809439267561,0.654300501708112
39,4,94.0,6,0.25,0.0,,0.3410284257259011,0.5040784039594114,0.6033991225516895,0.6115901604280802,0.5846746334410635,0.7003526542582926
39,4,95.0,6,0.25,0.0,,0.3419596998320632,0.4844441333524217,0.6032270303769002,0.6073686788913853,0.6036964215065954,0.6835588356990214
39,4,96.0,6,0.25,0.0,,0.31897939354627936,0.4812052365722982,0.6017759759135991,0.6179787340853163,0.6014727705614085,0.6636931702266025
39,4,97.0,6,0.25,0.0,,0.29949897452420043,0.47824568021515856,0.6059556832492071,0.6193779167763942,0.621043624481534,0.6282090275794598
39,4,98.0,6,0.25,0.0,,0.27786384738849734,0.4777998622319581,0.6094040942358618,0.6336413554412784,0.6252448269778782,0.6281210829468341
39,4,99.0,6,0.25,0.0,,0.30505771257663056,0.4896255034892773,0.6047770465186749,0.6348614181930581,0.5987470273350728,0.6579351699748015
39,4,100.0,6,0.25,0.0,,0.37928394494422857,0.4973333111922389,0.6167600859254504,0.6267385628310078,0.6271607875152801,0.608731464669996
40,4,21.0,6,0.25,0.5,,0.2528137882702342,0.3693774567750321,0.4474744619773395,0.4924725749425516,0.4943477289611181,0.47001812796451387
40,4,22.0,6,0.25,0.5,,0.24046612679534368,0.3691407937890041,0.46328131688595686,0.4906178417407966,0.509845188314719,0.48041317537559963
40,4,23.0,6,0.25,0.5,,0.2451273108425751,0.37811425385134634,0.46799418199145537,0.4625156200325494,0.4768449885153706,0.4948557529484872
40,4,24.0,6,0.25,0.5,,0.2467831055239845,0.392897876423994,0.4630453557481819,0.46129347559407324,0.5068999799081169,0.47188824802102775
40,4,25.0,6,0.25,0.5,,0.23539565182459538,0.38542883371032266,0.45207113159105095,0.4829792981637987,0.49716345325039235,0.4470399515107565
40,4,26.0,6,0.25,0.5,,0.23921990863924117,0.3876605874122598,0.45138038560788313,0.4999059945836084,0.4618347049717545,0.45591778346752115
40,4,27.0,6,0.25,0.5,,0.2804327785813623,0.3729459750506532,0.4518732448890878,0.5153733508814411,0.4482514547877443,0.45050249199629
40,4,28.0,6,0.25,0.5,,0.28228452684708627,0.3681032987621887,0.42376705161640105,0.5079145109450731,0.45001577174361385,0.48040199359703195
40,4,29.0,6,0.25,0.5,,0.3041910089356402,0.3662696181273287,0.42857675292091824,0.531781738552622,0.4279517580821654,0.4602482081343422
40,4,30.0,6,0.25,0.5,,0.3209405430613887,0.37715338162280526,0.3925149152289546,0.525553514538586,0.4344630532849701,0.4803617431192658
40,4,31.0,6,0.25,0.5,,0.31725084678447085,0.35060276262089457,0.39752166215569257,0.5390586481717266,0.42267827409342784,0.4905470470188574
40,4,32.0,6,0.25,0.5,,0.3067104599612863,0.3492699027869354,0.42627849664304185,0.5353733483709151,0.4286795159820799,0.47379587350640995
40,4,33.0,6,0.25,0.5,,0.29873731264014375,0.348986555323229,0.44216933521549195,0.5225942282819233,0.45823621855643326,0.45187177604426304
40,4,34.0,6,0.25,0.5,,0.2674188807534691,0.3439225660013045,0.4300786559316182,0.5348192486724612,0.4971887895611612,0.47436642881028784
40,4,35.0,6,0.25,0.5,,0.2660950169242947,0.34408039858584083,0.4126039643177453,0.5096374968596569,0.47920105904162796,0.5100786051413525
40,4,36.0,6,0.25,0.5,,0.2637239760323168,0.3415610518652015,0.43756282880841796,0.5198471010851639,0.4853529706582715,0.5153165283335206
40,4,37.0,6,0.25,0.5,,0.2555509549929123,0.3359529212621189,0.4551997809200411,0.5289355410384684,0.5003443806489647,0.5363514959686817
40,4,38.0,6,0.25,0.5,,0.2343046410256174,0.3620837848494795,0.4721736189756355,0.5133820763659313,0.5056387260792254,0.5223226086993973
40,4,39.0,6,0.25,0.5,,0.22073505338137153,0.3729574650751674,0.47810196095329144,0.5041929372953089,0.5007837537389698,0.4914957857266901
40,4,40.0,6,0.25,0.5,,0.2384903980070586,0.3594778674702316,0.4722023703960086,0.48177254442816303,0.49128701932121954,0.4928813946921749
40,4,41.0,6,0.25,0.5,,0.2459361416949016,0.3527706219122898,0.4950029087929707,0.4924178429949163,0.45012366312448676,0.4911675528959484
40,4,42.0,6,0.25,0.5,,0.24032679677210173,0.3574461662805639,0.5043944473782963,0.46830699759139227,0.47970631479816417,0.49385272282951265
40,4,43.0,6,0.25,0.5,,0.2430060721041914,0.3455933856606048,0.506623034170943,0.47863149186937326,0.5055362878545209,0.44972406184333324
40,4,44.0,6,0.25,0.5,,0.24832453899086904,0.3557289218780512,0.4712451433147574,0.44518088019414215,0.5204890751630218,0.44898231971315383
40,4,45.0,6,0.25,0.5,,0.23044331593017167,0.34907630095106457,0.46385926052620363,0.41514700410808086,0.546182771704135,0.46483380430355253
40,4,46.0,6,0.25,0.5,,0.2194070940152057,0.35052850896181387,0.4668400056910049,0.4209342348207482,0.4757993919683695,0.4860436455213056
40,4,47.0,6,0.25,0.5,,0.21781086623311538,0.3184818248270301,0.43922757553661046,0.4284265111368802,0.49104690246972016,0.4942680322153067
40,4,48.0,6,0.25,0.5,,0.2126314833100377,0.31259173950373087,0.445556470302212,0.4468697934550633,0.49141275267697565,0.4975824399458009
40,4,49.0,6,0.25,0.5,,0.2173397499017485,0.30837858997703005,0.4517400661947174,0.44256182818693873,0.4987667466182065,0.5153885606987523
40,4,50.0,6,0.25,0.5,,0.21582477701497607,0.312159091864049,0.4691738147934341,0.45530395587915323,0.4940015457406953,0.528054454905994
40,4,51.0,6,0.25,0.5,,0.217652784711511,0.32641911465175766,0.4798963256512043,0.4438051019129542,0.49007941510484115,0.4763564612837202
40,4,52.0,6,0.25,0.5,,0.2271033282279201,0.3264000738792626,0.4898241999983056,0.4521495657790989,0.4980555750666619,0.5092122462875741
40,4,53.0,6,0.25,0.5,,0.23986551002110024,0.32154458788868984,0.4849558815725695,0.4480768527330762,0.4513349882633911,0.4556559968523491
40,4,54.0,6,0.25,0.5,,0.23170966397507087,0.3030223462167488,0.4644922630316848,0.4666783677130176,0.44377090123980995,0.45350284813068054
40,4,55.0,6,0.25,0.5,,0.23086973416002485,0.30196649701595707,0.44359147911208474,0.4847080060057709,0.4342348393187995,0.4681115260623578
40,4,56.0,6,0.25,0.5,,0.2385761899358872,0.31748653912447344,0.4502972586693349,0.49286790589004814,0.46038164657365155,0.46010086792461174
40,4,57.0,6,0.25,0.5,,0.24587006374583947,0.33602309925004575,0.46356306840531003,0.486785053676315,0.44641601368965517,0.48471853409837606
40,4,58.0,6,0.25,0.5,,0.25743646790795005,0.3309728651822835,0.4699679087753827,0.5024464864254014,0.427353654301331,0.5187136610193946
40,4,59.0,6,0.25,0.5,,0.2559591555690354,0.336325873998519,0.4319545964427028,0.49356635027046003,0.42613292526728436,0.5113667908806562
40,4,60.0,6,0.25,0.5,,0.27181523822211784,0.3432866318823091,0.45914961426916506,0.4761600620842346,0.4188901725204272,0.5066395217129067
40,4,61.0,6,0.25,0.5,,0.25551201388028943,0.3560187538343391,0.4592040920876446,0.48089006052311556,0.4229168666947681,0.48364828693558753
40,4,62.0,6,0.25,0.5,,0.2850949326516897,0.34828237878028134,0.461154846199791,0.45794971813372787,0.4502786870815255,0.4910486693865364
40,4,63.0,6,0.25,0.5,,0.2602091130139049,0.3448737182541027,0.4968268906980593,0.45767550899460574,0.4288161342672252,0.5023545444796548
40,4,64.0,6,0.25,0.5,,0.26306440009863596,0.36525952417432234,0.4855849764504162,0.46444268047172993,0.4217335071774599,0.4963357823341723
40,4,65.0,6,0.25,0.5,,0.24535933884043973,0.3685436686533899,0.48328069392088446,0.49950759466842215,0.4340594857466405,0.4896688950734928
40,4,66.0,6,0.25,0.5,,0.2492890795390988,0.3569723861323434,0.4755778952803194,0.4848974893374092,0.4338914189218325,0.5054253305694074
40,4,67.0,6,0.25,0.5,,0.25005252247297227,0.3431777208924225,0.47692736873966945,0.48315483470837234,0.43114435624274383,0.5215834712257429
40,4,68.0,6,0.25,0.5,,0.2572538678880093,0.33691160841556245,0.4883398378465901,0.49852103914877316,0.4117736066253081,0.526446762201241
40,4,69.0,6,0.25,0.5,,0.2670858154874932,0.33577350157524083,0.4833941614546635,0.5021579133913568,0.45448382426002054,0.5111807881633736
40,4,70.0,6,0.25,0.5,,0.246792810626499,0.34665257956298723,0.4819567647100766,0.5175652834404955,0.47240320258661833,0.5388100180683899
40,4,71.0,6,0.25,0.5,,0.24636666469172502,0.3536519646443711,0.4808475414969372,0.5200109851481186,0.4362775767750893,0.5396662432281225
40,4,72.0,6,0.25,0.5,,0.26774071829610885,0.3727001849306674,0.4870778214284819,0.5288636951362281,0.4779136038980309,0.5564189618189661
40,4,73.0,6,0.25,0.5,,0.2760650139129606,0.35957042868550604,0.4490972933688423,0.49730663365800815,0.4736550940810556,0.5600468904010867
40,4,74.0,6,0.25,0.5,,0.27306682077842137,0.3894509982249591,0.4461439604240269,0.5041493033045097,0.44918952195825046,0.5200191651233854
40,4,75.0,6,0.25,0.5,,0.2565020555868068,0.3962021255510838,0.44181169489898087,0.48988149897060157,0.45655159459499617,0.5350426340335392
40,4,76.0,6,0.25,0.5,,0.25634836077606116,0.39773883186277836,0.4659120449157116,0.45185352744226764,0.43321536417715245,0.5200344227798405
40,4,77.0,6,0.25,0.5,,0.28019915191822575,0.39352673628087426,0.46701923308506565,0.4651004974197706,0.4338415178233941,0.5526739842975761
40,4,78.0,6,0.25,0.5,,0.28823374040313804,0.4058087416759422,0.47460657197930695,0.47143253005140967,0.3950603149581605,0.535865743370832
40,4,79.0,6,0.25,0.5,,0.29632593290087084,0.39507265186218693,0.45754506984895704,0.4927736080172517,0.4175143357956987,0.5006213181326675
40,4,80.0,6,0.25,0.5,,0.27715960825783703,0.39939505587697793,0.43514557083114386,0.4944098590535068,0.4161747827789051,0.49970561143985553
40,4,81.0,6,0.25,0.5,,0.2814193834436702,0.37915496898530343,0.4597591005055838,0.502151169990279,0.4233200270783752,0.5241052581381077
40,4,82.0,6,0.25,0.5,,0.2594910935012028,0.35108097677678884,0.45505782105810244,0.4914125752788836,0.40124838466627943,0.49137425533323914
40,4,83.0,6,0.25,0.5,,0.2532348291908905,0.3576189344096815,0.4817428402528218,0.47744122298976166,0.43742040063957843,0.46279037231646897
40,4,84.0,6,0.25,0.5,,0.24179802187960334,0.3704896623360846,0.4892569775328951,0.47709280764741957,0.47570660085583194,0.4549491076768544
40,4,85.0,6,0.25,0.5,,0.26671206441461875,0.3758380545600134,0.48225270093820927,0.4636463030711805,0.4615684661116643,0.4437980804463907
40,4,86.0,6,0.25,0.5,,0.26687281937000856,0.35555986029406994,0.49480700679969225,0.4778396081629951,0.4276002984092341,0.5006894971854716
40,4,87.0,6,0.25,0.5,,0.27059766421438497,0.3623408868001034,0.48863708776414433,0.4483523203650277,0.4540551426540914,0.5255460020034454
40,4,88.0,6,0.25,0.5,,0.27453236937496023,0.40324477265494457,0.4771897723078893,0.4339267515451163,0.5046842859690743,0.5218702930962479
40,4,89.0,6,0.25,0.5,,0.2656371265531646,0.3762985447899887,0.45922690279417433,0.43397595255164256,0.496367945835107,0.5102738815002887
40,4,90.0,6,0.25,0.5,,0.2833452266056464,0.37640181261988453,0.47790042560682855,0.4384873486369812,0.5155244912622197,0.5250373687323957
40,4,91.0,6,0.25,0.5,,0.28640120205968356,0.3619288434095506,0.48566502343658635,0.45928544573935814,0.5248441273910569,0.5167587524765418
40,4,92.0,6,0.25,0.5,,0.2815392680908785,0.3764399833528229,0.46466940169594056,0.46051770656560453,0.5067651154213278,0.4818933811168164
40,4,93.0,6,0.25,0.5,,0.27923260739833833,0.3910855702471907,0.4755091109870948,0.4585934950912353,0.49836466801583035,0.5201298032655742
40,4,94.0,6,0.25,0.5,,0.27282165345151,0.41287091534805836,0.464240249221862,0.48497921553690554,0.5246942531655623,0.5018944017941334
40,4,95.0,6,0.25,0.5,,0.2634742240357439,0.3833093202572636,0.4639132684837026,0.49207379954495584,0.5103659979356223,0.4781319782633238
40,4,96.0,6,0.25,0.5,,0.2554833107637969,0.38513702150861684,0.4507923597014358,0.46935508503556544,0.5261672700588771,0.49291105106893607
40,4,97.0,6,0.25,0.5,,0.2513964660585917,0.3773977642883555,0.46065093609922875,0.4719472411573119,0.5274819059970081,0.5097168136360545
40,4,98.0,6,0.25,0.5,,0.24429429305307426,0.37182636547427383,0.479021519072082,0.4761495255389666,0.5007710800823403,0.5147704713547968
40,4,99.0,6,0.25,0.5,,0.2581975529058694,0.362792871342122,0.4946021480670373,0.4946499093962172,0.45957300995203243,0.4799691975538599
40,4,100.0,6,0.25,0.5,,0.24482166721447923,0.3441735438243698,0.4825777267887412,0.46932885196845986,0.4416134745059024,0.45769650751466157
41,4,21.0,6,0.25,0.9,,0.20433894888139456,0.3239771655770915,0.42445667986094904,0.4294247079561896,0.4398427670342512,0.45059323076163527
41,4,22.0,6,0.25,0.9,,0.19819638894137964,0.3118534543479089,0.3888130898286546,0.4109874889184377,0.44661860729054864,0.4549936452450066
41,4,23.0,6,0.25,0.9,,0.19778745442640205,0.3249384651271011,0.3998895266943286,0.41747967172167205,0.4168578893589843,0.4660918978850822
41,4,24.0,6,0.25,0.9,,0.1938165246365803,0.30262575711819095,0.38249804359281836,0.4047692278187539,0.4029699072281188,0.43049488339375186
41,4,25.0,6,0.25,0.9,,0.19786543180523286,0.2997030170928503,0.3772964740481694,0.4180648796854567,0.4004559615137138,0.3955460763414478
41,4,26.0,6,0.25,0.9,,0.20963774667868887,0.30631420433742806,0.39152263722626374,0.42733183515901485,0.4167695711664817,0.4154387293500462
41,4,27.0,6,0.25,0.9,,0.19317621833027826,0.29962100963856503,0.40096778725940696,0.4570395993966917,0.42492295358303467,0.48126421050413953
41,4,28.0,6,0.25,0.9,,0.17455189770567323,0.296775533380699,0.3863149539101197,0.4430285881481608,0.42406358834796204,0.46327997378149754
41,4,29.0,6,0.25,0.9,,0.18054372447178005,0.29267398528564886,0.3947220156453784,0.43837042618843486,0.44143609666373695,0.44695433251210026
41,4,30.0,6,0.25,0.9,,0.1799203916448728,0.28472408228018814,0.3945088592629812,0.42128492933806455,0.4508253134078929,0.4694394642303136
41,4,31.0,6,0.25,0.9,,0.17871664584876157,0.28217918479236953,0.36814695047850826,0.41676706130403546,0.4504439179604994,0.43104065538255776
41,4,32.0,6,0.25,0.9,,0.18717936340873625,0.29987513773577296,0.3785156623811716,0.4119416269228761,0.42562107126125454,0.40562883241793185
41,4,33.0,6,0.25,0.9,,0.17710665731637504,0.2897587383071833,0.3949662517052764,0.41450477851306966,0.40966749852993856,0.4276199151325747
41,4,34.0,6,0.25,0.9,,0.17503128330994283,0.2723869123935284,0.38424161581128713,0.3964507555157931,0.44888951066662797,0.43125167138702186
41,4,35.0,6,0.25,0.9,,0.17800824631784845,0.27175628513838324,0.3854915873989119,0.40559962832510077,0.46397423725012166,0.42878830850621547
41,4,36.0,6,0.25,0.9,,0.17140531851209548,0.2749081005935529,0.39726938559198544,0.4304234109937911,0.47200132435897346,0.44281882414878204
41,4,37.0,6,0.25,0.9,,0.17005202225773397,0.28235661553428276,0.4036168717278022,0.41530370254771365,0.4350931311256841,0.43332480244130017
41,4,38.0,6,0.25,0.9,,0.1799719416419271,0.2739860164262112,0.3952445492630544,0.40549504734686437,0.4222707683058758,0.47219339355790596
41,4,39.0,6,0.25,0.9,,0.1816921186584654,0.2939113928832937,0.3655493874893714,0.4076998382470144,0.42986223915688315,0.44684569156694504
41,4,40.0,6,0.25,0.9,,0.199837245254607,0.29973725543712443,0.35386471556315874,0.4282637311162544,0.4129071042503253,0.4072852522304021
41,4,41.0,6,0.25,0.9,,0.2186763975660945,0.29754220635534484,0.34989013976454697,0.4290199214819306,0.40201280431331315,0.3914018049804825
41,4,42.0,6,0.25,0.9,,0.22208871726502366,0.27812738647032587,0.3491717651998189,0.4247823067761817,0.4146696629002018,0.39880817675441504
41,4,43.0,6,0.25,0.9,,0.2210951884636101,0.27720663252968286,0.3553621444185339,0.4225437737282616,0.41562656710435075,0.397145527342258
41,4,44.0,6,0.25,0.9,,0.2415014683145277,0.2688075909104658,0.36930514293174943,0.39727871101761847,0.3972765603462329,0.46536224745579374
41,4,45.0,6,0.25,0.9,,0.2529004175498282,0.25946316197363706,0.37660728317284126,0.39868077617741843,0.40161136040533707,0.530811630491563
41,4,46.0,6,0.25,0.9,,0.24378715078556246,0.23728761981462995,0.371117301173618,0.39431843229726443,0.44419765771079334,0.4897053229991668
41,4,47.0,6,0.25,0.9,,0.2817994144589358,0.24595928209557522,0.3643492412977364,0.3766563822067826,0.4334661350413239,0.4587728928421872
41,4,48.0,6,0.25,0.9,,0.2834952052486215,0.26444931844686853,0.3605604071842431,0.38185284827470845,0.43643123909427023,0.469785815555125
41,4,49.0,6,0.25,0.9,,0.2812811014203693,0.2615254566971815,0.3522764898346048,0.4023427008720727,0.416449075405426,0.42719292606799986
41,4,50.0,6,0.25,0.9,,0.2613496303598287,0.25007613080808955,0.34320648517826124,0.4272465938544934,0.39182626209909693,0.4016664334661949
41,4,51.0,6,0.25,0.9,,0.2670542701467583,0.24699559098554352,0.36579661905518035,0.40754198034109007,0.3888906773827519,0.43237419760509155
41,4,52.0,6,0.25,0.9,,0.2636402979526317,0.26310894037673216,0.3540666421013848,0.4183977285132575,0.42436443195644,0.39736600893835633
41,4,53.0,6,0.25,0.9,,0.2519013386020601,0.27097912506735516,0.37739101581231516,0.4361944839508934,0.4057638290882018,0.3879945791500298
41,4,54.0,6,0.25,0.9,,0.24036726024473473,0.2832798697860391,0.38400454925418404,0.4506011480769289,0.3863097351376067,0.433070153253052
41,4,55.0,6,0.25,0.9,,0.21842189939336515,0.27982756724447916,0.3796303775683391,0.4336514099796431,0.3967555585413495,0.42994229812355333
41,4,56.0,6,0.25,0.9,,0.2238077909728306,0.31032607792188244,0.38670699674907044,0.43584928913563115,0.37388713256984407,0.4548956714732809
41,4,57.0,6,0.25,0.9,,0.23020848826135132,0.2949255237917316,0.39421748433197756,0.4564601660853117,0.4040749601672893,0.4054178447600125
41,4,58.0,6,0.25,0.9,,0.25386476105418815,0.29278961043156726,0.399479680043311,0.46486343751697595,0.4593968368524994,0.41926598605169063
41,4,59.0,6,0.25,0.9,,0.2501174943361871,0.29940741112522273,0.3950422550977334,0.4694589069427419,0.47048525657231954,0.39521145609372565
41,4,60.0,6,0.25,0.9,,0.24875092500115556,0.2898731230019891,0.3860831127148095,0.4705134679257304,0.43559902734152056,0.43674756226909006
41,4,61.0,6,0.25,0.9,,0.2364104735703739,0.26882263009290924,0.3808159788999833,0.45538481438002265,0.45916136962506543,0.441618606369229
41,4,62.0,6,0.25,0.9,,0.21844409099131967,0.2807516434998636,0.36980148963539705,0.42883572846699813,0.4769021915553008,0.4377564803660273
41,4,63.0,6,0.25,0.9,,0.2259297434231423,0.2900677273192739,0.3806449034362621,0.39766978838084305,0.48498736221483013,0.42241403161282765
41,4,64.0,6,0.25,0.9,,0.21761090761027618,0.32254679051357493,0.37644074041480635,0.387255196069752,0.49489837952141535,0.4340643956700683
41,4,65.0,6,0.25,0.9,,0.23042328167202952,0.3050861335569268,0.39028683565852623,0.3657354580183301,0.48071441866225745,0.43711479831034294
41,4,66.0,6,0.25,0.9,,0.23761302912142615,0.2933183119554349,0.3680286078707466,0.37897458985970567,0.5216836080092684,0.46907513314880084
41,4,67.0,6,0.25,0.9,,0.2479360861277505,0.29096802430261176,0.3767904940124044,0.3766554451085574,0.4750998426700782,0.44661835800033556
41,4,68.0,6,0.25,0.9,,0.24603232641472275,0.2831623738770184,0.3782065454618067,0.379865400034835,0.43957703968930784,0.45986657797706404
41,4,69.0,6,0.25,0.9,,0.23133746898957064,0.2673124576018302,0.36121870131690687,0.38296622226615357,0.4354084421989219,0.45767651892910566
41,4,70.0,6,0.25,0.9,,0.24055638238739224,0.28177991666624075,0.35513949488612145,0.3847695317575756,0.43506082753237063,0.4513524274048889
41,4,71.0,6,0.25,0.9,,0.22229352472195227,0.31415196077122737,0.3540072665423282,0.408464304208717,0.42148649394889137,0.49029481851936385
41,4,72.0,6,0.25,0.9,,0.21080502545902574,0.32653560874364673,0.3675878268940249,0.41579454975213076,0.4207689850993953,0.47507929516283254
41,4,73.0,6,0.25,0.9,,0.22770164162565623,0.3143842006878531,0.33981960284207435,0.4122720357619224,0.42305348546955585,0.4789857488377578
41,4,74.0,6,0.25,0.9,,0.218332901459359,0.30994132507018113,0.3573567837534275,0.4026654177047124,0.44907533774532266,0.4968970436756622
41,4,75.0,6,0.25,0.9,,0.21523809741725425,0.2974135181482499,0.3732163347189792,0.410615289695076,0.4432211088246734,0.5075169466170921
41,4,76.0,6,0.25,0.9,,0.2050049921516798,0.2892661583341501,0.3725309028294283,0.3952988745232511,0.44331405183097916,0.47402457801824616
41,4,77.0,6,0.25,0.9,,0.21970574013332583,0.3072307557204373,0.3894376066523634,0.39821676725435956,0.40885202049328556,0.527407796849179
41,4,78.0,6,0.25,0.9,,0.22513896474264067,0.31693325838548003,0.3898450080032613,0.41210358019993176,0.4445244996834937,0.5194238393421547
41,4,79.0,6,0.25,0.9,,0.21460576865174516,0.30745905081211605,0.3946814438994656,0.4376545793146108,0.4326369788278626,0.532801637464196
41,4,80.0,6,0.25,0.9,,0.2019604321203779,0.3120687970017003,0.3822777801992938,0.442031896655959,0.43095262047843796,0.5282243795651402
41,4,81.0,6,0.25,0.9,,0.2109037537899217,0.3389455053315767,0.3775860987727653,0.44103210073054055,0.4280345398835551,0.49096780243141913
41,4,82.0,6,0.25,0.9,,0.21808892356807724,0.3261271575567478,0.343197026778277,0.4645348172919509,0.45685730195495167,0.4953039173692292
41,4,83.0,6,0.25,0.9,,0.23556035523273816,0.32256393247609794,0.360189372981531,0.47364860446393536,0.46921693435942996,0.49386904095601897
41,4,84.0,6,0.25,0.9,,0.23926194468213113,0.30487241120386704,0.39476153569757433,0.481925340971912,0.4646631335874602,0.5131939523802403
41,4,85.0,6,0.25,0.9,,0.2520987202157418,0.304289345600449,0.3855860139613552,0.4802365429090402,0.4646469430092277,0.45274266242794836
41,4,86.0,6,0.25,0.9,,0.2648616341338319,0.3280706267439993,0.3678019235695432,0.4468244831450285,0.4399262085397465,0.45436385414248004
41,4,87.0,6,0.25,0.9,,0.23050234555872612,0.33193877318466525,0.36251817845560086,0.4170083094469235,0.4017863234367439,0.4894601264259709
41,4,88.0,6,0.25,0.9,,0.23246286205592126,0.34529036007369773,0.36742693072462673,0.418631068120888,0.46120725850314914,0.5311681423029768
41,4,89.0,6,0.25,0.9,,0.2213252263997075,0.34451165965295694,0.35196006964363924,0.41557305244706855,0.4235904644063,0.4600258758646774
41,4,90.0,6,0.25,0.9,,0.2362852945571427,0.3271407647177028,0.3696308722009605,0.4118372393308253,0.4361182022602379,0.44944492219695054
41,4,91.0,6,0.25,0.9,,0.2302708140146529,0.32573173854667586,0.38238901390854,0.41184697213751936,0.42593598907843777,0.44288310500563144
41,4,92.0,6,0.25,0.9,,0.20477954136928353,0.3135576106238083,0.374258796494516,0.41269190629950697,0.4050636942818692,0.48433928981683616
41,4,93.0,6,0.25,0.9,,0.2112712376571134,0.30025953357488444,0.3501545513318944,0.4107934486620667,0.4072769794722609,0.46717681319672283
41,4,94.0,6,0.25,0.9,,0.2562225100527255,0.297449007424968,0.3619326166343133,0.4134634742562551,0.3606162710365098,0.4289179783486398
41,4,95.0,6,0.25,0.9,,0.232599527070498,0.30166870079219094,0.37377305553319995,0.4258608622632701,0.37967308104744213,0.4045982864684854
41,4,96.0,6,0.25,0.9,,0.235206956397266,0.2904368465135602,0.39252722786248384,0.43503340274141306,0.37875476438805195,0.4236786291747884
41,4,97.0,6,0.25,0.9,,0.23083587677176007,0.2764295567769278,0.3823945278878287,0.4373412105127684,0.40353086422375534,0.41334281487386787
41,4,98.0,6,0.25,0.9,,0.24447035222081417,0.27931329381279696,0.3682762556331614,0.42414691165092905,0.4273654772147708,0.4081872002706173
41,4,99.0,6,0.25,0.9,,0.23156587039758772,0.2924925759779725,0.35490113665429435,0.40170748615406293,0.4200939671245513,0.4222054055076553
41,4,100.0,6,0.25,0.9,,0.2257509938160144,0.2874607273991053,0.3575594692455328,0.39875879864084485,0.44504593082682,0.4150082842892175
42,4,21.0,6,0.5,0.0,,0.37933747217377994,0.4139891587140923,0.5685394433556219,0.5756631454012545,0.6584965223026659,0.5319228690346739
42,4,22.0,6,0.5,0.0,,0.3713276299536932,0.43832302625647035,0.5877371191061487,0.5698704229878335,0.649167038479454,0.5308546328655627
42,4,23.0,6,0.5,0.0,,0.37051083677892305,0.46333498861012856,0.6026135422864438,0.5517822009159081,0.6632467278046504,0.5261672556528604
42,4,24.0,6,0.5,0.0,,0.35671788544360383,0.45705738696353865,0.5938558381007246,0.5713993979511588,0.6422381966461826,0.5061499269641172
42,4,25.0,6,0.5,0.0,,0.3758025062067406,0.439646730706841,0.6117421916861359,0.5404673622350266,0.6198511609433524,0.5425462806068284
42,4,26.0,6,0.5,0.0,,0.36813254694377817,0.4492090426350358,0.5937776285242039,0.5769146247138146,0.5885691312504682,0.5268592187955421
42,4,27.0,6,0.5,0.0,,0.3623234497205169,0.4283525933515261,0.5648488462553327,0.6054340954217745,0.5750438104663098,0.48411674210129574
42,4,28.0,6,0.5,0.0,,0.3515359401272729,0.42386013042049,0.553696816378658,0.5966045417558494,0.5609977896488517,0.5046190578499437
42,4,29.0,6,0.5,0.0,,0.34289689658006717,0.4227918022955913,0.5588305459064373,0.6298940274126572,0.5253066291721888,0.48807017655520646
42,4,30.0,6,0.5,0.0,,0.3495861884080672,0.4318050961226012,0.5310004582820335,0.6362271046718908,0.5610386341235818,0.46591532359524673
42,4,31.0,6,0.5,0.0,,0.3755697339560401,0.4495679908323882,0.532001338885304,0.6072448013313299,0.5829154225175948,0.49182603402060926
42,4,32.0,6,0.5,0.0,,0.3871882745124724,0.4421473844727801,0.5382330206050827,0.6100648858360345,0.5895577212942857,0.4399820968210114
42,4,33.0,6,0.5,0.0,,0.3595231435680845,0.45386414559816696,0.5255033404547593,0.6028680752647577,0.577353506244718,0.48076853035530914
42,4,34.0,6,0.5,0.0,,0.37078792620272655,0.4458175954343167,0.5237831026205803,0.615136971864811,0.5497061014864368,0.44146235211021156
42,4,35.0,6,0.5,0.0,,0.3644681139906941,0.47475625003237915,0.5745560041785097,0.5902776433025833,0.5138609110113864,0.46626379870022855
42,4,36.0,6,0.5,0.0,,0.3331344590511395,0.46384991375869067,0.5748293506793913,0.5736665670810256,0.5261971181708341,0.48749323222270124
42,4,37.0,6,0.5,0.0,,0.3204434958708613,0.49716490101422417,0.5839786022713261,0.5855540320230547,0.5501980667722197,0.48700065269117615
42,4,38.0,6,0.5,0.0,,0.3149082309620294,0.5002480569087725,0.5545409701688652,0.5770351052020953,0.5909156148988743,0.5058411687277876
42,4,39.0,6,0.5,0.0,,0.348485073535661,0.4628189144931444,0.5275305832897368,0.5868007090929556,0.5697320206613863,0.4969516098988077
42,4,40.0,6,0.5,0.0,,0.318201730364848,0.4800464681721094,0.5859824663155941,0.5743099072513036,0.6016336563561234,0.47680188484328656
42,4,41.0,6,0.5,0.0,,0.3327201619481748,0.49699163997979656,0.5717833543053692,0.5453430174192708,0.6144769167876991,0.4728685727949625
42,4,42.0,6,0.5,0.0,,0.38095318480256274,0.49695829289492693,0.5700034925400536,0.5578040284303158,0.6217686075114129,0.4839106788447241
42,4,43.0,6,0.5,0.0,,0.33968892492867797,0.5001941302264881,0.5912179658822388,0.586827493548838,0.613497900886113,0.5050873427664853
42,4,44.0,6,0.5,0.0,,0.3332549232416592,0.49958308993601214,0.624256231223694,0.5718029089552037,0.6286437640524047,0.5093467551516444
42,4,45.0,6,0.5,0.0,,0.32432488567518586,0.5072800590636231,0.6063064003771184,0.5766289024741839,0.6171551523380354,0.5378400147408895
42,4,46.0,6,0.5,0.0,,0.33387120048957464,0.5172786304150181,0.5795726665033294,0.5486845289017511,0.5993741854183139,0.5508389899277131
42,4,47.0,6,0.5,0.0,,0.330931701862074,0.5273742261373612,0.6080244922965098,0.5328070237413186,0.6183632593100866,0.5343250939760231
42,4,48.0,6,0.5,0.0,,0.3192072942831657,0.4818349602722085,0.6147100373079165,0.4932947078612332,0.6347066537891328,0.5275999236111455
42,4,49.0,6,0.5,0.0,,0.31547558674607473,0.493998388490691,0.6235967536663027,0.5259608954728177,0.6467994109631844,0.5717400623462812
42,4,50.0,6,0.5,0.0,,0.3130519444807364,0.4929389609804069,0.6018254533500981,0.5482748538326608,0.6190297311756783,0.5237603519429141
42,4,51.0,6,0.5,0.0,,0.35115944817509315,0.48365812113833007,0.6302363844232384,0.5607610065832724,0.5824036520170626,0.5195973014777056
42,4,52.0,6,0.5,0.0,,0.36620658717618615,0.44400014059181514,0.6325176187192133,0.5621140450829107,0.5294751376322144,0.45969603011151444
42,4,53.0,6,0.5,0.0,,0.3726783729163138,0.46391458388208795,0.6440935426165351,0.5554176005151324,0.5330722654424512,0.4877764210725136
42,4,54.0,6,0.5,0.0,,0.36150691756468856,0.46943639012223615,0.5894759015379587,0.6016136275382061,0.5404995922875279,0.543713712003204
42,4,55.0,6,0.5,0.0,,0.3499651070202214,0.4926779190860489,0.5878182953368173,0.6418140407303627,0.5920815567707844,0.540748063289335
42,4,56.0,6,0.5,0.0,,0.34110842875772046,0.44463612556520815,0.5543900452357753,0.6321403456232437,0.5672648673450638,0.5327822836762303
42,4,57.0,6,0.5,0.0,,0.3874911144773325,0.42231743627255425,0.5707734714258643,0.6487418557714898,0.6050167289118666,0.5291799972579676
42,4,58.0,6,0.5,0.0,,0.3775138461464199,0.46383064413418174,0.5815787136300247,0.6175022114797513,0.5929372125795279,0.506783401929569
42,4,59.0,6,0.5,0.0,,0.36454769363957695,0.46144037474985033,0.5606449017159769,0.6110217810049291,0.5965330113016574,0.49274020196315577
42,4,60.0,6,0.5,0.0,,0.37589175676842956,0.4527444185605257,0.5503458257509543,0.6330658469900039,0.5737390233273941,0.511143980357313
42,4,61.0,6,0.5,0.0,,0.3615034000991417,0.4381846059391251,0.5603030767056795,0.6169965776396751,0.54999808392826,0.47236583520829106
42,4,62.0,6,0.5,0.0,,0.35038911516571564,0.4436066397690276,0.5323456569220004,0.6144394379270369,0.5421374029470103,0.46559429431491495
42,4,63.0,6,0.5,0.0,,0.33516382119361093,0.4452924199578804,0.5446776150724482,0.6410947867130135,0.5246904905508902,0.4165678683977232
42,4,64.0,6,0.5,0.0,,0.3394583369681936,0.45802886786606506,0.5342321823552216,0.6133731421226971,0.5536625204501426,0.48109440859742547
42,4,65.0,6,0.5,0.0,,0.39340449116707654,0.43410821993072035,0.5234621573588878,0.6090697793724044,0.5622367814379615,0.5128912957824532
42,4,66.0,6,0.5,0.0,,0.39536456895326605,0.42241771888252266,0.5110514669808912,0.6033507784413712,0.5666664302550526,0.5128340935853131
42,4,67.0,6,0.5,0.0,,0.36614691718412656,0.4157120730101057,0.5284606351006432,0.5994382441565109,0.5055748088272813,0.5264819903684537
42,4,68.0,6,0.5,0.0,,0.39163878519223133,0.3981328147320921,0.5098044694793036,0.5733806742235842,0.5302895011308975,0.5375424978395695
42,4,69.0,6,0.5,0.0,,0.3861530251340726,0.43170768370840323,0.5024921059815373,0.5786927106285086,0.5573777215776402,0.5317887400657542
42,4,70.0,6,0.5,0.0,,0.3996583818303558,0.42561772846515344,0.5607342500899253,0.5792870607641587,0.5692326573753284,0.5516719198134119
42,4,71.0,6,0.5,0.0,,0.39597397618547375,0.4530624883318401,0.5695659641845413,0.5704804377106221,0.5804175441822086,0.5232034493912867
42,4,72.0,6,0.5,0.0,,0.37019178189731144,0.4935681871094696,0.5335864958163998,0.5583573742834355,0.5467194481685022,0.5501497143469714
42,4,73.0,6,0.5,0.0,,0.393657685204056,0.4913021416005351,0.5253940001913379,0.5481363892688111,0.5385596521744161,0.5762251649370612
42,4,74.0,6,0.5,0.0,,0.4017305602857599,0.4888226696555741,0.5097824817308904,0.5736055794490255,0.572172853841985,0.5624636769188512
42,4,75.0,6,0.5,0.0,,0.3768210290427036,0.4568889650745921,0.548230410004417,0.5705105750446957,0.5705121393468517,0.5534855080681853
42,4,76.0,6,0.5,0.0,,0.4007918673690546,0.5018578351137253,0.546659610230163,0.5618580750915813,0.5265498359410178,0.48753937673126985
42,4,77.0,6,0.5,0.0,,0.3843902262789952,0.5152475808271506,0.579801813219122,0.5401219109536304,0.5284048896066027,0.5234342081524849
42,4,78.0,6,0.5,0.0,,0.36492198087345296,0.5069003229865743,0.573256008942516,0.5096788567233118,0.5455681136066235,0.5459977812238178
42,4,79.0,6,0.5,0.0,,0.3375836041963448,0.47547264256419164,0.5543532462444617,0.47804569801918956,0.5077816262149301,0.5257248213570841
42,4,80.0,6,0.5,0.0,,0.3310406850660647,0.477747286517172,0.5464544328101633,0.5025031076937833,0.4894691370014854,0.5410575422286295
42,4,81.0,6,0.5,0.0,,0.3421457453957955,0.48569541930120935,0.5523422301445314,0.5355945154561788,0.5124062231230304,0.5111920498648134
42,4,82.0,6,0.5,0.0,,0.34027921702270153,0.4781397974361596,0.5901832201083203,0.5379537612382026,0.5056783470949783,0.5296591230519356
42,4,83.0,6,0.5,0.0,,0.34257884176793896,0.43024375688457833,0.5653414532427387,0.5306261370998587,0.4865499299714676,0.5669830293534666
42,4,84.0,6,0.5,0.0,,0.35685398860306233,0.47711728200912384,0.5839030030458778,0.561243447627942,0.4316894092796251,0.5495182760371982
42,4,85.0,6,0.5,0.0,,0.35324084387937943,0.4993062634869453,0.586588848678482,0.6028967451606357,0.46243549169638437,0.4847533616020086
42,4,86.0,6,0.5,0.0,,0.33075278319531576,0.4798331953701003,0.5648275425278033,0.6347515729298219,0.4679660098699305,0.5122988675037949
42,4,87.0,6,0.5,0.0,,0.3400959321424776,0.4922576797244145,0.5749970342103743,0.6372868531735836,0.47803793406481204,0.5112849229150045
42,4,88.0,6,0.5,0.0,,0.3604846275008809,0.4688934584281782,0.6231587329770757,0.669059904581154,0.502078184893733,0.5196139918461912
42,4,89.0,6,0.5,0.0,,0.392396632399571,0.45597772340250947,0.5907491604592262,0.6702273732456067,0.531188868058842,0.5776788446803147
42,4,90.0,6,0.5,0.0,,0.4124029726046186,0.4530679604778987,0.5689882610580735,0.6532533603189759,0.5572765882490145,0.5651221746596999
42,4,91.0,6,0.5,0.0,,0.4429435855861657,0.4535918937503869,0.5535847098263557,0.6558572079774673,0.5391481994601574,0.5484080743464916
42,4,92.0,6,0.5,0.0,,0.44719003417672887,0.4495435316872312,0.5810581660078524,0.6556368659108358,0.5575331601703104,0.5036835939571638
42,4,93.0,6,0.5,0.0,,0.44577795219197985,0.4495693663009172,0.564899651340556,0.6089315453136638,0.544115697232791,0.4928407665591491
42,4,94.0,6,0.5,0.0,,0.4521498881301495,0.42892871386400033,0.5863751245751668,0.6131849022731375,0.5520162357036276,0.5290053311313793
42,4,95.0,6,0.5,0.0,,0.41481263412557323,0.44595946712892404,0.5981653924308497,0.6074200491323247,0.5509436381710822,0.5438459963261961
42,4,96.0,6,0.5,0.0,,0.41687258043457653,0.4253943961812735,0.6185968721823849,0.6000180326020106,0.5266551608856969,0.5011940198036517
42,4,97.0,6,0.5,0.0,,0.4162383179382442,0.3974281600412093,0.5889519923291117,0.6059340368441098,0.5152597581411185,0.4823281184737455
42,4,98.0,6,0.5,0.0,,0.3811323113218575,0.40505351683872864,0.5593529252695733,0.5758560663864637,0.5440999490538329,0.4881712794063464
42,4,99.0,6,0.5,0.0,,0.3872282894879473,0.4228759494897087,0.58120776001315,0.5870115616292145,0.5431714244078949,0.46780621758046725
42,4,100.0,6,0.5,0.0,,0.40515633999387096,0.4539302981524126,0.6077832427727667,0.5487369682418608,0.5602626040746383,0.4473497338493891
43,4,21.0,6,0.5,0.5,,0.2078927642430155,0.3972195006725906,0.42890902777563233,0.5002754683902193,0.4767811718482201,0.4254234008283458
43,4,22.0,6,0.5,0.5,,0.23134450301163892,0.3984142744883449,0.4378526167600668,0.49279805861404424,0.4525021223964119,0.42033872066267663
43,4,23.0,6,0.5,0.5,,0.23300348005120258,0.41261407499981706,0.4442458618378108,0.4954814361944343,0.441449755278606,0.4162709765301413
43,4,24.0,6,0.5,0.5,,0.2450744964973426,0.43195941173908325,0.5157491501280089,0.49874293476487663,0.45211485929337114,0.43873386007925036
43,4,25.0,6,0.5,0.5,,0.22066159239108699,0.43811980021133196,0.48826014048305744,0.4901791358157384,0.48562501352529647,0.4709870880634003
43,4,26.0,6,0.5,0.5,,0.22774768299720788,0.45870439506799937,0.4981391375889646,0.4783162893368524,0.4573637041493792,0.4863729853108735
43,4,27.0,6,0.5,0.5,,0.23378787927527828,0.45792646706873896,0.47173353677241725,0.495596976324296,0.48794648548821923,0.49819541066365397
43,4,28.0,6,0.5,0.5,,0.24680357918366247,0.4221872183577954,0.43637938583885366,0.4986827298613334,0.5320957815226204,0.4629422955928793
43,4,29.0,6,0.5,0.5,,0.23940402191627125,0.4284069301800745,0.4601785025022943,0.4906081918129944,0.5238916444559423,0.49104394491298653
43,4,30.0,6,0.5,0.5,,0.23536544564200193,0.466225373641812,0.45498459832768,0.5338961727029359,0.5562035606602604,0.49593136727875964
43,4,31.0,6,0.5,0.5,,0.2122584320498014,0.4292557886509815,0.5035192037968083,0.548853126522852,0.5216082067939661,0.48665250673525806
43,4,32.0,6,0.5,0.5,,0.20477028020377624,0.4178858073939781,0.5069972654982322,0.504425846369063,0.5085408182441179,0.47547665371744163
43,4,33.0,6,0.5,0.5,,0.24373911249001462,0.3781122495544492,0.48466472159773916,0.5165389644415022,0.49657171556756313,0.475921974121799
43,4,34.0,6,0.5,0.5,,0.27361019590958696,0.36787399789678726,0.4469741588487867,0.5612647586375497,0.4725823776045421,0.4921166800578708
43,4,35.0,6,0.5,0.5,,0.28530642713881915,0.3632633865870787,0.4687349946905351,0.5553772394302123,0.4562548295802381,0.49288065582992424
43,4,36.0,6,0.5,0.5,,0.3068340779725384,0.3894153920324824,0.4901179152806455,0.5107210918765605,0.48973189135874284,0.44005983377064756
43,4,37.0,6,0.5,0.5,,0.30243718979336487,0.38373351965577357,0.488924440948718,0.4770824808682069,0.4736773782192231,0.43719218085201195
43,4,38.0,6,0.5,0.5,,0.30200271256288835,0.37627509037694884,0.49754762178031325,0.5007494263447241,0.4484824636857616,0.4257788732405953
43,4,39.0,6,0.5,0.5,,0.3104536393412614,0.3678362657332047,0.4851681757226737,0.5190117493817791,0.4681794973553507,0.4057446215470642
43,4,40.0,6,0.5,0.5,,0.3194471532639459,0.36253614644681065,0.4779005109739014,0.499512076417756,0.4706571281499946,0.4345900809514367
43,4,41.0,6,0.5,0.5,,0.28553800027447973,0.37298763985848155,0.4426492555340541,0.47683371563259225,0.48161058227591125,0.4359504360602197
43,4,42.0,6,0.5,0.5,,0.28573363560183684,0.4081192365879705,0.4512747867379585,0.47194551551771025,0.451902966823116,0.4492684654237415
43,4,43.0,6,0.5,0.5,,0.2580865840407841,0.4214683959727597,0.4170476961281794,0.5146477111322147,0.45438141422457823,0.4919037856077514
43,4,44.0,6,0.5,0.5,,0.273430964037966,0.42876690031932246,0.40654257999008314,0.5276874114457918,0.45195737717996665,0.41765170365693766
43,4,45.0,6,0.5,0.5,,0.25805076020394235,0.40001146577954855,0.3978812600028422,0.5113228566804476,0.45999166511800704,0.4148669339992039
43,4,46.0,6,0.5,0.5,,0.27999011564705534,0.4230187110022193,0.42009132765547863,0.5281152666773591,0.48619194922159686,0.44500310081124894
43,4,47.0,6,0.5,0.5,,0.2881056557331684,0.4078835732800279,0.4231287848057435,0.5388397894356957,0.4461725026230213,0.4294345219198986
43,4,48.0,6,0.5,0.5,,0.2978694063702608,0.4029987444390759,0.41086066578758523,0.5388625599858556,0.3878084150668223,0.44627714622783926
43,4,49.0,6,0.5,0.5,,0.28418736223899943,0.4247035173342866,0.4353493292456042,0.5490865723044499,0.4239224839013346,0.391755461456544
43,4,50.0,6,0.5,0.5,,0.2926623616041123,0.42159970487024667,0.4656191948578807,0.5015705778280497,0.4217560468557192,0.4153528393885993
43,4,51.0,6,0.5,0.5,,0.29012242031236546,0.4274893740965438,0.49222321086079174,0.4456553452117227,0.38324031961627625,0.4187098553519576
43,4,52.0,6,0.5,0.5,,0.3238506157147333,0.3946682879525466,0.48391044924622123,0.4623048196338164,0.40331032151879603,0.4389086248746608
43,4,53.0,6,0.5,0.5,,0.28046242397170495,0.39763880026722226,0.4850342466276003,0.45259630131895767,0.4405987008734981,0.4388491671729688
43,4,54.0,6,0.5,0.5,,0.2887345255760956,0.38895985978777226,0.4897741454521573,0.4942539019543344,0.4360690031627222,0.4405100724777421
43,4,55.0,6,0.5,0.5,,0.2757532281032841,0.34579500410453484,0.5370069279984778,0.4806022491316243,0.4665525951755599,0.4844316572940956
43,4,56.0,6,0.5,0.5,,0.25546050887368277,0.36247047324073284,0.5123283904652605,0.4943898526164158,0.49510829186290195,0.42977863854646925
43,4,57.0,6,0.5,0.5,,0.24077053551690444,0.3519323183222446,0.5013534502300172,0.5032265556971401,0.5068596777140465,0.44216764011019255
43,4,58.0,6,0.5,0.5,,0.24929303413671797,0.3774754670233569,0.5008390083941959,0.5271676293370976,0.5191771306913509,0.4331443755389537
43,4,59.0,6,0.5,0.5,,0.2475520250496705,0.38011990444117305,0.49582078849822403,0.5194111716569982,0.49012649569066574,0.5081987927369196
43,4,60.0,6,0.5,0.5,,0.2646840336259571,0.37914323139383355,0.5005166313193495,0.5466105593622079,0.4834050069363596,0.4458603244655789
43,4,61.0,6,0.5,0.5,,0.23838942753317066,0.38145339939196843,0.47156882363332775,0.5519713270591118,0.5091301346708337,0.43860929057716325
43,4,62.0,6,0.5,0.5,,0.23472958198946184,0.3941138070310947,0.48543494783297325,0.5194398030307017,0.5758397483323977,0.4517714391623377
43,4,63.0,6,0.5,0.5,,0.25965576053295614,0.38894233397745337,0.4874872613792519,0.5339589301618615,0.533478566267564,0.46774490172780825
43,4,64.0,6,0.5,0.5,,0.25700533799913566,0.39139806845830416,0.4681253702432529,0.5572125599210038,0.5297737006910471,0.47611999711252107
43,4,65.0,6,0.5,0.5,,0.2699717072809,0.38139391517229604,0.462238320047729,0.5712791979189168,0.5975443855194837,0.5002541422118525
43,4,66.0,6,0.5,0.5,,0.2514416604114366,0.38093090169097676,0.45430891172622384,0.5590566994751132,0.559262320801535,0.48321155552453554
43,4,67.0,6,0.5,0.5,,0.2586573810495347,0.4019141605104988,0.4699378218575222,0.5411727286712276,0.5451397016190536,0.4754525058344131
43,4,68.0,6,0.5,0.5,,0.2641734964039428,0.3908235869596848,0.47841734123160806,0.5358006151368913,0.5336039773097101,0.5192411653131964
43,4,69.0,6,0.5,0.5,,0.23980109978947092,0.40388714155748595,0.48499037443323195,0.5328256906047786,0.5076361026707906,0.5098336024115957
43,4,70.0,6,0.5,0.5,,0.26845961577353283,0.4161288607236872,0.46815897481794433,0.5281124639863057,0.5295138083571461,0.5016766545446668
43,4,71.0,6,0.5,0.5,,0.2609470489039914,0.4324375666392668,0.47647813114416787,0.4926329498642069,0.5040222624140399,0.43151898708650344
43,4,72.0,6,0.5,0.5,,0.25760829707441224,0.43453581465882307,0.48608792079240015,0.4986221210693521,0.4655031252498434,0.4729488012048214
43,4,73.0,6,0.5,0.5,,0.25090772769225406,0.4494270657545883,0.48521319491163706,0.4518480473044221,0.4931575765649077,0.5078987651482973
43,4,74.0,6,0.5,0.5,,0.25867611553840036,0.44631339026449046,0.4582871901319299,0.48640369427995667,0.4730247488209086,0.5220845327867585
43,4,75.0,6,0.5,0.5,,0.26997763327466545,0.43876341217911907,0.4727471046565726,0.48062585181820355,0.4797940291026229,0.5671367469581662
43,4,76.0,6,0.5,0.5,,0.29404999063245707,0.4572019758641238,0.46556928522883173,0.4687630381213954,0.5526584121046587,0.507346209530261
43,4,77.0,6,0.5,0.5,,0.2967245084677658,0.44844257432944346,0.45847042610789224,0.4928135052322851,0.5174846852061927,0.48801807940008174
43,4,78.0,6,0.5,0.5,,0.2824843144826147,0.4280262468073565,0.49269426248170695,0.4278109353832716,0.4373076936285175,0.4762264905172664
43,4,79.0,6,0.5,0.5,,0.2589720798062676,0.40689418630226737,0.49081576588511133,0.43223187420010145,0.4213464590481305,0.5041458359980103
43,4,80.0,6,0.5,0.5,,0.2422810888230688,0.40160312812778304,0.497863227736065,0.40414723843017375,0.4721544816509491,0.5335433889255286
43,4,81.0,6,0.5,0.5,,0.2489412182945434,0.3928031102855236,0.5177694911106787,0.43625634045400996,0.49001161889091555,0.5125813305823348
43,4,82.0,6,0.5,0.5,,0.2682560166118544,0.38821326208537615,0.4795566885127136,0.4639609257642777,0.4266917438891574,0.4900812021998
43,4,83.0,6,0.5,0.5,,0.28125455383604164,0.4001450581604068,0.47883046601062346,0.5190775469346584,0.45909351344757604,0.4352108496695738
43,4,84.0,6,0.5,0.5,,0.2585623927543884,0.38948900280199733,0.4537653894235354,0.5215328004283957,0.4978659848791994,0.39722936318464647
43,4,85.0,6,0.5,0.5,,0.26457682569462715,0.3551897713294623,0.45317402065911594,0.5277093280716751,0.49822472659345224,0.3881733301846603
43,4,86.0,6,0.5,0.5,,0.25912542693727136,0.3537555763757702,0.4487745515209425,0.5328378016540026,0.5019918711640414,0.4080568546906984
43,4,87.0,6,0.5,0.5,,0.2850535054828164,0.3783410851217967,0.4268104431520971,0.5160457231324627,0.505145284755528,0.42597605858477056
43,4,88.0,6,0.5,0.5,,0.29284295799770516,0.364181898996753,0.42825183862419314,0.5197306258971145,0.50543441014781,0.482462552751248
43,4,89.0,6,0.5,0.5,,0.25353876785512297,0.33806498692155806,0.42532876430560684,0.48523327431269525,0.49936648053532035,0.4927361159136637
43,4,90.0,6,0.5,0.5,,0.23319574624647613,0.34883268249980215,0.4381433116020781,0.4860525403835518,0.5004022045804659,0.4771393143199245
43,4,91.0,6,0.5,0.5,,0.20964717662180682,0.3859637140020141,0.3938286962873583,0.4841726278738429,0.5138942879980678,0.512377252599159
43,4,92.0,6,0.5,0.5,,0.23468940776859376,0.37903018319256293,0.4153981394145322,0.4951617443838045,0.47844264535831843,0.4809990729875008
43,4,93.0,6,0.5,0.5,,0.2444455107676322,0.34483898942332525,0.41646833581110093,0.49780697883352765,0.4427923642324808,0.46325765328815816
43,4,94.0,6,0.5,0.5,,0.24662973147032557,0.3371621036199661,0.4280845654771387,0.5025635245959144,0.4438218470080494,0.4591631113321438
43,4,95.0,6,0.5,0.5,,0.26626813163654306,0.32747459830708103,0.42922294371315006,0.47198574258364145,0.4448697200091802,0.47685720696620876
43,4,96.0,6,0.5,0.5,,0.2855140681112007,0.3120450323656121,0.4307604203316049,0.4579237474699312,0.4719390777556737,0.5655590340888138
43,4,97.0,6,0.5,0.5,,0.3024400548267653,0.31154938528276543,0.434415461588915,0.4373078182717175,0.44953567266088984,0.5983620281860588
43,4,98.0,6,0.5,0.5,,0.3095555883720265,0.2853772709806287,0.4754948194441577,0.4196834261968821,0.4779990497800557,0.5777226413008101
43,4,99.0,6,0.5,0.5,,0.27171137456923916,0.3122635038644782,0.5008429349761472,0.39905306624291337,0.4429946182523077,0.5526570538745375
43,4,100.0,6,0.5,0.5,,0.30403449837146845,0.2922012846804619,0.516149748422794,0.4132069195825375,0.5017653020201663,0.5765092770484832
44,4,21.0,6,0.5,0.9,,0.2683138707819035,0.31039777829670856,0.4268119143503967,0.3921151209142374,0.4091173465889404,0.4658208061365693
44,4,22.0,6,0.5,0.9,,0.29399661715147296,0.2738852616902504,0.44420324540193806,0.3862085773563372,0.4252523859328517,0.4741862970523966
44,4,23.0,6,0.5,0.9,,0.2578133224176607,0.3109378219222387,0.4903526255899834,0.409407171713267,0.4813378581090377,0.5223815471273607
44,4,24.0,6,0.5,0.9,,0.2777788234259427,0.2866196306952336,0.49711559755236134,0.43606000258447086,0.48808689530041977,0.4808493659200037
44,4,25.0,6,0.5,0.9,,0.27838508827820024,0.30263295310532,0.4733684870035707,0.41527794492979575,0.4977700129777155,0.5001041688334897
44,4,26.0,6,0.5,0.9,,0.28879241557335583,0.32116117400690347,0.4627731684320957,0.4153616296213779,0.48866895304290037,0.5333768615802679
44,4,27.0,6,0.5,0.9,,0.24583412789420991,0.31983451109221595,0.4517896747496156,0.41747257251409886,0.4658758821361622,0.5828530097641942
44,4,28.0,6,0.5,0.9,,0.21772759069416553,0.3039080848120489,0.39423127498148924,0.4308755784511976,0.5057322167823267,0.5556974441729554
44,4,29.0,6,0.5,0.9,,0.19899120690339117,0.30753565184288467,0.40443226246246633,0.4235931925505013,0.47835049193246293,0.5279214309385566
44,4,30.0,6,0.5,0.9,,0.18579369869954038,0.2976697965577521,0.4140167131508039,0.4052229992198164,0.49548377418882705,0.5226749430515627
44,4,31.0,6,0.5,0.9,,0.15998487904143183,0.29731850702753226,0.42341279596698256,0.40540663673657235,0.4573434729690464,0.5558214196057383
44,4,32.0,6,0.5,0.9,,0.19951811369028344,0.31938518452684084,0.40413880856982826,0.44093575396947315,0.44757947493562317,0.5287424067405743
44,4,33.0,6,0.5,0.9,,0.22547503262151225,0.3272981269602127,0.4117107690527573,0.4467395241788269,0.48897902120907394,0.5230346375069759
44,4,34.0,6,0.5,0.9,,0.19917961432227124,0.35789238051905614,0.4424937940691261,0.46566030052810625,0.4507503345345474,0.5377920751548587
44,4,35.0,6,0.5,0.9,,0.19760654361921387,0.32769222359546124,0.40187185223972993,0.44313586471940464,0.48360415724622924,0.5808345157417423
44,4,36.0,6,0.5,0.9,,0.22168610873956052,0.332877577016513,0.43011572180374397,0.4476723059238193,0.46841629466038565,0.5606232060940328
44,4,37.0,6,0.5,0.9,,0.20280001581474064,0.30504017895979607,0.42048110221947865,0.43678713363858535,0.44276257962848947,0.6028379165506288
44,4,38.0,6,0.5,0.9,,0.21241810463440597,0.300939817758549,0.4657372050329328,0.4613610702251819,0.43957142143490435,0.5797977248704804
44,4,39.0,6,0.5,0.9,,0.19901116839725835,0.3268417543788498,0.47422612831005156,0.4711207089094319,0.4397219011812921,0.612360162043049
44,4,40.0,6,0.5,0.9,,0.20777936613621878,0.32668874495240713,0.46203169436757535,0.4695345288947939,0.4493836457979882,0.5532054456218909
44,4,41.0,6,0.5,0.9,,0.21488647568234426,0.3384296833476543,0.43395100088539806,0.47470709540968486,0.46177183339432804,0.5541042122326261
44,4,42.0,6,0.5,0.9,,0.20554834566697178,0.36553134261784265,0.4355596475792626,0.48657164538194086,0.4436120609091872,0.5656836298298117
44,4,43.0,6,0.5,0.9,,0.24691774831831922,0.39089002716554544,0.4068915785302125,0.4554768328605004,0.46467324100600405,0.5167687179933583
44,4,44.0,6,0.5,0.9,,0.22296670622464848,0.3674708643711332,0.3822372683917454,0.4640301100952512,0.44882580376724784,0.46959161210679207
44,4,45.0,6,0.5,0.9,,0.2591020768384834,0.35105939861089175,0.41326196861502956,0.41294345570861146,0.46206873508616264,0.42361143418653474
44,4,46.0,6,0.5,0.9,,0.2809759219770738,0.3589020132515442,0.39972868002182865,0.4158503612885408,0.44573486883778707,0.4302203510532772
44,4,47.0,6,0.5,0.9,,0.2856086581111385,0.3333632864866506,0.385070470069833,0.44754785080297343,0.42472442764329454,0.4621772249050962
44,4,48.0,6,0.5,0.9,,0.25139849854283675,0.3249165901784781,0.4075655224290132,0.416050500911894,0.4364548376710993,0.48963082035827943
44,4,49.0,6,0.5,0.9,,0.24435036458394385,0.3433650703601538,0.4407258829190246,0.4222715057805698,0.45082966484798215,0.4925071855828234
44,4,50.0,6,0.5,0.9,,0.2421982810545969,0.3479387007006006,0.4415334438852854,0.46500923646927134,0.44134645717406806,0.5347681138017653
44,4,51.0,6,0.5,0.9,,0.23547751003130787,0.3531294310449714,0.45359930408378835,0.4812031992691427,0.5120207769059711,0.5407594733050302
44,4,52.0,6,0.5,0.9,,0.22876068635027647,0.36234436449441043,0.4628359667513811,0.4504624586950444,0.4734688670476128,0.5136459205401125
44,4,53.0,6,0.5,0.9,,0.22721806658970736,0.3275617515895091,0.4278154805614188,0.4328041025368158,0.45425025350632364,0.5071510460485402
44,4,54.0,6,0.5,0.9,,0.20648367497727466,0.33539555558977396,0.4357246337809312,0.4391985299590904,0.432333106184936,0.4947035242341262
44,4,55.0,6,0.5,0.9,,0.2012831717464743,0.37288370689272227,0.41462729229218914,0.4004823041071977,0.3949289467065237,0.47538068677392226
44,4,56.0,6,0.5,0.9,,0.1860909972592722,0.35067457377153144,0.4281471833087468,0.38611636146907025,0.3726090653108436,0.4695961879094674
44,4,57.0,6,0.5,0.9,,0.2132683714239083,0.3325159289143823,0.4453129088097608,0.4119675266035167,0.42230910506264135,0.4636270958664842
44,4,58.0,6,0.5,0.9,,0.2498234200092701,0.30897887324082707,0.41419514828131165,0.43850525057794665,0.415420228957397,0.4649633086581922
44,4,59.0,6,0.5,0.9,,0.24921635949292598,0.3091183403622856,0.40246614714033474,0.4372681029383892,0.43563588165966605,0.48437128053764844
44,4,60.0,6,0.5,0.9,,0.25851381592391365,0.32722014039682185,0.4088419101417304,0.4219574961670727,0.4396287411151967,0.45895072822467
44,4,61.0,6,0.5,0.9,,0.2763866130452149,0.34338605671625533,0.42144820985029974,0.43187917172675655,0.4692536823053521,0.4436694972692843
44,4,62.0,6,0.5,0.9,,0.2958617127113666,0.33904841957243426,0.41643092622304617,0.4461688081373677,0.488988014617708,0.43417674071759044
44,4,63.0,6,0.5,0.9,,0.28831706825480496,0.3213117841562848,0.433129537948903,0.43288601065084825,0.47925964610553057,0.48000273477205074
44,4,64.0,6,0.5,0.9,,0.26213990091736095,0.31674994732016276,0.4747977165931778,0.4594323256461081,0.5087362972381563,0.44612799064751646
44,4,65.0,6,0.5,0.9,,0.2703633138594806,0.3361493781216839,0.42721849446714105,0.42248548736644836,0.4844793623681147,0.3710607708656269
44,4,66.0,6,0.5,0.9,,0.266230614094355,0.3178197735051466,0.4502663645241876,0.4379296305066938,0.4789528662421829,0.44170151193276297
44,4,67.0,6,0.5,0.9,,0.27753091108196715,0.32417704617530096,0.45893870546399695,0.4056751280996426,0.45045394726498555,0.42379725118469497
44,4,68.0,6,0.5,0.9,,0.2545317543372377,0.3405597443739,0.4246648283479078,0.42980710375611003,0.4705174684795842,0.4145532247825573
44,4,69.0,6,0.5,0.9,,0.2673129343253745,0.3615048255786211,0.4366938070849332,0.41121856798002215,0.474473637784814,0.44135040319463775
44,4,70.0,6,0.5,0.9,,0.2593404798048282,0.3583189459699213,0.43381923144441786,0.4039380635613897,0.4324862890961965,0.45351519038840327
44,4,71.0,6,0.5,0.9,,0.22225776940062678,0.34203673218903213,0.426448633970265,0.43839548030899184,0.44861576090592487,0.4803679445872028
44,4,72.0,6,0.5,0.9,,0.20360412310976894,0.3222870948141687,0.4372516556453355,0.45217709771859604,0.4637547418053051,0.5264868169131051
44,4,73.0,6,0.5,0.9,,0.21754765478752058,0.3366202085317038,0.4108207414768191,0.4541523169565397,0.4464645704341181,0.534285366614335
44,4,74.0,6,0.5,0.9,,0.221327178125407,0.3299466942885001,0.3896593040397228,0.4214818344347318,0.4085259780611937,0.5043368679250468
44,4,75.0,6,0.5,0.9,,0.2159189557820201,0.33869845352019157,0.40253962155646156,0.4564222434682564,0.4027215878464857,0.5252756559416781
44,4,76.0,6,0.5,0.9,,0.21934217569869316,0.36214880487024514,0.3634043376836408,0.41520681996881076,0.445718726052205,0.5037849282510308
44,4,77.0,6,0.5,0.9,,0.19414500829443268,0.32356600835968174,0.37448693931660665,0.3825576495248081,0.41935817515878543,0.49603573839875886
44,4,78.0,6,0.5,0.9,,0.19193767481947757,0.3198062252166534,0.3654042630091635,0.4032093987670457,0.46948385770281165,0.45841402254519126
44,4,79.0,6,0.5,0.9,,0.18199539077913446,0.31206768574341787,0.4042028034094579,0.3854478156184685,0.41837561646579,0.48172107366824896
44,4,80.0,6,0.5,0.9,,0.19411855694239827,0.28853969490326764,0.4399011859805825,0.4147555350029819,0.41003455177853504,0.4723432403674315
44,4,81.0,6,0.5,0.9,,0.1797447264639339,0.29306825417295723,0.41848689438245223,0.4428725400278998,0.43315396194900496,0.5364649127086213
44,4,82.0,6,0.5,0.9,,0.1864122358316826,0.30951525957488624,0.4145177696513097,0.44257065339413915,0.4395814835983269,0.502722515284626
44,4,83.0,6,0.5,0.9,,0.22421850799625723,0.2815351497315413,0.40241547697731034,0.4470153249243619,0.3917605591498373,0.47677717173886497
44,4,84.0,6,0.5,0.9,,0.23526194112424728,0.26339708883217255,0.43111213033418816,0.41770699624239443,0.36868888594502325,0.47686543214978966
44,4,85.0,6,0.5,0.9,,0.23347278398383842,0.2668895521507971,0.4331310961258451,0.43296592809171053,0.3500997271584591,0.4420206476038924
44,4,86.0,6,0.5,0.9,,0.22239055483786113,0.2685929620679578,0.4358367945885481,0.4647673615556755,0.3372140995837196,0.45631802420475587
44,4,87.0,6,0.5,0.9,,0.21035112202927833,0.2790264626568283,0.4401233846924975,0.4504268740465294,0.34677715125573993,0.4100542929217057
44,4,88.0,6,0.5,0.9,,0.22306243836714584,0.29106141113063416,0.41963633730976346,0.4459519811643454,0.4098955512570214,0.4496615820135899
44,4,89.0,6,0.5,0.9,,0.2300595643548336,0.3050977135380428,0.3748281500727871,0.4654099013738978,0.4327182850180102,0.5195409594401885
44,4,90.0,6,0.5,0.9,,0.25747913951987633,0.3074870341193062,0.363629718206302,0.4593801832066379,0.4051193833790637,0.5127464985713794
44,4,91.0,6,0.5,0.9,,0.2665077611120289,0.29861531665163804,0.3941820093166909,0.4860536585572891,0.4067170781967936,0.5448778472872632
44,4,92.0,6,0.5,0.9,,0.30979714087183746,0.28885000220658297,0.4357640231292142,0.4682498443950019,0.3999259034608976,0.5652251711146172
44,4,93.0,6,0.5,0.9,,0.2769029355779936,0.26547320056259716,0.41288425983324356,0.4872130437112136,0.4139088405597614,0.49393495962828926
44,4,94.0,6,0.5,0.9,,0.2784172667040895,0.2781979844799095,0.42024182309854663,0.4677729480898746,0.42923233642902614,0.49955497326307474
44,4,95.0,6,0.5,0.9,,0.2769482663753039,0.30621395358439735,0.42462023912328306,0.46397226624151944,0.4344681558307191,0.5149925902090573
44,4,96.0,6,0.5,0.9,,0.2827047119955815,0.3053011601622207,0.4162054709989911,0.46162175332075855,0.4244077656830042,0.5171506353962685
44,4,97.0,6,0.5,0.9,,0.29201751916619767,0.3102628450141153,0.4113318493896546,0.4884383776929269,0.4031113859104908,0.5138999934314122
44,4,98.0,6,0.5,0.9,,0.25628376090821897,0.327162979613184,0.385357448770816,0.5044377139607331,0.42405864140084637,0.531664596476086
44,4,99.0,6,0.5,0.9,,0.29504515401621983,0.33040024623092046,0.3681728673275354,0.5328203828796496,0.43114584078607043,0.5502823007842311
44,4,100.0,6,0.5,0.9,,0.29732400988346463,0.3256398546908471,0.34675355713158773,0.5153594670837489,0.5101515743414249,0.5239321409161078
