RunId,iteration,Step,cognitive_capacity,signal_noise,task_complexity,rng,1,3,5,8,12,18
0,0,21.0,6,0.0,0.0,,0.33347194466187735,0.4869125230474232,0.6076022858690941,0.6243853573968009,0.6098481807314051,0.5670648138768105
0,0,22.0,6,0.0,0.0,,0.3439879669552105,0.4842006510282933,0.6108496670131507,0.6269507726467668,0.6183978257177933,0.5942472065854074
0,0,23.0,6,0.0,0.0,,0.33339803971858506,0.49133010372260283,0.6109221215074493,0.6363501949971975,0.6304339957955891,0.6053550507417146
0,0,24.0,6,0.0,0.0,,0.3314177319641044,0.48952926251127743,0.6110241075233994,0.6321164141097093,0.6564019382416524,0.6261833342374971
0,0,25.0,6,0.0,0.0,,0.3465224690367276,0.49571126145095584,0.6086969281420715,0.625669568486422,0.6563690378027494,0.6292275596657085
0,0,26.0,6,0.0,0.0,,0.36325852540801384,0.4866398930812662,0.609399316517343,0.6247998810603121,0.6632151668901158,0.5906315977507487
0,0,27.0,6,0.0,0.0,,0.35333610073321037,0.48627592969107625,0.6075071945717375,0.6267231130401616,0.6548455435747168,0.5686063031130784
0,0,28.0,6,0.0,0.0,,0.337229636123888,0.4849869575188719,0.603980232615015,0.627660118143115,0.6617434525463521,0.5464235151738494
0,0,29.0,6,0.0,0.0,,0.3294463027827982,0.494726686589014,0.6075185556263321,0.6257530345725354,0.6334313305223739,0.531700153462118
0,0,30.0,6,0.0,0.0,,0.3459789485064186,0.5025956264756646,0.6064021157482443,0.6247244028233141,0.6538334955990448,0.5319785460275593
0,0,31.0,6,0.0,0.0,,0.34890756774785264,0.5030661716488739,0.6091910334330926,0.6312158793314939,0.6079097285666816,0.5354391812484317
0,0,32.0,6,0.0,0.0,,0.32044315613333463,0.5058940309231057,0.6124425631654729,0.6268869653850743,0.6093443653920314,0.4708874190339872
0,0,33.0,6,0.0,0.0,,0.33953292304782134,0.5109780026409949,0.6095556490613542,0.6258604616520242,0.6094517982748053,0.489666445488543
0,0,34.0,6,0.0,0.0,,0.3413638823083622,0.4934633460291307,0.6161580169815072,0.6259720576464621,0.6048938735543397,0.4900272249652038
0,0,35.0,6,0.0,0.0,,0.32918719825687665,0.49734325607403634,0.6146685102572537,0.6274796186163603,0.6420301236386028,0.5396657693849337
0,0,36.0,6,0.0,0.0,,0.33299785955890987,0.4980290023604074,0.6123015580257,0.624151774644526,0.632574304171784,0.5616739498473495
0,0,37.0,6,0.0,0.0,,0.34822083289118844,0.49423283664201695,0.6124977384718486,0.6270814563596503,0.6491297063311512,0.5482459569322657
0,0,38.0,6,0.0,0.0,,0.3377720693103666,0.4907676424439681,0.6038814465047959,0.6272146512961706,0.6483795554029359,0.5660875758261612
0,0,39.0,6,0.0,0.0,,0.35090281035867626,0.48116991428596456,0.6034677233723018,0.6353564730008492,0.6292175818990992,0.5628237429277567
0,0,40.0,6,0.0,0.0,,0.3590253041226053,0.49419282688014227,0.6012727068064235,0.6331853375253023,0.6129413112809331,0.564952363375889
0,0,41.0,6,0.0,0.0,,0.3508956236478092,0.4727488407116896,0.6019261445051032,0.6321039806454767,0.5875607790035109,0.5290977047890719
0,0,42.0,6,0.0,0.0,,0.3359833755991382,0.4748593585992425,0.5853295735076924,0.6308095955622506,0.5929728846921154,0.5229552282471167
0,0,43.0,6,0.0,0.0,,0.3200837715859378,0.4693553222480995,0.5911578900639857,0.6324775268054156,0.5883375292109676,0.575726738763664
0,0,44.0,6,0.0,0.0,,0.33171967477861586,0.47256680825318914,0.5947510658712326,0.6226530609834879,0.5764501710744028,0.5785465605017989
0,0,45.0,6,0.0,0.0,,0.3359374532967659,0.47295579931590437,0.5932901378361511,0.6245465605525019,0.5939635127517847,0.6131430890585257
0,0,46.0,6,0.0,0.0,,0.3262214717319555,0.4764664885251613,0.6020503472609885,0.6213579385123535,0.5562552553492341,0.624188963041982
0,0,47.0,6,0.0,0.0,,0.33153169651880615,0.48051515862104643,0.5993375698600013,0.6215111221233929,0.5842715653752685,0.6466546715070312
0,0,48.0,6,0.0,0.0,,0.30680648243351155,0.47296792722762726,0.5946192980807118,0.6150901122923549,0.5914946481545806,0.6446011174456437
0,0,49.0,6,0.0,0.0,,0.3055349468173599,0.47957437182813123,0.5983519305158579,0.6184962015995954,0.5603600211277139,0.6291713400371408
0,0,50.0,6,0.0,0.0,,0.2997254504639432,0.48124088361008266,0.5990954718789235,0.6204437951553283,0.5697142787840821,0.619620416709991
0,0,51.0,6,0.0,0.0,,0.31203085994083174,0.48684828171359945,0.5947617221287717,0.6258437285951025,0.5704788871651718,0.6338131534348259
0,0,52.0,6,0.0,0.0,,0.32756233265313994,0.494149834726878,0.5975514743750652,0.6229666464145838,0.5816013347846372,0.6154844871847825
0,0,53.0,6,0.0,0.0,,0.34768168671893507,0.4810922971810049,0.5980289208579154,0.6177048232773675,0.588465625878965,0.6370465975421732
0,0,54.0,6,0.0,0.0,,0.3392784894395729,0.47640944653559225,0.5965171199758844,0.6165656062211977,0.6077413513680247,0.5866057304536694
0,0,55.0,6,0.0,0.0,,0.34469528468139476,0.4865157710096706,0.5918311672443467,0.6200964274289362,0.6264901323125956,0.5991493593795896
0,0,56.0,6,0.0,0.0,,0.3617684500170127,0.4946008305889332,0.5873444591660261,0.6202283340683706,0.6444100731750504,0.5578379745070412
0,0,57.0,6,0.0,0.0,,0.3811930771016591,0.4796675851277996,0.5925320593841096,0.6257897262010659,0.6160313922052086,0.5287590340018224
0,0,58.0,6,0.0,0.0,,0.3591072937214557,0.47833554181819143,0.5920001244649127,0.6273087809598857,0.6249177927907201,0.5034923889292188
0,0,59.0,6,0.0,0.0,,0.3617892812633826,0.4658731225215075,0.5924325306578242,0.6248590761943512,0.6469012036793946,0.49512069646443635
0,0,60.0,6,0.0,0.0,,0.3531635733614674,0.4646929473721072,0.600005358177788,0.6216673665912946,0.6668177616960893,0.5102129128107542
0,0,61.0,6,0.0,0.0,,0.34533007024210377,0.4662146309103535,0.5989725636136212,0.6113516037257318,0.636063700323132,0.5193853580118678
0,0,62.0,6,0.0,0.0,,0.35023489496934845,0.4732735668179437,0.6046697589342181,0.6237498660803266,0.6560417895709518,0.537350390487118
0,0,63.0,6,0.0,0.0,,0.3502384025279327,0.4809641498887868,0.609603673674317,0.6250555586720928,0.6323914413114935,0.5779851657943875
0,0,64.0,6,0.0,0.0,,0.32278314694753096,0.48208787387102847,0.605530280288245,0.6215708973845816,0.6264620272249297,0.5884529792046032
0,0,65.0,6,0.0,0.0,,0.34132849084712835,0.48235628920877494,0.6048319455559311,0.6259554134202735,0.6226822647813297,0.5913888966946305
0,0,66.0,6,0.0,0.0,,0.3490099112556227,0.48455790299776524,0.6136989154022704,0.6290504206064103,0.636450463231643,0.5720753137827177
0,0,67.0,6,0.0,0.0,,0.35059970960865633,0.48884635244424157,0.6115258821417134,0.6244486486481724,0.6452933213751919,0.5933564660015233
0,0,68.0,6,0.0,0.0,,0.3527361269519156,0.4789158778609851,0.6071951826709958,0.627497847497227,0.641477691595259,0.5801142038553293
0,0,69.0,6,0.0,0.0,,0.33835397785382604,0.48910575670564116,0.6021450168893239,0.6266941740916673,0.60299007860806,0.5663143812669289
0,0,70.0,6,0.0,0.0,,0.37092456094443316,0.4853075023300068,0.6003289742903917,0.6219919334727144,0.6128882818274621,0.5829925673194027
0,0,71.0,6,0.0,0.0,,0.36322818408822,0.48811165656332206,0.5977417911626377,0.6238872351772653,0.6015140417950423,0.5405804640062941
0,0,72.0,6,0.0,0.0,,0.3683091271707054,0.5112422446891769,0.5951239350319135,0.6363348566315541,0.5807208481808541,0.5681647112051372
0,0,73.0,6,0.0,0.0,,0.34712475024829953,0.5045226334701786,0.6011888844445297,0.6369907419329189,0.5929038084247782,0.5884799684023893
0,0,74.0,6,0.0,0.0,,0.3322605557359593,0.4905587347253662,0.6040457642717578,0.6361747572908278,0.5765991106739433,0.618741502232272
0,0,75.0,6,0.0,0.0,,0.32597595930366263,0.49411541293186545,0.6041883704153228,0.6346262647291958,0.5886506372287125,0.6239781696377982
0,0,76.0,6,0.0,0.0,,0.3262671874910174,0.49227976177344396,0.6101267255696438,0.6296046254055104,0.5977398988501207,0.5735573490313131
0,0,77.0,6,0.0,0.0,,0.3457165348410558,0.4839947821311121,0.6069042567375188,0.62374312877135,0.609704215202347,0.5779581246379755
0,0,78.0,6,0.0,0.0,,0.36333408160535596,0.4913215050750243,0.607265502062063,0.6193017377894894,0.6195852496421717,0.6020453249443749
0,0,79.0,6,0.0,0.0,,0.3502126967690912,0.49457056142676087,0.6052851865326107,0.6201900761736204,0.6129681210659412,0.6152359394635385
0,0,80.0,6,0.0,0.0,,0.35775290969705764,0.4742054088213566,0.6138746221102549,0.6238853223887479,0.6299460282814654,0.6108686576301288
0,0,81.0,6,0.0,0.0,,0.36105604451869083,0.45881145469340145,0.6092464819957458,0.6241072147253378,0.6271132666642661,0.6384811747154135
0,0,82.0,6,0.0,0.0,,0.37554079236117294,0.4711615275789171,0.6130089649596562,0.6264089637892047,0.6553564447026107,0.5686179994294609
0,0,83.0,6,0.0,0.0,,0.4102259325857416,0.48681709572232823,0.6103949133255882,0.6281951621656008,0.6424078344776221,0.568097720741679
0,0,84.0,6,0.0,0.0,,0.39463396268411877,0.4881974810906652,0.6062904076180954,0.6249844709614844,0.597543220392597,0.5683047566351368
0,0,85.0,6,0.0,0.0,,0.36043471110341185,0.48345060218380176,0.6067091665756237,0.6272236068468587,0.6101471756902913,0.6042866622525509
0,0,86.0,6,0.0,0.0,,0.3457457063537711,0.4866586667322161,0.6071094299325468,0.6281634064117905,0.6159077889699321,0.6228791337508206
0,0,87.0,6,0.0,0.0,,0.3493703619187071,0.4945829833774276,0.6074209396129954,0.6287675196369286,0.6145566562114751,0.627974912973744
0,0,88.0,6,0.0,0.0,,0.34242222650065657,0.4961401096373127,0.6098336967100404,0.6312008261826435,0.6265955105257288,0.6224029089598786
0,0,89.0,6,0.0,0.0,,0.3427428783030269,0.4883695275138937,0.6058414343256573,0.6213554802591783,0.6309356575565089,0.6045457499671807
0,0,90.0,6,0.0,0.0,,0.3532975318681872,0.48922106919009656,0.6082046969392703,0.6254269084585902,0.6537126268290101,0.6162483174880742
0,0,91.0,6,0.0,0.0,,0.35500928272186305,0.486393862027738,0.6096594637955549,0.6244224140678523,0.6182338339079373,0.6071490776774853
0,0,92.0,6,0.0,0.0,,0.36443189134995374,0.47767088995298057,0.6115475734323026,0.6287010857176953,0.6188247937734944,0.6190921290072796
0,0,93.0,6,0.0,0.0,,0.3524146298609737,0.4677817587359515,0.6126832316333722,0.6317735095485889,0.6140307019047401,0.6192762242076724
0,0,94.0,6,0.0,0.0,,0.35784888892651906,0.4661356008091467,0.61581835718291,0.6290151842822814,0.5890831557975275,0.6223260596579696
0,0,95.0,6,0.0,0.0,,0.35409495544421926,0.4764096190417571,0.613062407071663,0.628655419136966,0.6058674036611651,0.6277212631344448
0,0,96.0,6,0.0,0.0,,0.3292103695575045,0.48509727813337394,0.6142052867296165,0.6239537709638512,0.6023150584300669,0.6279668663482914
0,0,97.0,6,0.0,0.0,,0.3495959936471113,0.47533853151927896,0.6062950676337397,0.620949963740562,0.5939005321158419,0.6410393944040226
0,0,98.0,6,0.0,0.0,,0.3335193601984733,0.4825580078242573,0.6114601658727035,0.6247719606111543,0.6178097299581695,0.654833378230708
0,0,99.0,6,0.0,0.0,,0.3483364679828834,0.48389204281583986,0.6095758540234979,0.6240502597180623,0.5917048343332248,0.6559841066594381
0,0,100.0,6,0.0,0.0,,0.35007748868017596,0.48682154162270674,0.6082466652788369,0.6274976944491806,0.5885752712755743,0.6609760722161111
1,0,21.0,6,0.25,0.0,,0.33461079283096734,0.5147323400817518,0.5658101254337056,0.6633394728139682,0.6548985319481982,0.6080223088326016
1,0,22.0,6,0.25,0.0,,0.3408370066136985,0.5137419329769628,0.5507715089661562,0.6503244152642459,0.6519404592344833,0.5495908485932106
1,0,23.0,6,0.25,0.0,,0.3608564139871315,0.5070375362714965,0.5734693907986593,0.6374552264553055,0.6106113210694409,0.522141225330853
1,0,24.0,6,0.25,0.0,,0.3792116608087579,0.48459042155389487,0.5656582519416378,0.6179407681197389,0.5812666894346579,0.5647411068088803
1,0,25.0,6,0.25,0.0,,0.3501272003974441,0.5016860807911562,0.5683108894527261,0.6407845453531289,0.6021675499252077,0.6010329022284382
1,0,26.0,6,0.25,0.0,,0.35643519363175774,0.5217651477173042,0.5644211031794584,0.6627723080100711,0.6193963135856829,0.5655616629947572
1,0,27.0,6,0.25,0.0,,0.37035385020761835,0.5381969672886038,0.5683986578781961,0.6264730805570748,0.6355330991894153,0.5578747501028828
1,0,28.0,6,0.25,0.0,,0.36914612084304455,0.5471754737595466,0.5755981347246338,0.6300560875935656,0.6243678554889437,0.5781527073981485
1,0,29.0,6,0.25,0.0,,0.35697275556593233,0.5671216665389862,0.5773191838658576,0.6195344122229478,0.6131722637492879,0.5936550595913472
1,0,30.0,6,0.25,0.0,,0.3840830784568371,0.5684003546758434,0.5691314596816178,0.6275114556189232,0.5779490021427908,0.5721784030292936
1,0,31.0,6,0.25,0.0,,0.40245884221607753,0.5535391566844897,0.5944056979947617,0.664023056794812,0.571514787203915,0.5867645324276135
1,0,32.0,6,0.25,0.0,,0.38732075628855805,0.5289078689376909,0.609355217962056,0.6719929766054479,0.5689102849439834,0.5964725766314247
1,0,33.0,6,0.25,0.0,,0.34009849035804995,0.5132400142433617,0.5826837299516824,0.673195516953179,0.5845002126311625,0.6155853381098366
1,0,34.0,6,0.25,0.0,,0.3438809190143034,0.5008203072142638,0.5772086705249884,0.6693656444128298,0.5607955115708799,0.5994536444942454
1,0,35.0,6,0.25,0.0,,0.3770674034247232,0.49414755088941514,0.5589203728037728,0.6833354058570833,0.56133336730193,0.61435362628425
1,0,36.0,6,0.25,0.0,,0.35955015337532603,0.47753107455311633,0.5740426419150572,0.6846742001018111,0.5542034798313562,0.6153276068217777
1,0,37.0,6,0.25,0.0,,0.35577306981270346,0.47571222926089074,0.5655219253844781,0.6696052487892012,0.5504676335311232,0.5926874489746441
1,0,38.0,6,0.25,0.0,,0.35501076241819085,0.46073260785814385,0.5858777375803017,0.6411174795488035,0.5461918140119183,0.5926132678403052
1,0,39.0,6,0.25,0.0,,0.3451700143848682,0.4613625253569518,0.5789486420666659,0.6420784915944091,0.5723124585124244,0.5470958206130551
1,0,40.0,6,0.25,0.0,,0.38633147015642233,0.4574588909839319,0.57245771511397,0.5940895736166224,0.5493672197567924,0.5055418187057439
1,0,41.0,6,0.25,0.0,,0.38112219911877127,0.4940190307111392,0.5838123595428053,0.5957319368187182,0.5595505954885784,0.5187580481095904
1,0,42.0,6,0.25,0.0,,0.3962429035308688,0.4855052490106536,0.6052711808106649,0.5896091516879964,0.5826749902650887,0.5460818658572821
1,0,43.0,6,0.25,0.0,,0.36423996353343424,0.48779416054829516,0.6178213198073905,0.607959099723593,0.6109881042489442,0.5430415746511477
1,0,44.0,6,0.25,0.0,,0.32710712036900114,0.49894499487994537,0.6010415765371132,0.5961812240974551,0.5962115229821914,0.47485492901402016
1,0,45.0,6,0.25,0.0,,0.31855590097850583,0.5087436733297985,0.5902747520139734,0.5878585103279059,0.6310990482637611,0.5115229402533463
1,0,46.0,6,0.25,0.0,,0.30991816573556064,0.5091886000334575,0.5802397995252933,0.5966107015854257,0.6438446411328497,0.5274118085061144
1,0,47.0,6,0.25,0.0,,0.33391896996796233,0.5069549184613493,0.5691885419084144,0.5824691085201519,0.6379866858505232,0.5844547238150459
1,0,48.0,6,0.25,0.0,,0.3320852985319721,0.5080650387982043,0.5655944937670806,0.5799304998842526,0.6432371008229649,0.5877695910732041
1,0,49.0,6,0.25,0.0,,0.3616474120315868,0.5068476260488115,0.5585835734764373,0.5774986621542619,0.6324180851610504,0.5729831180391883
1,0,50.0,6,0.25,0.0,,0.3618383959144452,0.5217272712639099,0.5748132810345465,0.5694298877474465,0.6572497440019018,0.571972893389133
1,0,51.0,6,0.25,0.0,,0.34698725842251454,0.5304599847321542,0.5982668009520886,0.5645255968093051,0.6647443336677836,0.604480180888127
1,0,52.0,6,0.25,0.0,,0.36441194695539497,0.5221269019356246,0.5991388600452356,0.5906317428202219,0.6571749039516658,0.5862645499967328
1,0,53.0,6,0.25,0.0,,0.3690768015297027,0.5213032781181582,0.5787314881717688,0.5998531061904717,0.6631246272200253,0.5825767107062821
1,0,54.0,6,0.25,0.0,,0.3889786202919657,0.5130804169780154,0.5676731909953319,0.6162003405602111,0.6983213971182387,0.5418380489228338
1,0,55.0,6,0.25,0.0,,0.3932722297208803,0.5112460452931346,0.5863637232495521,0.6405147218316496,0.7258781512536163,0.5321558723143089
1,0,56.0,6,0.25,0.0,,0.369693214068486,0.5357561869183814,0.5892406960499327,0.646467792750387,0.7419032347514459,0.6023539648181399
1,0,57.0,6,0.25,0.0,,0.36032681115576415,0.527614800254132,0.586031861463252,0.6589958535594481,0.686825822995701,0.5813593802939528
1,0,58.0,6,0.25,0.0,,0.3539800167498214,0.5223551110213112,0.5809393244615989,0.6656408289510181,0.7009247573778747,0.5286718969592586
1,0,59.0,6,0.25,0.0,,0.34717643660568465,0.4981853616916858,0.5774560975181849,0.6705460217248376,0.6629644337075279,0.4483773622998307
1,0,60.0,6,0.25,0.0,,0.3367210764680805,0.5024722966231673,0.587218348736787,0.6609049993046888,0.6793883172903559,0.49458302420375677
1,0,61.0,6,0.25,0.0,,0.35485979417052027,0.5124852468968167,0.5780139539093303,0.6208335677117475,0.6361003287773027,0.5355650551340427
1,0,62.0,6,0.25,0.0,,0.35213652425692044,0.487231077761696,0.5450600532506925,0.6244076133764941,0.6291935770242906,0.5624508485932129
1,0,63.0,6,0.25,0.0,,0.34112468947538943,0.4793176209140026,0.5422910456473591,0.6135482523681057,0.6129772332051221,0.5190818986844594
1,0,64.0,6,0.25,0.0,,0.3770280775908676,0.4638492103602476,0.5529160217598472,0.62971211700671,0.6492618608263847,0.5125715382999304
1,0,65.0,6,0.25,0.0,,0.3670814156548958,0.467258316101489,0.5945273349770768,0.6147973614958183,0.6206449756391252,0.5166499755956497
1,0,66.0,6,0.25,0.0,,0.3968685285892146,0.46645570304957296,0.6171404206806852,0.6283201922891447,0.6115492958762505,0.5721102981732501
1,0,67.0,6,0.25,0.0,,0.3595843895945867,0.4752582138665312,0.6142995623066745,0.603746376925381,0.6327740859807471,0.511754530760984
1,0,68.0,6,0.25,0.0,,0.3429714584251048,0.4748453814027478,0.6077441431660494,0.6036785368197051,0.6424609783971632,0.5252262740209324
1,0,69.0,6,0.25,0.0,,0.3612094088557991,0.46830054261501675,0.6057742019454588,0.5971638756009845,0.6333561188409048,0.5327115471733015
1,0,70.0,6,0.25,0.0,,0.35838521382665667,0.49522414563252937,0.6089041893964859,0.6214225261459598,0.6223839148254309,0.5630279182427641
1,0,71.0,6,0.25,0.0,,0.35918848038021306,0.47610045306199017,0.6115408969289988,0.6013636069567287,0.6610596402407485,0.585986610098296
1,0,72.0,6,0.25,0.0,,0.33039661426484135,0.4869523394127599,0.6173701361068691,0.6076167189796683,0.6285283975910141,0.5968263736152287
1,0,73.0,6,0.25,0.0,,0.31859254073450255,0.5024659571907123,0.6166746076846784,0.6138580272564937,0.6245148487260301,0.5550982589930651
1,0,74.0,6,0.25,0.0,,0.32483884308250605,0.5180019495845083,0.5739871094707998,0.6217711738382656,0.6330081468382565,0.5794878648067953
1,0,75.0,6,0.25,0.0,,0.3406843125711139,0.5124343671034941,0.5741919405841319,0.610078049071588,0.6195669285028227,0.5569310886209908
1,0,76.0,6,0.25,0.0,,0.3642687675408968,0.4985365711397204,0.5540201983159756,0.5956104932181842,0.5690243173485788,0.5783008695265703
1,0,77.0,6,0.25,0.0,,0.3310968251106096,0.4922206861619419,0.5448395357109366,0.6200972421768476,0.5342030684744925,0.551034965068248
1,0,78.0,6,0.25,0.0,,0.33474477112711964,0.4828694152199736,0.5639633308766019,0.6055598514203964,0.5494174503359119,0.5554733042673059
1,0,79.0,6,0.25,0.0,,0.349991560513836,0.4903923187935928,0.5831485459960252,0.5844856858323776,0.5412488833777397,0.5586640580284034
1,0,80.0,6,0.25,0.0,,0.3667931660816247,0.4791681416928326,0.5737386538178354,0.5886160397959462,0.5767276951867857,0.5201106139319929
1,0,81.0,6,0.25,0.0,,0.35539653495613316,0.4799201190984067,0.5748988633127177,0.6200553198637773,0.5867903276373025,0.5130772736135845
1,0,82.0,6,0.25,0.0,,0.3472080536162566,0.4691956048002589,0.5597923665078313,0.6054380382489046,0.6065219255073622,0.5353073658543173
1,0,83.0,6,0.25,0.0,,0.3974020231334156,0.46965309570797287,0.5621553579269736,0.5934624252571205,0.5955620231281509,0.5013784018856862
1,0,84.0,6,0.25,0.0,,0.38360452384819543,0.4829348270043468,0.545648849862077,0.5833784263147381,0.6232604196479181,0.4938998309668916
1,0,85.0,6,0.25,0.0,,0.3711024632216685,0.48246666815623085,0.5513049585181735,0.5825113486499998,0.6267824510523058,0.4760208345364241
1,0,86.0,6,0.25,0.0,,0.3394692231156437,0.48465050459448067,0.5524655722668382,0.6161966672821786,0.629479436117333,0.5252830240305397
1,0,87.0,6,0.25,0.0,,0.31381973012533426,0.48459853965921473,0.5567105229633245,0.5928376451437914,0.6073828553288512,0.518484917526532
1,0,88.0,6,0.25,0.0,,0.32435183831096615,0.4857750085344722,0.5580930855040844,0.6084973878532691,0.5671220677219675,0.5412934609116684
1,0,89.0,6,0.25,0.0,,0.31792096120934316,0.49175298893683966,0.5806311529886325,0.601623079918019,0.5795780022854373,0.5167674168464061
1,0,90.0,6,0.25,0.0,,0.2983383996886752,0.4945553293416832,0.5802089386748901,0.5849117622573707,0.5710236099848524,0.526471641729799
1,0,91.0,6,0.25,0.0,,0.330490156780708,0.49616899202475595,0.6069414385574924,0.6023862974383063,0.5685721616692262,0.5589933598155796
1,0,92.0,6,0.25,0.0,,0.3352475240619524,0.5005320123908253,0.5917227041839105,0.5824287565031773,0.5526835446409604,0.5371153648540583
1,0,93.0,6,0.25,0.0,,0.3109703029396467,0.5054163031074334,0.5815405211843533,0.5922683065804609,0.5724143440311907,0.5685113819006646
1,0,94.0,6,0.25,0.0,,0.3115614417525405,0.49838386540724,0.5918449614088171,0.6093520023679891,0.5841464933741012,0.5539789641534523
1,0,95.0,6,0.25,0.0,,0.3092253966554969,0.5022292805558031,0.5787841272899927,0.6061690706459513,0.5955289865117036,0.5150276336026376
1,0,96.0,6,0.25,0.0,,0.3119677359630933,0.49586649947102057,0.5902908508758131,0.5975566178561802,0.5711000456152989,0.5183993033509195
1,0,97.0,6,0.25,0.0,,0.30528629432037185,0.48841293477390224,0.5979237062306981,0.6023784735721833,0.5910570362468025,0.5115760518836144
1,0,98.0,6,0.25,0.0,,0.3118648205399438,0.4736797311653226,0.5822615545017792,0.5779277350123146,0.5659469839443381,0.5525341102173561
1,0,99.0,6,0.25,0.0,,0.2951778650802067,0.4897893733348737,0.5853916762822327,0.56698261460352,0.5545736652667066,0.5598647014879427
1,0,100.0,6,0.25,0.0,,0.30467602861504256,0.5031833353962687,0.5977943092407496,0.572159628350463,0.5813948809359231,0.6217511467151312
2,0,21.0,6,0.5,0.0,,0.2878063656519994,0.49070081726015313,0.580004583606807,0.5320431561350716,0.4718612104668646,0.5385441606588258
2,0,22.0,6,0.5,0.0,,0.2791269487975807,0.5534667005915243,0.5716773398291385,0.5647114000743205,0.5144385056417576,0.5284635626763248
2,0,23.0,6,0.5,0.0,,0.2874988895076843,0.5294786691653994,0.5585139473112122,0.5644169606663417,0.4564746662372367,0.5717783100034761
2,0,24.0,6,0.5,0.0,,0.27878854152423377,0.5444603905626092,0.5592768020350771,0.5688464336312785,0.46772174519832344,0.5535758810502449
2,0,25.0,6,0.5,0.0,,0.27478359236626093,0.5079438019071625,0.578677165968849,0.5261367884967821,0.48287577689123795,0.6059820367732793
2,0,26.0,6,0.5,0.0,,0.2941820763287117,0.5094901699302707,0.5501022432672852,0.5164381730934373,0.5001895199375448,0.5342823504172285
2,0,27.0,6,0.5,0.0,,0.29467460219012986,0.5162081396352696,0.6105410874220378,0.5063888647069273,0.4995473187708737,0.5637658367341709
2,0,28.0,6,0.5,0.0,,0.3097523211672206,0.48257023187185366,0.6137177146233694,0.4841230928284756,0.5129607722847227,0.556435302287331
2,0,29.0,6,0.5,0.0,,0.299083052907381,0.4883278555782666,0.5650192564555304,0.46855397207332955,0.5342168593662313,0.542204368446023
2,0,30.0,6,0.5,0.0,,0.30212106287124774,0.5161956203259133,0.5769925931243481,0.5167559270849734,0.5453593299039736,0.5538369921508675
2,0,31.0,6,0.5,0.0,,0.297229146531118,0.5387605976040278,0.582760202854748,0.5689806529266385,0.5731929168402401,0.5632010657552502
2,0,32.0,6,0.5,0.0,,0.29428882673549794,0.534225931545378,0.5836012724777773,0.555246554290852,0.5774843081659412,0.5557804642982646
2,0,33.0,6,0.5,0.0,,0.3020022365093908,0.5508391928703257,0.614082618369343,0.5297585715894184,0.558294366011437,0.5477523030571133
2,0,34.0,6,0.5,0.0,,0.29597814425328434,0.5223985572544094,0.5962243459210578,0.548985047753672,0.59987143201084,0.5970104451320679
2,0,35.0,6,0.5,0.0,,0.31200050030171894,0.49647634757967885,0.5831165878192547,0.5506024083386029,0.6275831970357075,0.5963078528641014
2,0,36.0,6,0.5,0.0,,0.3162303164429054,0.48136680036202256,0.5799579713702159,0.5637752005319112,0.6002431453989868,0.6164001485578995
2,0,37.0,6,0.5,0.0,,0.3149704299751815,0.47855320308619687,0.5676371832835739,0.5493458692868917,0.6001945163191895,0.6155730090395544
2,0,38.0,6,0.5,0.0,,0.3068499865504898,0.4934655983729444,0.5463983210837018,0.5370114829311803,0.5704075797664585,0.5924584072316434
2,0,39.0,6,0.5,0.0,,0.35732736199041076,0.4541877879945392,0.578469000208364,0.5338446883088019,0.5927647832720746,0.5795930553974415
2,0,40.0,6,0.5,0.0,,0.4112692311294799,0.4730566862060622,0.567497216384572,0.5655706055964439,0.566341680268091,0.5978260109154415
2,0,41.0,6,0.5,0.0,,0.39523669768197645,0.4673882726042583,0.5834392008412296,0.5476919838199679,0.55510110648422,0.614143182551072
2,0,42.0,6,0.5,0.0,,0.3780883404993888,0.44891738631519396,0.5879757537459678,0.5403724658158534,0.5807689066644736,0.5556462561569453
2,0,43.0,6,0.5,0.0,,0.36260247492563336,0.44039887179729076,0.5774673854118606,0.5266530124649111,0.6105368989216564,0.6041803524865613
2,0,44.0,6,0.5,0.0,,0.34265175585908114,0.4765204343103915,0.5673811796016432,0.5429934339546386,0.5993552376463078,0.5574886043322036
2,0,45.0,6,0.5,0.0,,0.35528985726935364,0.47949575715171167,0.5464054016004427,0.5780588605966732,0.5701195938813974,0.5568697489682065
2,0,46.0,6,0.5,0.0,,0.38257672105439733,0.4633139113945061,0.5253582744578674,0.49643791936598447,0.6132349276347044,0.48549579917456526
2,0,47.0,6,0.5,0.0,,0.3489492606969575,0.4202435266756158,0.49863117915773747,0.5488306848603072,0.6052172939206324,0.4754093034353156
2,0,48.0,6,0.5,0.0,,0.347720488407663,0.45417493106328743,0.5099214496595523,0.5945420275532358,0.6129671907051639,0.5203274427482525
2,0,49.0,6,0.5,0.0,,0.32824070946144374,0.44041176460432024,0.5452258305134227,0.5640924619411509,0.618517447194018,0.5276140870157211
2,0,50.0,6,0.5,0.0,,0.34790104595440463,0.4530098429536816,0.5439703103714784,0.5284283220334738,0.5525330067726155,0.5021620347670629
2,0,51.0,6,0.5,0.0,,0.35117673842839264,0.4589390578415549,0.5594978003737727,0.5569493855513782,0.5069968600338799,0.5104753214096233
2,0,52.0,6,0.5,0.0,,0.3261026269449613,0.45046610457382386,0.6012001443690196,0.5922940454188874,0.5385925137511816,0.49781456300494564
2,0,53.0,6,0.5,0.0,,0.3367415837038111,0.4547934458607984,0.5914593880983955,0.599803574922999,0.5253338803390691,0.5335818875064455
2,0,54.0,6,0.5,0.0,,0.300223832560449,0.45776348437082104,0.5850871595279623,0.5946060402833331,0.5474852416390185,0.5157810594341765
2,0,55.0,6,0.5,0.0,,0.30196858335674304,0.481118414234774,0.6061880738932974,0.5835934351695931,0.5675898599900154,0.511910387247686
2,0,56.0,6,0.5,0.0,,0.297875471021417,0.47401831867037664,0.612049060008289,0.5951972930349532,0.54137808773881,0.5511224053841401
2,0,57.0,6,0.5,0.0,,0.2882317017748514,0.4834331023341186,0.6192127002538438,0.5688345151621872,0.4789827629387126,0.5412080225683035
2,0,58.0,6,0.5,0.0,,0.33774653587078246,0.48450169091201384,0.5995586520418689,0.5499335423804494,0.49322477824542715,0.5329664180546427
2,0,59.0,6,0.5,0.0,,0.32832112437663774,0.5197242847912908,0.5656545755411172,0.5079452120153497,0.5320148236994524,0.5805655625339895
2,0,60.0,6,0.5,0.0,,0.3160596377724833,0.5109726204356653,0.5489038264351331,0.5172623889040684,0.5204967066707179,0.573645591919868
2,0,61.0,6,0.5,0.0,,0.3079211024589171,0.5251496929867054,0.5541386678117937,0.4912616923584931,0.5289657659992357,0.6212445012888809
2,0,62.0,6,0.5,0.0,,0.30100619454917643,0.5330972254189379,0.5362326745390108,0.5211785226744012,0.5270716042430562,0.5808689812874807
2,0,63.0,6,0.5,0.0,,0.3339053945810713,0.5361273376622007,0.5135967398175227,0.5337829368781508,0.5288502839059344,0.584522455775363
2,0,64.0,6,0.5,0.0,,0.33257352554989933,0.5345636584216511,0.5498184289148715,0.4994487278610829,0.5983935484148344,0.5525569293709816
2,0,65.0,6,0.5,0.0,,0.32652827436831633,0.5325597919196915,0.5564270675899607,0.49409552246003613,0.663037274207778,0.5164381179889052
2,0,66.0,6,0.5,0.0,,0.33006439595277465,0.5130218106553308,0.6019387271622577,0.49501174677178106,0.632055029437384,0.5417863679484877
2,0,67.0,6,0.5,0.0,,0.33436251375429854,0.506030334397883,0.6241169932725076,0.5093047536962466,0.6002516926602337,0.4923811277273681
2,0,68.0,6,0.5,0.0,,0.3303351491569012,0.5235008755992785,0.6109517441196399,0.5197651478882903,0.6369605919145774,0.4656250277240854
2,0,69.0,6,0.5,0.0,,0.34120541223650347,0.5087060236711546,0.5780425239921005,0.5302889769484138,0.6027499749619617,0.4546177748384542
2,0,70.0,6,0.5,0.0,,0.3551000936308003,0.5040470855399749,0.5536587359025261,0.5501096137982052,0.567588487399693,0.4335709465483971
2,0,71.0,6,0.5,0.0,,0.3594473071695682,0.4907653658422405,0.5599130015095881,0.5454544069090209,0.5392649854242199,0.4268567572387177
2,0,72.0,6,0.5,0.0,,0.3592648489677024,0.5189005132724805,0.557648628528155,0.5307331537081545,0.5505884072190182,0.4329340284178258
2,0,73.0,6,0.5,0.0,,0.3528191898498479,0.5265094480211465,0.5311049985783864,0.5550436188396256,0.5603576136200921,0.4683511634310671
2,0,74.0,6,0.5,0.0,,0.36390194416188437,0.4929037674722875,0.4945406828558899,0.602944290492672,0.5083650890759895,0.526989746046566
2,0,75.0,6,0.5,0.0,,0.40560300921795633,0.5151700817823678,0.5501137457510916,0.6138706961302772,0.5656470030933582,0.5184547853255264
2,0,76.0,6,0.5,0.0,,0.41313468320447644,0.5326077024543739,0.5164892172379268,0.6103542234903101,0.6109187100781107,0.5764407995238574
2,0,77.0,6,0.5,0.0,,0.4207946528872668,0.5232331556973232,0.5409648321385886,0.5907532606515667,0.6101667136643502,0.5786321701147344
2,0,78.0,6,0.5,0.0,,0.37061046519924246,0.5264711953913727,0.5345302272390041,0.5534472323896911,0.6001584945517917,0.5296710614789166
2,0,79.0,6,0.5,0.0,,0.3388738263272571,0.5118087539028142,0.5358207525326613,0.57895925366796,0.551178623956214,0.5532419363430667
2,0,80.0,6,0.5,0.0,,0.35494487049671497,0.49562789109210054,0.5174536619229672,0.6152597371218226,0.5825063404192301,0.5388395682562667
2,0,81.0,6,0.5,0.0,,0.34754854090697057,0.48679072580026705,0.5078613842484525,0.6346954162199001,0.6197971417888908,0.5346208338175427
2,0,82.0,6,0.5,0.0,,0.36940223552822515,0.45809058470304215,0.48609589844621715,0.6076633166946689,0.6065646897696515,0.5632915449886091
2,0,83.0,6,0.5,0.0,,0.35183302125589344,0.4586608028675056,0.501862592454928,0.5697237341288042,0.6204621290507374,0.5277908643612751
2,0,84.0,6,0.5,0.0,,0.36353157415253656,0.4375677586081281,0.5245141399334694,0.579166203554899,0.6168911365561295,0.5671099506274491
2,0,85.0,6,0.5,0.0,,0.35205918437932743,0.49519550919011507,0.5221119799398961,0.554773788068035,0.6283948081301736,0.5572487451477858
2,0,86.0,6,0.5,0.0,,0.368011030826035,0.5106235753362015,0.5215130846205744,0.5471504194162351,0.6272957640292595,0.5560574801083443
2,0,87.0,6,0.5,0.0,,0.3497297317807148,0.5225684091340053,0.5541716644195569,0.537537288666794,0.6070362890187526,0.5675651073873322
2,0,88.0,6,0.5,0.0,,0.3663312447705429,0.4777387764969184,0.5500474186931716,0.5221067996159291,0.6028409649417575,0.5058185984583765
2,0,89.0,6,0.5,0.0,,0.35620981973843546,0.499737580234186,0.5169872102956421,0.5638011051383213,0.5755035419427277,0.5192133061435781
2,0,90.0,6,0.5,0.0,,0.3388121757145267,0.47810995195560196,0.5326295075801392,0.5461435727027981,0.6153459093723731,0.5191607987671809
2,0,91.0,6,0.5,0.0,,0.34490869136127256,0.49724343795619275,0.5799657383005398,0.5405538873500405,0.5969969239285384,0.5357710436972308
2,0,92.0,6,0.5,0.0,,0.36358620990259544,0.48801341316324953,0.5792643689911582,0.5261043601348951,0.6024341497507033,0.5108609295701455
2,0,93.0,6,0.5,0.0,,0.3679260921335513,0.4847261035758221,0.5732622144175349,0.5307276987046713,0.5607190814056793,0.5047278152830124
2,0,94.0,6,0.5,0.0,,0.3735748207148144,0.4367556996999492,0.5861126840564505,0.5729372300764773,0.5695336810813668,0.5412877757068673
2,0,95.0,6,0.5,0.0,,0.34137755379352663,0.43264093144531046,0.5740967493202974,0.565190871689637,0.6161241259752245,0.5567423867410459
2,0,96.0,6,0.5,0.0,,0.31346629882777294,0.4177129082527193,0.5748168237568994,0.5557446754601126,0.5778548806222893,0.5311421043509679
2,0,97.0,6,0.5,0.0,,0.3128458417884709,0.44292840416012513,0.5997319688498358,0.5604771881897971,0.6222756984912572,0.5269302103325639
2,0,98.0,6,0.5,0.0,,0.2801984230783243,0.4275699507555579,0.5681005947078278,0.5370035885045327,0.6440033122646459,0.5615441682660511
2,0,99.0,6,0.5,0.0,,0.2814306606899998,0.4334218807259883,0.5708454243986567,0.5206037272313934,0.6299628479638851,0.5441797588211399
2,0,100.0,6,0.5,0.0,,0.32167526811841696,0.43574397921492636,0.6039720363724578,0.5119955779820193,0.5519481876195871,0.5755705700214349
3,1,21.0,6,0.0,0.0,,0.3657093034255881,0.5321330529181245,0.6024256196383716,0.5951518672514042,0.6128317468468745,0.55772116922717
3,1,22.0,6,0.0,0.0,,0.3602618399009172,0.5344490496052916,0.6042762817343827,0.6091777401667006,0.6109379864686719,0.5431371056054826
3,1,23.0,6,0.0,0.0,,0.37201111097364437,0.5288638780827497,0.6060775174387947,0.6068300521536558,0.6289001056461114,0.5548181328775874
3,1,24.0,6,0.0,0.0,,0.39501430086499134,0.5325518828190197,0.6106178505799228,0.6325643566486818,0.610554644991985,0.5481122208236713
3,1,25.0,6,0.0,0.0,,0.38872817907624013,0.5318733599687848,0.6050275327858822,0.6322957508030116,0.6137560891363898,0.5854544636035343
3,1,26.0,6,0.0,0.0,,0.39002750581811674,0.529468270874996,0.6105663384007618,0.6258945159463613,0.6273942308788008,0.5963041637047036
3,1,27.0,6,0.0,0.0,,0.39737283452111,0.5262098242532524,0.6089724208529923,0.6158135092351349,0.6128241640544956,0.5901683068838893
3,1,28.0,6,0.0,0.0,,0.39292278915894585,0.5306086346297624,0.6050697352635007,0.6144633424088137,0.6300305627715623,0.5992526620586378
3,1,29.0,6,0.0,0.0,,0.37840855696518766,0.5200648223345028,0.6001747593263373,0.6176925785042421,0.6272432863423847,0.6195281598340169
3,1,30.0,6,0.0,0.0,,0.360059452949005,0.5102851144107831,0.6068463345833461,0.6235789432808798,0.6348144746163118,0.5889174805633272
3,1,31.0,6,0.0,0.0,,0.348244191506568,0.5226418911266107,0.6058000078844554,0.6182829670311696,0.5937343349026799,0.5903439877462914
3,1,32.0,6,0.0,0.0,,0.36445658650493973,0.5162089764384056,0.6097297427265632,0.622848553269735,0.5838274021848291,0.5866617573987625
3,1,33.0,6,0.0,0.0,,0.3873426402393072,0.5203482201976647,0.6084902509682422,0.6324323126288807,0.6054426080204024,0.5678281515132152
3,1,34.0,6,0.0,0.0,,0.3729814948960327,0.5088302299939916,0.6061010530789315,0.6203881701488136,0.5975455418996176,0.5776252964590057
3,1,35.0,6,0.0,0.0,,0.3890986767720582,0.5146524107936132,0.6022445376133663,0.614692154007612,0.6118563475769041,0.5492039738941692
3,1,36.0,6,0.0,0.0,,0.41269596331904956,0.5052472948368427,0.6025958852970094,0.6195559223393682,0.6122590640627902,0.5995105179047125
3,1,37.0,6,0.0,0.0,,0.3932641533598266,0.5165590870387179,0.6036627580448632,0.6195919173493607,0.5745195346292238,0.5721652524138732
3,1,38.0,6,0.0,0.0,,0.3820274822368309,0.5256085208002181,0.6022390587402282,0.613056456747959,0.5984941034813613,0.5777791417641681
3,1,39.0,6,0.0,0.0,,0.38375228028175423,0.5301275918673349,0.605311595537543,0.6187819477289577,0.5995523016876892,0.5373398807213602
3,1,40.0,6,0.0,0.0,,0.3956713162305515,0.5232986320230125,0.605622178113127,0.5940678262254062,0.6058595068930228,0.5204096416074309
3,1,41.0,6,0.0,0.0,,0.38606531962976837,0.5366713491148459,0.6021773258994204,0.5873833634632101,0.607965420881513,0.5564363555098544
3,1,42.0,6,0.0,0.0,,0.3726528744110471,0.5276354698646528,0.6067606598132512,0.594702279654485,0.6079681517001251,0.5703098482409196
3,1,43.0,6,0.0,0.0,,0.39289969149657106,0.5240254103629499,0.6106941900284555,0.589830992234601,0.6031292818236824,0.5288889201069595
3,1,44.0,6,0.0,0.0,,0.41731394472131206,0.5213367050607117,0.6065298289803892,0.599378454112883,0.6261565721652004,0.5509783485535211
3,1,45.0,6,0.0,0.0,,0.4255275795657257,0.517420303050086,0.6062733338991132,0.6071299612883015,0.6122801677263499,0.5626285994769422
3,1,46.0,6,0.0,0.0,,0.4004875660434114,0.517905825340037,0.6135236899140424,0.6207940302171905,0.6353056626415361,0.5687006333878923
3,1,47.0,6,0.0,0.0,,0.3977217479268872,0.5246333630125328,0.6159086883502327,0.6053897573294473,0.6373682549269739,0.5518187734488033
3,1,48.0,6,0.0,0.0,,0.3920564627891249,0.5236762733099944,0.6154844206300331,0.6133662458172328,0.6186254318365109,0.5561918418886179
3,1,49.0,6,0.0,0.0,,0.38797791155741407,0.5188454675183688,0.6150845698518257,0.6152703443563585,0.6065937878843229,0.5565942778477422
3,1,50.0,6,0.0,0.0,,0.39483119175586145,0.5198812298818273,0.6171573923004592,0.6239029345563072,0.6039478237885854,0.5483493442413058
3,1,51.0,6,0.0,0.0,,0.4016236918526143,0.5267001595942511,0.6165181664011287,0.6244561163656689,0.6061952221434701,0.5812097875703316
3,1,52.0,6,0.0,0.0,,0.3881918381927269,0.521648171687713,0.6144549697840713,0.6332964030003554,0.6242965040930187,0.6524953922033496
3,1,53.0,6,0.0,0.0,,0.39657147049935315,0.5185047493188509,0.6166537122462559,0.6314621276101754,0.5913834890004954,0.6138545110031958
3,1,54.0,6,0.0,0.0,,0.4001051612901847,0.5208259307837895,0.6190140757915147,0.6251339953787791,0.6100433477766319,0.6301880940854042
3,1,55.0,6,0.0,0.0,,0.399558980089019,0.5224925983406006,0.6193822513640348,0.6324607461192385,0.6178287106574033,0.6700537974856658
3,1,56.0,6,0.0,0.0,,0.37578152938775533,0.518756732671336,0.6180566366874619,0.6223784228098719,0.5876426682408896,0.6576213546817008
3,1,57.0,6,0.0,0.0,,0.38065930290835936,0.534192210105877,0.6180362216672004,0.6216607044332416,0.5767598610352102,0.6449080260899135
3,1,58.0,6,0.0,0.0,,0.38251454398643425,0.5238298506717628,0.6147430404723716,0.6273799365764214,0.583184877043502,0.6429475860998155
3,1,59.0,6,0.0,0.0,,0.37813183522683397,0.523931631393747,0.6017917645580464,0.6390744982651504,0.5900728525923645,0.6651185132579893
3,1,60.0,6,0.0,0.0,,0.37417859320686586,0.5287231853529537,0.6022821145357585,0.6464047023528642,0.5843019734166647,0.6296706681525348
3,1,61.0,6,0.0,0.0,,0.3881435082430567,0.5155178572526978,0.5994767980276208,0.6397575310260297,0.5405786564240711,0.6024330047756684
3,1,62.0,6,0.0,0.0,,0.4079764128534104,0.5216847885398385,0.6026579104408573,0.627276110142162,0.5224154324657412,0.5573049867822191
3,1,63.0,6,0.0,0.0,,0.39401761604557095,0.5269886060590311,0.6062364132015432,0.6275548530130339,0.5078703294951896,0.5524071080109698
3,1,64.0,6,0.0,0.0,,0.39651987155061774,0.5196330629039972,0.6113822307461725,0.636578294321062,0.5570766064148361,0.5802321955427813
3,1,65.0,6,0.0,0.0,,0.38403411080549904,0.5156211819343702,0.6128611456692241,0.6491759460236664,0.5647465781497116,0.5747180738824074
3,1,66.0,6,0.0,0.0,,0.3923691457286758,0.5060223117494483,0.61162702677771,0.645451312575815,0.5700750060645772,0.5696450456983476
3,1,67.0,6,0.0,0.0,,0.4092345997441297,0.5096856002558953,0.6092767363595154,0.6399632195477473,0.5709839556397964,0.5475490538240805
3,1,68.0,6,0.0,0.0,,0.38212547972774746,0.5117180631046845,0.6090916374527727,0.6429541713204376,0.605610160679247,0.5444908186670949
3,1,69.0,6,0.0,0.0,,0.3865321814125843,0.49812679231487583,0.608595426666794,0.6335096184741305,0.6068926917337049,0.565389686395744
3,1,70.0,6,0.0,0.0,,0.3996539109230653,0.5033691847082374,0.6041808086930811,0.6317386844192299,0.5999293279908609,0.5417377157606702
3,1,71.0,6,0.0,0.0,,0.3948544694646978,0.5028560091529667,0.6064855737936836,0.6362523416933874,0.6291822372346317,0.5252069374524108
3,1,72.0,6,0.0,0.0,,0.4064902372428024,0.50263574632389,0.6083860703817984,0.6209219749726151,0.6352027415663316,0.5154382228294436
3,1,73.0,6,0.0,0.0,,0.41489449309308535,0.5080678333986165,0.6127589798897698,0.5966865358773483,0.6131253788452561,0.537459595286016
3,1,74.0,6,0.0,0.0,,0.4205542775798997,0.5081913063157801,0.6095728420826785,0.6051576254437767,0.5940025865226358,0.533608926828586
3,1,75.0,6,0.0,0.0,,0.4122322770781783,0.5000784112545763,0.6048472481970679,0.6119198625673797,0.5900667552607306,0.5180694068971861
3,1,76.0,6,0.0,0.0,,0.3992545296402527,0.5086150586593134,0.6095399882119951,0.6134728471915933,0.5897335489141048,0.5612456877865424
3,1,77.0,6,0.0,0.0,,0.41929847433887746,0.5076547009263062,0.6167525256814563,0.6250174488595138,0.6262551495640061,0.5812465976187359
3,1,78.0,6,0.0,0.0,,0.41723440120283256,0.5184850119102886,0.614796618340306,0.6327785223320384,0.5844448489912912,0.5677120736323745
3,1,79.0,6,0.0,0.0,,0.4068748728384278,0.5246849972713952,0.6155926557445308,0.6395957596914248,0.5791812099359839,0.558035650318718
3,1,80.0,6,0.0,0.0,,0.40623082833104573,0.5200989368186327,0.6098783796022719,0.6393609280648852,0.6039331633715179,0.5984764955912342
3,1,81.0,6,0.0,0.0,,0.39706345734050624,0.5248217567256981,0.6130796474299767,0.6422682000864579,0.6093851837565963,0.6179331213911925
3,1,82.0,6,0.0,0.0,,0.4033919839928011,0.5294981806077191,0.6142190790162675,0.6461652267703137,0.5902537665374188,0.5827184396925077
3,1,83.0,6,0.0,0.0,,0.38870714402471956,0.519176459116868,0.6144517352317747,0.6474020481754372,0.5815290385628843,0.624377013247584
3,1,84.0,6,0.0,0.0,,0.39487050222027315,0.5313210623611899,0.6147470688788398,0.6337510512922713,0.5788546317655949,0.6160381069800386
3,1,85.0,6,0.0,0.0,,0.3825699446056171,0.5374181010581957,0.6168873915220707,0.6254675863647627,0.5968617194331887,0.6042928829638257
3,1,86.0,6,0.0,0.0,,0.4042659187848061,0.5268984960726197,0.6172652742899427,0.6224414872610435,0.5882237153280407,0.6683122605154652
3,1,87.0,6,0.0,0.0,,0.38230211279786075,0.5243339992856919,0.6189019558509529,0.6340735089696926,0.6024773759464535,0.6725230130879314
3,1,88.0,6,0.0,0.0,,0.3809730309645342,0.5194990309248619,0.6202113010997612,0.6230048824008383,0.5680507846763065,0.6598822651849048
3,1,89.0,6,0.0,0.0,,0.37718107132582235,0.5147957832690342,0.6179111375518568,0.6326028940615613,0.6109584280159258,0.6629564197785308
3,1,90.0,6,0.0,0.0,,0.380742853457269,0.5119972880016042,0.6161588825090645,0.6351824778464812,0.5979385668301287,0.6686753234674339
3,1,91.0,6,0.0,0.0,,0.39110228695768023,0.5255777254689787,0.6166741938418893,0.6367522281418474,0.6087152355316926,0.6641274011990996
3,1,92.0,6,0.0,0.0,,0.38098872466551026,0.5267405442091522,0.6150814517455594,0.6321132217556403,0.6352493461502979,0.6688254438628742
3,1,93.0,6,0.0,0.0,,0.36789836243699525,0.5356159573501663,0.6171548978154463,0.6455161005035477,0.6408899254939829,0.6400052257800594
3,1,94.0,6,0.0,0.0,,0.3674635024093818,0.5172451077112614,0.6139402129322531,0.6368709905837485,0.6323961536120585,0.6306281455175057
3,1,95.0,6,0.0,0.0,,0.3857728516068129,0.5222824809237976,0.6132320456281188,0.6392391167468148,0.6446396616161361,0.577067345133095
3,1,96.0,6,0.0,0.0,,0.37144888216526184,0.5225034579802348,0.6136621085212557,0.6241255271464539,0.6652735969668118,0.560031349125832
3,1,97.0,6,0.0,0.0,,0.3672610597933542,0.5219723492841561,0.6179946471666311,0.626957508559087,0.6568191925052289,0.5542234721447985
3,1,98.0,6,0.0,0.0,,0.3608380487622743,0.5147218895277288,0.61728572171656,0.6147105008303375,0.6175563041407509,0.5174590703755108
3,1,99.0,6,0.0,0.0,,0.358960931406923,0.5277574066898785,0.6151506940778239,0.6036381300411334,0.6095280374746291,0.529743862256413
3,1,100.0,6,0.0,0.0,,0.3494775284299939,0.5194144106624548,0.6185446670279706,0.5977204441960433,0.6202778971144463,0.5638479423633624
4,1,21.0,6,0.25,0.0,,0.3797628726643827,0.4525765744572263,0.5715096622157806,0.6079577381880703,0.5888183285104098,0.5794347021279747
4,1,22.0,6,0.25,0.0,,0.35965289037729514,0.474156744731799,0.5529835238315899,0.5929846749979767,0.5945390579116823,0.5797269230123658
4,1,23.0,6,0.25,0.0,,0.33195114136976195,0.465280711609459,0.5700868084306447,0.5751817893489111,0.5583256520801297,0.5982026659033965
4,1,24.0,6,0.25,0.0,,0.3283022859403505,0.46649070376590923,0.5791043488419861,0.5965835017802551,0.5465545207738127,0.5509331299667435
4,1,25.0,6,0.25,0.0,,0.3267940537137072,0.45202537996464953,0.6015631238813222,0.6028866403129711,0.5500778775794247,0.523395984774496
4,1,26.0,6,0.25,0.0,,0.3221004125790307,0.482784878043899,0.6056764067768255,0.6046895391366051,0.5683416809731677,0.5177020821695736
4,1,27.0,6,0.25,0.0,,0.3428137054659014,0.49811562492221195,0.612487234035871,0.6289501544061369,0.6156480537934913,0.5365859536165096
4,1,28.0,6,0.25,0.0,,0.34541332567056715,0.4807009043372079,0.6258342607561779,0.6479245567700768,0.6181634700847873,0.5253841182576167
4,1,29.0,6,0.25,0.0,,0.35545576716105076,0.46596251352168555,0.5898824926689465,0.614053033537408,0.5858844214205932,0.5246508636427629
4,1,30.0,6,0.25,0.0,,0.337015140210848,0.44903415146668574,0.5771838618543058,0.6278564095453855,0.6072146783125698,0.5318486342082134
4,1,31.0,6,0.25,0.0,,0.3262742932253659,0.47000987761202734,0.5884852153791689,0.6150621733802847,0.6138222611208801,0.5636014497926201
4,1,32.0,6,0.25,0.0,,0.3187415820948097,0.46409615627845613,0.5802801795069756,0.6269367392363505,0.5738936211342506,0.5748866635131918
4,1,33.0,6,0.25,0.0,,0.34177431438319783,0.47358842412680985,0.5476534615271347,0.6351431365033081,0.5956382132338336,0.5519638885657585
4,1,34.0,6,0.25,0.0,,0.3347974883921373,0.4773622452863524,0.5598773556300678,0.6066917025310917,0.5996448083426851,0.5725191365955583
4,1,35.0,6,0.25,0.0,,0.37088902934937273,0.47180745745139435,0.5345132515816389,0.6194547257869862,0.5589467225718133,0.5603646832345857
4,1,36.0,6,0.25,0.0,,0.35917950503500184,0.4753442615948538,0.5161847480898497,0.6024579656473065,0.5344835466119245,0.5482539011038725
4,1,37.0,6,0.25,0.0,,0.3580476846972177,0.4453919636082772,0.5317038387556352,0.5914654305051223,0.5238763376095985,0.5174530866648006
4,1,38.0,6,0.25,0.0,,0.3631330304931774,0.41915586972840224,0.5673622634721827,0.5858666201099746,0.5189004399114063,0.5076251596715802
4,1,39.0,6,0.25,0.0,,0.36353273953119736,0.46478631323613423,0.5529255076215654,0.5657687754792059,0.5484905179674195,0.5191233880748329
4,1,40.0,6,0.25,0.0,,0.3983564416832797,0.443870417549336,0.5537682544650941,0.5893167447918206,0.5704567167746915,0.5478642957901296
4,1,41.0,6,0.25,0.0,,0.3985465513411769,0.4552464775808702,0.5661205850363751,0.6040194646200454,0.5464179037444404,0.5466091411754456
4,1,42.0,6,0.25,0.0,,0.3806817109014354,0.4713389023225652,0.56392602178403,0.6041221247054723,0.55089804680923,0.5420797886591512
4,1,43.0,6,0.25,0.0,,0.37199275456355485,0.4608383920753595,0.5728341834261648,0.6013668424295344,0.5583575364905679,0.54731697908612
4,1,44.0,6,0.25,0.0,,0.3637139625279517,0.45373786010576617,0.5819363401411461,0.5771468029711002,0.6068760644382684,0.5522900020907457
4,1,45.0,6,0.25,0.0,,0.3569698545912177,0.4455881703544865,0.6012188432040924,0.5950298955153048,0.6400899242452475,0.5567933386469704
4,1,46.0,6,0.25,0.0,,0.3361913456892424,0.44248433436065093,0.585848406636547,0.6275402223820231,0.6243674404589783,0.5682091687608174
4,1,47.0,6,0.25,0.0,,0.35219204517942554,0.43331479282448654,0.5980132112629948,0.5921634826702098,0.6495689669586932,0.5855179094470083
4,1,48.0,6,0.25,0.0,,0.3363944667185493,0.43837701147017405,0.6118375742134307,0.5850455436006168,0.633601256166428,0.6066884378027498
4,1,49.0,6,0.25,0.0,,0.35131846632767955,0.456558289138858,0.5921105593477751,0.5696599412671027,0.6082812975219694,0.6412073144580338
4,1,50.0,6,0.25,0.0,,0.3238449398188158,0.46718517900781187,0.5832889417412146,0.5956600264027674,0.6084336161573524,0.6383737462589194
4,1,51.0,6,0.25,0.0,,0.31349422683586575,0.4764646172734137,0.5681266282592254,0.6073851799618523,0.6104005147693381,0.6557394559889846
4,1,52.0,6,0.25,0.0,,0.305711339096225,0.4684215139259352,0.5737544125843688,0.6142217076718202,0.6235358060148737,0.6034007792267363
4,1,53.0,6,0.25,0.0,,0.2959137191608399,0.4838846557417947,0.5593367191640316,0.6220339743107375,0.6112748730766351,0.5774093924712046
4,1,54.0,6,0.25,0.0,,0.29376984416506313,0.45602122584916654,0.5646766851990597,0.6011921385037995,0.5902380559497853,0.568708747597673
4,1,55.0,6,0.25,0.0,,0.30775473708509904,0.4679085962544983,0.5742812529249185,0.6124241518002946,0.5857633491276633,0.5738037071580231
4,1,56.0,6,0.25,0.0,,0.310062096962595,0.46964689674629484,0.5542230869318321,0.6424531925371506,0.5891918984665026,0.5434661272165531
4,1,57.0,6,0.25,0.0,,0.303363086955397,0.4620528309388692,0.5682285191382219,0.6592918941078509,0.6037202188575281,0.5511618349078946
4,1,58.0,6,0.25,0.0,,0.29768391922240856,0.45642708411702426,0.5596463131411805,0.6440152330398896,0.580063927086538,0.5528087221910961
4,1,59.0,6,0.25,0.0,,0.32391820515490244,0.4809062515311805,0.5808528316988009,0.6582883086203561,0.5777735049801216,0.5248165986219508
4,1,60.0,6,0.25,0.0,,0.33341780374347907,0.48704348465908376,0.5679583459426114,0.6438473415540378,0.6297330658002125,0.492563930160117
4,1,61.0,6,0.25,0.0,,0.34820894724206763,0.44911846532814403,0.5486583056694629,0.6263845160845412,0.6275477177540024,0.48829887494287105
4,1,62.0,6,0.25,0.0,,0.33687372820540024,0.4609186230576364,0.5659547516364128,0.6189607860484616,0.6251759369635121,0.5112104511564933
4,1,63.0,6,0.25,0.0,,0.3380258935846499,0.4634997482056836,0.558065668052969,0.6287749328353023,0.6183420529624688,0.5010666511060917
4,1,64.0,6,0.25,0.0,,0.32644273018733505,0.4659565831593425,0.569712852547549,0.6092978943872005,0.635255060641083,0.4929990915133565
4,1,65.0,6,0.25,0.0,,0.30421274618226646,0.4763542554826209,0.5623744239225101,0.604658519925219,0.558136433057526,0.468232545474463
4,1,66.0,6,0.25,0.0,,0.29979706430829556,0.4557605896064404,0.5696211617282375,0.5864442759198146,0.5958480827174253,0.4385486282622207
4,1,67.0,6,0.25,0.0,,0.30632104349982703,0.4609241360658709,0.5425736774646099,0.5843252555315007,0.5823175139720265,0.5077692265586727
4,1,68.0,6,0.25,0.0,,0.332153523205552,0.44977936381438166,0.5500263213227194,0.5995288196190167,0.5857421716116329,0.5269450593728608
4,1,69.0,6,0.25,0.0,,0.36258910351585766,0.4557961623031449,0.5516215220625381,0.5851065752194217,0.5693324605125667,0.4600795157519009
4,1,70.0,6,0.25,0.0,,0.3488838751072231,0.47047737882368634,0.5505019022031343,0.589865303332052,0.6050866471513843,0.5267724912951496
4,1,71.0,6,0.25,0.0,,0.35688829948591494,0.47624658031483325,0.5537209873720336,0.6051187131817206,0.5826517788032135,0.5445698778311374
4,1,72.0,6,0.25,0.0,,0.38907671338900646,0.47833553090526026,0.5375329574178433,0.6094253820240901,0.5567123682297046,0.5537570773813314
4,1,73.0,6,0.25,0.0,,0.38294955052845375,0.469994395108869,0.5304790252791655,0.598514358279606,0.564835404871253,0.5666349969140986
4,1,74.0,6,0.25,0.0,,0.3862415456559878,0.49428607527040624,0.5341743617388099,0.5864870793312674,0.5786520448985443,0.5293976577792959
4,1,75.0,6,0.25,0.0,,0.3704385877620033,0.4712463704960069,0.5692180673751389,0.6282780010812614,0.5674166929050218,0.580794791848773
4,1,76.0,6,0.25,0.0,,0.35931906946504094,0.4862097666690568,0.5738133095958794,0.6006555590332965,0.604495131788191,0.5528641181621239
4,1,77.0,6,0.25,0.0,,0.3751126010821697,0.4630906510563487,0.5554942522065285,0.5814853737715412,0.6078805194920267,0.5817129684066399
4,1,78.0,6,0.25,0.0,,0.36428827820915166,0.4831444137687204,0.5551067354264017,0.5918706543151331,0.6282936601341024,0.5671505997472306
4,1,79.0,6,0.25,0.0,,0.3880416170784894,0.48116511399442724,0.5801229642742844,0.6170715136382715,0.5984792332930504,0.5864519988993877
4,1,80.0,6,0.25,0.0,,0.3711378874278341,0.49321833520885805,0.5553506030103255,0.6226198442874428,0.6063871910206045,0.5817545551926073
4,1,81.0,6,0.25,0.0,,0.3510047635120741,0.4714667328595511,0.5420534742798141,0.6402434231020323,0.6209013221291371,0.613485428815115
4,1,82.0,6,0.25,0.0,,0.3586040211939501,0.4618560083655815,0.540286057720642,0.6495176499713485,0.6157010539485007,0.6223509601442843
4,1,83.0,6,0.25,0.0,,0.3558083953542777,0.4669804224739035,0.5573663096249792,0.6283294759094002,0.6253952671469929,0.6444136246979916
4,1,84.0,6,0.25,0.0,,0.3313611289316844,0.46189786335750405,0.561436043940117,0.6248517347723773,0.6339434381558295,0.6275606947885147
4,1,85.0,6,0.25,0.0,,0.30905709946672666,0.4474982984585658,0.5391003659646205,0.6215082126704657,0.6630141736534998,0.6248545429797583
4,1,86.0,6,0.25,0.0,,0.3038305686353517,0.4641129670170784,0.5286575891132018,0.6224420155660717,0.6494120596898808,0.5955317255720732
4,1,87.0,6,0.25,0.0,,0.30115292379484715,0.4724207986029845,0.5197943115310575,0.6273952276630914,0.6685083322667162,0.5868780964956464
4,1,88.0,6,0.25,0.0,,0.2884904459936285,0.4983835198218989,0.5432654206820562,0.6140331609283733,0.657158210550141,0.5940796426968549
4,1,89.0,6,0.25,0.0,,0.31164483037718893,0.4742279858728887,0.5644969924270715,0.6250773094404192,0.6309899861331271,0.5737984204947677
4,1,90.0,6,0.25,0.0,,0.32241879279695007,0.46867842264891824,0.5813645715123984,0.6556402208916137,0.6358644494274244,0.5566449565411521
4,1,91.0,6,0.25,0.0,,0.3158827970121267,0.45610642899224596,0.5906523243779288,0.6476649817366281,0.6341644647441121,0.5448188961473547
4,1,92.0,6,0.25,0.0,,0.3217359103537807,0.4640514757143544,0.6076024354810502,0.6691213543989185,0.6595097427057853,0.5523059860884291
4,1,93.0,6,0.25,0.0,,0.3394658937247867,0.488609220034183,0.6051614185598332,0.6637368341440189,0.6077643397188806,0.5648259552254907
4,1,94.0,6,0.25,0.0,,0.3360113775183652,0.47465188556547017,0.5764082348812852,0.6212388446975472,0.6234684778413638,0.5324701429539889
4,1,95.0,6,0.25,0.0,,0.35113290997639046,0.5040470542354972,0.5859122421018463,0.6128006225811006,0.6091753890814187,0.5162832844253346
4,1,96.0,6,0.25,0.0,,0.3748240845186608,0.4758407519042812,0.5694931000313851,0.6402082990074723,0.5980228455130592,0.5395877012972894
4,1,97.0,6,0.25,0.0,,0.3543175437315131,0.4904747550634287,0.6042351433325783,0.6394522333661643,0.6196997767821297,0.5206061265354633
4,1,98.0,6,0.25,0.0,,0.3454697949990987,0.48403464047019196,0.5747272893891623,0.6221000126433436,0.5820640645385631,0.5359421927562524
4,1,99.0,6,0.25,0.0,,0.3258596828418204,0.4769977260970529,0.5582904559570957,0.604305313369983,0.5955858148675744,0.5510914369161946
4,1,100.0,6,0.25,0.0,,0.3421737535957896,0.4844209367855421,0.5926992313753352,0.5889981526001595,0.6118054932246497,0.4991084734297269
5,1,21.0,6,0.5,0.0,,0.34875981451530874,0.5788196797138951,0.5150581285699161,0.579979874429472,0.5480125483885241,0.5402091071795102
5,1,22.0,6,0.5,0.0,,0.33766891936939636,0.5456617339949583,0.5048547575811213,0.5769352176004124,0.5604488259861731,0.5641845150137839
5,1,23.0,6,0.5,0.0,,0.31646860841977353,0.5368751953512059,0.5250354372682289,0.5703382644848406,0.5312222725505522,0.5313476120110272
5,1,24.0,6,0.5,0.0,,0.323367799402906,0.5243953677496964,0.5455403964768237,0.5729096222149417,0.5628435377534441,0.5221239744332101
5,1,25.0,6,0.5,0.0,,0.3252763262383562,0.5241276974022403,0.5669494636398829,0.543727013410928,0.551370114126833,0.5435339010354083
5,1,26.0,6,0.5,0.0,,0.3393228243721392,0.5141814826592602,0.5533283988825227,0.5338949951287955,0.5115626140344143,0.5230892654992958
5,1,27.0,6,0.5,0.0,,0.3279422656204145,0.4739686192729143,0.5520465910294247,0.5690397754069367,0.5766642821773551,0.5334396394832039
5,1,28.0,6,0.5,0.0,,0.3333802346297183,0.5349687613673676,0.5384977526088385,0.5461734382061589,0.6125106945545338,0.5219558353778572
5,1,29.0,6,0.5,0.0,,0.34406648318234045,0.524758278141902,0.5604004098548846,0.5778617866461844,0.6272040261227328,0.5240405172622545
5,1,30.0,6,0.5,0.0,,0.34153795774356854,0.5030958255228318,0.529445046723682,0.5712495691804651,0.6260217310099013,0.5165144361662691
5,1,31.0,6,0.5,0.0,,0.3244490749199439,0.4582981990754975,0.5363984734627928,0.5769663578975944,0.6417855650485861,0.5268400486190448
5,1,32.0,6,0.5,0.0,,0.30731577753878714,0.4985158403645464,0.5192369832931856,0.5648457055293935,0.6523113685348834,0.5205406739501417
5,1,33.0,6,0.5,0.0,,0.34118475337490317,0.5192590704164027,0.5549551330771438,0.5603837944637479,0.6124182084265042,0.4902348719734027
5,1,34.0,6,0.5,0.0,,0.3323362188087319,0.524938656696641,0.5665553125143641,0.5595415883767867,0.5796945410044712,0.48507098816188143
5,1,35.0,6,0.5,0.0,,0.30136598250237034,0.5234622180041717,0.5304626032563357,0.5361056455380886,0.5660918282660979,0.44744598514756345
5,1,36.0,6,0.5,0.0,,0.30931772238984373,0.5004603641687775,0.5550410804258725,0.5282800787234958,0.5516615151051084,0.4715053506345267
5,1,37.0,6,0.5,0.0,,0.31981165983086673,0.4676816165665826,0.5699145447701189,0.5358913052812121,0.5869651674886756,0.4417493692339908
5,1,38.0,6,0.5,0.0,,0.308943398619307,0.48243432389107,0.5802914416853342,0.5518535341821741,0.5820247959419359,0.45820050130987217
5,1,39.0,6,0.5,0.0,,0.30833081229785986,0.4467296165273436,0.5726774559862539,0.5490728227875314,0.5924678725490391,0.43518372800146227
5,1,40.0,6,0.5,0.0,,0.3219383021626301,0.4383159406200504,0.5687605898110626,0.5721536161407522,0.6393348014689446,0.4409409572127208
5,1,41.0,6,0.5,0.0,,0.30178955820907344,0.4325179482491932,0.5824845021016984,0.5305403493975924,0.6082403848722013,0.4359024313528792
5,1,42.0,6,0.5,0.0,,0.3048032148827132,0.4555693992101152,0.5708142071284698,0.5652406341039031,0.6044858882987179,0.4145323891218452
5,1,43.0,6,0.5,0.0,,0.3046273059383696,0.4336268184262996,0.5642196813051451,0.586670131724496,0.5683650353344426,0.4631645717051057
5,1,44.0,6,0.5,0.0,,0.32916349093061953,0.414450557570525,0.5666774168611743,0.6392959466927889,0.6141711299306538,0.48078188533332256
5,1,45.0,6,0.5,0.0,,0.36073286146895317,0.42758669625348256,0.5638390090594972,0.6262741391972098,0.5809900397072287,0.4989480886422098
5,1,46.0,6,0.5,0.0,,0.3338287356447961,0.46082065378129994,0.559553597989804,0.6610047962002014,0.5650607744686086,0.567980644124839
5,1,47.0,6,0.5,0.0,,0.3254740924865701,0.4626544814146342,0.5472964907679829,0.662993873347079,0.5561467554982034,0.5610479446879898
5,1,48.0,6,0.5,0.0,,0.3308096997691108,0.5140691140525806,0.5816582395061312,0.6738027572177553,0.5466182650035998,0.5629557567607136
5,1,49.0,6,0.5,0.0,,0.3511849932345032,0.5157085941260052,0.6049624410666666,0.6851864071002719,0.5575190613258434,0.5930056226733671
5,1,50.0,6,0.5,0.0,,0.39096004041197774,0.4979636160013879,0.6070163045466764,0.6507287496089851,0.54395614684585,0.5509356674497485
5,1,51.0,6,0.5,0.0,,0.3581589593089109,0.4979603206745414,0.5783868483949871,0.6172208670766735,0.5082455685878365,0.5810903499557274
5,1,52.0,6,0.5,0.0,,0.3391487972435215,0.4936955395559911,0.583342478762266,0.6194286416413028,0.5529666748403383,0.6248722799645818
5,1,53.0,6,0.5,0.0,,0.3235278823002452,0.48738345302599734,0.5772029777740728,0.6274730152627158,0.5724451539839183,0.6271146159395081
5,1,54.0,6,0.5,0.0,,0.32951787851121495,0.46573387770397795,0.5735677051529231,0.6436010054410376,0.5614047949956841,0.6469514272906207
5,1,55.0,6,0.5,0.0,,0.3187716648252335,0.4586019490322328,0.5908856440544424,0.6466062192579058,0.5117270905085994,0.6311927249715603
5,1,56.0,6,0.5,0.0,,0.3228230114161169,0.45918742350511543,0.6120856664602041,0.5922696408082464,0.5425964747344836,0.5917296179656286
5,1,57.0,6,0.5,0.0,,0.3271727697872249,0.47982164845517394,0.6480517590736561,0.615496185138044,0.5838058403366538,0.5765086694348757
5,1,58.0,6,0.5,0.0,,0.3288851951574709,0.5041606824718345,0.6336551945566727,0.5969449084517766,0.5676824871861699,0.5550992699372435
5,1,59.0,6,0.5,0.0,,0.3487049429675447,0.5159672499750004,0.650375130391587,0.5787236282382343,0.5885572301096247,0.5579253799653531
5,1,60.0,6,0.5,0.0,,0.34507955835468324,0.4886010926508012,0.6349096583855476,0.5980823531440235,0.613854399419985,0.529505931298554
5,1,61.0,6,0.5,0.0,,0.31034027306355866,0.50993421867216,0.6181323267278638,0.6413590524045094,0.6624721072050703,0.5095600961583711
5,1,62.0,6,0.5,0.0,,0.297932780220317,0.5126439971027505,0.5824589006725162,0.6847923323915294,0.6499776857640562,0.4505448933884626
5,1,63.0,6,0.5,0.0,,0.3055302200221498,0.500517754965575,0.6053941485936336,0.6522846382197003,0.6779744836751763,0.4926160402006464
5,1,64.0,6,0.5,0.0,,0.32023675347687686,0.498222136091504,0.6085661860527661,0.5953798029945915,0.6441726711735096,0.5266190313504124
5,1,65.0,6,0.5,0.0,,0.3461914094456685,0.48310032926865054,0.6137082330497142,0.6209978729483907,0.6697010576696696,0.5243956671888628
5,1,66.0,6,0.5,0.0,,0.32440806725924565,0.49035526589050027,0.5933743663687304,0.6670716157408993,0.634789070300924,0.518647641008252
5,1,67.0,6,0.5,0.0,,0.331645645289928,0.4701190858064921,0.5788526862454254,0.6670177057493811,0.6044742174331649,0.5112253548841934
5,1,68.0,6,0.5,0.0,,0.3296956245634424,0.5023238258264284,0.5717794083688588,0.6524530289215436,0.6317021609365421,0.5336568953346663
5,1,69.0,6,0.5,0.0,,0.3364348936994248,0.49692683920873326,0.5674986099260771,0.7002986347575794,0.6029207868568663,0.5253160458470063
5,1,70.0,6,0.5,0.0,,0.3381425497804655,0.5152539053920109,0.512769133439262,0.6910495601708071,0.6126934829303949,0.5465606099216016
5,1,71.0,6,0.5,0.0,,0.3350450208892887,0.48916226080623826,0.5072328232159876,0.6368222914989791,0.6254664574856453,0.4814322630453309
5,1,72.0,6,0.5,0.0,,0.357202508568591,0.476407127241143,0.49385156657520624,0.6628666168305816,0.5936641295824254,0.45128299063393496
5,1,73.0,6,0.5,0.0,,0.35885442924943384,0.4765200748108821,0.5182259566116305,0.6424318103389378,0.5825758890457969,0.4962744407714122
5,1,74.0,6,0.5,0.0,,0.3305526135571176,0.46034790117404134,0.544071790989272,0.6265167829509032,0.5914756891517611,0.45798334965567217
5,1,75.0,6,0.5,0.0,,0.3277583122779187,0.44121458532559715,0.5257074453558627,0.603512754001323,0.6281657868851929,0.4919778205546924
5,1,76.0,6,0.5,0.0,,0.39245397004257165,0.45612751686983605,0.5114745919134831,0.6185451108765984,0.6080179709236471,0.5555225079928363
5,1,77.0,6,0.5,0.0,,0.36754966428668356,0.4585917464708067,0.5565128426742006,0.5957435534779465,0.5815682640203763,0.5260077030030383
5,1,78.0,6,0.5,0.0,,0.37027278570815947,0.4547179590663439,0.5332697383729041,0.6169318875242921,0.5893440095605973,0.49162384086831573
5,1,79.0,6,0.5,0.0,,0.36350638937583996,0.4569042770049957,0.5450995734444714,0.5851270373967222,0.6037144301304257,0.5258176387564178
5,1,80.0,6,0.5,0.0,,0.34574981563620233,0.4553630345620435,0.5698143150369211,0.5571928864521023,0.5591066718650725,0.5290952432113942
5,1,81.0,6,0.5,0.0,,0.36024424390431975,0.4622476349256373,0.5672415456301321,0.5713089459228089,0.5857690559508002,0.5312661561995181
5,1,82.0,6,0.5,0.0,,0.36196809769452554,0.45912551610338126,0.5409706037320456,0.5374558179265108,0.5751935711356706,0.5553128324710253
5,1,83.0,6,0.5,0.0,,0.33178538301585475,0.4713335897006801,0.4849576410793093,0.5276240350760248,0.5285473265263086,0.5583793443878976
5,1,84.0,6,0.5,0.0,,0.3477617686099096,0.45541571214562343,0.5249254093995761,0.4896066420189495,0.5032359613982683,0.5563255962851467
5,1,85.0,6,0.5,0.0,,0.33352597142874474,0.49003092577114,0.5383503986139113,0.4939403576439556,0.46588640760717775,0.5850604770281173
5,1,86.0,6,0.5,0.0,,0.32995051571955875,0.4909813130605123,0.5242665728088516,0.5221879309754262,0.47270071273306813,0.5581977303537032
5,1,87.0,6,0.5,0.0,,0.35408857484816586,0.5113731962127268,0.49078371484343497,0.5104920531996673,0.4870501679496205,0.5818405227408211
5,1,88.0,6,0.5,0.0,,0.35934926921901816,0.54292627385901,0.49325785864480814,0.5569522660872142,0.48770079776403924,0.6024798750678853
5,1,89.0,6,0.5,0.0,,0.3158142481776922,0.5217475690341561,0.46114261127912914,0.5709738123870931,0.5396207192036847,0.6197191038975802
5,1,90.0,6,0.5,0.0,,0.3058609287681612,0.5264836610818293,0.48542550053139444,0.5872608237445578,0.5639979659260601,0.5918301293911268
5,1,91.0,6,0.5,0.0,,0.3161565994206477,0.49604806366603926,0.4841699226244405,0.5391096787256605,0.5975855830586188,0.5652457253899315
5,1,92.0,6,0.5,0.0,,0.31042926886287486,0.5124070769486164,0.481982906204777,0.5602664302631011,0.5862641488690117,0.5595108499267938
5,1,93.0,6,0.5,0.0,,0.3282016158195385,0.5614474054878087,0.4897318074133331,0.5236161330919964,0.5832126571899116,0.6054710442139642
5,1,94.0,6,0.5,0.0,,0.3645958616742534,0.5870186854656028,0.4748282790054835,0.5095114754335394,0.5817444708571223,0.5952082466406232
5,1,95.0,6,0.5,0.0,,0.33015113930383666,0.5663356397568888,0.46098264333912536,0.5101273493506049,0.602111077471875,0.5970392637288031
5,1,96.0,6,0.5,0.0,,0.3278413243597154,0.5322626507248749,0.5042338201351788,0.4980549585996405,0.5917299934557574,0.5945326491422182
5,1,97.0,6,0.5,0.0,,0.33943306466499035,0.4975375913730521,0.5526429039148637,0.5040634852208093,0.5630830741192534,0.5573229418727521
5,1,98.0,6,0.5,0.0,,0.3050837012434232,0.5062768461462739,0.5439683184761519,0.48969199138157504,0.5102165886870575,0.5648207072399833
5,1,99.0,6,0.5,0.0,,0.28863822742802636,0.4923079257915933,0.5145294141325466,0.5237137771054541,0.5115626527492168,0.5395022159036541
5,1,100.0,6,0.5,0.0,,0.28032251258887264,0.48833544175283283,0.49638481298495785,0.525163350031598,0.5434395695888743,0.5327149111436017
6,2,21.0,6,0.0,0.0,,0.36348644002649894,0.5224717432168399,0.6017603322882026,0.6235193675197828,0.5863800521695376,0.5834565522455976
6,2,22.0,6,0.0,0.0,,0.35351988116190214,0.5298926454690179,0.6015312716810542,0.6243010316255813,0.6074627742345785,0.5314895041057556
6,2,23.0,6,0.0,0.0,,0.3511609634106132,0.522089042430833,0.5959732653888055,0.632153345448774,0.6261541255020591,0.5699698511834831
6,2,24.0,6,0.0,0.0,,0.3601947694975988,0.5261868796443704,0.5991995980366177,0.6277383093358762,0.6286337123372217,0.5597457571188931
6,2,25.0,6,0.0,0.0,,0.3571294651389243,0.5289260296492343,0.6000259984305616,0.6331988308745646,0.6113140592741012,0.5995181973971397
6,2,26.0,6,0.0,0.0,,0.3585133000221003,0.5178525682211709,0.597995275702074,0.631784015700676,0.5974451234350922,0.6046196515986917
6,2,27.0,6,0.0,0.0,,0.3629230908651987,0.5105855957349849,0.6009958269548329,0.6306277806290872,0.6135958579172904,0.5658629671758039
6,2,28.0,6,0.0,0.0,,0.3573381305765465,0.5144043372021901,0.5996436552179318,0.6323936662587366,0.6224143123399861,0.5272189116629321
6,2,29.0,6,0.0,0.0,,0.35587684314544804,0.5153066931553585,0.5962582572051789,0.6346610960134128,0.5976650865052882,0.5697289596302035
6,2,30.0,6,0.0,0.0,,0.3542249916873486,0.5217998590369408,0.5925478383540579,0.6445154443682612,0.6197871478287913,0.5685340008058815
6,2,31.0,6,0.0,0.0,,0.36320101155523987,0.5158331706189923,0.5910190561204003,0.6361408549969831,0.6151076519890659,0.5793228750590449
6,2,32.0,6,0.0,0.0,,0.374817266855788,0.5224155673281952,0.5900363018120753,0.6362667088126048,0.6281415899677505,0.6126420003084362
6,2,33.0,6,0.0,0.0,,0.3502383911129614,0.5197260238166265,0.5913378937539979,0.6266443464440364,0.6197210263616091,0.6503593077402847
6,2,34.0,6,0.0,0.0,,0.3482921914075817,0.5217538734701543,0.592379167307536,0.6092103651403453,0.6117070309083368,0.6198638060511098
6,2,35.0,6,0.0,0.0,,0.3437973212295307,0.5151037312526003,0.587984961704626,0.6119900937226533,0.6022892023896598,0.6013900413437473
6,2,36.0,6,0.0,0.0,,0.3363735189783549,0.517669927756833,0.5892768417005665,0.6176725112404667,0.612673855083812,0.6122636998187236
6,2,37.0,6,0.0,0.0,,0.3551978302947548,0.5286196349498112,0.5882970812970807,0.6155354789826674,0.5828236493455197,0.5975771585737985
6,2,38.0,6,0.0,0.0,,0.33485522192082307,0.5408418807417785,0.5899465173420021,0.6174866016998815,0.6017200026851108,0.5960477672430893
6,2,39.0,6,0.0,0.0,,0.33232791793423094,0.5331565302142539,0.5888328218102291,0.6170401562128955,0.6230371825841784,0.5553221312236519
6,2,40.0,6,0.0,0.0,,0.3341156803343504,0.5272506843676077,0.5932445873540046,0.6325628012200271,0.5940581716146837,0.5400246565538271
6,2,41.0,6,0.0,0.0,,0.3366741173055169,0.5256838596795479,0.5901369024731185,0.6361894106388791,0.5918102578574248,0.5505075336804265
6,2,42.0,6,0.0,0.0,,0.3373131903632566,0.5221844938368415,0.5914183742828324,0.6321697897071602,0.5762610010318563,0.5527765352203963
6,2,43.0,6,0.0,0.0,,0.32503415122249585,0.5159608835845721,0.5924435517306035,0.6195461491350456,0.5728503151603849,0.5644734963298624
6,2,44.0,6,0.0,0.0,,0.3286697018288633,0.5202334691489202,0.5968536627978264,0.6330015607112213,0.6104375499052301,0.5665702130690959
6,2,45.0,6,0.0,0.0,,0.35081086297313846,0.5089088663813836,0.5935504508443257,0.6260791569173364,0.6197891844148481,0.5561806717947726
6,2,46.0,6,0.0,0.0,,0.3394651042007711,0.5030933068711178,0.5896806704161213,0.6258823410853747,0.5978317504042143,0.5377085610290203
6,2,47.0,6,0.0,0.0,,0.353224390109475,0.5188163803388888,0.5863262433485189,0.6301615026553551,0.5886545787942334,0.5413510066604333
6,2,48.0,6,0.0,0.0,,0.3372342450045191,0.5266110803006498,0.5905876186399934,0.636918225047097,0.6173038131316326,0.5730439495176145
6,2,49.0,6,0.0,0.0,,0.3232877484481823,0.5337411246869238,0.5948770798313966,0.6355632159259923,0.6045534459683108,0.5188606334170632
6,2,50.0,6,0.0,0.0,,0.34794591290915056,0.5425920988782649,0.5994599356253533,0.6389670132049641,0.6081548077567043,0.5766076959644065
6,2,51.0,6,0.0,0.0,,0.3671947747708122,0.5337332170141688,0.5982010202262533,0.6340462925995808,0.6135551676344788,0.5771894556000474
6,2,52.0,6,0.0,0.0,,0.36147967856377067,0.5308698857967966,0.6013202403407172,0.6391677781982175,0.6308672371408848,0.5836504426463847
6,2,53.0,6,0.0,0.0,,0.3511914298977917,0.5201012818391171,0.6014639135979089,0.6374964312603781,0.6477561373751599,0.6231488311007898
6,2,54.0,6,0.0,0.0,,0.36598110692434527,0.512523484161528,0.59872562786848,0.6432789339721249,0.6136805290072797,0.6399828521218744
6,2,55.0,6,0.0,0.0,,0.327696166071529,0.5118123572832927,0.6002716199302471,0.6241312938488794,0.6134618198779384,0.6038686224113441
6,2,56.0,6,0.0,0.0,,0.3370670106797621,0.5155802727611839,0.600625017269533,0.6328961124945113,0.6215197262841297,0.5922185206947681
6,2,57.0,6,0.0,0.0,,0.35417646910598577,0.5063406897435667,0.6018221305202023,0.6195506903425686,0.6427023744462382,0.5775795703903486
6,2,58.0,6,0.0,0.0,,0.33936102497077664,0.5109359144242375,0.5997042970432955,0.6131174432710355,0.6595720415195107,0.5956187984957999
6,2,59.0,6,0.0,0.0,,0.32517150952841845,0.5126320437248518,0.5977379145922613,0.606556869991325,0.6157854240033596,0.6590895169966042
6,2,60.0,6,0.0,0.0,,0.33868290283796343,0.50491746827352,0.5982040378122703,0.6074734550433718,0.6275572081887539,0.6441573360114855
6,2,61.0,6,0.0,0.0,,0.32595205679977257,0.5080356441380987,0.5958340977935942,0.6110388633309485,0.6140282515206854,0.6487952841657154
6,2,62.0,6,0.0,0.0,,0.32071826874253245,0.5076582600128697,0.6046680947093546,0.6088364293339059,0.6022470777625568,0.6383641375116518
6,2,63.0,6,0.0,0.0,,0.3390514672835455,0.5108218174376195,0.6062666675163539,0.6102155073472987,0.570990034920137,0.6392731051639122
6,2,64.0,6,0.0,0.0,,0.3457066844231724,0.5136951466079294,0.6080885956951361,0.6111670858140344,0.6056518745422806,0.6151669588427289
6,2,65.0,6,0.0,0.0,,0.34761291946964695,0.5198169930991012,0.6020121091460235,0.614345058344318,0.5917839621090151,0.5990261650604388
6,2,66.0,6,0.0,0.0,,0.3277546096501689,0.5308981277879571,0.6018327645526584,0.6195545750382487,0.5736598919142263,0.598703128838064
6,2,67.0,6,0.0,0.0,,0.30854800574009145,0.5362764782599044,0.6011884607829583,0.6306701138979706,0.5938892231589421,0.5746809107011487
6,2,68.0,6,0.0,0.0,,0.3126750951149871,0.5254109944804782,0.6044625293327649,0.6232866649923803,0.5822799873442778,0.5929249473808194
6,2,69.0,6,0.0,0.0,,0.3282778478100269,0.5124727997536179,0.5988698945743356,0.618685297209299,0.6092016240323371,0.5591952108408329
6,2,70.0,6,0.0,0.0,,0.34624822608465466,0.5052424123012899,0.6005314236469598,0.6175051383942389,0.6120661631564212,0.5460840637018596
6,2,71.0,6,0.0,0.0,,0.3359922612369942,0.5165490062659941,0.5997339912219054,0.6141538867511017,0.5881092691364185,0.5348874795983509
6,2,72.0,6,0.0,0.0,,0.35089865548315435,0.5177580380096825,0.5977616699351493,0.6162086441733712,0.5656433207563178,0.5035727276571045
6,2,73.0,6,0.0,0.0,,0.3558446369902084,0.5189016398350697,0.5990310413353368,0.6173030091637306,0.5759183712725985,0.48623951020895995
6,2,74.0,6,0.0,0.0,,0.3343828528644745,0.5258673906557326,0.6028384510901612,0.6296534073344453,0.588328325218167,0.4941452073061566
6,2,75.0,6,0.0,0.0,,0.3464599010039996,0.5145703840592055,0.6090948882908144,0.6299546784583268,0.5949038870403375,0.5167095423561546
6,2,76.0,6,0.0,0.0,,0.3511832310271689,0.511203971109176,0.6102871264605115,0.6205145967455422,0.5818358865927147,0.5611235442190954
6,2,77.0,6,0.0,0.0,,0.3384699637567394,0.5152072354556948,0.6071185735052749,0.6242114654651597,0.5562602255301308,0.5913198844443676
6,2,78.0,6,0.0,0.0,,0.3924270584002792,0.5087117640979776,0.6074369554762677,0.6231419683491578,0.5674108308559769,0.6013661676238087
6,2,79.0,6,0.0,0.0,,0.3720679275965529,0.5156257478346676,0.6011758987982156,0.6322533268683557,0.5833972857085062,0.6403423922911428
6,2,80.0,6,0.0,0.0,,0.3551704555825664,0.5157195528456773,0.6120536689342874,0.6358141498328537,0.6081564283671029,0.5922605072184204
6,2,81.0,6,0.0,0.0,,0.3688324817050822,0.5137384785199204,0.6067795890005885,0.6286394953787331,0.6118052602170069,0.5828845307104062
6,2,82.0,6,0.0,0.0,,0.3775428376535853,0.5238204290907231,0.6082550080392617,0.628222625685552,0.6213687758335251,0.580462032569127
6,2,83.0,6,0.0,0.0,,0.38262395418818074,0.5165514587056496,0.5994044928926796,0.6285848289281047,0.6190030351338314,0.5874029451161615
6,2,84.0,6,0.0,0.0,,0.38560780149921725,0.5214725177707136,0.5939470833584507,0.6200320519460459,0.6170162893042347,0.5635653321142061
6,2,85.0,6,0.0,0.0,,0.38759764970419636,0.5185908882316715,0.5997886640767346,0.6281209739872496,0.6554101697528727,0.5191385251173946
6,2,86.0,6,0.0,0.0,,0.3708564204822349,0.5255815955703633,0.5996661711578691,0.6234295355455333,0.6137601293361169,0.5224396559431079
6,2,87.0,6,0.0,0.0,,0.3647213751895971,0.5257213264479453,0.5938732351263327,0.6225272204323916,0.618232548989738,0.5542889493439394
6,2,88.0,6,0.0,0.0,,0.3767877032227621,0.5192203823195182,0.5988539491733522,0.628115693850385,0.5992757755849499,0.5518210315485451
6,2,89.0,6,0.0,0.0,,0.36218538528105565,0.5151184960377737,0.6014610338286793,0.6270731560201586,0.6086453192033997,0.5431666989437315
6,2,90.0,6,0.0,0.0,,0.35646843063628714,0.5332095560430374,0.6004776793672812,0.6252904514163727,0.6131073441607311,0.5465632611200245
6,2,91.0,6,0.0,0.0,,0.3666324259227618,0.5156710919982256,0.6009406207456729,0.6242902793564554,0.662709547925104,0.5475570310774008
6,2,92.0,6,0.0,0.0,,0.3803136427553163,0.5184727342127827,0.5987833118850074,0.6305348507046376,0.649315323906702,0.5585484882325266
6,2,93.0,6,0.0,0.0,,0.39651638753361645,0.5298227206789023,0.5973209675556563,0.6329583835441862,0.642691084721305,0.5731304989665873
6,2,94.0,6,0.0,0.0,,0.3985799234439074,0.5341296854809742,0.5965809510031393,0.6346447148715334,0.6389297134075173,0.6032171999982957
6,2,95.0,6,0.0,0.0,,0.37597058401934025,0.522709121586459,0.5929972360028886,0.6309923875993726,0.6492926846593691,0.5820801977887637
6,2,96.0,6,0.0,0.0,,0.36226421647537393,0.5172775850838052,0.5912733967389381,0.6305414945498324,0.6454358415619961,0.592328519455137
6,2,97.0,6,0.0,0.0,,0.33670789409132956,0.5226729309436772,0.5912287006744907,0.6446816846553742,0.6363783094495044,0.591626523143442
6,2,98.0,6,0.0,0.0,,0.33875496320507714,0.5144418859129899,0.5933906818649277,0.6395919519638374,0.6433374917761594,0.5981400150371362
6,2,99.0,6,0.0,0.0,,0.36143031590985264,0.5238146711077802,0.5961212691880995,0.6389280151798822,0.6553310132630485,0.5862428203245829
6,2,100.0,6,0.0,0.0,,0.356120803322705,0.521319876690119,0.5960698512397894,0.6256502785560132,0.6468756901678071,0.5549269334648125
7,2,21.0,6,0.25,0.0,,0.342738416438621,0.506103869897563,0.6072346260365797,0.6382071961172653,0.6153627150855246,0.6245115855223615
7,2,22.0,6,0.25,0.0,,0.3428310360024524,0.5105887544205556,0.6010074489424262,0.6629601652342746,0.6126783899736071,0.6130636149152364
7,2,23.0,6,0.25,0.0,,0.3507055012262751,0.5083392405429373,0.5924987830321472,0.6770643190389605,0.62448211551229,0.6111348807595569
7,2,24.0,6,0.25,0.0,,0.3590956971153417,0.5101265860297258,0.5972596578432111,0.6751073054827668,0.5726090227502342,0.5823375924576697
7,2,25.0,6,0.25,0.0,,0.38721712892430116,0.5011602656275792,0.5720498223729923,0.6396732260900257,0.5354167469152968,0.5805654382048724
7,2,26.0,6,0.25,0.0,,0.3685437472089631,0.5248965203526124,0.5795388743019569,0.6254656470049313,0.5320713117895597,0.602435091748023
7,2,27.0,6,0.25,0.0,,0.3415295422612388,0.5329513066686374,0.5903033566766215,0.623728955741441,0.5629162286922573,0.569066238432853
7,2,28.0,6,0.25,0.0,,0.3458102632487339,0.5116082136422216,0.5833894837185559,0.6269105494457864,0.5432647826625341,0.5647111214436589
7,2,29.0,6,0.25,0.0,,0.34750095365176614,0.5073684233809997,0.585548812210382,0.6353706285019258,0.5247337390025136,0.5822939090117959
7,2,30.0,6,0.25,0.0,,0.35953581101484866,0.5358182249883324,0.5839203353048613,0.6611791401234017,0.5253592103265478,0.5845488202199806
7,2,31.0,6,0.25,0.0,,0.35880063296995157,0.5248908794312378,0.5808871336238959,0.6502937487421158,0.5328827903434096,0.5513307568700351
7,2,32.0,6,0.25,0.0,,0.33155275519703836,0.49163540696184443,0.5911202836150388,0.649090176212103,0.49711739678091094,0.5521838203928322
7,2,33.0,6,0.25,0.0,,0.31635172590244076,0.49224626863885457,0.591517879663203,0.6311077621485381,0.4854503883735154,0.5571334825434391
7,2,34.0,6,0.25,0.0,,0.3172601875455945,0.48212545010833346,0.5796529077775976,0.6162845418859842,0.4523171045327647,0.5815819837229518
7,2,35.0,6,0.25,0.0,,0.30962850346507353,0.48299395198759665,0.5710858604677302,0.624106604650691,0.4732188594550147,0.596867896455242
7,2,36.0,6,0.25,0.0,,0.3423552613552284,0.4743093383410789,0.5861198704627396,0.5946920465419997,0.4943026393756093,0.555770309380724
7,2,37.0,6,0.25,0.0,,0.35764799508999223,0.45181337755330386,0.5653326801897454,0.625787009748945,0.5037940285254545,0.5199028714120841
7,2,38.0,6,0.25,0.0,,0.38389419925948154,0.47281327272791307,0.602810949321985,0.6341617707576073,0.5147304857424548,0.5083286715337969
7,2,39.0,6,0.25,0.0,,0.34617591993580704,0.46606784954721736,0.5714454044294041,0.6136871644319519,0.5707446447224062,0.4904481946101635
7,2,40.0,6,0.25,0.0,,0.3268734149527708,0.46560719314662613,0.5900091669642344,0.5881455006668472,0.5755767045417828,0.5144330209075525
7,2,41.0,6,0.25,0.0,,0.3462803505284505,0.48405245029048205,0.5471278813495354,0.6182042083412193,0.5640791230650458,0.5424088380668749
7,2,42.0,6,0.25,0.0,,0.3450724803023855,0.4619569173786912,0.5319704254746137,0.5914541426237699,0.607342142848487,0.5240028517772342
7,2,43.0,6,0.25,0.0,,0.31103579323077757,0.4634285834660953,0.563584599134451,0.6082430855936123,0.5844356558017654,0.49321394425738363
7,2,44.0,6,0.25,0.0,,0.2947450275537259,0.4815621702220992,0.5781417000275516,0.6407055916944021,0.5776476195280137,0.5063922702094945
7,2,45.0,6,0.25,0.0,,0.30487073338841586,0.4880988560285271,0.5398575731046439,0.6471543124584829,0.5515498744483193,0.4999071849087747
7,2,46.0,6,0.25,0.0,,0.296326882654218,0.4841773059172028,0.5613092996408786,0.6452763877433101,0.551013794318649,0.49916286534499965
7,2,47.0,6,0.25,0.0,,0.326590446414301,0.4930578550520286,0.5675331844911647,0.6286149156127456,0.579403805924654,0.5326716432576112
7,2,48.0,6,0.25,0.0,,0.31236193821461616,0.5023176419961726,0.539441127690595,0.6213584358617019,0.5863961012764572,0.49548374423067176
7,2,49.0,6,0.25,0.0,,0.2952342984947728,0.498211294539618,0.5485753188779512,0.6055701495806121,0.5758518839103404,0.5027772806980793
7,2,50.0,6,0.25,0.0,,0.29259410269964026,0.5110054475286077,0.5582570312950811,0.625566695071472,0.5642995713815113,0.5033458350810808
7,2,51.0,6,0.25,0.0,,0.286843374037749,0.5029703738421376,0.5492981484989023,0.6187837070098697,0.5723903885061349,0.46589956436981084
7,2,52.0,6,0.25,0.0,,0.3073591562915495,0.46699569084048276,0.5580320223043997,0.6029313486177659,0.6015663236811146,0.4531912240655104
7,2,53.0,6,0.25,0.0,,0.309035754597459,0.4673480299768079,0.5538937116331838,0.6027195306290007,0.6384548534356259,0.4586636436069316
7,2,54.0,6,0.25,0.0,,0.308022221423886,0.4573855070079055,0.603823192839692,0.5868004272147089,0.6159250515471175,0.511909686708621
7,2,55.0,6,0.25,0.0,,0.2757623597746398,0.46601987290055524,0.6002765838570421,0.5794816329014362,0.6166914622735835,0.5403611198294783
7,2,56.0,6,0.25,0.0,,0.29760723164409814,0.4898581088294581,0.5935769424260137,0.561128989843641,0.5951691461462307,0.5392350132271997
7,2,57.0,6,0.25,0.0,,0.28398773039948827,0.4833100805011304,0.6005719042046282,0.5814828984278299,0.5746371369531531,0.5654205180445955
7,2,58.0,6,0.25,0.0,,0.2651905360550354,0.46800507228892296,0.5999492321202687,0.570466585318377,0.5823141752453765,0.5407562393098044
7,2,59.0,6,0.25,0.0,,0.28966033468799474,0.4712836605666279,0.5918798573077718,0.582120279465248,0.5555421180002126,0.5779821126266802
7,2,60.0,6,0.25,0.0,,0.31897481923738585,0.47381674526098083,0.5902969385798216,0.5967009851844836,0.5530925100393289,0.5450711266193997
7,2,61.0,6,0.25,0.0,,0.3459451412158578,0.4825551030990436,0.5843457500288352,0.5885742315269096,0.5719055812119521,0.5649828141023046
7,2,62.0,6,0.25,0.0,,0.32713072335721904,0.49501073716514465,0.5786008085024242,0.6027382250908202,0.5963867917636219,0.5444498706747998
7,2,63.0,6,0.25,0.0,,0.3359927840835794,0.4862751413358204,0.5860623342103345,0.6336715419788298,0.5822702916297973,0.5237396441521581
7,2,64.0,6,0.25,0.0,,0.3388387188744987,0.4982557116122968,0.5778336022332878,0.6372754112358088,0.5821651051205589,0.5439183486309824
7,2,65.0,6,0.25,0.0,,0.3681204166153006,0.4953125841489028,0.5739821532126405,0.6298316661284201,0.5479397429464699,0.5584840317398588
7,2,66.0,6,0.25,0.0,,0.3640149758310177,0.5017876245373452,0.5757159892173702,0.6505655365693451,0.5054376805484482,0.5596515235981822
7,2,67.0,6,0.25,0.0,,0.3686173773127556,0.5061489268845536,0.5611024928906436,0.6400425797470765,0.5042046993777671,0.5331989507628644
7,2,68.0,6,0.25,0.0,,0.3391977695314986,0.5005502722217418,0.5784109995223587,0.6165680827867341,0.5240367015483773,0.5798976829528265
7,2,69.0,6,0.25,0.0,,0.35952347215712144,0.517359211217651,0.567907463520051,0.6201370666832718,0.5563696918647043,0.5114998636063703
7,2,70.0,6,0.25,0.0,,0.3884874285483241,0.519397366397518,0.5619814326600139,0.6359175172725198,0.5466146932075773,0.5134046918855358
7,2,71.0,6,0.25,0.0,,0.4076508094218843,0.5477260238976199,0.5322836206685835,0.6237713630136469,0.5487631541719515,0.528998069360916
7,2,72.0,6,0.25,0.0,,0.381510280297718,0.5271392202016669,0.5334158125729823,0.6179793955014874,0.5565789860748179,0.5936491746002857
7,2,73.0,6,0.25,0.0,,0.3581291948616561,0.4906612297030347,0.5470012990205275,0.6215598450720836,0.5604060658727104,0.5568183026754152
7,2,74.0,6,0.25,0.0,,0.36191429825492794,0.49463136153440246,0.5453362993277406,0.629342717672909,0.5734904760141719,0.5975597631798928
7,2,75.0,6,0.25,0.0,,0.3400584607970127,0.49544729509328045,0.546745655996373,0.6380425240649839,0.6282511546122854,0.6267704312633979
7,2,76.0,6,0.25,0.0,,0.34976188065146285,0.4896701364293136,0.5738634510980586,0.6010680203114819,0.5831981711868759,0.611535964318529
7,2,77.0,6,0.25,0.0,,0.394853141443382,0.48653168736888797,0.5530426979853954,0.5642703705617208,0.5655077587486363,0.5822205875455746
7,2,78.0,6,0.25,0.0,,0.35622175807559103,0.5016997074036229,0.5595749035907354,0.5878235063869826,0.5304719776074532,0.612263722836034
7,2,79.0,6,0.25,0.0,,0.34750748834069306,0.505659809150214,0.5430441491212458,0.5938932176866006,0.5105189765533068,0.573079734110056
7,2,80.0,6,0.25,0.0,,0.3573776661413056,0.49732187793484667,0.5621766415945924,0.5914406679391055,0.522616213345518,0.542550680593267
7,2,81.0,6,0.25,0.0,,0.3494473855748051,0.49888896569429975,0.5973605743128857,0.6154659113004118,0.5774401458425121,0.5614758110157372
7,2,82.0,6,0.25,0.0,,0.35458743241970886,0.5098832723925797,0.6218114063367857,0.6334282719482484,0.5663943959651416,0.5540479783086375
7,2,83.0,6,0.25,0.0,,0.3671392133224042,0.4929057649484581,0.6240783390407548,0.6231454705158599,0.5710479239785483,0.562142598758076
7,2,84.0,6,0.25,0.0,,0.3726897353526951,0.49752354826068396,0.6119622905375591,0.6326435171462095,0.5548830676926275,0.5614841123799953
7,2,85.0,6,0.25,0.0,,0.3690029432939421,0.5008780097286978,0.6085405793391704,0.6377489804136268,0.5230915960280307,0.5601250188009703
7,2,86.0,6,0.25,0.0,,0.37018592082303436,0.5043218297179044,0.6141410698538365,0.6091136124062857,0.5340609778997024,0.5525527969280011
7,2,87.0,6,0.25,0.0,,0.3799616694985319,0.5183344596057575,0.5836516551921374,0.5927693688327593,0.529116565038004,0.5213387204262145
7,2,88.0,6,0.25,0.0,,0.38720145342428874,0.5110592120234909,0.5975328132385594,0.5927587513426958,0.5709205371161514,0.5013012143360537
7,2,89.0,6,0.25,0.0,,0.35591537345802576,0.5234123628443133,0.6095355398532438,0.5950830197615861,0.5462723820006016,0.4939027561279256
7,2,90.0,6,0.25,0.0,,0.352980348675268,0.5231779175380236,0.5950513857747584,0.6143566628991455,0.5583531197222633,0.49712053327586025
7,2,91.0,6,0.25,0.0,,0.3527094540920261,0.5455571232963974,0.5957895320723214,0.6184677151064878,0.5297275437648494,0.5267077726260876
7,2,92.0,6,0.25,0.0,,0.34177455115710587,0.5514261545091885,0.5925979303358382,0.6358261742989784,0.5732517027981725,0.5287777818022736
7,2,93.0,6,0.25,0.0,,0.3530342740770584,0.5310981332424468,0.5892565867695001,0.5973940031843318,0.5774605959022542,0.5216674630888114
7,2,94.0,6,0.25,0.0,,0.3544823033409368,0.5463226885001121,0.5867851191047411,0.5913941965281244,0.56463120413628,0.5157204281822199
7,2,95.0,6,0.25,0.0,,0.36300872060130907,0.5322507279278599,0.5909846883530862,0.5888201360886907,0.5830786970498755,0.5177039920992271
7,2,96.0,6,0.25,0.0,,0.3784589119004099,0.528923737715649,0.582117729985429,0.5788820766301996,0.5826181213011858,0.5660676864325795
7,2,97.0,6,0.25,0.0,,0.3568542080193992,0.5328915284915434,0.5677984274569169,0.587445986339292,0.5883655049807197,0.5194230749206277
7,2,98.0,6,0.25,0.0,,0.3472757582174926,0.5638719266027632,0.5734999155391305,0.609189700821583,0.6003935525011194,0.5109562525162252
7,2,99.0,6,0.25,0.0,,0.37026584740258595,0.5373553236796165,0.6050342682221519,0.6022212513321967,0.6330450295481327,0.5036148787442476
7,2,100.0,6,0.25,0.0,,0.3370200855287976,0.5370649628868098,0.590498954031076,0.5786945818113322,0.5996287933798033,0.45570727193552363
8,2,21.0,6,0.5,0.0,,0.3781211242174525,0.4587614927806115,0.5782963168983499,0.6498378589273155,0.5237998696543629,0.5285142747701932
8,2,22.0,6,0.5,0.0,,0.3894713505794978,0.47312953864622187,0.5628658259384393,0.6474220341078734,0.49437074900766315,0.5751592180360753
8,2,23.0,6,0.5,0.0,,0.37392147430463785,0.4620999375287158,0.5943895477985613,0.6665366037234353,0.4776025005591261,0.5464133143803755
8,2,24.0,6,0.5,0.0,,0.3913859066491336,0.4569438322810201,0.575929269875685,0.6488659511049979,0.5097310288481216,0.5193028254439163
8,2,25.0,6,0.5,0.0,,0.35338577375046554,0.471697167505007,0.5626741218641081,0.6033413394152244,0.5596956125565191,0.49815471855380516
8,2,26.0,6,0.5,0.0,,0.37847315609864696,0.4869975269231973,0.599319347755425,0.5507542524335693,0.5809684675825646,0.5190002293876629
8,2,27.0,6,0.5,0.0,,0.3735568781676904,0.47919219962587684,0.62148561191407,0.568478325734781,0.6178567533861817,0.5310363110570365
8,2,28.0,6,0.5,0.0,,0.3347816056322253,0.4785114690571465,0.6262147897736338,0.6012711145739944,0.632798705425411,0.567394954798415
8,2,29.0,6,0.5,0.0,,0.3457267674774451,0.4992719064457466,0.5903962117805774,0.6158803207255794,0.5942284999609668,0.5047472923654824
8,2,30.0,6,0.5,0.0,,0.37194481027562515,0.4973855356342855,0.6166120451308251,0.635080588943836,0.5993470714884879,0.5237978338923861
8,2,31.0,6,0.5,0.0,,0.3726304812382213,0.5051037436167606,0.6293331417998266,0.6100147557982816,0.5670498516818664,0.5072790888096425
8,2,32.0,6,0.5,0.0,,0.36329701539823456,0.5291300549920097,0.6212190563730491,0.6116955360532355,0.5684252704602968,0.5119750912053275
8,2,33.0,6,0.5,0.0,,0.3667913333650776,0.5104400273147541,0.6374256707780652,0.5989193198561134,0.5911727526976426,0.5280829242261141
8,2,34.0,6,0.5,0.0,,0.3915767301785025,0.5142562493041758,0.6130698703011861,0.5678369332967396,0.5830593784163258,0.5101770849986311
8,2,35.0,6,0.5,0.0,,0.38164587695362345,0.5283242006184071,0.6122751993199074,0.5898425257651356,0.6161567049519708,0.4883919043345932
8,2,36.0,6,0.5,0.0,,0.3566931595214327,0.4815192156637864,0.6090962349249094,0.5750377898078707,0.5787415567123976,0.5035316927450872
8,2,37.0,6,0.5,0.0,,0.3573227842598593,0.4712861630532307,0.6104061077423762,0.5975062710005279,0.5448875657994701,0.520918412899826
8,2,38.0,6,0.5,0.0,,0.35455143673730216,0.4743415512983056,0.5884138014916183,0.5889219896517851,0.5654047835579952,0.5497372852285867
8,2,39.0,6,0.5,0.0,,0.3534850534917773,0.48089398258053906,0.5642819145432705,0.5909668650789559,0.5893292840955014,0.5627569902782915
8,2,40.0,6,0.5,0.0,,0.36553243804126556,0.4646149433319631,0.543149682240796,0.5847716097246017,0.583087260883367,0.6208649965004386
8,2,41.0,6,0.5,0.0,,0.37735959213827097,0.46665440487596344,0.565806156730368,0.6050172333455845,0.582482174829411,0.6410874278153733
8,2,42.0,6,0.5,0.0,,0.37767962285001655,0.46586038275222846,0.5877557216830521,0.5873964722497094,0.6083280566436142,0.6113848297598241
8,2,43.0,6,0.5,0.0,,0.3893261752717489,0.4595119030378358,0.5869549657095503,0.5714235038033946,0.6479748975515253,0.5704826781344716
8,2,44.0,6,0.5,0.0,,0.38260618761024134,0.44302430538933607,0.5909538423320314,0.6012591361799755,0.6341117460114913,0.6102816664886878
8,2,45.0,6,0.5,0.0,,0.41209658584409914,0.4523945664330169,0.6046481743513741,0.5964461933226127,0.6287808850972602,0.6045070243436126
8,2,46.0,6,0.5,0.0,,0.37430917317579165,0.46593025733041704,0.5893969635678192,0.5496079890400445,0.5989093469503993,0.575823359192855
8,2,47.0,6,0.5,0.0,,0.34440583866279934,0.43389724474495966,0.572599118525108,0.5200505123490704,0.6074325590611281,0.5610585333054782
8,2,48.0,6,0.5,0.0,,0.3419908578979759,0.4782825574441521,0.5738689908138446,0.5318637904010793,0.6102464406845519,0.49956716147522595
8,2,49.0,6,0.5,0.0,,0.3541114032517872,0.4682604488529035,0.5858301764277417,0.5504533713756932,0.5612972738331738,0.5762283565885611
8,2,50.0,6,0.5,0.0,,0.3735466471224278,0.4620927897820321,0.5413247472731866,0.5294265308838455,0.5059991761381352,0.5763743719209743
8,2,51.0,6,0.5,0.0,,0.3684498741901228,0.49744493148514035,0.5404677626215189,0.576149746133457,0.4731800733311774,0.6062850766469767
8,2,52.0,6,0.5,0.0,,0.36393972293846205,0.47550766818658435,0.5161388669625121,0.5750518568478759,0.46455586349732825,0.5803626657447017
8,2,53.0,6,0.5,0.0,,0.3695636521461747,0.4812646413273359,0.5419010613856162,0.6072216019813979,0.4757968439808048,0.6018761834423868
8,2,54.0,6,0.5,0.0,,0.3587008954091463,0.49286761322443473,0.5053300875192539,0.5920501100391466,0.50403535150079,0.5820806684890414
8,2,55.0,6,0.5,0.0,,0.34993713048354796,0.4983433321889277,0.5256213130608536,0.6090397958414426,0.5366622478731466,0.5391180767735508
8,2,56.0,6,0.5,0.0,,0.3490344270811793,0.5203107473477825,0.5266098227724323,0.581801922911039,0.5618596011022167,0.5375078851453947
8,2,57.0,6,0.5,0.0,,0.36661016517102407,0.507882580654221,0.530920493652891,0.5887098125268049,0.5467790741866598,0.5435705902806418
8,2,58.0,6,0.5,0.0,,0.3550224103492499,0.5245043288465191,0.528984749135872,0.6212034433476415,0.5163295580049392,0.5388079401843573
8,2,59.0,6,0.5,0.0,,0.3647246439157493,0.4781869015014551,0.5320474950791134,0.6427288494905309,0.5216608726615187,0.508857267074142
8,2,60.0,6,0.5,0.0,,0.36290887678701783,0.4668327573950391,0.528373120199624,0.6365725604971344,0.48519831266830515,0.49599213901157163
8,2,61.0,6,0.5,0.0,,0.36986089891193086,0.4794727966002834,0.5348060117751511,0.6441414008758793,0.5583408719814181,0.4765870201398312
8,2,62.0,6,0.5,0.0,,0.37043814539536574,0.46947637770432965,0.5356529513912688,0.6277533516141458,0.5536363759413021,0.4454138479118333
8,2,63.0,6,0.5,0.0,,0.3635064557994433,0.4988306721450334,0.512814405334542,0.6142266642633037,0.544407229962329,0.4415535331810262
8,2,64.0,6,0.5,0.0,,0.3909063157950491,0.5083593811606119,0.5177035941253985,0.6290200938628218,0.55459439078628,0.43324282654482094
8,2,65.0,6,0.5,0.0,,0.3574953574365877,0.5203038928612062,0.5159072496230961,0.6027015914279553,0.530253728169462,0.4049744085760388
8,2,66.0,6,0.5,0.0,,0.3977490768099844,0.5328434015818172,0.544820103364174,0.6084594829548958,0.5211461455686754,0.4439795268608309
8,2,67.0,6,0.5,0.0,,0.3618231601798412,0.527570430198846,0.5669854438611323,0.5426206868118084,0.5381470314016262,0.44753254509433765
8,2,68.0,6,0.5,0.0,,0.3585196801596714,0.5397390983250079,0.5446628854089841,0.571183728993559,0.5545991638825495,0.47408664771528597
8,2,69.0,6,0.5,0.0,,0.35346222229215685,0.5132974327861657,0.5898897804917319,0.6200787141193149,0.6327636961575511,0.4883832761657122
8,2,70.0,6,0.5,0.0,,0.34960375286342804,0.5134389105926555,0.5915849218349429,0.6186027003849647,0.6411737776031318,0.5511643782821477
8,2,71.0,6,0.5,0.0,,0.367836940383443,0.5123847465743743,0.5880041153956694,0.6277144814763054,0.6306178527779136,0.5531066653298206
8,2,72.0,6,0.5,0.0,,0.3591502355477695,0.5191754254182155,0.5944407695239663,0.6438720134505297,0.6305551433923655,0.5711067144125214
8,2,73.0,6,0.5,0.0,,0.39672411397266966,0.501456456605768,0.5888413534937822,0.6029032007927645,0.5968217209616578,0.5768853715300171
8,2,74.0,6,0.5,0.0,,0.373998071155931,0.4806992272324487,0.5782189006744289,0.6000248235824974,0.5858802821764235,0.5715845332935957
8,2,75.0,6,0.5,0.0,,0.36600199129799826,0.4318684079821205,0.5849561832947289,0.622891022265518,0.5498319078580027,0.5635510794867027
8,2,76.0,6,0.5,0.0,,0.34737233423367686,0.4762067440741776,0.6022835693579994,0.6461743056907936,0.5461306340130289,0.5820328351428019
8,2,77.0,6,0.5,0.0,,0.3732137935129257,0.4979764975831033,0.5675284301167324,0.6339001242128063,0.542027085262403,0.5875749175283036
8,2,78.0,6,0.5,0.0,,0.37359648854409705,0.5194723923840255,0.6062389427873848,0.577913327279526,0.5606801594593225,0.5900599340226428
8,2,79.0,6,0.5,0.0,,0.43121376530749017,0.5282491198382113,0.6206016362845893,0.5788030724863513,0.52471655280822,0.6470437646805178
8,2,80.0,6,0.5,0.0,,0.40949699480420243,0.5204611846946905,0.5843937454690624,0.5754987191593733,0.5116519991333731,0.5955213474141947
8,2,81.0,6,0.5,0.0,,0.38341510986974636,0.5324301509677707,0.6212383967459577,0.5899632291737176,0.4818322624688415,0.5862358964935116
8,2,82.0,6,0.5,0.0,,0.39908616887227766,0.5311178886350014,0.6064622768649096,0.6253962045792505,0.47787595211208345,0.5926223001403368
8,2,83.0,6,0.5,0.0,,0.376563398221502,0.5112681136060634,0.6117467033218871,0.629741775130505,0.49605265712259794,0.6223452411465267
8,2,84.0,6,0.5,0.0,,0.397681971087771,0.4961280457228888,0.5980911801961606,0.5748722404226134,0.5109890578099819,0.5978761929172214
8,2,85.0,6,0.5,0.0,,0.39237179084308316,0.4763978650085748,0.529800243951039,0.571737973524116,0.5348339782516182,0.5869073640994931
8,2,86.0,6,0.5,0.0,,0.38239676694893376,0.47870374392208437,0.5335216103052378,0.5772137748701873,0.5484425876733899,0.5492515133103041
8,2,87.0,6,0.5,0.0,,0.35932943048563115,0.536179550180497,0.5404539699621563,0.5477974465511085,0.520131799832023,0.5594012106482433
8,2,88.0,6,0.5,0.0,,0.38603624548149096,0.545749369243718,0.5352117068040692,0.5567163549606329,0.5326004649141585,0.5989933407787997
8,2,89.0,6,0.5,0.0,,0.42895216978319073,0.5341863987069709,0.527454445329232,0.5459188375696347,0.5622629484998857,0.6397585964568828
8,2,90.0,6,0.5,0.0,,0.4014965691917644,0.5320255148453896,0.5677031224111664,0.5499991500359431,0.5912001484977127,0.6318068771655063
8,2,91.0,6,0.5,0.0,,0.38717137519479705,0.476120409647404,0.554477960487331,0.534606346043085,0.5549473354962372,0.6056412117139749
8,2,92.0,6,0.5,0.0,,0.38947878443947087,0.49223470644116574,0.5595359761170849,0.5561918236910144,0.5628974977762701,0.6613217604295273
8,2,93.0,6,0.5,0.0,,0.4184539419086491,0.49080569827560216,0.5305663019021812,0.5876164017842169,0.5264300481845934,0.6761445815516083
8,2,94.0,6,0.5,0.0,,0.3679016860295047,0.5328075800026686,0.5577413392784678,0.5799440363200242,0.5828756593413238,0.6333430512971374
8,2,95.0,6,0.5,0.0,,0.3588125802819903,0.5373531203445617,0.5718424945365065,0.5501193494574703,0.6329109141274871,0.6108270352301146
8,2,96.0,6,0.5,0.0,,0.3414801420514023,0.5223781883231619,0.5929882644009125,0.5126295908012637,0.645871613034184,0.5892445883734359
8,2,97.0,6,0.5,0.0,,0.34735943190063756,0.5733058055772358,0.5686390672512838,0.5393090422211425,0.6858831401063847,0.6392365362878685
8,2,98.0,6,0.5,0.0,,0.39138281235244887,0.5623831575990236,0.5669656822004782,0.566713975164072,0.6934476334075315,0.6553760968295392
8,2,99.0,6,0.5,0.0,,0.3876830796986498,0.5291446639991563,0.550768589046559,0.5959596887618839,0.6803393754232626,0.6220916095824529
8,2,100.0,6,0.5,0.0,,0.36246371465535987,0.5182101811821209,0.5695510567503964,0.5868380023884864,0.674580562097512,0.6457604153823452
9,3,21.0,6,0.0,0.0,,0.38723902669230925,0.5086594310437202,0.608029088285318,0.6351424047397259,0.6056822461901845,0.5558896236496007
9,3,22.0,6,0.0,0.0,,0.3750564585216526,0.5096330554751034,0.6068309919535895,0.6305902686824173,0.5954235192567403,0.5659739479145618
9,3,23.0,6,0.0,0.0,,0.34473236907966576,0.5172609488927368,0.6078857792884449,0.6376870212728608,0.6189201396204851,0.5663632431826049
9,3,24.0,6,0.0,0.0,,0.34324158243488123,0.520679981487411,0.606716344756091,0.6355298953713235,0.6351453726076194,0.5526029878115006
9,3,25.0,6,0.0,0.0,,0.3316047364210375,0.5161288428543914,0.6086861771435382,0.6329533061819632,0.6188883636572875,0.519168929802384
9,3,26.0,6,0.0,0.0,,0.33273947630797857,0.5111199812425162,0.6079546780768329,0.6368046774738234,0.6174946497289484,0.49625471547290834
9,3,27.0,6,0.0,0.0,,0.3165770992590283,0.5151498364457202,0.6049206251525775,0.641961465911689,0.6104781065380878,0.5252290916456483
9,3,28.0,6,0.0,0.0,,0.33549635705350567,0.5105994232605223,0.5984211344640477,0.6335064276675062,0.5916637968371171,0.545598875877026
9,3,29.0,6,0.0,0.0,,0.3196796929791789,0.5249976118838005,0.6015269032006518,0.6389531961021171,0.5932516032746451,0.5217548267838261
9,3,30.0,6,0.0,0.0,,0.29407538103415015,0.5234823881048087,0.6075433481878315,0.6316865662024826,0.608407191011391,0.5339106853239601
9,3,31.0,6,0.0,0.0,,0.29386424987796483,0.5211403210022484,0.6084975558773437,0.6425246318605445,0.5900991380862926,0.5713563233497216
9,3,32.0,6,0.0,0.0,,0.30078199856728244,0.5167779115011154,0.6083430565412821,0.6406460888896193,0.5835304171338598,0.6001420386323473
9,3,33.0,6,0.0,0.0,,0.3375773497729723,0.5107475028324663,0.6116963169175152,0.6422352514991758,0.5809457352809237,0.5925416727742876
9,3,34.0,6,0.0,0.0,,0.31724360755064945,0.4950181672903362,0.6112986359461094,0.638227439548934,0.5965949531152079,0.602812897440197
9,3,35.0,6,0.0,0.0,,0.33577097018938146,0.5051700247572296,0.60811225473551,0.6333135599952554,0.6166856530065129,0.5696122652939299
9,3,36.0,6,0.0,0.0,,0.33112157454934105,0.4985116457090782,0.6057424740497603,0.640824242432467,0.5920237815970384,0.5798345061699386
9,3,37.0,6,0.0,0.0,,0.3319450233134301,0.48522948159162577,0.6057005265471649,0.6457456095290085,0.5806614424411395,0.590683819166264
9,3,38.0,6,0.0,0.0,,0.3667569232433051,0.48766854403364757,0.605331261550363,0.6423218380464917,0.5891972482361181,0.5604860699180643
9,3,39.0,6,0.0,0.0,,0.33635832214652184,0.48227791782713136,0.6050818469260593,0.635586887712154,0.5931388132078017,0.5813135784137066
9,3,40.0,6,0.0,0.0,,0.34348705436967814,0.4825203440884113,0.6083998470751675,0.6430058906148505,0.6008979324889938,0.544113387746074
9,3,41.0,6,0.0,0.0,,0.3433735577179621,0.4841776996564005,0.6084619743321817,0.6346703541455019,0.6137707233780987,0.526301547302434
9,3,42.0,6,0.0,0.0,,0.3376938890313827,0.4765711816211816,0.6049174644800577,0.6343638706142241,0.5864490958547172,0.5464530927428549
9,3,43.0,6,0.0,0.0,,0.32803875272187133,0.49290119204099064,0.606709681086191,0.6354738105195727,0.6183336689425045,0.5911910106482068
9,3,44.0,6,0.0,0.0,,0.3294461447106004,0.4859749349371743,0.6085212752341198,0.6241969377191805,0.6234155984370615,0.627734009467594
9,3,45.0,6,0.0,0.0,,0.3452934688221482,0.4786387619982137,0.607224741512631,0.6270263903226543,0.6088424901325159,0.6131712743597343
9,3,46.0,6,0.0,0.0,,0.35759728168036886,0.4893593873706257,0.6120302525670762,0.6156788438792298,0.6394867068483525,0.6281903692297671
9,3,47.0,6,0.0,0.0,,0.3339814976694854,0.4938419204149021,0.6147537470756437,0.6208584887112015,0.6537789248817802,0.6075717538250257
9,3,48.0,6,0.0,0.0,,0.33753455770947444,0.4944021814803805,0.6155583587328011,0.6157346179060845,0.6563227762666333,0.534264427456715
9,3,49.0,6,0.0,0.0,,0.3521667803733595,0.5050319598858363,0.6150021203507865,0.6213125051985526,0.6588628044146643,0.5551868930271716
9,3,50.0,6,0.0,0.0,,0.37509670192733113,0.510269626477023,0.6124094176059645,0.6301646209477081,0.6609340119174293,0.5052801265481285
9,3,51.0,6,0.0,0.0,,0.3523721316734235,0.5051318081526555,0.6090008800633939,0.6251254088020036,0.6725316809852472,0.546400367285727
9,3,52.0,6,0.0,0.0,,0.36372445948783044,0.5103592979738315,0.6102771760694757,0.6394611554875571,0.6673003562871747,0.5448673909145049
9,3,53.0,6,0.0,0.0,,0.3875576742427155,0.5113736449581621,0.6138878185616011,0.6105467514177273,0.6457770719173571,0.5694945252417469
9,3,54.0,6,0.0,0.0,,0.3821229834663917,0.5034361794103438,0.6097990393234594,0.6116328440463171,0.6392571256765688,0.5891646435894974
9,3,55.0,6,0.0,0.0,,0.38205884810519236,0.4975607768219138,0.6154837084433484,0.6097089660322066,0.626936091351924,0.58018566370615
9,3,56.0,6,0.0,0.0,,0.3731027656553025,0.4926804598768292,0.6139587288461688,0.6201357376892976,0.6361254562778467,0.5485906613125611
9,3,57.0,6,0.0,0.0,,0.3655299761981992,0.5052415468108661,0.6112301972366819,0.6208364265131794,0.6457579282014966,0.5133984271416836
9,3,58.0,6,0.0,0.0,,0.3506200025120128,0.5222256809451288,0.60966621032399,0.6285183205094305,0.6379070715191991,0.5309717831941334
9,3,59.0,6,0.0,0.0,,0.3609818185725274,0.5060629805940672,0.6128227046781908,0.6302829499446914,0.6448338667752374,0.5565866216205305
9,3,60.0,6,0.0,0.0,,0.3558332185319792,0.5093793717579254,0.6088929339420129,0.6216381321621253,0.6331247202764577,0.5781693304940354
9,3,61.0,6,0.0,0.0,,0.37239458039656986,0.5191477441503857,0.6070791958367289,0.6307965444954823,0.6257047470909773,0.5971333685023382
9,3,62.0,6,0.0,0.0,,0.3725361497278135,0.5177527018089351,0.6060710779947182,0.6189864402541148,0.619959112822593,0.5916105676781197
9,3,63.0,6,0.0,0.0,,0.3850626187320934,0.5261827166774221,0.6134317765347919,0.6155608275743962,0.6278795047635828,0.5982633973342213
9,3,64.0,6,0.0,0.0,,0.38706830256911096,0.521238921347629,0.6124875178998813,0.6110579074464468,0.6212716896291764,0.6374113661206101
9,3,65.0,6,0.0,0.0,,0.3723373048556135,0.5218588879344399,0.6124110000454785,0.6219730106823839,0.6270640758851245,0.6359710110860363
9,3,66.0,6,0.0,0.0,,0.36955357880508966,0.5122989436411906,0.6127045095385275,0.623522693714626,0.6273649137420676,0.5641635342973204
9,3,67.0,6,0.0,0.0,,0.37205652409677065,0.5122845747085141,0.6119057043028698,0.6196198122417149,0.6246510732255426,0.5872553637163271
9,3,68.0,6,0.0,0.0,,0.36064026213442957,0.5055376610168185,0.6093241062008514,0.6246137862225742,0.6228138175418512,0.5849062127853719
9,3,69.0,6,0.0,0.0,,0.3520311232619659,0.5008571344886603,0.616070824468401,0.6282677698207676,0.6333847747100323,0.620880814041161
9,3,70.0,6,0.0,0.0,,0.34731354592940156,0.4887210449968583,0.6130286422254351,0.6229191437708888,0.6332740666644241,0.6410160533753216
9,3,71.0,6,0.0,0.0,,0.37256894840721244,0.49379203842508285,0.6074375117854639,0.6246182583089677,0.6244879949555178,0.6168707085972022
9,3,72.0,6,0.0,0.0,,0.36941169924410966,0.4989553053850083,0.61207442783576,0.6290149954636391,0.6438741392439036,0.620606353166974
9,3,73.0,6,0.0,0.0,,0.3771782491418906,0.5021360457371793,0.611401638940656,0.6226088048518468,0.6366240630224502,0.6568402452862464
9,3,74.0,6,0.0,0.0,,0.33966630246712803,0.5013944964147194,0.6126368920232818,0.6262922818348559,0.607730924550157,0.6469679974948679
9,3,75.0,6,0.0,0.0,,0.33785435379813833,0.5122852740259962,0.6154012658279575,0.6272389533742444,0.6160219707936465,0.6333545389575302
9,3,76.0,6,0.0,0.0,,0.34556891704013865,0.5153650662473059,0.6165311576505661,0.6233322815070753,0.6401261913909047,0.574162053918327
9,3,77.0,6,0.0,0.0,,0.334243231688373,0.5136218864920906,0.6173245533947928,0.6280454635126574,0.6202268394873018,0.5609054240947211
9,3,78.0,6,0.0,0.0,,0.32159750925817554,0.5212073805910054,0.6172636440029556,0.6328017152445394,0.6397275276106997,0.5339835637043431
9,3,79.0,6,0.0,0.0,,0.3397427441475259,0.5153963816648945,0.6205506505078219,0.6351964260700946,0.6495015806158427,0.536906483771867
9,3,80.0,6,0.0,0.0,,0.35620352383459286,0.5003524427378456,0.6164455526870645,0.6314612725307542,0.6421651988448178,0.5286891832139424
9,3,81.0,6,0.0,0.0,,0.32809346702204084,0.5030971566178727,0.6110115728353526,0.6268390835572845,0.5998827220300673,0.5561457868185832
9,3,82.0,6,0.0,0.0,,0.3255653599151488,0.507733775285953,0.6168343436548679,0.639017323925831,0.6013365804062213,0.49320933261753075
9,3,83.0,6,0.0,0.0,,0.3086683403139977,0.5085414307471638,0.6179045569743147,0.6360161777962972,0.6095514810548848,0.5153920049526594
9,3,84.0,6,0.0,0.0,,0.32283253700661996,0.5064042243215636,0.6136256914620059,0.6338647506968875,0.612416751637847,0.5233105018229198
9,3,85.0,6,0.0,0.0,,0.2952598909257131,0.5015503851324564,0.617179322482995,0.634927826394093,0.6328033909004421,0.5382431688808851
9,3,86.0,6,0.0,0.0,,0.2944039342940239,0.5072133625228183,0.6178535428352535,0.639915498675818,0.622174961258143,0.5482585643617759
9,3,87.0,6,0.0,0.0,,0.27902579861724186,0.504201167210345,0.6133561802468253,0.6292365612127704,0.6475811686009387,0.5416655718982152
9,3,88.0,6,0.0,0.0,,0.3201127666419721,0.5000763396746841,0.6091829157548645,0.6379581419483221,0.6270773989803125,0.5449625829925757
9,3,89.0,6,0.0,0.0,,0.3149510995976078,0.5042251809600631,0.6069204361944325,0.6237672865502273,0.6095481386932944,0.5123788370487488
9,3,90.0,6,0.0,0.0,,0.3293009925803066,0.4998071504432561,0.6138829218845128,0.6302067592658325,0.6276818456575984,0.5059474132272652
9,3,91.0,6,0.0,0.0,,0.3408764504069686,0.48626588537896803,0.619280027028364,0.6282061013260554,0.6147446842730119,0.5165810651007796
9,3,92.0,6,0.0,0.0,,0.3727721968280258,0.49454955532968325,0.6163990559905695,0.6348088464680555,0.6102165954763069,0.47912375365435295
9,3,93.0,6,0.0,0.0,,0.3807648151653919,0.4809054288157378,0.6110186753803938,0.6332942144824747,0.6290340810021292,0.48163702866756913
9,3,94.0,6,0.0,0.0,,0.36802691765612894,0.48043434430259746,0.6147894537698224,0.6339902818513512,0.6275527668394748,0.5003002027039114
9,3,95.0,6,0.0,0.0,,0.3913136618730817,0.4723828128480079,0.6035380863839908,0.6361435137700095,0.610975314034255,0.5229702304541013
9,3,96.0,6,0.0,0.0,,0.38498115743262273,0.4900112889316464,0.605906941125953,0.6392093517814217,0.6191448824840515,0.5135912112163259
9,3,97.0,6,0.0,0.0,,0.3959860268818544,0.5037059247070423,0.6054430917328725,0.6453715833497152,0.6426931030764961,0.5017002197981889
9,3,98.0,6,0.0,0.0,,0.38661086956520313,0.518227630408131,0.6122535860852037,0.6422798463880515,0.6567719285173468,0.500284290564613
9,3,99.0,6,0.0,0.0,,0.3866548054871186,0.5166803023289026,0.6144938540496878,0.637073727018218,0.6645957803406628,0.5394341957844699
9,3,100.0,6,0.0,0.0,,0.3887987180518104,0.5229359401784268,0.6156750225885642,0.6316575371627897,0.6627828466243916,0.5454648609961331
10,3,21.0,6,0.25,0.0,,0.3776205599936331,0.5277355086615779,0.6047508017325851,0.605480414134471,0.5534747458153146,0.5328391360191483
10,3,22.0,6,0.25,0.0,,0.3933919950680439,0.5433072623358959,0.6398749651850594,0.6221828625782475,0.5189954328806768,0.5047464073907794
10,3,23.0,6,0.25,0.0,,0.39471492738592157,0.5521568350156205,0.6565190996147031,0.6099755465975969,0.5381460049666624,0.5148462133151616
10,3,24.0,6,0.25,0.0,,0.4066133463771336,0.542034829241527,0.6853146546147973,0.5892427235744385,0.5564111505409942,0.5221288763452934
10,3,25.0,6,0.25,0.0,,0.4261213562486229,0.5315311671235149,0.6702041507487918,0.5800237365959162,0.5595401528451313,0.5764237074224038
10,3,26.0,6,0.25,0.0,,0.40764987352855214,0.5590012379058364,0.6542603947322008,0.6114552379435518,0.5662506132040068,0.5412013265794829
10,3,27.0,6,0.25,0.0,,0.416247172384797,0.555906995664343,0.6670195270814874,0.6027091477721058,0.5832738828456545,0.5691338713719295
10,3,28.0,6,0.25,0.0,,0.4170572535605512,0.5596209053858205,0.6601145595489151,0.6169212182825181,0.53934158733706,0.590049946810929
10,3,29.0,6,0.25,0.0,,0.39102759259097086,0.5408812225362303,0.6487842717441874,0.6183089930927748,0.5860259140023547,0.5559923326811345
10,3,30.0,6,0.25,0.0,,0.39362093274239623,0.5320612649210956,0.6247925890895589,0.600971076341798,0.5848062062457248,0.5887448224644893
10,3,31.0,6,0.25,0.0,,0.3874003073648341,0.5316351909298503,0.5970733948175433,0.5927197793126636,0.545106403823869,0.588197046714847
10,3,32.0,6,0.25,0.0,,0.3825187470887917,0.5168481007012569,0.6003474172631025,0.5914946842790336,0.5087498091197216,0.5650803735840891
10,3,33.0,6,0.25,0.0,,0.36210560306981965,0.5317588650127264,0.5809402781645108,0.5910237083548863,0.5189772349109799,0.5511876580031986
10,3,34.0,6,0.25,0.0,,0.3459606599919424,0.528747041080211,0.6004566141626138,0.5662017177242907,0.5133782591747234,0.5371663130515169
10,3,35.0,6,0.25,0.0,,0.35075751259728644,0.5265730732086479,0.578163730088456,0.6139318654514249,0.5237561877456578,0.5153407289960072
10,3,36.0,6,0.25,0.0,,0.36216428355627517,0.5445873703157194,0.6019305084576679,0.6044593395698681,0.5318055908734237,0.5246028412640198
10,3,37.0,6,0.25,0.0,,0.37991156927579783,0.5399133848453174,0.5996748905094526,0.5471754981288969,0.5284126604927494,0.5663750228844672
10,3,38.0,6,0.25,0.0,,0.3664780568785363,0.5676484923612002,0.5968731413291345,0.5389658989943512,0.48212810535864464,0.5473084184563743
10,3,39.0,6,0.25,0.0,,0.37753822165808304,0.5676696224607707,0.6240738115024911,0.535424719229921,0.49246651774314154,0.5964219955792677
10,3,40.0,6,0.25,0.0,,0.35010161526742123,0.5714214049897302,0.6088526837087576,0.5545675468911522,0.4835410676275348,0.5849569927653878
10,3,41.0,6,0.25,0.0,,0.3573563872345036,0.5450728575336752,0.6187250064244612,0.5685877044744542,0.520527960610069,0.565793761526953
10,3,42.0,6,0.25,0.0,,0.3658498551774923,0.5388793067601981,0.6321845811964761,0.5466196205121685,0.5405787881644236,0.5608993391864209
10,3,43.0,6,0.25,0.0,,0.3967364081767004,0.5238855502030513,0.6271470718093227,0.5868526518766374,0.5126712351119804,0.5730727942885653
10,3,44.0,6,0.25,0.0,,0.36955884449539855,0.5320268330362545,0.6212079889348291,0.6083438457162594,0.5349393649031148,0.5521256056034674
10,3,45.0,6,0.25,0.0,,0.36409568900836237,0.5411934211054588,0.6139376075405274,0.5950453419650616,0.5139967508822695,0.5536723987908826
10,3,46.0,6,0.25,0.0,,0.3778322919794114,0.5264636035205825,0.6057051498670976,0.5805440334364838,0.5292852903202041,0.5266609154587727
10,3,47.0,6,0.25,0.0,,0.4026636549941734,0.5146768498953515,0.5850321705509998,0.5537001594946742,0.5351931519655981,0.5471494303980546
10,3,48.0,6,0.25,0.0,,0.42019745667207076,0.5295309310933057,0.5623100803796095,0.5476879072475791,0.5141042767685645,0.5562766607208338
10,3,49.0,6,0.25,0.0,,0.3976494900257592,0.528087660264261,0.5797485787566327,0.5611326500386153,0.5316100288526063,0.5894695707280446
10,3,50.0,6,0.25,0.0,,0.4039218496768896,0.5280691638068754,0.5617116937880269,0.5751073471674562,0.5286238173211857,0.5583925659634761
10,3,51.0,6,0.25,0.0,,0.3930454023777639,0.5227416694493383,0.5510658129918824,0.5607330074493081,0.5681242564145964,0.5581990615381593
10,3,52.0,6,0.25,0.0,,0.414652892290052,0.527476620546356,0.6013561413378256,0.6018492144930702,0.5672773485677054,0.5634320972353546
10,3,53.0,6,0.25,0.0,,0.4212753088649885,0.5213209776278234,0.5927931712114025,0.5912118091324563,0.5980642017871404,0.5504083813224353
10,3,54.0,6,0.25,0.0,,0.37451145746261066,0.5193363164378699,0.5828390593762439,0.5871622928702547,0.5600497405656968,0.5899174036151154
10,3,55.0,6,0.25,0.0,,0.3808714746147142,0.525150398163156,0.5691979548034075,0.5914574468984415,0.5397726301917398,0.5282466326906005
10,3,56.0,6,0.25,0.0,,0.40010339862720495,0.5493739833365574,0.5583633395203752,0.5718323664837339,0.527511612503151,0.5348699073917935
10,3,57.0,6,0.25,0.0,,0.39904064949799584,0.5362362886944214,0.565049604365807,0.6041646415968267,0.5366855854597412,0.5336201142627784
10,3,58.0,6,0.25,0.0,,0.40070292323047896,0.5544815743813338,0.588091914514915,0.6144845416855002,0.557185528393419,0.5362068146403856
10,3,59.0,6,0.25,0.0,,0.37932993770576495,0.5613618141422069,0.5746747013516267,0.5746666121955413,0.6068589104907838,0.5519286092291777
10,3,60.0,6,0.25,0.0,,0.36928451213297186,0.5490650508602256,0.581565003884992,0.5908552262116015,0.596536796660487,0.5688834397222486
10,3,61.0,6,0.25,0.0,,0.3764071023926179,0.5474622090182425,0.5669460635260363,0.5596360628140541,0.6100089481020823,0.5540130133574133
10,3,62.0,6,0.25,0.0,,0.39646449609944723,0.5494482223523012,0.5782597345399276,0.5595565719280198,0.6044113690535402,0.5783252294145051
10,3,63.0,6,0.25,0.0,,0.4013806604331194,0.537116769363078,0.5766292786144319,0.5731453430546813,0.5728126380549763,0.5577149361843727
10,3,64.0,6,0.25,0.0,,0.3861996157174344,0.5303875984781052,0.6026250423091696,0.5996087354492003,0.5630262727164205,0.5196027644344535
10,3,65.0,6,0.25,0.0,,0.38219664101306133,0.5391855724439842,0.600966536025066,0.5807246264603751,0.58125973055226,0.5182146438319629
10,3,66.0,6,0.25,0.0,,0.3687680298968824,0.5606691052020951,0.6072113084896295,0.6170943980040964,0.5610910037003043,0.5372979896406307
10,3,67.0,6,0.25,0.0,,0.3698990799678543,0.5487729235672177,0.6505664724679799,0.636065593929914,0.5712822330193962,0.5718663326953943
10,3,68.0,6,0.25,0.0,,0.3777138053217051,0.5222901001969863,0.6448796783628499,0.6486979178816153,0.5497511789473621,0.5495542454462196
10,3,69.0,6,0.25,0.0,,0.3582436355746149,0.5309013941022884,0.6459904938948424,0.6621673606704077,0.47775789471678987,0.5231981784387759
10,3,70.0,6,0.25,0.0,,0.329727839973014,0.5193599079837747,0.6085255365928146,0.65911794055272,0.5082773299729717,0.5631686081144209
10,3,71.0,6,0.25,0.0,,0.31932915405155005,0.498493696414824,0.6207592024326756,0.6703050860496145,0.5155227075160997,0.6022910809370418
10,3,72.0,6,0.25,0.0,,0.34903493820789444,0.5099807109778741,0.6107689602786326,0.6629110897424153,0.5172604807032134,0.5462151497562936
10,3,73.0,6,0.25,0.0,,0.3696958662888522,0.5343222216567248,0.5954715975739332,0.6543564657875678,0.5106211173078204,0.5209244488240171
10,3,74.0,6,0.25,0.0,,0.3516572541009811,0.5410856095218878,0.5715982308458623,0.6249478139052471,0.5531874444826489,0.510582108819552
10,3,75.0,6,0.25,0.0,,0.3568456595707693,0.542164583574695,0.5869253987250609,0.6089463303709091,0.5355425100248252,0.5344680156858309
10,3,76.0,6,0.25,0.0,,0.40399942215250323,0.5277468792911284,0.5847102266200457,0.6285725665964302,0.5721133836497183,0.5684629104956689
10,3,77.0,6,0.25,0.0,,0.3736891451665945,0.528309080211631,0.5950449600243163,0.6436227366988204,0.565738844071954,0.555730278370147
10,3,78.0,6,0.25,0.0,,0.3802364207343575,0.521749284214317,0.5852721015478388,0.6195155952469644,0.5698865863011038,0.5598103158234988
10,3,79.0,6,0.25,0.0,,0.3915687863560464,0.5258053939455725,0.5764821086320515,0.6158900969241176,0.5872335732710962,0.5517159334460662
10,3,80.0,6,0.25,0.0,,0.3781854156309212,0.5457280002856293,0.5836132942232617,0.6217445135964194,0.6057371686181413,0.594570659931655
10,3,81.0,6,0.25,0.0,,0.402903061598958,0.5354090082128287,0.6172923055511309,0.6008282558346348,0.5790369928431722,0.612408903828474
10,3,82.0,6,0.25,0.0,,0.37473475114357285,0.5431989083835703,0.6341487602538453,0.6154990421938136,0.566286644890201,0.5859803574246139
10,3,83.0,6,0.25,0.0,,0.3854292368700617,0.5323071998282148,0.6521636079020203,0.6108580895875477,0.5514610068847383,0.5878382259500067
10,3,84.0,6,0.25,0.0,,0.3809216948808795,0.5300507744711367,0.6394100433115011,0.6239138377330137,0.5467432657309855,0.5884291809694541
10,3,85.0,6,0.25,0.0,,0.3701957139010756,0.5393035538415504,0.6486178246880265,0.6076854662212013,0.5831573107264382,0.605292819425599
10,3,86.0,6,0.25,0.0,,0.36888705077189965,0.5446307726225145,0.6301813328724387,0.597422211497783,0.5933747137669456,0.5801530637670993
10,3,87.0,6,0.25,0.0,,0.33888265246672267,0.5385350997616309,0.6343510173910459,0.5704646108616206,0.6001369491616061,0.5590739834166953
10,3,88.0,6,0.25,0.0,,0.35494209367233465,0.5508991605562856,0.6332914611661769,0.5829329674419277,0.5994651442801764,0.6024283775325421
10,3,89.0,6,0.25,0.0,,0.38266298822786987,0.5349520160765208,0.6309430632626053,0.6224147284234182,0.6231864144205896,0.6312870788534387
10,3,90.0,6,0.25,0.0,,0.374487560397288,0.5340644832882153,0.6566952215181516,0.6195460488904816,0.5723320613905407,0.5916068151024184
10,3,91.0,6,0.25,0.0,,0.3671077632294145,0.5373966555526397,0.6223461510096411,0.5803874185085961,0.5435022961351741,0.5957512576014974
10,3,92.0,6,0.25,0.0,,0.3887673018740144,0.5504529231904174,0.6272623708006153,0.6025017440969836,0.5377756633472378,0.535876280482956
10,3,93.0,6,0.25,0.0,,0.41366482557706197,0.5367389374690466,0.6069705845363554,0.5841155930167192,0.5428991879812741,0.5299858392220526
10,3,94.0,6,0.25,0.0,,0.4286443991268524,0.5561486420255003,0.590562287500086,0.575784103019332,0.4983090653063086,0.5381184718546629
10,3,95.0,6,0.25,0.0,,0.4235458863654952,0.5209686338116961,0.6029787242090319,0.579408696617315,0.4870807727082761,0.5186876886013173
10,3,96.0,6,0.25,0.0,,0.41952730395453297,0.5394849566722036,0.5861024811764416,0.5977660054962922,0.5144550407291989,0.5494018476384945
10,3,97.0,6,0.25,0.0,,0.38467383918317,0.526804777740288,0.6012684857320874,0.6019309663252774,0.5247297104691528,0.5612633518709782
10,3,98.0,6,0.25,0.0,,0.38430277029826776,0.5621206907088285,0.5782202616740344,0.5965764689140697,0.5196972917902489,0.5676501014651423
10,3,99.0,6,0.25,0.0,,0.37049935082410035,0.5835797570516461,0.5778226460393772,0.5965118688036399,0.517702706649279,0.572910510615616
10,3,100.0,6,0.25,0.0,,0.3530900261858184,0.5843200415560904,0.5641881723014786,0.6114131533976469,0.5000020317675717,0.6142643883736196
11,3,21.0,6,0.5,0.0,,0.3036030294616516,0.4929440067878077,0.5345177949427803,0.610401583523242,0.5893942767054587,0.5543900101525834
11,3,22.0,6,0.5,0.0,,0.28544710990770017,0.5071520749307545,0.5350269067832355,0.6038414606223862,0.6200256731649465,0.5501521175755815
11,3,23.0,6,0.5,0.0,,0.2927152535757718,0.4940182421355388,0.5399833421569908,0.6049313802058602,0.5880152052948694,0.5288757058149628
11,3,24.0,6,0.5,0.0,,0.3050285017439661,0.45809638822456356,0.5510162904479404,0.6240948603533322,0.582478273358578,0.5224255310210846
11,3,25.0,6,0.5,0.0,,0.32682880020543087,0.4817305235852717,0.5140188572492572,0.6208166167478752,0.5647171628777163,0.5421680585803259
11,3,26.0,6,0.5,0.0,,0.29788675842470386,0.5002170076637734,0.5554459854069689,0.6221591531965858,0.543444734124469,0.5328756735123844
11,3,27.0,6,0.5,0.0,,0.31803602481450166,0.5085819298072967,0.5145344905409868,0.5932305760653765,0.5904495526847562,0.5346426840942414
11,3,28.0,6,0.5,0.0,,0.3077820736043695,0.5165717886846266,0.5745132528991743,0.5964689203543885,0.5941462653368192,0.5576014375679657
11,3,29.0,6,0.5,0.0,,0.32141095220317534,0.513731462504974,0.5684119270937776,0.6157175361555726,0.5530121409934736,0.5804350112530866
11,3,30.0,6,0.5,0.0,,0.33502517582836966,0.49940114907518496,0.5322551756584954,0.5834138800341098,0.541471425454886,0.6337753802728675
11,3,31.0,6,0.5,0.0,,0.3174667778226734,0.5234276218564117,0.5769773032395435,0.6184758133156236,0.5187231490875296,0.6418607127866609
11,3,32.0,6,0.5,0.0,,0.32828092299986183,0.5249490492248229,0.5699987317316795,0.599215104377938,0.5212710577164712,0.5755480873836109
11,3,33.0,6,0.5,0.0,,0.32123728628991377,0.5085522668187787,0.5657265816706153,0.6015791628570668,0.5229714189794615,0.5737661961288635
11,3,34.0,6,0.5,0.0,,0.33405389106205186,0.5135488950767544,0.5564036261983001,0.5491059664689144,0.5253426848586736,0.5745247168840509
11,3,35.0,6,0.5,0.0,,0.3133752816252101,0.5135713279750078,0.5524943717765846,0.5665319736869722,0.5419915174494097,0.5950308570740463
11,3,36.0,6,0.5,0.0,,0.3053506432800157,0.5359814126157263,0.536150308856134,0.5328852704536924,0.5693683127766798,0.585820669222344
11,3,37.0,6,0.5,0.0,,0.29217876121873887,0.507966450223321,0.5329859911223782,0.5188165330597979,0.5080122196964352,0.5411319223361919
11,3,38.0,6,0.5,0.0,,0.2904433331441561,0.48503508744938556,0.5335212841596649,0.5194391344611686,0.4954716400802865,0.5823317436369669
11,3,39.0,6,0.5,0.0,,0.3077007554188139,0.4723464480040846,0.5461652457586712,0.5116504714567858,0.5343913567668541,0.5522438376886646
11,3,40.0,6,0.5,0.0,,0.3157699274250586,0.4793739002009064,0.5799677633414101,0.49509964152429775,0.5263335505906903,0.5214058798875477
11,3,41.0,6,0.5,0.0,,0.3011634297231978,0.4762793269892346,0.5878995222286711,0.5078100106021175,0.517584508853775,0.5019735961383809
11,3,42.0,6,0.5,0.0,,0.2988883986905942,0.4592365481013311,0.6032969959142676,0.5421118164269776,0.5344309209327902,0.5529061320692913
11,3,43.0,6,0.5,0.0,,0.3255533007475241,0.4808270883303417,0.571682823628873,0.5500455779570372,0.5450910745364612,0.575735684465874
11,3,44.0,6,0.5,0.0,,0.3448360686637957,0.48548183905455194,0.5720741433047485,0.550923771552462,0.5295086727983637,0.6440721704243931
11,3,45.0,6,0.5,0.0,,0.3161304918630572,0.4496464921250305,0.5799415257021134,0.5831891823701693,0.5669571199119503,0.6285396571970968
11,3,46.0,6,0.5,0.0,,0.2950653468397272,0.4570052081772567,0.6061690741086703,0.5793865936873769,0.545413444810037,0.5261901442732659
11,3,47.0,6,0.5,0.0,,0.30048236689415614,0.4887911617207291,0.5752497643719043,0.578622683760595,0.5322253799022747,0.531454006633572
11,3,48.0,6,0.5,0.0,,0.2908128782835294,0.5228682523716459,0.5413673545555242,0.5691209069741878,0.5033073565363188,0.5172714802307914
11,3,49.0,6,0.5,0.0,,0.31333606425641497,0.5417530108309887,0.5454255979235051,0.5785200923794243,0.5022115228652486,0.47083272366520657
11,3,50.0,6,0.5,0.0,,0.2982357879230099,0.5204206849953587,0.547339461008449,0.5852591167658645,0.5421306283016497,0.5347743605666799
11,3,51.0,6,0.5,0.0,,0.33276206465313224,0.5013493610107292,0.5508084308197819,0.5537774820548207,0.5140066729817677,0.45681950389112724
11,3,52.0,6,0.5,0.0,,0.32585018494585666,0.48778354216837017,0.5603540157656947,0.5733382635161306,0.5193682744498785,0.4986522381262494
11,3,53.0,6,0.5,0.0,,0.29252138555148544,0.4665338344315855,0.5288750084364305,0.5811417621477386,0.5325170150445857,0.48469281442526385
11,3,54.0,6,0.5,0.0,,0.29798123224792683,0.5067488196356682,0.5292822634846718,0.5997501999025969,0.5751842582476454,0.5111673243957671
11,3,55.0,6,0.5,0.0,,0.3279832192287394,0.5002676104677466,0.537444263113207,0.637683536967178,0.5573500592750146,0.4890495782419412
11,3,56.0,6,0.5,0.0,,0.3713326635964888,0.5058458920629583,0.5431308342961424,0.6291344518648012,0.5318735597966452,0.4902935709632579
11,3,57.0,6,0.5,0.0,,0.38043961388681447,0.4806846593002203,0.4777500660899145,0.5927698702067243,0.49871945613253266,0.4352713214281717
11,3,58.0,6,0.5,0.0,,0.37541096341361,0.4742409718657619,0.4746666709657008,0.5733607907886858,0.518954919180257,0.4720992065667651
11,3,59.0,6,0.5,0.0,,0.3390235424616144,0.4371778889925281,0.5512957242012705,0.5788322885171377,0.5513173909116991,0.47889837145096603
11,3,60.0,6,0.5,0.0,,0.3436162496920516,0.4536225508077176,0.5463799918995174,0.5937079241198437,0.5332420645172489,0.4876001044694821
11,3,61.0,6,0.5,0.0,,0.35562776811410274,0.5101914878884888,0.5481011478058958,0.6210894032123153,0.5372569417261233,0.5220244795355139
11,3,62.0,6,0.5,0.0,,0.36792178027195005,0.5056669236138692,0.5730653786897112,0.5780931630091157,0.5546661477905601,0.5359938856235542
11,3,63.0,6,0.5,0.0,,0.36306442157559426,0.4842229908458326,0.5756709345171466,0.6146488194701047,0.5385051641535391,0.5872260329970616
11,3,64.0,6,0.5,0.0,,0.373830532868593,0.4752590372972351,0.617570001883254,0.611031358586813,0.5325954949687259,0.5389643829458166
11,3,65.0,6,0.5,0.0,,0.3873133900990781,0.4869625093177647,0.6002646501720513,0.5474973561454308,0.49793776935448203,0.5620578963332237
11,3,66.0,6,0.5,0.0,,0.4034388398610241,0.48644401769086104,0.5672382679446918,0.5344771938120341,0.5155488231918572,0.5959574933473141
11,3,67.0,6,0.5,0.0,,0.38328696730138956,0.4947031850161153,0.5508648385134445,0.5563388276889681,0.4659797829177966,0.5014480333517461
11,3,68.0,6,0.5,0.0,,0.3885576978368335,0.49499916665643245,0.5901691925376868,0.5412912894862554,0.5086669252898373,0.45240080215269957
11,3,69.0,6,0.5,0.0,,0.409481497253518,0.4884876475299914,0.5545445488978157,0.528305235021187,0.5077771606166637,0.46711092332540033
11,3,70.0,6,0.5,0.0,,0.40987383896839996,0.49161340743279974,0.5718953547401047,0.5828525687720034,0.5523345497332868,0.46328052922899976
11,3,71.0,6,0.5,0.0,,0.38911792492427555,0.4538876536509095,0.5714856815868565,0.6042945385364703,0.5939269230525386,0.4672718759268236
11,3,72.0,6,0.5,0.0,,0.38912509934429773,0.44784048893086414,0.5865474918230896,0.5927358267644844,0.5748560286496935,0.49343582214906184
11,3,73.0,6,0.5,0.0,,0.36862379256170347,0.4432506274864039,0.5314788314918253,0.6059234856479098,0.6120157482058879,0.46445924224472906
11,3,74.0,6,0.5,0.0,,0.3744492304519531,0.45376693480970304,0.48232609569167584,0.6045941567331867,0.5901225012692317,0.45623555215731904
11,3,75.0,6,0.5,0.0,,0.36702708965113273,0.45990845324213014,0.5165171082796066,0.6415798000152086,0.6080185203613162,0.4574463354601093
11,3,76.0,6,0.5,0.0,,0.35192964615515204,0.44713985516234506,0.5360485730625065,0.636495628779761,0.597745964059243,0.5312402360000467
11,3,77.0,6,0.5,0.0,,0.35394201284186444,0.4763381233296001,0.5838265985368397,0.621346735209847,0.5905275990788097,0.5339504299429507
11,3,78.0,6,0.5,0.0,,0.36366727791610887,0.48796909390714205,0.5901393550840315,0.5633559870101787,0.5419032077375887,0.5213721620631193
11,3,79.0,6,0.5,0.0,,0.3383767433526673,0.5091175214744741,0.5825813328163219,0.5589429519890131,0.5540561290454646,0.5303270631914756
11,3,80.0,6,0.5,0.0,,0.3309368654741235,0.4727712263907408,0.5913974403272728,0.5821130340367348,0.5634013506112386,0.5208781318620851
11,3,81.0,6,0.5,0.0,,0.33686315509039705,0.4467514011103019,0.5662324869102406,0.5945509666316617,0.5493848569864227,0.4955470232983129
11,3,82.0,6,0.5,0.0,,0.30838593035485873,0.4598707930458456,0.563330523146798,0.5638815095454541,0.5852122395142281,0.502820895433697
11,3,83.0,6,0.5,0.0,,0.35276707910966354,0.47353209283404707,0.5635699714685114,0.5288325496045776,0.5625649006993964,0.5472301505055649
11,3,84.0,6,0.5,0.0,,0.34198164709908546,0.43813555257188347,0.5687920856686307,0.5658202981903957,0.6000209296945556,0.5989400697659353
11,3,85.0,6,0.5,0.0,,0.36430777575675877,0.45285342476495316,0.53411069040877,0.5976770107667176,0.6244643915911028,0.5368418519112288
11,3,86.0,6,0.5,0.0,,0.36536489675765454,0.4240816220930337,0.536594144936902,0.5947979806989488,0.643025775018122,0.49988292349118363
11,3,87.0,6,0.5,0.0,,0.3334808678605463,0.42602482270245,0.5652907508680313,0.6003734427049974,0.5769065774899288,0.4875864749329777
11,3,88.0,6,0.5,0.0,,0.3278765758205954,0.4238574331860462,0.6061215459785148,0.5679568462290975,0.5944816820640068,0.5597374559076411
11,3,89.0,6,0.5,0.0,,0.3644691781417554,0.4102739028420186,0.6024772703118728,0.5854513084156531,0.6245397591760504,0.5677899647261129
11,3,90.0,6,0.5,0.0,,0.3665431676034105,0.4187965053071606,0.5620312279097303,0.5756112341447884,0.5735844919958951,0.5542319717808903
11,3,91.0,6,0.5,0.0,,0.3704824959278944,0.41479152855062595,0.5800468215399015,0.5711037503041605,0.5087597445925129,0.5138192892114843
11,3,92.0,6,0.5,0.0,,0.3373770224255319,0.3945790842967515,0.5517382458206057,0.560795554602867,0.5226347827209231,0.4830457127766832
11,3,93.0,6,0.5,0.0,,0.3261296607926108,0.39742914854135786,0.5433984525513068,0.5895679671068101,0.5270439737473118,0.48825536889999344
11,3,94.0,6,0.5,0.0,,0.3786262595273883,0.41261856437282507,0.5648543046148118,0.5672279286757851,0.5583859601282333,0.4953645296808687
11,3,95.0,6,0.5,0.0,,0.38118709027886954,0.42270125194275987,0.5664260499617404,0.5519138032086548,0.5983341170437202,0.5529120478379967
11,3,96.0,6,0.5,0.0,,0.40303632586581317,0.4167254696978153,0.5874397612053255,0.5822650022942912,0.580132072146139,0.4965682476506177
11,3,97.0,6,0.5,0.0,,0.37632861790208133,0.4391787782275746,0.5739319872412229,0.5829810917491699,0.5844125094687347,0.48297839254095365
11,3,98.0,6,0.5,0.0,,0.38315698311155755,0.4626983318439268,0.562792236199522,0.5870618278585983,0.5654035461844872,0.4984890351020782
11,3,99.0,6,0.5,0.0,,0.37053249132297006,0.45131449412739927,0.5578531487978984,0.5402141832205094,0.5485673621800302,0.4755950979486986
11,3,100.0,6,0.5,0.0,,0.36497723935235227,0.42709506810627734,0.5599508196244471,0.5576397596938171,0.5896728574160515,0.532939414951959
12,4,21.0,6,0.0,0.0,,0.3329223146982483,0.5615923902342398,0.5934758738987311,0.6219709684504934,0.6025067923236942,0.5436790513408918
12,4,22.0,6,0.0,0.0,,0.3296137869015293,0.5591593094631436,0.5985360601912709,0.6159748645195576,0.6089798653715018,0.5154100314033384
12,4,23.0,6,0.0,0.0,,0.32436795637781746,0.5581924964164082,0.5984531032579661,0.6058994796607677,0.6033407381953404,0.5182438085440253
12,4,24.0,6,0.0,0.0,,0.3153982675880242,0.5574190459790197,0.5950527243403883,0.6137670611035408,0.578216054630363,0.5332635445947591
12,4,25.0,6,0.0,0.0,,0.3393805721159342,0.5597019251023624,0.5923324212063259,0.6169153886728482,0.5800491040696839,0.5727942837491992
12,4,26.0,6,0.0,0.0,,0.34696037502447585,0.5517638223255679,0.5942736582903958,0.6173512329880355,0.5899146959663988,0.5867533286932078
12,4,27.0,6,0.0,0.0,,0.3594333070750255,0.5501863644749562,0.5903747930196193,0.6165882190117916,0.566016603770233,0.6159795672657323
12,4,28.0,6,0.0,0.0,,0.3486314960138058,0.5510141404258582,0.5899244514964235,0.6052019247712112,0.5582102171030067,0.6040273936533171
12,4,29.0,6,0.0,0.0,,0.35008811931960065,0.5567867129494408,0.5855610522377287,0.6099191522555786,0.586958161249335,0.5603986019244539
12,4,30.0,6,0.0,0.0,,0.37434876505460846,0.5552592850619729,0.5831735374261927,0.6113465303823344,0.5937533388158565,0.5466982094405881
12,4,31.0,6,0.0,0.0,,0.3787450108127951,0.5543554724702731,0.580160320981544,0.6176470180293145,0.5993009041895648,0.5475466116762394
12,4,32.0,6,0.0,0.0,,0.37135558639824817,0.5582109404366464,0.5872047288039959,0.6246319329091927,0.6221778442839407,0.5069648797395432
12,4,33.0,6,0.0,0.0,,0.3391723240626784,0.5610524450936619,0.5920552401030279,0.6220242656245846,0.591100479146359,0.50929784215889
12,4,34.0,6,0.0,0.0,,0.3340587749568207,0.5632159570318056,0.5940519134077575,0.6281471085071811,0.6133393135816246,0.5400546859331014
12,4,35.0,6,0.0,0.0,,0.3185951753130333,0.5635275567027291,0.5963281411050667,0.6259483126870711,0.6255874468759409,0.5050221533920416
12,4,36.0,6,0.0,0.0,,0.32035208841058027,0.5589175413541376,0.5947373283463452,0.6298952913969862,0.6575584239358518,0.5225409314477083
12,4,37.0,6,0.0,0.0,,0.317513617021311,0.5516108851768127,0.5982108484026496,0.6186616838861004,0.6367695501085225,0.5531585174700275
12,4,38.0,6,0.0,0.0,,0.33333435296978087,0.5547118943242781,0.5989764000474546,0.6202723520242474,0.6312444126027096,0.5765829994302627
12,4,39.0,6,0.0,0.0,,0.318327382994288,0.5603057566325079,0.6029364811102498,0.6086316292846542,0.6554667696746066,0.584479540505342
12,4,40.0,6,0.0,0.0,,0.3310171516073157,0.5563401012979606,0.6052398889737711,0.612099187869702,0.6382344969283524,0.6104501956543473
12,4,41.0,6,0.0,0.0,,0.3268886714296062,0.5630182538202979,0.6066128969045903,0.62100229544884,0.678210932165124,0.5779564864804468
12,4,42.0,6,0.0,0.0,,0.3340561009181903,0.554891455149741,0.6002461839109748,0.6237626817593556,0.6596065443337868,0.5416192512462938
12,4,43.0,6,0.0,0.0,,0.35571149276477526,0.5555901102075479,0.6011692039564589,0.6315793996196971,0.6646184478051024,0.5289981758993558
12,4,44.0,6,0.0,0.0,,0.34565404456560567,0.5504778419266011,0.5972256048991824,0.6247065764198332,0.6528417783133256,0.5254449939351176
12,4,45.0,6,0.0,0.0,,0.35287848086436985,0.5523019304750927,0.5947496147068867,0.6268574898544955,0.6299876349342058,0.526114106075281
12,4,46.0,6,0.0,0.0,,0.3334076658737065,0.5498998465693776,0.5982206774910829,0.623043944212055,0.6235207431509561,0.5557222346210307
12,4,47.0,6,0.0,0.0,,0.32684804011930657,0.55577630780604,0.5975517524650498,0.6251346467888801,0.6180464055206387,0.5659936586134715
12,4,48.0,6,0.0,0.0,,0.32736230375279035,0.5449184138755518,0.5983726454662219,0.6322484908544974,0.5982767403875829,0.5222381403615669
12,4,49.0,6,0.0,0.0,,0.3315837960969571,0.5435184634399202,0.5976571088004181,0.6256878106510506,0.6171993635146491,0.5406399599454598
12,4,50.0,6,0.0,0.0,,0.34757568386538273,0.5415003351350465,0.593681894814618,0.6248680403450184,0.5682755857583572,0.5540687744578705
12,4,51.0,6,0.0,0.0,,0.33456381061419593,0.54568076560618,0.5885670068922843,0.6245552693345754,0.5952526688638602,0.5590233130118488
12,4,52.0,6,0.0,0.0,,0.34445203502313915,0.5466926569056391,0.5899269514924498,0.621849120754674,0.6104186334889525,0.5658658986066397
12,4,53.0,6,0.0,0.0,,0.3519168732303966,0.5418309776180139,0.5882318029279752,0.6205875679986349,0.6056225647417166,0.5769708655893024
12,4,54.0,6,0.0,0.0,,0.3435496491228426,0.5415230842837144,0.592327539014428,0.6201665872183607,0.6257832775219874,0.56875583449682
12,4,55.0,6,0.0,0.0,,0.3614289017004415,0.5469851557461182,0.5929353771901648,0.6206236952383144,0.5937542452707072,0.5656965660738779
12,4,56.0,6,0.0,0.0,,0.3408030219788165,0.5499820751098479,0.59197291883286,0.6211813103042432,0.5622367642839856,0.576318428827507
12,4,57.0,6,0.0,0.0,,0.35135339691590883,0.5573537459767959,0.5885342014535905,0.6175346370997324,0.5724548750371208,0.5776250559163161
12,4,58.0,6,0.0,0.0,,0.33515581285578455,0.5566479568354745,0.5871176028968877,0.6248002443845543,0.5604705752541888,0.6038078088718957
12,4,59.0,6,0.0,0.0,,0.32402855277039794,0.5603628987770558,0.5873186993982383,0.6210016571622728,0.5387399080907411,0.5780828881752719
12,4,60.0,6,0.0,0.0,,0.32249877735924887,0.5542960727822075,0.5915970561906384,0.6230060559513124,0.5557514622100463,0.6169063347149601
12,4,61.0,6,0.0,0.0,,0.3182716772900524,0.5479137103192687,0.5983673813715096,0.6314695164553072,0.5713518228275902,0.6320793138836023
12,4,62.0,6,0.0,0.0,,0.330877176722575,0.5484790126761098,0.6004360017692555,0.632629935654332,0.5610232124194912,0.6191865498710725
12,4,63.0,6,0.0,0.0,,0.3540311668351028,0.5453498044657819,0.5994221473940268,0.6273514350445516,0.5382611565772027,0.6183766446514884
12,4,64.0,6,0.0,0.0,,0.37842430318469705,0.5381061128704054,0.5991755993961878,0.6233436840229076,0.5747279871422163,0.6151841248095975
12,4,65.0,6,0.0,0.0,,0.3741863883397277,0.5400720941526881,0.6025992882786594,0.6256417356078422,0.5990227613059053,0.5703513570754887
12,4,66.0,6,0.0,0.0,,0.3824876788949287,0.5429227241680438,0.6075267533033581,0.6190641832522535,0.5978289822573984,0.5843727384189051
12,4,67.0,6,0.0,0.0,,0.3762391156469205,0.5456716232858714,0.6068660101577497,0.6167405574513506,0.5907091558845654,0.5592991364629589
12,4,68.0,6,0.0,0.0,,0.3841884483609356,0.5434657327278903,0.6059005294515348,0.6170065343694661,0.6233016478763315,0.5662756279705825
12,4,69.0,6,0.0,0.0,,0.3610546481572956,0.547727377259597,0.6098101599802266,0.6193355174354966,0.6048126788634824,0.5828232523696004
12,4,70.0,6,0.0,0.0,,0.36333669292412096,0.5480672990834294,0.6088203848118603,0.6208455624670433,0.6447819615938736,0.5599659778683809
12,4,71.0,6,0.0,0.0,,0.33577121596088133,0.5408409491288547,0.6038815800948802,0.6069264634250436,0.6366952807420214,0.5650160850113919
12,4,72.0,6,0.0,0.0,,0.34677293266530806,0.5461396066746366,0.6035129854012393,0.6137673908528603,0.6005291670308244,0.5765649402226012
12,4,73.0,6,0.0,0.0,,0.34752022272416266,0.5481140615776396,0.5991006300550067,0.6134178515582173,0.6083999635027015,0.5927103315327903
12,4,74.0,6,0.0,0.0,,0.34715511183780234,0.5444598092200237,0.5983538500226278,0.6179736775261775,0.5982273735673947,0.5641107533218572
12,4,75.0,6,0.0,0.0,,0.34675199503949516,0.5521412823517553,0.5990908013434373,0.6208608666468585,0.6115972976748926,0.5427134581590064
12,4,76.0,6,0.0,0.0,,0.34554132745516186,0.542010393512124,0.5989105225557162,0.6212982092648434,0.591654987188295,0.5396337957552835
12,4,77.0,6,0.0,0.0,,0.3430464171024172,0.5397003392847687,0.6028837791168591,0.6281041042177297,0.5778296026350482,0.5603046385844739
12,4,78.0,6,0.0,0.0,,0.3467300950629951,0.5405355780423167,0.6013803692721096,0.633259563892455,0.6054703527587502,0.5891134727373771
12,4,79.0,6,0.0,0.0,,0.30989988532009255,0.5489647036069389,0.6001776413963101,0.6291510133879293,0.5930857397398099,0.5634226474026536
12,4,80.0,6,0.0,0.0,,0.3228278810455268,0.5514095495376374,0.6012287234959086,0.6297938457881316,0.6048331199002788,0.5615775661654842
12,4,81.0,6,0.0,0.0,,0.3475082727771045,0.5612825247016471,0.5959388451840296,0.6313276549862717,0.6033002611647726,0.5793929366509082
12,4,82.0,6,0.0,0.0,,0.32561685774377225,0.5598910686072109,0.59638895762819,0.6319240744774199,0.5994810925509776,0.6219562146829309
12,4,83.0,6,0.0,0.0,,0.3237694213379484,0.5569310312163535,0.5967490475835182,0.6245381792498896,0.5910617603960575,0.6049761117278348
12,4,84.0,6,0.0,0.0,,0.3101204182525693,0.547931934835194,0.5995782209285905,0.6330411242588542,0.608591124101401,0.5858294086704896
12,4,85.0,6,0.0,0.0,,0.3553763550190001,0.5494534664301314,0.6034179378151585,0.6301929993548558,0.6167586152541509,0.5934053014236124
12,4,86.0,6,0.0,0.0,,0.3635670827843084,0.5540092720857992,0.6046587836671232,0.6342165240510627,0.6172586251568386,0.577038485844622
12,4,87.0,6,0.0,0.0,,0.34329777109158865,0.5573104144740146,0.6020305330679522,0.6273579734142466,0.5961958129768702,0.5733361307427443
12,4,88.0,6,0.0,0.0,,0.3437771505317431,0.5603320243235566,0.5965802928416644,0.6211757717083839,0.6109307111113215,0.5802835011169472
12,4,89.0,6,0.0,0.0,,0.34879392653347147,0.5542713732194082,0.5935544760073469,0.610042978783593,0.6085899228139151,0.6218604786629806
12,4,90.0,6,0.0,0.0,,0.3492841137577547,0.5515125945674807,0.5944814622868437,0.6151689581492181,0.6065870167278911,0.6079511153605849
12,4,91.0,6,0.0,0.0,,0.34895431894426243,0.5424582580587526,0.5905410362167777,0.6064267952443881,0.5859482759850423,0.5638779269175966
12,4,92.0,6,0.0,0.0,,0.35805802151124955,0.5448316552928953,0.5913796881763412,0.6085840130851424,0.6249258649353295,0.5882888643299958
12,4,93.0,6,0.0,0.0,,0.34972235235193017,0.5418338841922282,0.5897326042811548,0.6055797707109662,0.629504685753284,0.5780723757565613
12,4,94.0,6,0.0,0.0,,0.3515158238263528,0.5451640009155077,0.5915828155959421,0.6070792200407334,0.600844967675799,0.5915630376669094
12,4,95.0,6,0.0,0.0,,0.35013402633286794,0.5490859918096909,0.5908908695574817,0.6139994666582338,0.596835323120934,0.5997292170555917
12,4,96.0,6,0.0,0.0,,0.3582992488127397,0.5494168378684476,0.5869442946009797,0.6191444226380399,0.6066925519050252,0.5916926030250287
12,4,97.0,6,0.0,0.0,,0.3503392608123686,0.5512104163825132,0.58919331716175,0.6146489412579943,0.5921568234407733,0.5732203875933025
12,4,98.0,6,0.0,0.0,,0.3223592635939747,0.5554148320477046,0.588902792978975,0.6206533953918651,0.5962939863911816,0.6084215005415767
12,4,99.0,6,0.0,0.0,,0.3183974125751077,0.551017430021274,0.5860781007704825,0.6232209558782397,0.6114159359219409,0.6090974468594075
12,4,100.0,6,0.0,0.0,,0.3058228112422968,0.541111311647739,0.5867388377428309,0.6195730241032443,0.6060398418459731,0.6009877331510596
13,4,21.0,6,0.25,0.0,,0.34376625254864585,0.48311432005344035,0.5836200009428861,0.6314458381784812,0.5542584136531387,0.5926273939566211
13,4,22.0,6,0.25,0.0,,0.3510922917710502,0.4947178718854591,0.6054801518898272,0.6339484132943529,0.6018783704986882,0.5500286578542484
13,4,23.0,6,0.25,0.0,,0.3666189307096093,0.48972015419927495,0.6120530173951233,0.6244537360036677,0.5757812315095484,0.5441609377607898
13,4,24.0,6,0.25,0.0,,0.37661063005118595,0.47121595443212383,0.6090409514620256,0.6290973865543839,0.6037988866684866,0.5635007686146319
13,4,25.0,6,0.25,0.0,,0.37808355213546996,0.46671174084111994,0.6145476624570537,0.6176109125216751,0.6196188333725893,0.558082083728453
13,4,26.0,6,0.25,0.0,,0.37528299523159864,0.48807810423476683,0.5897185486697002,0.625524501424673,0.6220960376213261,0.5407257151865383
13,4,27.0,6,0.25,0.0,,0.36611694519760685,0.479176711483235,0.575135551790429,0.622449050409298,0.5799038396112873,0.5037515479513666
13,4,28.0,6,0.25,0.0,,0.32610855964314067,0.47530117888033735,0.5742927764736471,0.6164499092224316,0.6153614839673317,0.5144141037119611
13,4,29.0,6,0.25,0.0,,0.36321930386457674,0.4594973017991177,0.5883492674385671,0.6290052431585572,0.6522926460340988,0.5222714702713337
13,4,30.0,6,0.25,0.0,,0.35360930812768177,0.4792758440374736,0.6025409729670614,0.6036556344594329,0.6214488406788914,0.5419604273878165
13,4,31.0,6,0.25,0.0,,0.3218330287541183,0.49323149245717257,0.6064000202412677,0.5877615019460927,0.6191360865133986,0.5664163735466846
13,4,32.0,6,0.25,0.0,,0.3326590672556919,0.48573738972642744,0.5911179899134668,0.5962858764465232,0.6243017314639382,0.5265991340817403
13,4,33.0,6,0.25,0.0,,0.3671572009837072,0.4953525653739931,0.5683002766576697,0.622921995107917,0.6162053115450011,0.5873301293126081
13,4,34.0,6,0.25,0.0,,0.37333001014912115,0.4708896022693258,0.5938701309491629,0.6152507399536249,0.6154264213934038,0.5792640669165685
13,4,35.0,6,0.25,0.0,,0.3641093570082195,0.45085679387681366,0.6203572679329603,0.6113517274363606,0.6102746169382248,0.5838635833964902
13,4,36.0,6,0.25,0.0,,0.3611285842199389,0.45100030811711916,0.6208533661771016,0.6212665615977614,0.6003986390380465,0.613694878641091
13,4,37.0,6,0.25,0.0,,0.34627265999062873,0.4488717952458489,0.6342625762801573,0.6412545409335099,0.5840364188214957,0.6136594816877915
13,4,38.0,6,0.25,0.0,,0.33596946810982753,0.4541048151157371,0.628287382035135,0.6649505249113529,0.5620388383968324,0.6308489497150298
13,4,39.0,6,0.25,0.0,,0.33969249724156264,0.4723264262547576,0.637052137497479,0.6574246958214112,0.5861277314849657,0.5897714270397787
13,4,40.0,6,0.25,0.0,,0.33106159363229415,0.48244073928273046,0.6367440120843454,0.6360444144588884,0.5857297423594179,0.5720232344418087
13,4,41.0,6,0.25,0.0,,0.3007297474827455,0.4727473146883668,0.6507802783414717,0.636175206457192,0.5869577107291254,0.5622081568326489
13,4,42.0,6,0.25,0.0,,0.3020378566956759,0.46929674248175896,0.6340750490995674,0.6197142061620651,0.5802053861971794,0.5406068399862796
13,4,43.0,6,0.25,0.0,,0.3004513323028147,0.4548958619537822,0.5980066678848451,0.6317160461805535,0.5977054277903134,0.5524854719890235
13,4,44.0,6,0.25,0.0,,0.29202605168465434,0.4332477830490161,0.5765228966814575,0.6187237881996128,0.6224088028992323,0.5142036134344464
13,4,45.0,6,0.25,0.0,,0.2948466854462099,0.4218763830247251,0.5808348806379422,0.6211577030832822,0.6047773773752741,0.5668262236466398
13,4,46.0,6,0.25,0.0,,0.30533563627220284,0.4511123154087143,0.5924589062141286,0.6365950036987754,0.5936113230860978,0.5930399381112477
13,4,47.0,6,0.25,0.0,,0.3096697760839728,0.4680783978151414,0.5930787039108155,0.633226938588628,0.5859696970884144,0.5588394817688522
13,4,48.0,6,0.25,0.0,,0.2791030455710114,0.4937672116487061,0.5743743345211213,0.6236170747574377,0.5763938156625343,0.5710624426325548
13,4,49.0,6,0.25,0.0,,0.29075933045180274,0.49164080489806555,0.5851470629750185,0.5998907165612145,0.5665524872819987,0.5739107466858244
13,4,50.0,6,0.25,0.0,,0.33666914159514755,0.4824469559818295,0.6173131455941798,0.5967294582777614,0.5640671720977812,0.5533804964240236
13,4,51.0,6,0.25,0.0,,0.358061917679681,0.47206044227423705,0.6169401167549772,0.6237984752715737,0.5539965030011916,0.49235403050331267
13,4,52.0,6,0.25,0.0,,0.364721349807274,0.4968450591223278,0.6134706322785708,0.6349906433388195,0.5697223252762716,0.4683514594678164
13,4,53.0,6,0.25,0.0,,0.371105960960632,0.47991359047947996,0.6001584651507176,0.621590627467881,0.5945800876896243,0.5127830052592482
13,4,54.0,6,0.25,0.0,,0.35381906505474314,0.49700081373545196,0.5668938182554785,0.646956752511757,0.5570508927704129,0.550355485794344
13,4,55.0,6,0.25,0.0,,0.34238829644911645,0.49446119525780236,0.5467914278401488,0.6502017598500149,0.5330915133944145,0.5625920537912147
13,4,56.0,6,0.25,0.0,,0.3073604282748933,0.5045828708998154,0.5635979333954876,0.6479409752015731,0.5659436721102468,0.5751069215680478
13,4,57.0,6,0.25,0.0,,0.3317312416385202,0.5201086116693748,0.5790448862601134,0.6247993888056882,0.5447554454929866,0.6110914096077822
13,4,58.0,6,0.25,0.0,,0.3259134983408362,0.51249797668326,0.57465377357119,0.6051524930463732,0.5235966085805968,0.5905561918975949
13,4,59.0,6,0.25,0.0,,0.31046887179997007,0.5006715822271668,0.5702744162836757,0.6050625023564346,0.5198586979140084,0.5985577979039822
13,4,60.0,6,0.25,0.0,,0.31463118332506024,0.49465394593466827,0.5643074715862725,0.6209279650192899,0.5059336732833974,0.6003181856481308
13,4,61.0,6,0.25,0.0,,0.31266737461376454,0.4914656163801885,0.5718299267449527,0.6252156214774962,0.5273069563570602,0.6142932200491438
13,4,62.0,6,0.25,0.0,,0.2851193776986741,0.5066655440176493,0.6159877061127268,0.6244256550738273,0.5265203225899228,0.6272434452376754
13,4,63.0,6,0.25,0.0,,0.30056090393443136,0.5053042895300512,0.6030807359888908,0.5997967434205213,0.5622965710759775,0.5657487177900977
13,4,64.0,6,0.25,0.0,,0.32582821704683623,0.5027767899324065,0.6169876131853996,0.5805763280900146,0.5603704214346006,0.5333042982100892
13,4,65.0,6,0.25,0.0,,0.30721103042878634,0.49811988510991023,0.6043667620964323,0.5939793811557037,0.5783874895664038,0.5009031888997184
13,4,66.0,6,0.25,0.0,,0.28925159670847655,0.5087978039555092,0.5866669538897685,0.622125106698396,0.5762846723508037,0.5371918349319461
13,4,67.0,6,0.25,0.0,,0.32568930905558,0.491937983173157,0.5862600675823838,0.6192381756503215,0.5998420530965899,0.5389717994918998
13,4,68.0,6,0.25,0.0,,0.3116030900425491,0.4709381569386658,0.562616268236366,0.6211719192688945,0.6134391147977706,0.532342906282208
13,4,69.0,6,0.25,0.0,,0.32137336063912,0.47726912456076603,0.5551398615873191,0.641383325494506,0.5815430148503187,0.5585403207886037
13,4,70.0,6,0.25,0.0,,0.3167207851715284,0.48737534277942346,0.5717684588584281,0.6497739485277487,0.6144591108187443,0.5299149862152315
13,4,71.0,6,0.25,0.0,,0.33221392592719845,0.49760384148365155,0.5846807931532986,0.6557076306142096,0.6302135798743272,0.5139390175298585
13,4,72.0,6,0.25,0.0,,0.35053949035571585,0.501659282635335,0.5661138478003829,0.6248534467990944,0.6518451803201037,0.5227956822870748
13,4,73.0,6,0.25,0.0,,0.3768178410365023,0.4854803086245604,0.5769411349686953,0.6179605104780613,0.6361298322705587,0.536087544101832
13,4,74.0,6,0.25,0.0,,0.3668871812951251,0.4831426507747357,0.5677692191587763,0.6411727938588878,0.6576155383937969,0.5318115682405508
13,4,75.0,6,0.25,0.0,,0.36144132929151496,0.4789413545946545,0.5820306955573816,0.6319707694296725,0.6598761106523565,0.5757642460702114
13,4,76.0,6,0.25,0.0,,0.3725030866286006,0.46346491556043545,0.5875317001312517,0.6197019967136628,0.6443084044931628,0.5924638230190974
13,4,77.0,6,0.25,0.0,,0.33296331018885567,0.4565479784101164,0.575546330353978,0.6344752737958126,0.6389420553647662,0.5760055330876122
13,4,78.0,6,0.25,0.0,,0.3537277399195028,0.46424512676520413,0.5968525630501477,0.6436009833868505,0.6619843546190533,0.5758329425970329
13,4,79.0,6,0.25,0.0,,0.3376033981114176,0.4706464899230568,0.5884391752781838,0.6295785064456019,0.6428220588423903,0.6004778470779506
13,4,80.0,6,0.25,0.0,,0.3261875486697087,0.474084165283467,0.5661785480806433,0.6450623926009766,0.6107121109247238,0.563871395752766
13,4,81.0,6,0.25,0.0,,0.32503620226448615,0.46353011948189177,0.5804402822391618,0.646693992675037,0.6070609288729257,0.530606446975969
13,4,82.0,6,0.25,0.0,,0.3240380852632181,0.4746077068888722,0.5764293611888738,0.6449491061355568,0.5920595148928474,0.5187152939850731
13,4,83.0,6,0.25,0.0,,0.32441199268897947,0.475601775840381,0.5755234137267639,0.6717443328225903,0.615871141016659,0.5360896377077546
13,4,84.0,6,0.25,0.0,,0.3408633443559292,0.4803027851714119,0.5868158461430802,0.6541010995792805,0.574365074110937,0.5444432136405531
13,4,85.0,6,0.25,0.0,,0.3095914548372762,0.47951622752676115,0.5646168850018891,0.6130705330981856,0.5673175033893398,0.5173152331776202
13,4,86.0,6,0.25,0.0,,0.31746083706774353,0.4697264920033512,0.5693895842184611,0.6482328889048838,0.5465732270982774,0.5292191521096684
13,4,87.0,6,0.25,0.0,,0.29888835618973314,0.45342587644750887,0.5800946214437936,0.6360780889943422,0.5596164524108816,0.5046170267864444
13,4,88.0,6,0.25,0.0,,0.33074205568600734,0.4465784904619842,0.5522659480228725,0.6308932464618024,0.5536984355652272,0.5212771613932934
13,4,89.0,6,0.25,0.0,,0.33589647537354084,0.45854128044339293,0.5535721580166506,0.6445898945986404,0.5883523317528785,0.5621340177165115
13,4,90.0,6,0.25,0.0,,0.31108683526414016,0.47457388073567375,0.5376278089909219,0.6039519546366555,0.5581660006884073,0.580264805415696
13,4,91.0,6,0.25,0.0,,0.30896905549715453,0.48533510430544496,0.5452708969587166,0.585728891849181,0.5915006060113284,0.5433143530122478
13,4,92.0,6,0.25,0.0,,0.3047321768580996,0.487839278384809,0.5676576369910361,0.5943234873804266,0.6088572918096098,0.5348835279287047
13,4,93.0,6,0.25,0.0,,0.32274023904424437,0.48707602546022866,0.5683055874922174,0.6265024985888032,0.6116491705645102,0.5652712368299513
13,4,94.0,6,0.25,0.0,,0.33277331925204584,0.4753523759025725,0.5750195367434937,0.618922034387733,0.6194537047051691,0.5669003623312211
13,4,95.0,6,0.25,0.0,,0.3112685247679569,0.49559940639611677,0.5782007154886306,0.6427259713041611,0.6042019438938092,0.5919124390410776
13,4,96.0,6,0.25,0.0,,0.28269261679766,0.487313015143811,0.5922509794048579,0.615494346732676,0.6052472819229512,0.5415631774753862
13,4,97.0,6,0.25,0.0,,0.2982313030840608,0.4688201795795043,0.5854605181378124,0.6073081127606696,0.596448757361477,0.5235055698002224
13,4,98.0,6,0.25,0.0,,0.284973637774941,0.4640210790454903,0.5984957093120936,0.5919554293686564,0.577642929364713,0.5489398666255564
13,4,99.0,6,0.25,0.0,,0.32074682077824385,0.4713382397759089,0.5961444299138277,0.5569280715534465,0.596438597836731,0.513964417764202
13,4,100.0,6,0.25,0.0,,0.3100573605878826,0.5040342143733325,0.5934015132961974,0.5753124780952277,0.5824500671733135,0.4765217275897145
14,4,21.0,6,0.5,0.0,,0.30811396604596053,0.47107122594355333,0.5608282247122898,0.5923292462863451,0.5961972587238823,0.5625430950612448
14,4,22.0,6,0.5,0.0,,0.3311669115879095,0.48727708802760433,0.5526374447060519,0.604101674630839,0.5374165350486443,0.5225470876376146
14,4,23.0,6,0.5,0.0,,0.3116109983353436,0.47786306322102917,0.541837406860184,0.6394731945586594,0.5479228139185309,0.5618098144438546
14,4,24.0,6,0.5,0.0,,0.3113419477480147,0.49142066516787103,0.5452169479267338,0.6644267006693741,0.5688504263835268,0.4997953790171613
14,4,25.0,6,0.5,0.0,,0.3119187018466302,0.5243782830336007,0.5153925400487662,0.6461569645750873,0.5515204747020686,0.4772163901534273
14,4,26.0,6,0.5,0.0,,0.33005959178763333,0.5049238540773983,0.5220837671430039,0.6379646588264591,0.5786793762006982,0.4817731121227419
14,4,27.0,6,0.5,0.0,,0.31338625016740473,0.4827702919824703,0.5333786398435143,0.5550122202886365,0.5703447736768799,0.45344959399081397
14,4,28.0,6,0.5,0.0,,0.2821909196231705,0.4538763109563314,0.5484835905182741,0.5843640302010196,0.5783282863752512,0.4627596751926511
14,4,29.0,6,0.5,0.0,,0.3297796931165634,0.4793619000107617,0.5451092988805996,0.5683305622976172,0.5754693828696299,0.516591187975164
14,4,30.0,6,0.5,0.0,,0.3028897700803097,0.4960718301749288,0.5659475188880944,0.5771433659537085,0.5820855440650787,0.46791752293617234
14,4,31.0,6,0.5,0.0,,0.3004283507949054,0.4545491659665616,0.54777316569363,0.5731259069188052,0.5632823320506523,0.5232926722783331
14,4,32.0,6,0.5,0.0,,0.3241229254595723,0.4412167992931358,0.5575223234836142,0.5984108415335493,0.5853361313928342,0.5554176144261688
14,4,33.0,6,0.5,0.0,,0.32886010167656776,0.43149035651250534,0.5563942788796459,0.5983559542594845,0.6049113054260024,0.5647719842420577
14,4,34.0,6,0.5,0.0,,0.3300334021249995,0.44370212200999565,0.5571824279698298,0.6230961726249535,0.5837575828018845,0.5616236661887759
14,4,35.0,6,0.5,0.0,,0.32046302937501286,0.4631277570621126,0.5150546072186598,0.571978837881286,0.5676533061639414,0.6077001423123087
14,4,36.0,6,0.5,0.0,,0.3268122198894616,0.4655385233754651,0.5394856390475464,0.59282933148479,0.6023741002930408,0.567083814806604
14,4,37.0,6,0.5,0.0,,0.3306703365303363,0.4805245087731169,0.5318306798714237,0.5993543658129588,0.6018992802344327,0.5617214941234453
14,4,38.0,6,0.5,0.0,,0.3129446806040174,0.4811475690001016,0.5238378358659121,0.5827654460020562,0.595913700895648,0.5479523718245097
14,4,39.0,6,0.5,0.0,,0.32058043108883877,0.4772718559303938,0.5459288396586491,0.6029752392605177,0.6056901439660353,0.5232664023458595
14,4,40.0,6,0.5,0.0,,0.32572729072132656,0.4685025038776206,0.54675773655919,0.6427662219332191,0.5714112030437997,0.5386131218766876
14,4,41.0,6,0.5,0.0,,0.3260404015517532,0.43319205564880947,0.5629450814435882,0.5910649676301295,0.5928852944113037,0.5980846594675187
14,4,42.0,6,0.5,0.0,,0.31432032324391534,0.4351670557211347,0.565556022492123,0.579679041549008,0.5859694628980912,0.586316373123781
14,4,43.0,6,0.5,0.0,,0.3110269649725021,0.41557478480151344,0.5470607002234461,0.6194180033769034,0.5864121007652654,0.6257767035575341
14,4,44.0,6,0.5,0.0,,0.34581835062121585,0.434218862820032,0.5117234559904229,0.5988218636508694,0.5712927437423468,0.5931120575831524
14,4,45.0,6,0.5,0.0,,0.3234890490446346,0.4642240848839684,0.5110505616515941,0.5826253045893915,0.5756348814007726,0.5634129755017487
14,4,46.0,6,0.5,0.0,,0.31430476273285574,0.46983969433140993,0.5328932650036468,0.562235043808615,0.6000404625106519,0.537449081410306
14,4,47.0,6,0.5,0.0,,0.2908320451958364,0.4691751266668923,0.5160251584689055,0.5638187722512602,0.5997740885270276,0.4768181263021155
14,4,48.0,6,0.5,0.0,,0.25828333894474464,0.46644706359260146,0.4875495798867374,0.5635085337339759,0.6072424330732294,0.5113829749040735
14,4,49.0,6,0.5,0.0,,0.2884178524726357,0.49077207824248,0.5214060665070911,0.576978352135016,0.5983379654273892,0.511526095876454
14,4,50.0,6,0.5,0.0,,0.2950826246366984,0.4674605139761347,0.5153587674313377,0.5901753966974207,0.6120591998068898,0.5332994221928964
14,4,51.0,6,0.5,0.0,,0.30370947593874636,0.4621876627598831,0.508136573189514,0.5448885718639378,0.6093405191207453,0.5244809151839543
14,4,52.0,6,0.5,0.0,,0.32808890909736055,0.4586153096126443,0.5221204236902908,0.5393379872409232,0.607922009355681,0.4638252996351194
14,4,53.0,6,0.5,0.0,,0.2978640406031496,0.44211148587802346,0.5257489132527783,0.557939346641338,0.6157224003792751,0.5020222526896196
14,4,54.0,6,0.5,0.0,,0.3005310187323421,0.45545015272806877,0.5311801026530958,0.5606583398012178,0.6001212689381176,0.4751504533741067
14,4,55.0,6,0.5,0.0,,0.31450836047870145,0.4527372838118306,0.5475480325774672,0.5492115435815368,0.5971918950646835,0.48174236622210087
14,4,56.0,6,0.5,0.0,,0.36326559903724187,0.447693066541175,0.5552301623447914,0.5660426818270524,0.5890819727674191,0.44608222142133175
14,4,57.0,6,0.5,0.0,,0.35592209565672017,0.4545089334891609,0.5610042392986013,0.5345238914930863,0.5881931288443968,0.4207831020506424
14,4,58.0,6,0.5,0.0,,0.35476240964128064,0.47469230891658193,0.5509410660370611,0.5521210809997958,0.5857027533614403,0.4749585728086848
14,4,59.0,6,0.5,0.0,,0.37206774365630324,0.4446500471922252,0.5513765307079759,0.5978044597594842,0.5846217123300207,0.45943087307902697
14,4,60.0,6,0.5,0.0,,0.3525561136838381,0.43787587773872716,0.5314338504276851,0.592018017860156,0.5590867139423554,0.5275446984632215
14,4,61.0,6,0.5,0.0,,0.34577999002017257,0.43788524989520505,0.4956863248707866,0.5838173343886341,0.5632128253528774,0.5076035604849456
14,4,62.0,6,0.5,0.0,,0.33538557344817316,0.44417474204033996,0.5356040495351027,0.5650129809930498,0.6170914818492553,0.4632468651048679
14,4,63.0,6,0.5,0.0,,0.33057204958028086,0.41956915411683865,0.5890059235382121,0.5768890822487915,0.570651225108558,0.48920732989378024
14,4,64.0,6,0.5,0.0,,0.3345288200074477,0.4011194489311064,0.5807485875450082,0.5892888269602479,0.5662875656757063,0.5051269839498709
14,4,65.0,6,0.5,0.0,,0.3276783330655121,0.41999989912142277,0.5901001645233137,0.6290610115659071,0.5384677539800427,0.5441015871598968
14,4,66.0,6,0.5,0.0,,0.3241382062171914,0.4244450482758415,0.6074177893413326,0.6229617309689964,0.5553060388396671,0.5743830247045638
14,4,67.0,6,0.5,0.0,,0.3049533745303368,0.4528341930418119,0.6225777395175238,0.6470016976203901,0.5831168743494053,0.539506419763651
14,4,68.0,6,0.5,0.0,,0.29501192765765316,0.48799263177341645,0.5997399891431063,0.6413971207435275,0.5899896917887029,0.5592514147218653
14,4,69.0,6,0.5,0.0,,0.29394082793967397,0.4960729990231291,0.5984512655076035,0.6211330275684889,0.5802455584365338,0.5550812607507879
14,4,70.0,6,0.5,0.0,,0.2903023360619143,0.48152570494067104,0.6195604030282528,0.6213419311775034,0.5841366055818245,0.6049923450267461
14,4,71.0,6,0.5,0.0,,0.28451444449486496,0.4731507882842334,0.6030420032154986,0.6241351729572531,0.6177482709125934,0.5779479242572039
14,4,72.0,6,0.5,0.0,,0.2705760261744656,0.4791096506124467,0.5778981329719717,0.6320745237902711,0.6810297322208005,0.6130203881690386
14,4,73.0,6,0.5,0.0,,0.2722165118699697,0.4514831715399129,0.5527774553152854,0.6521382063011323,0.6412921931962158,0.5798847994595784
14,4,74.0,6,0.5,0.0,,0.2499167947550335,0.5019815598293285,0.5636814177072595,0.6139768909185779,0.6270512570657727,0.5740390046000124
14,4,75.0,6,0.5,0.0,,0.269653774053163,0.49580483964594463,0.5342115230102562,0.6194160382874854,0.6107755102243544,0.5395826375421514
14,4,76.0,6,0.5,0.0,,0.2829383687533241,0.5019946449883519,0.565359341996267,0.62610878378155,0.6455366021443746,0.5388919678110484
14,4,77.0,6,0.5,0.0,,0.2604349839467904,0.4868428485341604,0.552139491787521,0.6131046275266046,0.6025508023265094,0.5587266486574872
14,4,78.0,6,0.5,0.0,,0.2726030906134114,0.4954459824687434,0.5684758679003089,0.615246695145293,0.6394952540554224,0.5585812836620822
14,4,79.0,6,0.5,0.0,,0.27277603056366295,0.5169164376542066,0.5827602785848444,0.5960715516331079,0.5888152242138889,0.5590971529226101
14,4,80.0,6,0.5,0.0,,0.29947349342296203,0.49374361731400873,0.5698920130631034,0.5658639711245976,0.5831427814081189,0.565615596772317
14,4,81.0,6,0.5,0.0,,0.3235302565395859,0.4746931196291291,0.5653928962645208,0.569311267078069,0.617565377599089,0.5736055062678519
14,4,82.0,6,0.5,0.0,,0.3356157824878127,0.4371175307555465,0.5657121486558634,0.5780539207956927,0.5743676548314497,0.5461686654229229
14,4,83.0,6,0.5,0.0,,0.34841415688491467,0.46814112715596,0.5913514599220131,0.5767310564329898,0.6083124321016342,0.5840329631106557
14,4,84.0,6,0.5,0.0,,0.370752280357019,0.47067789033975915,0.5793429503884169,0.5743302402326724,0.6260512694737239,0.5760054185934503
14,4,85.0,6,0.5,0.0,,0.35176449265027543,0.5138427002559197,0.5875776155093468,0.5714043311804553,0.6410265022814278,0.5833375762608878
14,4,86.0,6,0.5,0.0,,0.3467373414307974,0.4874857845620036,0.5534852249801816,0.5888268891487837,0.6470934753353179,0.6119922877984664
14,4,87.0,6,0.5,0.0,,0.3196316939778614,0.48988309099514576,0.5820190522012643,0.5835090754911566,0.6370338848630382,0.5426119358153636
14,4,88.0,6,0.5,0.0,,0.3454522049166028,0.48789225648568674,0.5663205589614362,0.6054128584234341,0.5979136545814578,0.5019463236367468
14,4,89.0,6,0.5,0.0,,0.3353066374516588,0.4941550945305055,0.5443790836664677,0.5701432658436232,0.6384562629061673,0.5088504418026967
14,4,90.0,6,0.5,0.0,,0.32537384713449946,0.5015623058001472,0.5348830740466124,0.5588136342491141,0.5882729995827495,0.49097221048241063
14,4,91.0,6,0.5,0.0,,0.35442265490754377,0.49311191978242414,0.5624988222908989,0.5933689648387007,0.594907323572424,0.4923624578332282
14,4,92.0,6,0.5,0.0,,0.3434379918817164,0.48827758035283136,0.5407763734723758,0.6238356688201395,0.5867502802110155,0.5243352889933452
14,4,93.0,6,0.5,0.0,,0.3541214079556027,0.46183084345005926,0.5305073241251489,0.6015269132842564,0.5877600479636238,0.5645076672803488
14,4,94.0,6,0.5,0.0,,0.34465965563466927,0.467681801521094,0.5244253333630498,0.6068836904882934,0.5775540870219303,0.5489033109070125
14,4,95.0,6,0.5,0.0,,0.3656297702107168,0.4565436634806993,0.5408063173747515,0.576308047780456,0.5698984350409783,0.5144596319430226
14,4,96.0,6,0.5,0.0,,0.3643751028242166,0.44619608597024574,0.5276536257491815,0.6171549696888756,0.5510193846204995,0.5081055508859141
14,4,97.0,6,0.5,0.0,,0.37546279806421373,0.44314965583389493,0.5417764896926547,0.5943123254123949,0.5763786604945157,0.5474935411266171
14,4,98.0,6,0.5,0.0,,0.3894226552117414,0.4526959143284812,0.5282782885834756,0.5794686913280979,0.529354676899793,0.5421094254659792
14,4,99.0,6,0.5,0.0,,0.38076087788232194,0.44590485659244194,0.5526880300095864,0.5703578059438601,0.5758155849850292,0.5471725506779789
14,4,100.0,6,0.5,0.0,,0.3715847991591855,0.44964030003055344,0.5241950184035946,0.5791597957002427,0.5890242216810617,0.521421818007411
